{
"type": "FeatureCollection",
"name": "congressional_districts",
"crs": { "type": "name", "properties": { "name": "urn:ogc:def:crs:OGC:1.3:CRS84" } },
"xy_coordinate_resolution": 1e-05,
"features": [
{ "type": "Feature", "properties": { "region_id": "CD01" }, "geometry": { "type": "Polygon", "coordinates": [ [ [ -95.00335, 31.42571 ], [ -94.9021, 31.50018 ], [ -94.86586, 31.52692 ], [ -94.86426, 31.52048 ], [ -94.86104, 31.51458 ], [ -94.85525, 31.51009 ], [ -94.84822, 31.50795 ], [ -94.83387, 31.50166 ], [ -94.83403, 31.49405 ], [ -94.83005, 31.49352 ], [ -94.82379, 31.48714 ], [ -94.81675, 31.48666 ], [ -94.8082, 31.48881 ], [ -94.79759, 31.48586 ], [ -94.79321, 31.48071 ], [ -94.78751, 31.47937 ], [ -94.78129, 31.48141 ], [ -94.77727, 31.48052 ], [ -94.76948, 31.47581 ], [ -94.76421, 31.46913 ], [ -94.75911, 31.47095 ], [ -94.75301, 31.47028 ], [ -94.74632, 31.46788 ], [ -94.73835, 31.4631 ], [ -94.73381, 31.46534 ], [ -94.7298, 31.46274 ], [ -94.72846, 31.45715 ], [ -94.71663, 31.45751 ], [ -94.70406, 31.45671 ], [ -94.69809, 31.45239 ], [ -94.69396, 31.45339 ], [ -94.68635, 31.45082 ], [ -94.67881, 31.45207 ], [ -94.67659, 31.45503 ], [ -94.66284, 31.4588 ], [ -94.66027, 31.45235 ], [ -94.64921, 31.44818 ], [ -94.64119, 31.44383 ], [ -94.63266, 31.44458 ], [ -94.62736, 31.44281 ], [ -94.62397, 31.4394 ], [ -94.61854, 31.43919 ], [ -94.61087, 31.44228 ], [ -94.60679, 31.44004 ], [ -94.60217, 31.44204 ], [ -94.60221, 31.44538 ], [ -94.59872, 31.44755 ], [ -94.59374, 31.4474 ], [ -94.593, 31.44472 ], [ -94.5873, 31.44267 ], [ -94.58434, 31.44425 ], [ -94.58198, 31.43893 ], [ -94.58469, 31.43506 ], [ -94.58145, 31.43319 ], [ -94.57213, 31.43245 ], [ -94.56604, 31.43304 ], [ -94.56176, 31.43522 ], [ -94.55484, 31.43512 ], [ -94.54866, 31.43012 ], [ -94.54471, 31.4242 ], [ -94.5457, 31.42047 ], [ -94.54041, 31.41055 ], [ -94.5424, 31.40497 ], [ -94.54146, 31.40182 ], [ -94.53706, 31.39861 ], [ -94.53332, 31.4001 ], [ -94.52899, 31.39855 ], [ -94.52133, 31.40255 ], [ -94.51691, 31.40211 ], [ -94.51574, 31.40934 ], [ -94.50743, 31.4109 ], [ -94.50219, 31.41053 ], [ -94.49836, 31.40488 ], [ -94.48972, 31.399 ], [ -94.48946, 31.39378 ], [ -94.4837, 31.38834 ], [ -94.47803, 31.38636 ], [ -94.47438, 31.38746 ], [ -94.46979, 31.38397 ], [ -94.46668, 31.37801 ], [ -94.47146, 31.37368 ], [ -94.46881, 31.37216 ], [ -94.46818, 31.36607 ], [ -94.4615, 31.3568 ], [ -94.45758, 31.34996 ], [ -94.45747, 31.33982 ], [ -94.45357, 31.34075 ], [ -94.45477, 31.33438 ], [ -94.44974, 31.32951 ], [ -94.44942, 31.32134 ], [ -94.44254, 31.31725 ], [ -94.43806, 31.31261 ], [ -94.4327, 31.31468 ], [ -94.42935, 31.31209 ], [ -94.41568, 31.30884 ], [ -94.40479, 31.30358 ], [ -94.39349, 31.29952 ], [ -94.38964, 31.29357 ], [ -94.38539, 31.29001 ], [ -94.38742, 31.28309 ], [ -94.38359, 31.28203 ], [ -94.3833, 31.27668 ], [ -94.37796, 31.27287 ], [ -94.37418, 31.26616 ], [ -94.3697, 31.2646 ], [ -94.36705, 31.26116 ], [ -94.35763, 31.25959 ], [ -94.35559, 31.25039 ], [ -94.35167, 31.24759 ], [ -94.34875, 31.2383 ], [ -94.3437, 31.23662 ], [ -94.34112, 31.23128 ], [ -94.33171, 31.22353 ], [ -94.32756, 31.22555 ], [ -94.31797, 31.22337 ], [ -94.31326, 31.22386 ], [ -94.31252, 31.21866 ], [ -94.30251, 31.21146 ], [ -94.29445, 31.21265 ], [ -94.29337, 31.20817 ], [ -94.28789, 31.20133 ], [ -94.28223, 31.20217 ], [ -94.26986, 31.19624 ], [ -94.26445, 31.18988 ], [ -94.26546, 31.18453 ], [ -94.25611, 31.1821 ], [ -94.24715, 31.1845 ], [ -94.24494, 31.17672 ], [ -94.2384, 31.17835 ], [ -94.23283, 31.17759 ], [ -94.2233, 31.1737 ], [ -94.219, 31.17326 ], [ -94.21956, 31.16442 ], [ -94.2118, 31.15723 ], [ -94.20624, 31.15615 ], [ -94.20283, 31.15325 ], [ -94.20647, 31.14981 ], [ -94.20124, 31.14423 ], [ -94.19458, 31.13958 ], [ -94.18943, 31.13935 ], [ -94.18959, 31.13401 ], [ -94.18174, 31.12977 ], [ -94.17859, 31.12396 ], [ -94.17317, 31.12626 ], [ -94.16155, 31.1224 ], [ -94.15476, 31.11607 ], [ -94.15168, 31.11471 ], [ -94.14388, 31.11476 ], [ -94.13766, 31.10522 ], [ -94.13396, 31.10769 ], [ -94.13022, 31.10417 ], [ -94.12963, 31.09928 ], [ -94.05914, 31.11325 ], [ -94.05091, 31.11461 ], [ -94.04323, 31.11855 ], [ -94.04111, 31.12567 ], [ -94.0378, 31.1294 ], [ -94.03903, 31.13427 ], [ -93.91122, 31.15807 ], [ -93.79896, 31.1646 ], [ -93.75018, 31.16763 ], [ -93.71596, 31.16944 ], [ -93.60031, 31.17616 ], [ -93.60231, 31.18174 ], [ -93.60159, 31.18751 ], [ -93.60199, 31.19991 ], [ -93.60701, 31.20427 ], [ -93.60338, 31.21134 ], [ -93.60314, 31.21706 ], [ -93.59568, 31.2198 ], [ -93.59935, 31.22495 ], [ -93.59627, 31.22951 ], [ -93.59839, 31.2311 ], [ -93.60704, 31.22792 ], [ -93.61071, 31.23215 ], [ -93.61826, 31.23311 ], [ -93.6162, 31.23755 ], [ -93.61652, 31.24487 ], [ -93.62176, 31.24913 ], [ -93.61429, 31.25163 ], [ -93.61543, 31.25612 ], [ -93.61394, 31.25938 ], [ -93.61992, 31.26518 ], [ -93.62083, 31.2713 ], [ -93.63969, 31.26916 ], [ -93.64393, 31.27123 ], [ -93.64424, 31.27661 ], [ -93.64865, 31.28423 ], [ -93.65928, 31.28211 ], [ -93.66981, 31.29869 ], [ -93.67544, 31.30104 ], [ -93.68356, 31.30151 ], [ -93.68622, 31.30399 ], [ -93.68751, 31.31081 ], [ -93.68398, 31.31462 ], [ -93.68348, 31.31811 ], [ -93.67626, 31.32135 ], [ -93.67384, 31.32385 ], [ -93.67697, 31.32961 ], [ -93.66951, 31.33815 ], [ -93.66844, 31.35301 ], [ -93.64764, 31.3581 ], [ -93.64489, 31.36017 ], [ -93.64412, 31.36553 ], [ -93.63926, 31.37153 ], [ -93.64721, 31.37111 ], [ -93.65834, 31.36684 ], [ -93.66727, 31.36541 ], [ -93.67332, 31.36868 ], [ -93.66899, 31.37265 ], [ -93.67018, 31.38718 ], [ -93.67412, 31.39768 ], [ -93.68135, 31.39804 ], [ -93.69033, 31.40659 ], [ -93.69587, 31.40939 ], [ -93.70488, 31.41088 ], [ -93.70468, 31.4189 ], [ -93.69263, 31.43719 ], [ -93.69327, 31.44008 ], [ -93.7082, 31.44156 ], [ -93.70942, 31.44299 ], [ -93.70377, 31.45383 ], [ -93.70913, 31.45675 ], [ -93.71166, 31.45305 ], [ -93.71562, 31.45705 ], [ -93.72193, 31.45345 ], [ -93.73151, 31.45747 ], [ -93.74186, 31.46587 ], [ -93.74948, 31.46869 ], [ -93.74847, 31.47481 ], [ -93.7454, 31.47812 ], [ -93.74849, 31.48512 ], [ -93.74189, 31.48354 ], [ -93.73717, 31.48462 ], [ -93.73571, 31.48876 ], [ -93.73135, 31.48727 ], [ -93.7226, 31.49277 ], [ -93.72408, 31.4964 ], [ -93.72283, 31.50165 ], [ -93.71712, 31.50192 ], [ -93.71971, 31.50584 ], [ -93.7114, 31.51065 ], [ -93.71249, 31.51336 ], [ -93.73738, 31.51386 ], [ -93.74053, 31.51814 ], [ -93.74259, 31.52623 ], [ -93.74832, 31.53056 ], [ -93.75189, 31.52747 ], [ -93.7547, 31.52986 ], [ -93.76006, 31.52393 ], [ -93.76732, 31.52408 ], [ -93.78503, 31.52596 ], [ -93.7903, 31.53077 ], [ -93.79883, 31.53482 ], [ -93.79921, 31.53808 ], [ -93.80336, 31.53879 ], [ -93.80334, 31.54362 ], [ -93.8083, 31.54638 ], [ -93.81025, 31.54988 ], [ -93.81397, 31.55056 ], [ -93.82076, 31.55822 ], [ -93.81698, 31.56167 ], [ -93.82156, 31.5637 ], [ -93.82221, 31.56883 ], [ -93.81843, 31.57094 ], [ -93.82715, 31.57848 ], [ -93.83036, 31.57936 ], [ -93.83492, 31.58621 ], [ -93.83581, 31.59145 ], [ -93.83942, 31.5992 ], [ -93.83806, 31.6068 ], [ -93.8331, 31.60904 ], [ -93.82785, 31.61655 ], [ -93.81958, 31.61412 ], [ -93.81879, 31.6166 ], [ -93.82596, 31.61953 ], [ -93.81684, 31.62251 ], [ -93.81966, 31.62658 ], [ -93.81999, 31.63063 ], [ -93.81596, 31.63228 ], [ -93.81806, 31.63557 ], [ -93.81637, 31.63926 ], [ -93.81843, 31.65148 ], [ -93.82251, 31.65815 ], [ -93.82566, 31.66102 ], [ -93.82646, 31.66692 ], [ -93.82317, 31.67289 ], [ -93.81742, 31.67215 ], [ -93.815, 31.6766 ], [ -93.80688, 31.68157 ], [ -93.79455, 31.70208 ], [ -93.79741, 31.70561 ], [ -93.80705, 31.70281 ], [ -93.81081, 31.70339 ], [ -93.81221, 31.70758 ], [ -93.81692, 31.70876 ], [ -93.81276, 31.71441 ], [ -93.81548, 31.72977 ], [ -93.82458, 31.7344 ], [ -93.8317, 31.74551 ], [ -93.83688, 31.75017 ], [ -93.83162, 31.75459 ], [ -93.82982, 31.76062 ], [ -93.82617, 31.76233 ], [ -93.82596, 31.76651 ], [ -93.8226, 31.77356 ], [ -93.83282, 31.78132 ], [ -93.83769, 31.78082 ], [ -93.83587, 31.78573 ], [ -93.8377, 31.78786 ], [ -93.83561, 31.79449 ], [ -93.83934, 31.80033 ], [ -93.84619, 31.80202 ], [ -93.85148, 31.80015 ], [ -93.85339, 31.80547 ], [ -93.85932, 31.80912 ], [ -93.86138, 31.8123 ], [ -93.86732, 31.81532 ], [ -93.87084, 31.81378 ], [ -93.87128, 31.82019 ], [ -93.87484, 31.82231 ], [ -93.87464, 31.82989 ], [ -93.87727, 31.83185 ], [ -93.87299, 31.8367 ], [ -93.879, 31.84514 ], [ -93.88412, 31.84761 ], [ -93.88288, 31.85467 ], [ -93.88919, 31.85682 ], [ -93.88189, 31.86484 ], [ -93.88168, 31.86858 ], [ -93.88874, 31.86946 ], [ -93.89344, 31.87173 ], [ -93.89189, 31.87572 ], [ -93.90188, 31.87517 ], [ -93.90207, 31.8791 ], [ -93.89646, 31.88629 ], [ -93.89719, 31.89102 ], [ -93.90062, 31.89679 ], [ -93.90308, 31.89392 ], [ -93.9104, 31.89202 ], [ -93.915, 31.89295 ], [ -93.91689, 31.88985 ], [ -93.92071, 31.88973 ], [ -93.92208, 31.88601 ], [ -93.92717, 31.89089 ], [ -93.93214, 31.89367 ], [ -93.92211, 31.90532 ], [ -93.9299, 31.91272 ], [ -93.93754, 31.90922 ], [ -93.94265, 31.91037 ], [ -93.95355, 31.91056 ], [ -93.95977, 31.92323 ], [ -93.96295, 31.92416 ], [ -93.97083, 31.91997 ], [ -93.97652, 31.925 ], [ -93.98232, 31.93976 ], [ -93.98788, 31.94432 ], [ -93.98971, 31.94878 ], [ -93.9945, 31.95265 ], [ -94.00019, 31.96059 ], [ -94.0068, 31.97343 ], [ -94.01652, 31.98117 ], [ -94.01877, 31.98912 ], [ -94.02289, 31.99045 ], [ -94.02862, 31.99625 ], [ -94.0391, 31.99229 ], [ -94.04272, 31.99927 ], [ -94.04272, 32.08624 ], [ -94.04234, 32.11991 ], [ -94.04275, 32.12516 ], [ -94.04282, 32.15307 ], [ -94.04257, 32.18525 ], [ -94.04283, 32.25016 ], [ -94.04265, 32.26302 ], [ -94.04295, 32.34057 ], [ -94.04286, 32.38785 ], [ -94.04298, 32.43551 ], [ -94.04293, 32.49405 ], [ -94.04335, 32.52211 ], [ -94.04282, 32.57453 ], [ -94.04316, 32.64178 ], [ -94.04294, 32.65973 ], [ -94.04321, 32.7768 ], [ -94.04296, 32.86403 ], [ -94.04308, 32.87856 ], [ -94.04312, 32.96283 ], [ -94.04297, 33.01901 ], [ -94.04307, 33.11657 ], [ -94.04286, 33.19984 ], [ -94.04294, 33.30489 ], [ -94.04321, 33.36188 ], [ -94.04304, 33.50144 ], [ -94.04331, 33.55158 ], [ -94.04986, 33.55117 ], [ -94.05184, 33.55271 ], [ -94.0605, 33.54958 ], [ -94.06503, 33.55035 ], [ -94.0725, 33.55416 ], [ -94.07327, 33.55894 ], [ -94.06729, 33.56096 ], [ -94.06153, 33.55925 ], [ -94.05561, 33.56158 ], [ -94.05603, 33.56708 ], [ -94.06678, 33.56908 ], [ -94.07045, 33.57743 ], [ -94.07304, 33.57219 ], [ -94.08067, 33.57507 ], [ -94.08709, 33.57548 ], [ -94.09625, 33.57398 ], [ -94.10156, 33.57093 ], [ -94.11283, 33.56692 ], [ -94.12067, 33.56699 ], [ -94.12053, 33.56183 ], [ -94.12253, 33.55352 ], [ -94.12615, 33.55078 ], [ -94.13083, 33.55205 ], [ -94.1332, 33.55905 ], [ -94.13412, 33.56865 ], [ -94.13735, 33.57083 ], [ -94.14337, 33.56559 ], [ -94.1469, 33.56517 ], [ -94.15098, 33.56772 ], [ -94.15128, 33.57166 ], [ -94.14259, 33.57802 ], [ -94.14605, 33.58198 ], [ -94.1534, 33.57576 ], [ -94.15596, 33.57556 ], [ -94.16201, 33.58088 ], [ -94.161, 33.58779 ], [ -94.16248, 33.58894 ], [ -94.17577, 33.59098 ], [ -94.18441, 33.59439 ], [ -94.1954, 33.58184 ], [ -94.20482, 33.57993 ], [ -94.21152, 33.5832 ], [ -94.2173, 33.58024 ], [ -94.2156, 33.576 ], [ -94.21172, 33.57377 ], [ -94.20116, 33.57741 ], [ -94.19633, 33.57536 ], [ -94.19241, 33.56987 ], [ -94.19008, 33.56357 ], [ -94.19138, 33.55755 ], [ -94.19545, 33.55516 ], [ -94.20155, 33.55869 ], [ -94.20327, 33.56591 ], [ -94.20855, 33.56656 ], [ -94.21344, 33.563 ], [ -94.21788, 33.55726 ], [ -94.22376, 33.55348 ], [ -94.22891, 33.55224 ], [ -94.23669, 33.55234 ], [ -94.2471, 33.5554 ], [ -94.2513, 33.55772 ], [ -94.2515, 33.56427 ], [ -94.2438, 33.57407 ], [ -94.23821, 33.57716 ], [ -94.23645, 33.58652 ], [ -94.24015, 33.58947 ], [ -94.24447, 33.58949 ], [ -94.25447, 33.5851 ], [ -94.25755, 33.58264 ], [ -94.25855, 33.56241 ], [ -94.25955, 33.55946 ], [ -94.2585, 33.54896 ], [ -94.25881, 33.52611 ], [ -94.25904, 33.46531 ], [ -94.21185, 33.4603 ], [ -94.20258, 33.45885 ], [ -94.19082, 33.45529 ], [ -94.1907, 33.42357 ], [ -94.19356, 33.41938 ], [ -94.20167, 33.41927 ], [ -94.20173, 33.41458 ], [ -94.20582, 33.41443 ], [ -94.20583, 33.40406 ], [ -94.22096, 33.40196 ], [ -94.23038, 33.39955 ], [ -94.23751, 33.39447 ], [ -94.25846, 33.39445 ], [ -94.2583, 33.38538 ], [ -94.26328, 33.37706 ], [ -94.27319, 33.37765 ], [ -94.28906, 33.37735 ], [ -94.29723, 33.37779 ], [ -94.29462, 33.38658 ], [ -94.29647, 33.39067 ], [ -94.29661, 33.39807 ], [ -94.30325, 33.39733 ], [ -94.3234, 33.39751 ], [ -94.32657, 33.40058 ], [ -94.34175, 33.40072 ], [ -94.34557, 33.40313 ], [ -94.34558, 33.40781 ], [ -94.3898, 33.40787 ], [ -94.40045, 33.40741 ], [ -94.41625, 33.40373 ], [ -94.40584, 33.39243 ], [ -94.40456, 33.38936 ], [ -94.39717, 33.36061 ], [ -94.39496, 33.35616 ], [ -94.3955, 33.33851 ], [ -94.40358, 33.34061 ], [ -94.40932, 33.34675 ], [ -94.41337, 33.34738 ], [ -94.41401, 33.35213 ], [ -94.4349, 33.35198 ], [ -94.4363, 33.34612 ], [ -94.43224, 33.33363 ], [ -94.42842, 33.32854 ], [ -94.42504, 33.3267 ], [ -94.42138, 33.31454 ], [ -94.42359, 33.30778 ], [ -94.42621, 33.30414 ], [ -94.42537, 33.30029 ], [ -94.42684, 33.29152 ], [ -94.42892, 33.28698 ], [ -94.43589, 33.287 ], [ -94.43848, 33.28105 ], [ -94.44423, 33.28125 ], [ -94.45199, 33.28349 ], [ -94.4553, 33.28712 ], [ -94.46201, 33.28736 ], [ -94.46562, 33.2935 ], [ -94.46844, 33.29431 ], [ -94.47459, 33.28988 ], [ -94.4799, 33.28993 ], [ -94.48523, 33.28794 ], [ -94.49181, 33.27979 ], [ -94.5002, 33.28334 ], [ -94.50693, 33.28404 ], [ -94.51007, 33.28177 ], [ -94.51787, 33.2821 ], [ -94.52995, 33.26735 ], [ -94.53415, 33.26621 ], [ -94.55591, 33.26552 ], [ -94.55935, 33.26105 ], [ -94.56952, 33.26362 ], [ -94.57246, 33.24983 ], [ -94.57587, 33.25155 ], [ -94.58604, 33.24972 ], [ -94.5883, 33.25429 ], [ -94.59236, 33.25491 ], [ -94.59045, 33.25942 ], [ -94.60408, 33.25722 ], [ -94.60515, 33.25392 ], [ -94.61717, 33.24709 ], [ -94.6252, 33.25184 ], [ -94.63484, 33.25135 ], [ -94.64171, 33.25387 ], [ -94.64152, 33.25674 ], [ -94.6491, 33.25871 ], [ -94.65013, 33.26758 ], [ -94.65226, 33.26886 ], [ -94.65219, 33.25011 ], [ -94.65297, 33.2475 ], [ -94.65272, 33.16552 ], [ -94.65253, 33.144 ], [ -94.65322, 33.12444 ], [ -94.654, 33.06127 ], [ -94.65349, 33.0 ], [ -94.65399, 32.87951 ], [ -94.70588, 32.87918 ], [ -94.70799, 32.87513 ], [ -94.70632, 32.86138 ], [ -94.7023, 32.86264 ], [ -94.69833, 32.86016 ], [ -94.70022, 32.85142 ], [ -94.69898, 32.84506 ], [ -94.6871, 32.84276 ], [ -94.67235, 32.83476 ], [ -94.70214, 32.82052 ], [ -94.70218, 32.71408 ], [ -94.70179, 32.65227 ], [ -94.70456, 32.65749 ], [ -94.7144, 32.65758 ], [ -94.71956, 32.65441 ], [ -94.72792, 32.65542 ], [ -94.73196, 32.65796 ], [ -94.73691, 32.66348 ], [ -94.74614, 32.66754 ], [ -94.74794, 32.6611 ], [ -94.7585, 32.65979 ], [ -94.82022, 32.59065 ], [ -94.82915, 32.58792 ], [ -94.85496, 32.57896 ], [ -94.87294, 32.5721 ], [ -94.88565, 32.56816 ], [ -94.90111, 32.56241 ], [ -94.94615, 32.54718 ], [ -94.97221, 32.53743 ], [ -94.9748, 32.53594 ], [ -94.98193, 32.53762 ], [ -94.98834, 32.53676 ], [ -94.99182, 32.52961 ], [ -94.99854, 32.52191 ], [ -95.00478, 32.52091 ], [ -95.00869, 32.51681 ], [ -95.01747, 32.51839 ], [ -95.02236, 32.5217 ], [ -95.01739, 32.52695 ], [ -95.0154, 32.53316 ], [ -95.01707, 32.53954 ], [ -95.02097, 32.54673 ], [ -95.0266, 32.54582 ], [ -95.02806, 32.54069 ], [ -95.02482, 32.537 ], [ -95.04218, 32.53212 ], [ -95.04494, 32.53816 ], [ -95.05074, 32.5382 ], [ -95.05744, 32.54012 ], [ -95.06593, 32.53769 ], [ -95.0705, 32.54064 ], [ -95.07624, 32.53934 ], [ -95.08387, 32.54254 ], [ -95.08355, 32.54645 ], [ -95.07898, 32.55311 ], [ -95.08442, 32.55298 ], [ -95.08746, 32.55619 ], [ -95.09439, 32.55737 ], [ -95.09875, 32.55552 ], [ -95.09901, 32.5524 ], [ -95.10327, 32.55106 ], [ -95.11271, 32.55092 ], [ -95.11469, 32.54532 ], [ -95.12, 32.54299 ], [ -95.12263, 32.54981 ], [ -95.13543, 32.54801 ], [ -95.14009, 32.55016 ], [ -95.14147, 32.55518 ], [ -95.14069, 32.55968 ], [ -95.14431, 32.5638 ], [ -95.14589, 32.56974 ], [ -95.15192, 32.57079 ], [ -95.15647, 32.56859 ], [ -95.15919, 32.56442 ], [ -95.16237, 32.55393 ], [ -95.15962, 32.55045 ], [ -95.16497, 32.54458 ], [ -95.17182, 32.5487 ], [ -95.17331, 32.5536 ], [ -95.17708, 32.55383 ], [ -95.17826, 32.54997 ], [ -95.1822, 32.54637 ], [ -95.18355, 32.54097 ], [ -95.19011, 32.54289 ], [ -95.18913, 32.5466 ], [ -95.20107, 32.55382 ], [ -95.20671, 32.55995 ], [ -95.20221, 32.56387 ], [ -95.20429, 32.57178 ], [ -95.20848, 32.56863 ], [ -95.21412, 32.56912 ], [ -95.21506, 32.56568 ], [ -95.21874, 32.56323 ], [ -95.22266, 32.56585 ], [ -95.22795, 32.56027 ], [ -95.23795, 32.56054 ], [ -95.24621, 32.56943 ], [ -95.25088, 32.57795 ], [ -95.25418, 32.57561 ], [ -95.26392, 32.5752 ], [ -95.26577, 32.57251 ], [ -95.27593, 32.57252 ], [ -95.27889, 32.57386 ], [ -95.28125, 32.58001 ], [ -95.29031, 32.58084 ], [ -95.28969, 32.58513 ], [ -95.29689, 32.58692 ], [ -95.30024, 32.59033 ], [ -95.30589, 32.59223 ], [ -95.30734, 32.59674 ], [ -95.31316, 32.59345 ], [ -95.31901, 32.59556 ], [ -95.32252, 32.59943 ], [ -95.32664, 32.59968 ], [ -95.33216, 32.60425 ], [ -95.34418, 32.60376 ], [ -95.35038, 32.6075 ], [ -95.3535, 32.60531 ], [ -95.36179, 32.60666 ], [ -95.36412, 32.60333 ], [ -95.37048, 32.60473 ], [ -95.37483, 32.60272 ], [ -95.37492, 32.59753 ], [ -95.38251, 32.60085 ], [ -95.38975, 32.59997 ], [ -95.39679, 32.60205 ], [ -95.39643, 32.60493 ], [ -95.4041, 32.60673 ], [ -95.40871, 32.60457 ], [ -95.4126, 32.60681 ], [ -95.41892, 32.60527 ], [ -95.41971, 32.60911 ], [ -95.42937, 32.60655 ], [ -95.43528, 32.60675 ], [ -95.43794, 32.61019 ], [ -95.44381, 32.61167 ], [ -95.44654, 32.60725 ], [ -95.45452, 32.606 ], [ -95.45952, 32.60899 ], [ -95.47074, 32.60904 ], [ -95.47447, 32.6061 ], [ -95.47819, 32.61186 ], [ -95.48261, 32.6116 ], [ -95.49061, 32.61442 ], [ -95.49402, 32.61867 ], [ -95.50228, 32.62022 ], [ -95.51095, 32.62033 ], [ -95.51601, 32.62417 ], [ -95.51267, 32.62814 ], [ -95.5145, 32.63377 ], [ -95.51736, 32.63545 ], [ -95.52428, 32.64367 ], [ -95.53317, 32.64607 ], [ -95.54171, 32.64678 ], [ -95.54369, 32.65114 ], [ -95.54201, 32.65467 ], [ -95.54956, 32.65908 ], [ -95.56057, 32.66228 ], [ -95.56113, 32.66506 ], [ -95.56896, 32.67254 ], [ -95.57539, 32.67592 ], [ -95.58171, 32.67364 ], [ -95.58411, 32.67666 ], [ -95.58584, 32.68292 ], [ -95.59157, 32.68244 ], [ -95.59454, 32.68703 ], [ -95.59426, 32.64484 ], [ -95.59419, 32.56483 ], [ -95.5943, 32.47986 ], [ -95.57335, 32.46187 ], [ -95.56807, 32.46152 ], [ -95.55933, 32.45532 ], [ -95.55238, 32.45218 ], [ -95.55232, 32.44954 ], [ -95.54568, 32.44174 ], [ -95.54103, 32.43946 ], [ -95.53912, 32.43299 ], [ -95.53474, 32.43227 ], [ -95.52879, 32.42821 ], [ -95.52384, 32.42119 ], [ -95.51955, 32.42109 ], [ -95.51235, 32.41601 ], [ -95.50685, 32.41479 ], [ -95.505, 32.41078 ], [ -95.50164, 32.40924 ], [ -95.50204, 32.40171 ], [ -95.49703, 32.39788 ], [ -95.4938, 32.38964 ], [ -95.48648, 32.38614 ], [ -95.4819, 32.3826 ], [ -95.47801, 32.37648 ], [ -95.47359, 32.37418 ], [ -95.47135, 32.36952 ], [ -95.46138, 32.36502 ], [ -95.45655, 32.36824 ], [ -95.4491, 32.35946 ], [ -95.44794, 32.3469 ], [ -95.45243, 32.34584 ], [ -95.45407, 32.33854 ], [ -95.45336, 32.33395 ], [ -95.45783, 32.32793 ], [ -95.45549, 32.32223 ], [ -95.45767, 32.31906 ], [ -95.45402, 32.31698 ], [ -95.45547, 32.31151 ], [ -95.45182, 32.30251 ], [ -95.44833, 32.30027 ], [ -95.44697, 32.29581 ], [ -95.45104, 32.29405 ], [ -95.4535, 32.28008 ], [ -95.45727, 32.27311 ], [ -95.46186, 32.27038 ], [ -95.46995, 32.26212 ], [ -95.4696, 32.24919 ], [ -95.46758, 32.24663 ], [ -95.47663, 32.24245 ], [ -95.48174, 32.24139 ], [ -95.48393, 32.23583 ], [ -95.488, 32.23548 ], [ -95.48626, 32.22535 ], [ -95.47851, 32.21756 ], [ -95.47894, 32.21222 ], [ -95.47015, 32.21209 ], [ -95.46856, 32.20539 ], [ -95.46485, 32.20375 ], [ -95.46325, 32.19441 ], [ -95.46827, 32.19048 ], [ -95.46806, 32.18762 ], [ -95.46156, 32.1829 ], [ -95.46889, 32.18037 ], [ -95.47153, 32.17235 ], [ -95.47978, 32.15115 ], [ -95.47791, 32.14621 ], [ -95.46919, 32.14348 ], [ -95.45991, 32.13556 ], [ -95.46151, 32.1237 ], [ -95.45957, 32.12217 ], [ -95.45684, 32.11231 ], [ -95.45229, 32.10769 ], [ -95.44715, 32.10648 ], [ -95.44244, 32.10178 ], [ -95.44028, 32.09578 ], [ -95.43731, 32.09642 ], [ -95.43156, 32.09386 ], [ -95.42813, 32.08655 ], [ -95.42411, 32.08389 ], [ -95.42635, 32.0767 ], [ -95.43099, 32.07506 ], [ -95.43123, 32.0718 ], [ -95.43793, 32.06826 ], [ -95.43636, 32.06334 ], [ -95.43245, 32.05945 ], [ -95.43683, 32.05758 ], [ -95.43543, 32.05299 ], [ -95.43023, 32.05008 ], [ -95.42683, 32.05111 ], [ -95.42208, 32.0474 ], [ -95.42293, 32.04152 ], [ -95.42748, 32.03872 ], [ -95.43368, 32.04048 ], [ -95.43822, 32.03561 ], [ -95.43278, 32.0309 ], [ -95.42411, 32.01889 ], [ -95.4281, 32.01539 ], [ -95.42948, 32.00832 ], [ -95.43361, 32.00901 ], [ -95.43569, 32.0048 ], [ -95.44183, 32.00273 ], [ -95.44615, 31.99942 ], [ -95.44585, 31.99461 ], [ -95.44921, 31.99261 ], [ -95.4514, 31.97602 ], [ -95.44956, 31.96933 ], [ -95.44376, 31.96718 ], [ -95.44398, 31.96352 ], [ -95.45352, 31.95988 ], [ -95.44972, 31.9544 ], [ -95.44559, 31.94586 ], [ -95.43578, 31.93611 ], [ -95.42402, 31.92943 ], [ -95.42273, 31.92482 ], [ -95.43075, 31.91318 ], [ -95.42827, 31.90535 ], [ -95.43753, 31.90152 ], [ -95.43776, 31.89836 ], [ -95.43214, 31.89347 ], [ -95.43336, 31.8879 ], [ -95.43127, 31.88342 ], [ -95.43373, 31.87432 ], [ -95.43922, 31.87319 ], [ -95.43492, 31.86781 ], [ -95.44271, 31.86179 ], [ -95.44595, 31.85465 ], [ -95.44401, 31.8509 ], [ -95.44602, 31.84799 ], [ -95.44286, 31.84209 ], [ -95.43717, 31.84307 ], [ -95.43037, 31.83922 ], [ -95.42478, 31.84109 ], [ -95.41976, 31.83575 ], [ -95.41473, 31.83563 ], [ -95.41091, 31.83007 ], [ -95.41259, 31.82661 ], [ -95.40373, 31.82184 ], [ -95.4006, 31.81334 ], [ -95.40246, 31.80906 ], [ -95.40332, 31.80201 ], [ -95.39955, 31.80165 ], [ -95.39924, 31.79679 ], [ -95.39535, 31.79276 ], [ -95.39412, 31.78723 ], [ -95.39473, 31.78113 ], [ -95.39779, 31.77541 ], [ -95.39654, 31.77081 ], [ -95.40213, 31.76159 ], [ -95.39964, 31.76026 ], [ -95.39561, 31.76339 ], [ -95.39239, 31.75973 ], [ -95.38749, 31.75849 ], [ -95.38153, 31.753 ], [ -95.37679, 31.75377 ], [ -95.36339, 31.75245 ], [ -95.35811, 31.74792 ], [ -95.36205, 31.74384 ], [ -95.35924, 31.74088 ], [ -95.36777, 31.73981 ], [ -95.37177, 31.73732 ], [ -95.36813, 31.73216 ], [ -95.36619, 31.72675 ], [ -95.36194, 31.72884 ], [ -95.35433, 31.72804 ], [ -95.35313, 31.73076 ], [ -95.34665, 31.73377 ], [ -95.33774, 31.73552 ], [ -95.33333, 31.733 ], [ -95.33282, 31.72792 ], [ -95.33806, 31.72338 ], [ -95.34238, 31.72169 ], [ -95.34247, 31.71795 ], [ -95.33794, 31.71635 ], [ -95.32804, 31.71715 ], [ -95.32442, 31.71017 ], [ -95.32831, 31.70752 ], [ -95.32571, 31.70374 ], [ -95.31702, 31.70647 ], [ -95.31136, 31.70622 ], [ -95.31195, 31.69727 ], [ -95.30369, 31.69217 ], [ -95.30353, 31.68868 ], [ -95.28966, 31.684 ], [ -95.29009, 31.68211 ], [ -95.28246, 31.67269 ], [ -95.28525, 31.66773 ], [ -95.27585, 31.65723 ], [ -95.28339, 31.64977 ], [ -95.28343, 31.64561 ], [ -95.2868, 31.64472 ], [ -95.28163, 31.6371 ], [ -95.28255, 31.63257 ], [ -95.28744, 31.63206 ], [ -95.28169, 31.62539 ], [ -95.27392, 31.62363 ], [ -95.27064, 31.62512 ], [ -95.26488, 31.62427 ], [ -95.26183, 31.61785 ], [ -95.25969, 31.60781 ], [ -95.26266, 31.60396 ], [ -95.26909, 31.59933 ], [ -95.2732, 31.59289 ], [ -95.26997, 31.59145 ], [ -95.26669, 31.58403 ], [ -95.25642, 31.57616 ], [ -95.24101, 31.57466 ], [ -95.23981, 31.5767 ], [ -95.23019, 31.5735 ], [ -95.22654, 31.57741 ], [ -95.22038, 31.57417 ], [ -95.21395, 31.57273 ], [ -95.19724, 31.57296 ], [ -95.19002, 31.578 ], [ -95.18488, 31.57818 ], [ -95.17943, 31.58041 ], [ -95.17636, 31.58483 ], [ -95.17191, 31.58488 ], [ -95.17022, 31.58068 ], [ -95.16222, 31.57768 ], [ -95.16176, 31.57346 ], [ -95.1492, 31.56881 ], [ -95.15091, 31.56567 ], [ -95.14743, 31.56317 ], [ -95.1396, 31.56282 ], [ -95.14183, 31.55785 ], [ -95.14609, 31.55564 ], [ -95.14705, 31.55028 ], [ -95.14315, 31.54398 ], [ -95.14344, 31.53964 ], [ -95.135, 31.54039 ], [ -95.12534, 31.53725 ], [ -95.12039, 31.53271 ], [ -95.10975, 31.52777 ], [ -95.09997, 31.51887 ], [ -95.09714, 31.51115 ], [ -95.09828, 31.50439 ], [ -95.09456, 31.50408 ], [ -95.09805, 31.49349 ], [ -95.10408, 31.49517 ], [ -95.10561, 31.49125 ], [ -95.10974, 31.48885 ], [ -95.10699, 31.48095 ], [ -95.1031, 31.47867 ], [ -95.10353, 31.47443 ], [ -95.10012, 31.46904 ], [ -95.08817, 31.46601 ], [ -95.08143, 31.46816 ], [ -95.07413, 31.46679 ], [ -95.07191, 31.4636 ], [ -95.06714, 31.46661 ], [ -95.06619, 31.47139 ], [ -95.06035, 31.46791 ], [ -95.05242, 31.45914 ], [ -95.05168, 31.45306 ], [ -95.04419, 31.44497 ], [ -95.03966, 31.44666 ], [ -95.03125, 31.44324 ], [ -95.02448, 31.44269 ], [ -95.01572, 31.44547 ], [ -95.00774, 31.44319 ], [ -95.00538, 31.43972 ], [ -95.01128, 31.43777 ], [ -95.01185, 31.43493 ], [ -95.00708, 31.43292 ], [ -95.00335, 31.42571 ] ] ] } },
{ "type": "Feature", "properties": { "region_id": "CD02" }, "geometry": { "type": "Polygon", "coordinates": [ [ [ -95.54872, 29.88407 ], [ -95.53918, 29.8819 ], [ -95.53734, 29.87974 ], [ -95.53725, 29.87388 ], [ -95.52471, 29.87382 ], [ -95.52323, 29.87557 ], [ -95.51608, 29.87606 ], [ -95.507, 29.87415 ], [ -95.50693, 29.88638 ], [ -95.50401, 29.88814 ], [ -95.49442, 29.88919 ], [ -95.49569, 29.89968 ], [ -95.48043, 29.89975 ], [ -95.47999, 29.9113 ], [ -95.49384, 29.91999 ], [ -95.49574, 29.91491 ], [ -95.50928, 29.91468 ], [ -95.52988, 29.95061 ], [ -95.52446, 29.94937 ], [ -95.52045, 29.95023 ], [ -95.50942, 29.95634 ], [ -95.51405, 29.96253 ], [ -95.50648, 29.9669 ], [ -95.5105, 29.97665 ], [ -95.51313, 29.97974 ], [ -95.46379, 30.00703 ], [ -95.47637, 30.02437 ], [ -95.47253, 30.02738 ], [ -95.46762, 30.02642 ], [ -95.46454, 30.03253 ], [ -95.46134, 30.03495 ], [ -95.44397, 30.0368 ], [ -95.44123, 30.03417 ], [ -95.43465, 30.03407 ], [ -95.42672, 30.03588 ], [ -95.42382, 30.03444 ], [ -95.41677, 30.03732 ], [ -95.40996, 30.036 ], [ -95.40633, 30.03093 ], [ -95.40015, 30.03596 ], [ -95.38884, 30.03647 ], [ -95.38451, 30.03822 ], [ -95.38304, 30.04203 ], [ -95.3915, 30.05522 ], [ -95.37679, 30.06335 ], [ -95.37553, 30.06514 ], [ -95.37895, 30.06992 ], [ -95.37484, 30.07072 ], [ -95.36642, 30.06386 ], [ -95.35953, 30.06104 ], [ -95.35477, 30.05686 ], [ -95.34639, 30.04528 ], [ -95.36745, 30.03374 ], [ -95.35763, 30.03577 ], [ -95.34767, 30.02814 ], [ -95.33928, 30.02802 ], [ -95.33633, 30.03013 ], [ -95.32718, 30.02849 ], [ -95.32146, 30.03006 ], [ -95.32208, 30.03309 ], [ -95.31732, 30.03435 ], [ -95.3095, 30.03254 ], [ -95.30435, 30.0298 ], [ -95.29993, 30.03219 ], [ -95.29291, 30.02775 ], [ -95.28303, 30.03061 ], [ -95.27099, 30.0324 ], [ -95.26414, 30.03207 ], [ -95.24985, 30.04352 ], [ -95.25326, 30.03074 ], [ -95.25704, 30.03145 ], [ -95.26824, 30.00502 ], [ -95.28422, 30.00504 ], [ -95.28421, 30.00151 ], [ -95.26984, 30.0013 ], [ -95.2786, 29.97865 ], [ -95.2846, 29.96571 ], [ -95.28161, 29.96479 ], [ -95.27181, 29.96512 ], [ -95.27155, 29.95913 ], [ -95.26677, 29.95577 ], [ -95.25381, 29.96168 ], [ -95.24802, 29.96197 ], [ -95.24841, 29.97914 ], [ -95.24999, 29.98725 ], [ -95.24658, 29.98753 ], [ -95.24516, 29.99574 ], [ -95.24022, 29.99927 ], [ -95.21242, 29.99945 ], [ -95.21235, 29.97488 ], [ -95.21036, 29.96435 ], [ -95.21139, 29.95668 ], [ -95.21444, 29.95609 ], [ -95.19378, 29.94488 ], [ -95.20596, 29.93232 ], [ -95.20181, 29.92896 ], [ -95.19938, 29.92457 ], [ -95.18395, 29.92465 ], [ -95.17839, 29.92749 ], [ -95.17626, 29.93151 ], [ -95.17557, 29.9405 ], [ -95.17181, 29.94048 ], [ -95.16884, 29.93711 ], [ -95.14809, 29.94022 ], [ -95.1543, 29.95115 ], [ -95.12929, 29.97787 ], [ -95.1313, 29.98779 ], [ -95.1099, 29.9882 ], [ -95.09747, 30.0436 ], [ -95.09803, 30.04778 ], [ -95.09336, 30.04786 ], [ -95.09572, 30.05731 ], [ -95.06336, 30.05776 ], [ -95.06342, 30.06084 ], [ -95.05684, 30.06098 ], [ -95.0726, 30.10305 ], [ -95.07329, 30.10371 ], [ -95.08459, 30.1355 ], [ -95.09782, 30.17062 ], [ -95.13412, 30.2634 ], [ -95.1659, 30.34498 ], [ -95.19321, 30.33277 ], [ -95.22558, 30.31953 ], [ -95.22228, 30.31269 ], [ -95.22888, 30.31234 ], [ -95.22735, 30.29762 ], [ -95.22722, 30.28543 ], [ -95.23703, 30.26515 ], [ -95.23895, 30.25966 ], [ -95.2548, 30.25716 ], [ -95.26211, 30.2542 ], [ -95.26809, 30.25417 ], [ -95.29163, 30.25981 ], [ -95.30157, 30.26 ], [ -95.31222, 30.2571 ], [ -95.30493, 30.24711 ], [ -95.30084, 30.24297 ], [ -95.29886, 30.23211 ], [ -95.30287, 30.23017 ], [ -95.31881, 30.23007 ], [ -95.32278, 30.23889 ], [ -95.32798, 30.24236 ], [ -95.33043, 30.23666 ], [ -95.32879, 30.22896 ], [ -95.36116, 30.22888 ], [ -95.36449, 30.22734 ], [ -95.36066, 30.22325 ], [ -95.35784, 30.21296 ], [ -95.36498, 30.2122 ], [ -95.37826, 30.21576 ], [ -95.38485, 30.21539 ], [ -95.39782, 30.21048 ], [ -95.39597, 30.21413 ], [ -95.40191, 30.21738 ], [ -95.40635, 30.21508 ], [ -95.41093, 30.21902 ], [ -95.4131, 30.22319 ], [ -95.41684, 30.22526 ], [ -95.42423, 30.22383 ], [ -95.42604, 30.22495 ], [ -95.42657, 30.23181 ], [ -95.43216, 30.23363 ], [ -95.43936, 30.23997 ], [ -95.45314, 30.24853 ], [ -95.45467, 30.24498 ], [ -95.46536, 30.24882 ], [ -95.46794, 30.24717 ], [ -95.48487, 30.25675 ], [ -95.48434, 30.26039 ], [ -95.49008, 30.2665 ], [ -95.4991, 30.26807 ], [ -95.50557, 30.27284 ], [ -95.51098, 30.27101 ], [ -95.52053, 30.27246 ], [ -95.52067, 30.26857 ], [ -95.5264, 30.26674 ], [ -95.53342, 30.26255 ], [ -95.5407, 30.26466 ], [ -95.54614, 30.25874 ], [ -95.55113, 30.25668 ], [ -95.55857, 30.25565 ], [ -95.56643, 30.25804 ], [ -95.57609, 30.25573 ], [ -95.57903, 30.25361 ], [ -95.57803, 30.24614 ], [ -95.57255, 30.24312 ], [ -95.56754, 30.23633 ], [ -95.56816, 30.21433 ], [ -95.57088, 30.21037 ], [ -95.57976, 30.20475 ], [ -95.58883, 30.1949 ], [ -95.60089, 30.17442 ], [ -95.59803, 30.16882 ], [ -95.59794, 30.15413 ], [ -95.59725, 30.15077 ], [ -95.59676, 30.13446 ], [ -95.59046, 30.13603 ], [ -95.58546, 30.14201 ], [ -95.58423, 30.14656 ], [ -95.58061, 30.14991 ], [ -95.57463, 30.15178 ], [ -95.57455, 30.13196 ], [ -95.574, 30.13008 ], [ -95.56251, 30.13135 ], [ -95.56276, 30.13662 ], [ -95.55284, 30.13684 ], [ -95.50485, 30.13689 ], [ -95.50676, 30.11879 ], [ -95.50678, 30.09694 ], [ -95.50347, 30.09617 ], [ -95.50394, 30.08798 ], [ -95.49962, 30.088 ], [ -95.49671, 30.08347 ], [ -95.49681, 30.06497 ], [ -95.49602, 30.05849 ], [ -95.48856, 30.04039 ], [ -95.50715, 30.03016 ], [ -95.50845, 30.02629 ], [ -95.50603, 30.02203 ], [ -95.5, 30.01918 ], [ -95.49674, 30.01332 ], [ -95.50346, 30.00933 ], [ -95.51092, 30.00927 ], [ -95.51403, 30.00476 ], [ -95.5198, 30.00588 ], [ -95.5409, 29.98946 ], [ -95.54568, 29.98711 ], [ -95.54977, 29.99311 ], [ -95.55837, 29.99163 ], [ -95.55962, 29.98644 ], [ -95.56679, 29.98448 ], [ -95.57304, 29.98516 ], [ -95.57955, 29.98809 ], [ -95.58447, 29.98408 ], [ -95.5888, 29.97684 ], [ -95.59564, 29.97242 ], [ -95.59118, 29.96723 ], [ -95.58524, 29.96623 ], [ -95.58481, 29.94939 ], [ -95.58456, 29.90997 ], [ -95.57371, 29.90874 ], [ -95.56727, 29.90974 ], [ -95.56297, 29.90809 ], [ -95.55753, 29.90345 ], [ -95.55178, 29.90281 ], [ -95.54978, 29.89963 ], [ -95.55001, 29.88407 ], [ -95.54872, 29.88407 ] ] ] } },
{ "type": "Feature", "properties": { "region_id": "CD03" }, "geometry": { "type": "Polygon", "coordinates": [ [ [ -94.70588, 32.87918 ], [ -94.65399, 32.87951 ], [ -94.65349, 33.0 ], [ -94.654, 33.06127 ], [ -94.65322, 33.12444 ], [ -94.65253, 33.144 ], [ -94.65272, 33.16552 ], [ -94.65297, 33.2475 ], [ -94.65219, 33.25011 ], [ -94.65226, 33.26886 ], [ -94.65403, 33.27129 ], [ -94.65272, 33.27589 ], [ -94.66226, 33.27768 ], [ -94.65981, 33.28059 ], [ -94.67513, 33.28625 ], [ -94.67587, 33.29072 ], [ -94.67876, 33.29362 ], [ -94.68721, 33.29346 ], [ -94.69054, 33.30031 ], [ -94.69131, 33.30782 ], [ -94.69376, 33.31133 ], [ -94.7065, 33.31199 ], [ -94.71738, 33.31167 ], [ -94.71918, 33.30798 ], [ -94.72622, 33.30729 ], [ -94.73205, 33.31147 ], [ -94.7313, 33.3163 ], [ -94.73525, 33.31805 ], [ -94.74003, 33.32423 ], [ -94.73954, 33.32682 ], [ -94.7452, 33.32982 ], [ -94.74948, 33.32705 ], [ -94.75242, 33.3194 ], [ -94.75624, 33.31762 ], [ -94.76396, 33.32289 ], [ -94.77466, 33.31828 ], [ -94.77804, 33.32255 ], [ -94.78401, 33.32383 ], [ -94.77721, 33.33164 ], [ -94.78731, 33.33888 ], [ -94.78488, 33.34316 ], [ -94.79546, 33.35241 ], [ -94.79104, 33.35532 ], [ -94.79489, 33.36009 ], [ -94.80013, 33.36187 ], [ -94.80081, 33.36535 ], [ -94.81345, 33.36267 ], [ -94.81596, 33.372 ], [ -94.81271, 33.37558 ], [ -94.82423, 33.37937 ], [ -94.82838, 33.37904 ], [ -94.83015, 33.38278 ], [ -94.83512, 33.38273 ], [ -94.83924, 33.38518 ], [ -94.84156, 33.3809 ], [ -94.84629, 33.37883 ], [ -94.84954, 33.38222 ], [ -94.85759, 33.3767 ], [ -94.86319, 33.38192 ], [ -94.86867, 33.38334 ], [ -94.86884, 33.38902 ], [ -94.8776, 33.39211 ], [ -94.88204, 33.39607 ], [ -94.8901, 33.39818 ], [ -94.88977, 33.39502 ], [ -94.89985, 33.3898 ], [ -94.90392, 33.38981 ], [ -94.90826, 33.38669 ], [ -94.91825, 33.38756 ], [ -94.92213, 33.3842 ], [ -94.92821, 33.38399 ], [ -94.93515, 33.38592 ], [ -94.93678, 33.38837 ], [ -94.94336, 33.38935 ], [ -94.94473, 33.39187 ], [ -94.95306, 33.39084 ], [ -94.95325, 33.3937 ], [ -94.9607, 33.39267 ], [ -94.96646, 33.38793 ], [ -94.97774, 33.38973 ], [ -94.97932, 33.3871 ], [ -94.99043, 33.3903 ], [ -94.99504, 33.38877 ], [ -94.99974, 33.39309 ], [ -95.00473, 33.39536 ], [ -95.00885, 33.39211 ], [ -95.01806, 33.38905 ], [ -95.0209, 33.38083 ], [ -95.02477, 33.38376 ], [ -95.03327, 33.38183 ], [ -95.03832, 33.38428 ], [ -95.04244, 33.38161 ], [ -95.04958, 33.38298 ], [ -95.0493, 33.385 ], [ -95.0596, 33.38709 ], [ -95.05761, 33.39158 ], [ -95.07421, 33.38589 ], [ -95.08221, 33.38958 ], [ -95.08843, 33.39482 ], [ -95.0952, 33.39645 ], [ -95.09616, 33.39287 ], [ -95.10167, 33.39656 ], [ -95.10331, 33.39395 ], [ -95.10863, 33.39189 ], [ -95.10978, 33.38907 ], [ -95.11947, 33.38854 ], [ -95.12326, 33.38948 ], [ -95.13392, 33.38609 ], [ -95.14331, 33.38649 ], [ -95.1456, 33.38204 ], [ -95.15404, 33.38214 ], [ -95.15663, 33.38006 ], [ -95.16223, 33.38489 ], [ -95.1667, 33.3847 ], [ -95.17601, 33.38047 ], [ -95.18005, 33.38171 ], [ -95.18308, 33.37722 ], [ -95.1907, 33.37402 ], [ -95.19687, 33.37384 ], [ -95.19675, 33.37976 ], [ -95.20107, 33.38095 ], [ -95.20909, 33.37898 ], [ -95.21422, 33.379 ], [ -95.222, 33.37511 ], [ -95.22965, 33.37556 ], [ -95.22924, 33.37129 ], [ -95.23384, 33.37114 ], [ -95.24225, 33.36794 ], [ -95.24964, 33.37055 ], [ -95.25613, 33.36769 ], [ -95.2647, 33.3727 ], [ -95.26835, 33.37275 ], [ -95.27105, 33.37673 ], [ -95.27419, 33.3734 ], [ -95.27915, 33.37658 ], [ -95.28931, 33.37756 ], [ -95.29211, 33.37979 ], [ -95.3001, 33.38243 ], [ -95.30153, 33.37833 ], [ -95.30664, 33.37803 ], [ -95.31887, 33.38191 ], [ -95.32746, 33.38073 ], [ -95.32989, 33.38542 ], [ -95.33838, 33.38668 ], [ -95.34253, 33.38867 ], [ -95.35375, 33.38689 ], [ -95.35542, 33.39006 ], [ -95.36347, 33.39372 ], [ -95.37322, 33.39242 ], [ -95.37929, 33.39777 ], [ -95.39223, 33.40197 ], [ -95.3956, 33.39937 ], [ -95.39975, 33.40978 ], [ -95.40489, 33.4089 ], [ -95.41284, 33.41188 ], [ -95.4169, 33.41219 ], [ -95.41709, 33.41643 ], [ -95.42697, 33.41865 ], [ -95.43284, 33.4272 ], [ -95.43998, 33.42926 ], [ -95.44467, 33.43305 ], [ -95.4495, 33.43478 ], [ -95.4646, 33.4339 ], [ -95.46689, 33.4382 ], [ -95.4703, 33.43944 ], [ -95.47074, 33.44356 ], [ -95.48074, 33.4513 ], [ -95.48478, 33.45083 ], [ -95.48921, 33.45376 ], [ -95.49901, 33.44822 ], [ -95.5009, 33.4434 ], [ -95.50652, 33.44191 ], [ -95.5106, 33.44486 ], [ -95.51948, 33.44409 ], [ -95.52696, 33.44592 ], [ -95.5315, 33.45223 ], [ -95.53519, 33.45305 ], [ -95.54664, 33.4591 ], [ -95.54801, 33.46597 ], [ -95.56584, 33.47706 ], [ -95.56908, 33.47372 ], [ -95.57607, 33.47242 ], [ -95.58201, 33.46917 ], [ -95.58539, 33.47113 ], [ -95.59004, 33.4698 ], [ -95.5931, 33.47229 ], [ -95.59295, 33.48013 ], [ -95.59971, 33.48039 ], [ -95.60089, 33.48389 ], [ -95.60811, 33.48171 ], [ -95.60952, 33.48446 ], [ -95.61623, 33.48388 ], [ -95.62103, 33.48706 ], [ -95.62993, 33.48518 ], [ -95.63633, 33.4821 ], [ -95.63754, 33.48412 ], [ -95.64422, 33.4861 ], [ -95.64794, 33.48336 ], [ -95.66101, 33.47754 ], [ -95.66782, 33.47555 ], [ -95.67163, 33.47264 ], [ -95.67775, 33.47258 ], [ -95.68179, 33.47027 ], [ -95.68345, 33.47441 ], [ -95.68757, 33.47734 ], [ -95.69724, 33.47677 ], [ -95.70227, 33.48109 ], [ -95.7044, 33.48666 ], [ -95.71345, 33.48367 ], [ -95.71608, 33.48599 ], [ -95.73353, 33.48642 ], [ -95.74416, 33.49237 ], [ -95.75139, 33.49324 ], [ -95.75641, 33.49123 ], [ -95.75925, 33.49338 ], [ -95.76748, 33.49475 ], [ -95.78003, 33.49084 ], [ -95.78163, 33.48631 ], [ -95.78822, 33.48623 ], [ -95.79791, 33.47805 ], [ -95.80782, 33.47506 ], [ -95.81979, 33.46403 ], [ -95.8255, 33.46334 ], [ -95.82992, 33.4593 ], [ -95.83315, 33.46072 ], [ -95.84895, 33.45776 ], [ -95.85774, 33.46172 ], [ -95.85872, 33.40953 ], [ -96.00025, 33.39098 ], [ -96.01015, 33.38981 ], [ -96.13667, 33.37292 ], [ -96.24169, 33.35912 ], [ -96.25026, 33.35778 ], [ -96.33191, 33.34741 ], [ -96.3845, 33.34112 ], [ -96.3846, 33.39783 ], [ -96.42471, 33.39823 ], [ -96.44868, 33.39886 ], [ -96.47245, 33.39869 ], [ -96.62526, 33.40064 ], [ -96.72704, 33.40291 ], [ -96.72853, 33.39963 ], [ -96.72513, 33.39572 ], [ -96.72264, 33.38827 ], [ -96.72197, 33.38082 ], [ -96.72013, 33.37439 ], [ -96.72446, 33.36417 ], [ -96.72271, 33.35699 ], [ -96.71433, 33.35684 ], [ -96.71286, 33.35273 ], [ -96.71315, 33.34204 ], [ -96.71466, 33.33495 ], [ -96.73017, 33.33435 ], [ -96.73143, 33.32297 ], [ -96.73156, 33.29428 ], [ -96.73016, 33.27553 ], [ -96.73033, 33.26242 ], [ -96.73297, 33.26245 ], [ -96.73253, 33.25461 ], [ -96.73282, 33.21857 ], [ -96.75029, 33.21863 ], [ -96.75031, 33.21191 ], [ -96.75547, 33.21072 ], [ -96.75545, 33.21827 ], [ -96.76741, 33.21859 ], [ -96.76751, 33.1965 ], [ -96.76241, 33.19641 ], [ -96.76247, 33.189 ], [ -96.76782, 33.18902 ], [ -96.7679, 33.18202 ], [ -96.74158, 33.18162 ], [ -96.74146, 33.189 ], [ -96.73289, 33.18895 ], [ -96.73344, 33.1268 ], [ -96.73172, 33.12295 ], [ -96.73312, 33.1184 ], [ -96.73331, 33.09186 ], [ -96.73631, 33.08706 ], [ -96.73676, 33.07159 ], [ -96.71486, 33.07149 ], [ -96.70944, 33.06965 ], [ -96.70981, 33.04997 ], [ -96.71476, 33.04539 ], [ -96.71606, 33.04107 ], [ -96.71013, 33.04108 ], [ -96.70426, 33.03758 ], [ -96.70895, 33.02856 ], [ -96.70979, 33.02242 ], [ -96.70828, 33.01579 ], [ -96.708, 33.00423 ], [ -96.68221, 33.00277 ], [ -96.67379, 32.99982 ], [ -96.67071, 32.99726 ], [ -96.66484, 32.99727 ], [ -96.66482, 33.00411 ], [ -96.63821, 33.00502 ], [ -96.62935, 33.0042 ], [ -96.61471, 33.00493 ], [ -96.6131, 33.0035 ], [ -96.61337, 32.98431 ], [ -96.52134, 32.98293 ], [ -96.41334, 32.98195 ], [ -96.39698, 32.98221 ], [ -96.33767, 32.98194 ], [ -96.30321, 32.98155 ], [ -96.2972, 32.98102 ], [ -96.27532, 32.98142 ], [ -96.26363, 32.98533 ], [ -96.24808, 32.99406 ], [ -96.20338, 33.01977 ], [ -96.1989, 33.02314 ], [ -96.18761, 33.03372 ], [ -96.17882, 33.04306 ], [ -96.12187, 33.04223 ], [ -96.10845, 33.04147 ], [ -96.10783, 33.03936 ], [ -96.0944, 33.03923 ], [ -96.09363, 33.03721 ], [ -96.06773, 33.0367 ], [ -96.06745, 33.03238 ], [ -96.05605, 33.03771 ], [ -96.04861, 33.03705 ], [ -96.0479, 33.03263 ], [ -96.04423, 33.02993 ], [ -96.03584, 33.0297 ], [ -96.03058, 33.02205 ], [ -96.02028, 33.01577 ], [ -96.01889, 33.01104 ], [ -95.99945, 33.01561 ], [ -95.97753, 33.02268 ], [ -95.97338, 33.02188 ], [ -95.96795, 33.01608 ], [ -95.9598, 33.01085 ], [ -95.94728, 33.00818 ], [ -95.94452, 33.00648 ], [ -95.93574, 33.00693 ], [ -95.93192, 33.00357 ], [ -95.93265, 32.98903 ], [ -95.92355, 32.9798 ], [ -95.87524, 32.97946 ], [ -95.78684, 32.97971 ], [ -95.75024, 32.98023 ], [ -95.71239, 32.97954 ], [ -95.66773, 32.97955 ], [ -95.66539, 32.96043 ], [ -95.62299, 32.96063 ], [ -95.56831, 32.96109 ], [ -95.47711, 32.96162 ], [ -95.30573, 32.9626 ], [ -95.25022, 32.96222 ], [ -95.17369, 32.96191 ], [ -95.17524, 32.96551 ], [ -95.17175, 32.97251 ], [ -95.16504, 32.97532 ], [ -95.162, 32.98296 ], [ -95.16268, 32.9927 ], [ -95.15811, 32.99663 ], [ -95.1561, 33.00076 ], [ -95.15109, 33.00626 ], [ -95.15365, 33.01245 ], [ -95.14737, 33.0187 ], [ -95.14745, 33.02087 ], [ -95.14105, 33.02431 ], [ -95.13735, 33.02909 ], [ -95.13188, 33.02981 ], [ -95.12893, 33.03377 ], [ -95.12522, 33.03536 ], [ -95.11504, 33.03408 ], [ -95.11433, 33.03079 ], [ -95.10304, 33.03296 ], [ -95.09698, 33.03817 ], [ -95.09458, 33.03756 ], [ -95.09033, 33.04282 ], [ -95.08525, 33.04379 ], [ -95.07944, 33.04748 ], [ -95.07915, 33.05137 ], [ -95.06978, 33.05474 ], [ -95.0607, 33.05462 ], [ -95.05442, 33.06161 ], [ -95.04856, 33.06291 ], [ -95.04704, 33.06722 ], [ -95.04292, 33.07024 ], [ -95.03103, 33.07169 ], [ -95.02229, 33.07517 ], [ -95.01141, 33.07578 ], [ -95.00722, 33.07115 ], [ -95.00275, 33.07496 ], [ -94.98736, 33.07348 ], [ -94.98575, 33.07611 ], [ -94.97975, 33.07742 ], [ -94.97715, 33.07406 ], [ -94.95947, 33.0723 ], [ -94.95331, 33.07433 ], [ -94.94958, 33.07367 ], [ -94.93915, 33.07451 ], [ -94.93378, 33.0716 ], [ -94.92773, 33.0703 ], [ -94.92638, 33.06383 ], [ -94.92137, 33.05522 ], [ -94.92147, 33.05073 ], [ -94.91692, 33.04535 ], [ -94.91079, 33.04592 ], [ -94.90191, 33.0416 ], [ -94.90039, 33.03741 ], [ -94.89532, 33.03285 ], [ -94.88877, 33.029 ], [ -94.89058, 33.02532 ], [ -94.87698, 33.01961 ], [ -94.87473, 33.01514 ], [ -94.86994, 33.01382 ], [ -94.86522, 33.01536 ], [ -94.8611, 33.01403 ], [ -94.85897, 33.00818 ], [ -94.85995, 33.00391 ], [ -94.85705, 33.0017 ], [ -94.84935, 32.99933 ], [ -94.8459, 32.99554 ], [ -94.84148, 32.99565 ], [ -94.83077, 32.98798 ], [ -94.81936, 32.98289 ], [ -94.81505, 32.97595 ], [ -94.8091, 32.97163 ], [ -94.80466, 32.97172 ], [ -94.80282, 32.96587 ], [ -94.79753, 32.96272 ], [ -94.7903, 32.96224 ], [ -94.78473, 32.95682 ], [ -94.78723, 32.95533 ], [ -94.7815, 32.94966 ], [ -94.77634, 32.94623 ], [ -94.77314, 32.94079 ], [ -94.77644, 32.93817 ], [ -94.77538, 32.93431 ], [ -94.77125, 32.93214 ], [ -94.77092, 32.92744 ], [ -94.76575, 32.92525 ], [ -94.75592, 32.91841 ], [ -94.75156, 32.91787 ], [ -94.74612, 32.91953 ], [ -94.73884, 32.91832 ], [ -94.73387, 32.91364 ], [ -94.72783, 32.91354 ], [ -94.72507, 32.91045 ], [ -94.72314, 32.90315 ], [ -94.71586, 32.89815 ], [ -94.70704, 32.89478 ], [ -94.70486, 32.88973 ], [ -94.70792, 32.88213 ], [ -94.70588, 32.87918 ] ] ] } },
{ "type": "Feature", "properties": { "region_id": "CD04" }, "geometry": { "type": "Polygon", "coordinates": [ [ [ -96.84412, 32.98744 ], [ -96.75646, 32.9863 ], [ -96.75686, 33.00042 ], [ -96.7444, 33.00395 ], [ -96.708, 33.00423 ], [ -96.70828, 33.01579 ], [ -96.70979, 33.02242 ], [ -96.70895, 33.02856 ], [ -96.70426, 33.03758 ], [ -96.71013, 33.04108 ], [ -96.71606, 33.04107 ], [ -96.71476, 33.04539 ], [ -96.70981, 33.04997 ], [ -96.70944, 33.06965 ], [ -96.71486, 33.07149 ], [ -96.73676, 33.07159 ], [ -96.73631, 33.08706 ], [ -96.73331, 33.09186 ], [ -96.73312, 33.1184 ], [ -96.73172, 33.12295 ], [ -96.73344, 33.1268 ], [ -96.73289, 33.18895 ], [ -96.74146, 33.189 ], [ -96.74158, 33.18162 ], [ -96.7679, 33.18202 ], [ -96.76782, 33.18902 ], [ -96.76247, 33.189 ], [ -96.76241, 33.19641 ], [ -96.76751, 33.1965 ], [ -96.76741, 33.21859 ], [ -96.75545, 33.21827 ], [ -96.75547, 33.21072 ], [ -96.75031, 33.21191 ], [ -96.75029, 33.21863 ], [ -96.73282, 33.21857 ], [ -96.73253, 33.25461 ], [ -96.73297, 33.26245 ], [ -96.73033, 33.26242 ], [ -96.73016, 33.27553 ], [ -96.73156, 33.29428 ], [ -96.73143, 33.32297 ], [ -96.73017, 33.33435 ], [ -96.71466, 33.33495 ], [ -96.71315, 33.34204 ], [ -96.71286, 33.35273 ], [ -96.71433, 33.35684 ], [ -96.72271, 33.35699 ], [ -96.72446, 33.36417 ], [ -96.72013, 33.37439 ], [ -96.72197, 33.38082 ], [ -96.72264, 33.38827 ], [ -96.72513, 33.39572 ], [ -96.72853, 33.39963 ], [ -96.72704, 33.40291 ], [ -96.62526, 33.40064 ], [ -96.47245, 33.39869 ], [ -96.44868, 33.39886 ], [ -96.42471, 33.39823 ], [ -96.3846, 33.39783 ], [ -96.3845, 33.34112 ], [ -96.33191, 33.34741 ], [ -96.25026, 33.35778 ], [ -96.24169, 33.35912 ], [ -96.13667, 33.37292 ], [ -96.01015, 33.38981 ], [ -96.00025, 33.39098 ], [ -95.85872, 33.40953 ], [ -95.85774, 33.46172 ], [ -95.84895, 33.45776 ], [ -95.83315, 33.46072 ], [ -95.82992, 33.4593 ], [ -95.8255, 33.46334 ], [ -95.81979, 33.46403 ], [ -95.80782, 33.47506 ], [ -95.79791, 33.47805 ], [ -95.78822, 33.48623 ], [ -95.78163, 33.48631 ], [ -95.78003, 33.49084 ], [ -95.76748, 33.49475 ], [ -95.75925, 33.49338 ], [ -95.75641, 33.49123 ], [ -95.75139, 33.49324 ], [ -95.74416, 33.49237 ], [ -95.73353, 33.48642 ], [ -95.71608, 33.48599 ], [ -95.71345, 33.48367 ], [ -95.7044, 33.48666 ], [ -95.70227, 33.48109 ], [ -95.69724, 33.47677 ], [ -95.68757, 33.47734 ], [ -95.68345, 33.47441 ], [ -95.68179, 33.47027 ], [ -95.67775, 33.47258 ], [ -95.67163, 33.47264 ], [ -95.66782, 33.47555 ], [ -95.66101, 33.47754 ], [ -95.64794, 33.48336 ], [ -95.64422, 33.4861 ], [ -95.63754, 33.48412 ], [ -95.63633, 33.4821 ], [ -95.62993, 33.48518 ], [ -95.62103, 33.48706 ], [ -95.61623, 33.48388 ], [ -95.60952, 33.48446 ], [ -95.60811, 33.48171 ], [ -95.60089, 33.48389 ], [ -95.59971, 33.48039 ], [ -95.59295, 33.48013 ], [ -95.5931, 33.47229 ], [ -95.59004, 33.4698 ], [ -95.58539, 33.47113 ], [ -95.58201, 33.46917 ], [ -95.57607, 33.47242 ], [ -95.56908, 33.47372 ], [ -95.56584, 33.47706 ], [ -95.54801, 33.46597 ], [ -95.54664, 33.4591 ], [ -95.53519, 33.45305 ], [ -95.5315, 33.45223 ], [ -95.52696, 33.44592 ], [ -95.51948, 33.44409 ], [ -95.5106, 33.44486 ], [ -95.50652, 33.44191 ], [ -95.5009, 33.4434 ], [ -95.49901, 33.44822 ], [ -95.48921, 33.45376 ], [ -95.48478, 33.45083 ], [ -95.48074, 33.4513 ], [ -95.47074, 33.44356 ], [ -95.4703, 33.43944 ], [ -95.46689, 33.4382 ], [ -95.4646, 33.4339 ], [ -95.4495, 33.43478 ], [ -95.44467, 33.43305 ], [ -95.43998, 33.42926 ], [ -95.43284, 33.4272 ], [ -95.42697, 33.41865 ], [ -95.41709, 33.41643 ], [ -95.4169, 33.41219 ], [ -95.41284, 33.41188 ], [ -95.40489, 33.4089 ], [ -95.39975, 33.40978 ], [ -95.3956, 33.39937 ], [ -95.39223, 33.40197 ], [ -95.37929, 33.39777 ], [ -95.37322, 33.39242 ], [ -95.36347, 33.39372 ], [ -95.35542, 33.39006 ], [ -95.35375, 33.38689 ], [ -95.34253, 33.38867 ], [ -95.33838, 33.38668 ], [ -95.32989, 33.38542 ], [ -95.32746, 33.38073 ], [ -95.31887, 33.38191 ], [ -95.30664, 33.37803 ], [ -95.30153, 33.37833 ], [ -95.3001, 33.38243 ], [ -95.29211, 33.37979 ], [ -95.28931, 33.37756 ], [ -95.27915, 33.37658 ], [ -95.27419, 33.3734 ], [ -95.27105, 33.37673 ], [ -95.26835, 33.37275 ], [ -95.2647, 33.3727 ], [ -95.25613, 33.36769 ], [ -95.24964, 33.37055 ], [ -95.24225, 33.36794 ], [ -95.23384, 33.37114 ], [ -95.22924, 33.37129 ], [ -95.22965, 33.37556 ], [ -95.222, 33.37511 ], [ -95.21422, 33.379 ], [ -95.20909, 33.37898 ], [ -95.20107, 33.38095 ], [ -95.19675, 33.37976 ], [ -95.19687, 33.37384 ], [ -95.1907, 33.37402 ], [ -95.18308, 33.37722 ], [ -95.18005, 33.38171 ], [ -95.17601, 33.38047 ], [ -95.1667, 33.3847 ], [ -95.16223, 33.38489 ], [ -95.15663, 33.38006 ], [ -95.15404, 33.38214 ], [ -95.1456, 33.38204 ], [ -95.14331, 33.38649 ], [ -95.13392, 33.38609 ], [ -95.12326, 33.38948 ], [ -95.11947, 33.38854 ], [ -95.10978, 33.38907 ], [ -95.10863, 33.39189 ], [ -95.10331, 33.39395 ], [ -95.10167, 33.39656 ], [ -95.09616, 33.39287 ], [ -95.0952, 33.39645 ], [ -95.08843, 33.39482 ], [ -95.08221, 33.38958 ], [ -95.07421, 33.38589 ], [ -95.05761, 33.39158 ], [ -95.0596, 33.38709 ], [ -95.0493, 33.385 ], [ -95.04958, 33.38298 ], [ -95.04244, 33.38161 ], [ -95.03832, 33.38428 ], [ -95.03327, 33.38183 ], [ -95.02477, 33.38376 ], [ -95.0209, 33.38083 ], [ -95.01806, 33.38905 ], [ -95.00885, 33.39211 ], [ -95.00473, 33.39536 ], [ -94.99974, 33.39309 ], [ -94.99504, 33.38877 ], [ -94.99043, 33.3903 ], [ -94.97932, 33.3871 ], [ -94.97774, 33.38973 ], [ -94.96646, 33.38793 ], [ -94.9607, 33.39267 ], [ -94.95325, 33.3937 ], [ -94.95306, 33.39084 ], [ -94.94473, 33.39187 ], [ -94.94336, 33.38935 ], [ -94.93678, 33.38837 ], [ -94.93515, 33.38592 ], [ -94.92821, 33.38399 ], [ -94.92213, 33.3842 ], [ -94.91825, 33.38756 ], [ -94.90826, 33.38669 ], [ -94.90392, 33.38981 ], [ -94.89985, 33.3898 ], [ -94.88977, 33.39502 ], [ -94.8901, 33.39818 ], [ -94.88204, 33.39607 ], [ -94.8776, 33.39211 ], [ -94.86884, 33.38902 ], [ -94.86867, 33.38334 ], [ -94.86319, 33.38192 ], [ -94.85759, 33.3767 ], [ -94.84954, 33.38222 ], [ -94.84629, 33.37883 ], [ -94.84156, 33.3809 ], [ -94.83924, 33.38518 ], [ -94.83512, 33.38273 ], [ -94.83015, 33.38278 ], [ -94.82838, 33.37904 ], [ -94.82423, 33.37937 ], [ -94.81271, 33.37558 ], [ -94.81596, 33.372 ], [ -94.81345, 33.36267 ], [ -94.80081, 33.36535 ], [ -94.80013, 33.36187 ], [ -94.79489, 33.36009 ], [ -94.79104, 33.35532 ], [ -94.79546, 33.35241 ], [ -94.78488, 33.34316 ], [ -94.78731, 33.33888 ], [ -94.77721, 33.33164 ], [ -94.78401, 33.32383 ], [ -94.77804, 33.32255 ], [ -94.77466, 33.31828 ], [ -94.76396, 33.32289 ], [ -94.75624, 33.31762 ], [ -94.75242, 33.3194 ], [ -94.74948, 33.32705 ], [ -94.7452, 33.32982 ], [ -94.73954, 33.32682 ], [ -94.74003, 33.32423 ], [ -94.73525, 33.31805 ], [ -94.7313, 33.3163 ], [ -94.73205, 33.31147 ], [ -94.72622, 33.30729 ], [ -94.71918, 33.30798 ], [ -94.71738, 33.31167 ], [ -94.7065, 33.31199 ], [ -94.69376, 33.31133 ], [ -94.69131, 33.30782 ], [ -94.69054, 33.30031 ], [ -94.68721, 33.29346 ], [ -94.67876, 33.29362 ], [ -94.67587, 33.29072 ], [ -94.67513, 33.28625 ], [ -94.65981, 33.28059 ], [ -94.66226, 33.27768 ], [ -94.65272, 33.27589 ], [ -94.65403, 33.27129 ], [ -94.65226, 33.26886 ], [ -94.65013, 33.26758 ], [ -94.6491, 33.25871 ], [ -94.64152, 33.25674 ], [ -94.64171, 33.25387 ], [ -94.63484, 33.25135 ], [ -94.6252, 33.25184 ], [ -94.61717, 33.24709 ], [ -94.60515, 33.25392 ], [ -94.60408, 33.25722 ], [ -94.59045, 33.25942 ], [ -94.59236, 33.25491 ], [ -94.5883, 33.25429 ], [ -94.58604, 33.24972 ], [ -94.57587, 33.25155 ], [ -94.57246, 33.24983 ], [ -94.56952, 33.26362 ], [ -94.55935, 33.26105 ], [ -94.55591, 33.26552 ], [ -94.53415, 33.26621 ], [ -94.52995, 33.26735 ], [ -94.51787, 33.2821 ], [ -94.51007, 33.28177 ], [ -94.50693, 33.28404 ], [ -94.5002, 33.28334 ], [ -94.49181, 33.27979 ], [ -94.48523, 33.28794 ], [ -94.4799, 33.28993 ], [ -94.47459, 33.28988 ], [ -94.46844, 33.29431 ], [ -94.46562, 33.2935 ], [ -94.46201, 33.28736 ], [ -94.4553, 33.28712 ], [ -94.45199, 33.28349 ], [ -94.44423, 33.28125 ], [ -94.43848, 33.28105 ], [ -94.43589, 33.287 ], [ -94.42892, 33.28698 ], [ -94.42684, 33.29152 ], [ -94.42537, 33.30029 ], [ -94.42621, 33.30414 ], [ -94.42359, 33.30778 ], [ -94.42138, 33.31454 ], [ -94.42504, 33.3267 ], [ -94.42842, 33.32854 ], [ -94.43224, 33.33363 ], [ -94.4363, 33.34612 ], [ -94.4349, 33.35198 ], [ -94.41401, 33.35213 ], [ -94.41337, 33.34738 ], [ -94.40932, 33.34675 ], [ -94.40358, 33.34061 ], [ -94.3955, 33.33851 ], [ -94.39496, 33.35616 ], [ -94.39717, 33.36061 ], [ -94.40456, 33.38936 ], [ -94.40584, 33.39243 ], [ -94.41625, 33.40373 ], [ -94.40045, 33.40741 ], [ -94.3898, 33.40787 ], [ -94.34558, 33.40781 ], [ -94.34557, 33.40313 ], [ -94.34175, 33.40072 ], [ -94.32657, 33.40058 ], [ -94.3234, 33.39751 ], [ -94.30325, 33.39733 ], [ -94.29661, 33.39807 ], [ -94.29647, 33.39067 ], [ -94.29462, 33.38658 ], [ -94.29723, 33.37779 ], [ -94.28906, 33.37735 ], [ -94.27319, 33.37765 ], [ -94.26328, 33.37706 ], [ -94.2583, 33.38538 ], [ -94.25846, 33.39445 ], [ -94.23751, 33.39447 ], [ -94.23038, 33.39955 ], [ -94.22096, 33.40196 ], [ -94.20583, 33.40406 ], [ -94.20582, 33.41443 ], [ -94.20173, 33.41458 ], [ -94.20167, 33.41927 ], [ -94.19356, 33.41938 ], [ -94.1907, 33.42357 ], [ -94.19082, 33.45529 ], [ -94.20258, 33.45885 ], [ -94.21185, 33.4603 ], [ -94.25904, 33.46531 ], [ -94.25881, 33.52611 ], [ -94.2585, 33.54896 ], [ -94.25955, 33.55946 ], [ -94.25855, 33.56241 ], [ -94.25755, 33.58264 ], [ -94.26345, 33.57663 ], [ -94.27424, 33.55876 ], [ -94.27894, 33.55708 ], [ -94.28856, 33.55745 ], [ -94.29153, 33.56309 ], [ -94.29016, 33.56785 ], [ -94.28207, 33.57322 ], [ -94.28073, 33.57713 ], [ -94.28274, 33.58128 ], [ -94.28787, 33.58251 ], [ -94.29201, 33.58123 ], [ -94.29874, 33.57594 ], [ -94.30161, 33.57211 ], [ -94.30682, 33.56024 ], [ -94.30639, 33.55571 ], [ -94.3093, 33.55175 ], [ -94.3195, 33.54893 ], [ -94.33227, 33.55373 ], [ -94.33435, 33.56253 ], [ -94.3385, 33.56727 ], [ -94.34566, 33.56732 ], [ -94.35277, 33.56089 ], [ -94.34734, 33.5516 ], [ -94.35213, 33.54473 ], [ -94.35652, 33.54298 ], [ -94.37014, 33.54578 ], [ -94.38166, 33.54403 ], [ -94.38679, 33.54512 ], [ -94.39181, 33.55043 ], [ -94.40059, 33.5568 ], [ -94.4013, 33.56132 ], [ -94.39572, 33.56646 ], [ -94.39023, 33.56527 ], [ -94.38139, 33.56779 ], [ -94.37892, 33.57016 ], [ -94.37859, 33.57896 ], [ -94.38285, 33.58335 ], [ -94.38576, 33.58204 ], [ -94.39808, 33.57115 ], [ -94.40379, 33.56838 ], [ -94.41245, 33.56902 ], [ -94.42803, 33.59004 ], [ -94.43947, 33.59421 ], [ -94.44175, 33.59151 ], [ -94.45348, 33.59197 ], [ -94.45927, 33.60026 ], [ -94.46185, 33.59871 ], [ -94.46854, 33.59964 ], [ -94.47214, 33.60396 ], [ -94.46906, 33.60764 ], [ -94.46234, 33.61057 ], [ -94.45398, 33.61576 ], [ -94.4527, 33.62251 ], [ -94.46025, 33.62442 ], [ -94.46056, 33.63188 ], [ -94.44895, 33.63419 ], [ -94.44689, 33.63818 ], [ -94.44928, 33.64293 ], [ -94.45857, 33.6452 ], [ -94.4623, 33.64229 ], [ -94.46443, 33.63747 ], [ -94.47308, 33.63769 ], [ -94.47807, 33.63901 ], [ -94.49167, 33.63645 ], [ -94.48843, 33.63237 ], [ -94.48836, 33.62741 ], [ -94.49302, 33.62454 ], [ -94.49891, 33.62392 ], [ -94.50565, 33.62067 ], [ -94.51214, 33.62385 ], [ -94.51747, 33.63306 ], [ -94.52025, 33.6298 ], [ -94.51844, 33.62135 ], [ -94.52036, 33.61746 ], [ -94.52738, 33.61583 ], [ -94.53481, 33.62134 ], [ -94.53253, 33.62764 ], [ -94.52055, 33.63535 ], [ -94.52184, 33.64073 ], [ -94.52813, 33.64125 ], [ -94.54186, 33.6363 ], [ -94.54644, 33.6315 ], [ -94.55337, 33.62758 ], [ -94.56408, 33.62626 ], [ -94.56897, 33.62745 ], [ -94.57038, 33.63054 ], [ -94.56856, 33.63692 ], [ -94.55904, 33.64197 ], [ -94.54544, 33.64623 ], [ -94.54303, 33.64932 ], [ -94.54263, 33.65399 ], [ -94.54673, 33.65957 ], [ -94.54964, 33.66068 ], [ -94.5602, 33.65697 ], [ -94.57057, 33.65223 ], [ -94.58005, 33.6445 ], [ -94.58863, 33.64418 ], [ -94.59083, 33.64556 ], [ -94.58699, 33.65018 ], [ -94.57557, 33.65941 ], [ -94.5648, 33.6618 ], [ -94.56114, 33.66491 ], [ -94.56367, 33.66927 ], [ -94.57046, 33.66831 ], [ -94.57788, 33.66568 ], [ -94.58078, 33.66639 ], [ -94.57943, 33.6715 ], [ -94.58125, 33.67362 ], [ -94.58033, 33.67888 ], [ -94.58793, 33.68625 ], [ -94.59158, 33.68587 ], [ -94.59283, 33.6823 ], [ -94.59033, 33.67769 ], [ -94.5914, 33.66941 ], [ -94.59329, 33.66526 ], [ -94.60116, 33.66276 ], [ -94.60768, 33.66557 ], [ -94.61189, 33.67004 ], [ -94.61271, 33.67376 ], [ -94.61734, 33.68105 ], [ -94.62684, 33.68204 ], [ -94.62992, 33.67909 ], [ -94.63092, 33.67344 ], [ -94.6392, 33.66374 ], [ -94.64527, 33.66204 ], [ -94.64923, 33.6626 ], [ -94.65553, 33.65996 ], [ -94.66096, 33.66032 ], [ -94.66865, 33.66385 ], [ -94.67018, 33.67034 ], [ -94.66754, 33.6728 ], [ -94.65953, 33.67513 ], [ -94.654, 33.67115 ], [ -94.65069, 33.6706 ], [ -94.64534, 33.67364 ], [ -94.64806, 33.68153 ], [ -94.65037, 33.68444 ], [ -94.64508, 33.68639 ], [ -94.63865, 33.6958 ], [ -94.64324, 33.70131 ], [ -94.64588, 33.70178 ], [ -94.64862, 33.69701 ], [ -94.64709, 33.69035 ], [ -94.6514, 33.68584 ], [ -94.65862, 33.69176 ], [ -94.66491, 33.69426 ], [ -94.67177, 33.69331 ], [ -94.67738, 33.68834 ], [ -94.6848, 33.68435 ], [ -94.68822, 33.68444 ], [ -94.70259, 33.68777 ], [ -94.71619, 33.6879 ], [ -94.71834, 33.68866 ], [ -94.71486, 33.69656 ], [ -94.7044, 33.69714 ], [ -94.70113, 33.70207 ], [ -94.70602, 33.70629 ], [ -94.72529, 33.71467 ], [ -94.73028, 33.71606 ], [ -94.73494, 33.71523 ], [ -94.73252, 33.70921 ], [ -94.72848, 33.70579 ], [ -94.71887, 33.70335 ], [ -94.71605, 33.69458 ], [ -94.71953, 33.68886 ], [ -94.72612, 33.6909 ], [ -94.73681, 33.69233 ], [ -94.74092, 33.70056 ], [ -94.75194, 33.70486 ], [ -94.75307, 33.71075 ], [ -94.74124, 33.71336 ], [ -94.73613, 33.71608 ], [ -94.73237, 33.72194 ], [ -94.73674, 33.72719 ], [ -94.74209, 33.72669 ], [ -94.74523, 33.72219 ], [ -94.74545, 33.7168 ], [ -94.75137, 33.71354 ], [ -94.75774, 33.71782 ], [ -94.74767, 33.72515 ], [ -94.75137, 33.73373 ], [ -94.7544, 33.73339 ], [ -94.7606, 33.72705 ], [ -94.77313, 33.72719 ], [ -94.7825, 33.73013 ], [ -94.78864, 33.73567 ], [ -94.77584, 33.74671 ], [ -94.76223, 33.74661 ], [ -94.75781, 33.75011 ], [ -94.75812, 33.75654 ], [ -94.76303, 33.75976 ], [ -94.77135, 33.76065 ], [ -94.77637, 33.7564 ], [ -94.77842, 33.74845 ], [ -94.78154, 33.74332 ], [ -94.79726, 33.73693 ], [ -94.80225, 33.73279 ], [ -94.81202, 33.73526 ], [ -94.81702, 33.74001 ], [ -94.81219, 33.74773 ], [ -94.81276, 33.75211 ], [ -94.81683, 33.75422 ], [ -94.81639, 33.76396 ], [ -94.81857, 33.7677 ], [ -94.82339, 33.76918 ], [ -94.8295, 33.7641 ], [ -94.83084, 33.75808 ], [ -94.823, 33.74727 ], [ -94.82038, 33.73758 ], [ -94.82293, 33.73272 ], [ -94.82848, 33.73538 ], [ -94.82795, 33.74088 ], [ -94.84257, 33.73944 ], [ -94.84931, 33.73959 ], [ -94.86069, 33.74195 ], [ -94.87467, 33.74916 ], [ -94.87708, 33.75222 ], [ -94.87397, 33.75634 ], [ -94.86674, 33.76183 ], [ -94.86764, 33.76844 ], [ -94.87494, 33.76877 ], [ -94.87383, 33.75806 ], [ -94.8765, 33.7574 ], [ -94.88568, 33.76523 ], [ -94.88693, 33.76907 ], [ -94.8982, 33.76902 ], [ -94.9042, 33.77325 ], [ -94.90417, 33.7772 ], [ -94.91143, 33.77838 ], [ -94.92153, 33.79047 ], [ -94.92235, 33.79353 ], [ -94.91675, 33.80897 ], [ -94.91449, 33.80852 ], [ -94.91104, 33.81502 ], [ -94.91216, 33.81944 ], [ -94.91801, 33.82678 ], [ -94.92125, 33.82888 ], [ -94.92657, 33.82634 ], [ -94.9231, 33.81546 ], [ -94.92329, 33.80874 ], [ -94.94222, 33.80578 ], [ -94.94787, 33.80836 ], [ -94.95352, 33.81647 ], [ -94.94484, 33.82584 ], [ -94.94389, 33.83023 ], [ -94.9523, 33.83495 ], [ -94.95768, 33.835 ], [ -94.9644, 33.83702 ], [ -94.9658, 33.8487 ], [ -94.96889, 33.86091 ], [ -94.97621, 33.85985 ], [ -94.98163, 33.85231 ], [ -94.98849, 33.851 ], [ -94.99216, 33.85203 ], [ -94.99802, 33.8605 ], [ -95.00359, 33.86225 ], [ -95.01221, 33.85803 ], [ -95.01603, 33.85774 ], [ -95.02971, 33.86009 ], [ -95.03721, 33.86025 ], [ -95.04902, 33.86409 ], [ -95.0507, 33.86818 ], [ -95.05106, 33.87881 ], [ -95.05846, 33.88625 ], [ -95.0601, 33.90187 ], [ -95.06228, 33.90362 ], [ -95.07108, 33.90314 ], [ -95.075, 33.90691 ], [ -95.06698, 33.90825 ], [ -95.06346, 33.91404 ], [ -95.06948, 33.91759 ], [ -95.07397, 33.91564 ], [ -95.07499, 33.9088 ], [ -95.0787, 33.90504 ], [ -95.0801, 33.88571 ], [ -95.08241, 33.87988 ], [ -95.09006, 33.88106 ], [ -95.09986, 33.89278 ], [ -95.1, 33.89679 ], [ -95.09127, 33.90055 ], [ -95.07974, 33.90859 ], [ -95.07678, 33.91358 ], [ -95.07795, 33.9187 ], [ -95.08245, 33.92174 ], [ -95.0898, 33.91407 ], [ -95.09578, 33.91137 ], [ -95.10582, 33.90916 ], [ -95.11315, 33.90449 ], [ -95.11999, 33.90435 ], [ -95.12578, 33.9065 ], [ -95.13104, 33.91254 ], [ -95.13164, 33.91603 ], [ -95.12173, 33.92576 ], [ -95.12118, 33.93131 ], [ -95.12957, 33.93672 ], [ -95.13882, 33.93479 ], [ -95.14884, 33.93527 ], [ -95.15715, 33.93673 ], [ -95.17164, 33.94677 ], [ -95.18497, 33.94953 ], [ -95.1981, 33.95335 ], [ -95.20914, 33.96024 ], [ -95.21668, 33.96265 ], [ -95.22613, 33.96221 ], [ -95.23044, 33.96004 ], [ -95.23032, 33.95582 ], [ -95.23288, 33.94974 ], [ -95.24512, 33.94432 ], [ -95.2494, 33.93989 ], [ -95.25089, 33.93606 ], [ -95.24763, 33.91474 ], [ -95.24864, 33.90618 ], [ -95.25381, 33.89398 ], [ -95.26136, 33.88772 ], [ -95.26667, 33.89397 ], [ -95.26495, 33.89952 ], [ -95.26659, 33.9088 ], [ -95.26976, 33.91146 ], [ -95.27596, 33.91128 ], [ -95.28169, 33.90853 ], [ -95.28553, 33.90366 ], [ -95.28425, 33.89939 ], [ -95.28069, 33.89608 ], [ -95.27816, 33.89034 ], [ -95.27817, 33.87839 ], [ -95.28073, 33.87549 ], [ -95.28727, 33.87335 ], [ -95.29414, 33.87277 ], [ -95.3064, 33.87491 ], [ -95.31366, 33.88105 ], [ -95.32554, 33.88573 ], [ -95.33038, 33.8827 ], [ -95.3357, 33.87425 ], [ -95.33771, 33.87466 ], [ -95.35236, 33.8696 ], [ -95.35738, 33.86923 ], [ -95.36321, 33.86681 ], [ -95.37098, 33.86685 ], [ -95.37574, 33.8684 ], [ -95.3897, 33.86798 ], [ -95.39804, 33.86521 ], [ -95.40395, 33.86454 ], [ -95.41072, 33.86541 ], [ -95.42768, 33.87046 ], [ -95.43791, 33.86645 ], [ -95.44275, 33.86651 ], [ -95.45529, 33.87124 ], [ -95.46334, 33.8724 ], [ -95.46279, 33.87905 ], [ -95.45973, 33.88665 ], [ -95.46359, 33.88725 ], [ -95.46992, 33.88194 ], [ -95.48353, 33.87683 ], [ -95.49204, 33.87494 ], [ -95.5021, 33.87508 ], [ -95.50578, 33.87639 ], [ -95.50534, 33.89457 ], [ -95.51144, 33.8973 ], [ -95.51598, 33.89399 ], [ -95.51853, 33.88988 ], [ -95.52652, 33.88468 ], [ -95.5338, 33.88115 ], [ -95.54337, 33.8805 ], [ -95.54932, 33.88566 ], [ -95.55122, 33.88971 ], [ -95.54791, 33.90014 ], [ -95.54911, 33.91153 ], [ -95.55131, 33.91622 ], [ -95.5528, 33.92431 ], [ -95.55771, 33.93035 ], [ -95.56739, 33.93362 ], [ -95.57685, 33.93297 ], [ -95.58185, 33.93415 ], [ -95.58984, 33.94204 ], [ -95.59752, 33.94234 ], [ -95.59911, 33.93307 ], [ -95.60435, 33.92881 ], [ -95.60907, 33.9292 ], [ -95.61637, 33.92763 ], [ -95.6248, 33.91566 ], [ -95.62732, 33.90781 ], [ -95.63277, 33.90481 ], [ -95.63799, 33.90488 ], [ -95.64812, 33.90813 ], [ -95.65835, 33.91026 ], [ -95.66548, 33.909 ], [ -95.67792, 33.89698 ], [ -95.67928, 33.89436 ], [ -95.68888, 33.88849 ], [ -95.70063, 33.88584 ], [ -95.71218, 33.88552 ], [ -95.71998, 33.89094 ], [ -95.73318, 33.89645 ], [ -95.74886, 33.89608 ], [ -95.75661, 33.89203 ], [ -95.75976, 33.88812 ], [ -95.76247, 33.88114 ], [ -95.76152, 33.87312 ], [ -95.75413, 33.86525 ], [ -95.75142, 33.86068 ], [ -95.75159, 33.85589 ], [ -95.75482, 33.85199 ], [ -95.76359, 33.84682 ], [ -95.77024, 33.8452 ], [ -95.7759, 33.84731 ], [ -95.77988, 33.85133 ], [ -95.79039, 33.85747 ], [ -95.79988, 33.86127 ], [ -95.81572, 33.85981 ], [ -95.82034, 33.85723 ], [ -95.82112, 33.85307 ], [ -95.81914, 33.84813 ], [ -95.81899, 33.84239 ], [ -95.82205, 33.83855 ], [ -95.83041, 33.83478 ], [ -95.83806, 33.83589 ], [ -95.84426, 33.83838 ], [ -95.84892, 33.84178 ], [ -95.85552, 33.84926 ], [ -95.86719, 33.85129 ], [ -95.87944, 33.85896 ], [ -95.88795, 33.86541 ], [ -95.89512, 33.86754 ], [ -95.9099, 33.87664 ], [ -95.92478, 33.88484 ], [ -95.93231, 33.88377 ], [ -95.9364, 33.87142 ], [ -95.94249, 33.86097 ], [ -95.94603, 33.85934 ], [ -95.95773, 33.85817 ], [ -95.97624, 33.85517 ], [ -95.98486, 33.85249 ], [ -95.98604, 33.85693 ], [ -95.98406, 33.86012 ], [ -95.98493, 33.86581 ], [ -96.00293, 33.87359 ], [ -96.00398, 33.86841 ], [ -95.99969, 33.86255 ], [ -95.99487, 33.86182 ], [ -95.99835, 33.85105 ], [ -96.0057, 33.84543 ], [ -96.02062, 33.84063 ], [ -96.02324, 33.84248 ], [ -96.01954, 33.8535 ], [ -96.02241, 33.85704 ], [ -96.02697, 33.85747 ], [ -96.03081, 33.85423 ], [ -96.0308, 33.84861 ], [ -96.03296, 33.84472 ], [ -96.03827, 33.8406 ], [ -96.04883, 33.83647 ], [ -96.06829, 33.84269 ], [ -96.07266, 33.84294 ], [ -96.08463, 33.84666 ], [ -96.09911, 33.84759 ], [ -96.10147, 33.84671 ], [ -96.09764, 33.83794 ], [ -96.09745, 33.83273 ], [ -96.09936, 33.83047 ], [ -96.10999, 33.8324 ], [ -96.12295, 33.83996 ], [ -96.12782, 33.8399 ], [ -96.13106, 33.83744 ], [ -96.13891, 33.83916 ], [ -96.14923, 33.83709 ], [ -96.15163, 33.83195 ], [ -96.14879, 33.8192 ], [ -96.15077, 33.81699 ], [ -96.15929, 33.8186 ], [ -96.1665, 33.81787 ], [ -96.17241, 33.81448 ], [ -96.17691, 33.81394 ], [ -96.17912, 33.81022 ], [ -96.17573, 33.80232 ], [ -96.16959, 33.80094 ], [ -96.17011, 33.80474 ], [ -96.16377, 33.81305 ], [ -96.15982, 33.81155 ], [ -96.16195, 33.79971 ], [ -96.16076, 33.79591 ], [ -96.1629, 33.79197 ], [ -96.1652, 33.78013 ], [ -96.16979, 33.76915 ], [ -96.17352, 33.7646 ], [ -96.17985, 33.75962 ], [ -96.18629, 33.75666 ], [ -96.19931, 33.75242 ], [ -96.21498, 33.74937 ], [ -96.22052, 33.74739 ], [ -96.23035, 33.74852 ], [ -96.23693, 33.75326 ], [ -96.25478, 33.76149 ], [ -96.2638, 33.76752 ], [ -96.26893, 33.76796 ], [ -96.2783, 33.7706 ], [ -96.29036, 33.77083 ], [ -96.2959, 33.76766 ], [ -96.29866, 33.75918 ], [ -96.30608, 33.74431 ], [ -96.30785, 33.73455 ], [ -96.30631, 33.72935 ], [ -96.30636, 33.72306 ], [ -96.30868, 33.71399 ], [ -96.31223, 33.7063 ], [ -96.31876, 33.69675 ], [ -96.32215, 33.69471 ], [ -96.33119, 33.69364 ], [ -96.33876, 33.68832 ], [ -96.34686, 33.68622 ], [ -96.35409, 33.68698 ], [ -96.35937, 33.68943 ], [ -96.36313, 33.69422 ], [ -96.36343, 33.70157 ], [ -96.36623, 33.70616 ], [ -96.36694, 33.71122 ], [ -96.37085, 33.718 ], [ -96.37549, 33.72088 ], [ -96.38283, 33.72927 ], [ -96.39685, 33.74005 ], [ -96.40822, 33.75054 ], [ -96.41292, 33.75691 ], [ -96.41898, 33.77164 ], [ -96.42353, 33.77643 ], [ -96.43022, 33.77865 ], [ -96.44614, 33.78104 ], [ -96.44965, 33.78082 ], [ -96.45625, 33.77604 ], [ -96.46828, 33.77583 ], [ -96.48852, 33.77283 ], [ -96.50098, 33.7728 ], [ -96.50849, 33.77832 ], [ -96.51658, 33.78828 ], [ -96.51569, 33.79516 ], [ -96.51742, 33.80585 ], [ -96.52542, 33.81996 ], [ -96.53265, 33.82314 ], [ -96.55066, 33.81919 ], [ -96.56667, 33.81851 ], [ -96.57315, 33.81918 ], [ -96.58707, 33.82801 ], [ -96.60126, 33.83433 ], [ -96.62315, 33.8415 ], [ -96.62927, 33.8455 ], [ -96.6289, 33.85249 ], [ -96.61163, 33.86925 ], [ -96.59735, 33.8751 ], [ -96.59011, 33.88067 ], [ -96.58536, 33.88895 ], [ -96.58793, 33.89478 ], [ -96.59217, 33.89551 ], [ -96.61484, 33.89455 ], [ -96.63012, 33.89542 ], [ -96.65498, 33.91379 ], [ -96.6599, 33.91667 ], [ -96.66719, 33.91694 ], [ -96.67345, 33.91228 ], [ -96.68149, 33.89467 ], [ -96.68346, 33.88422 ], [ -96.6821, 33.87665 ], [ -96.68473, 33.8629 ], [ -96.69071, 33.84996 ], [ -96.69957, 33.83905 ], [ -96.70446, 33.83502 ], [ -96.71373, 33.83133 ], [ -96.7251, 33.83031 ], [ -96.74378, 33.82607 ], [ -96.76159, 33.82441 ], [ -96.76938, 33.82748 ], [ -96.77677, 33.84198 ], [ -96.7772, 33.84816 ], [ -96.77959, 33.85794 ], [ -96.78349, 33.86353 ], [ -96.79428, 33.86889 ], [ -96.81278, 33.87265 ], [ -96.83216, 33.87483 ], [ -96.83977, 33.8684 ], [ -96.84159, 33.85289 ], [ -96.8459, 33.84898 ], [ -96.85059, 33.84721 ], [ -96.85609, 33.84749 ], [ -96.86644, 33.85315 ], [ -96.88301, 33.86802 ], [ -96.89094, 33.88676 ], [ -96.89573, 33.89641 ], [ -96.89722, 33.90458 ], [ -96.89647, 33.91332 ], [ -96.89944, 33.93373 ], [ -96.90525, 33.94722 ], [ -96.91001, 33.95278 ], [ -96.91765, 33.95858 ], [ -96.92427, 33.95916 ], [ -96.93484, 33.95445 ], [ -96.94461, 33.94922 ], [ -96.94468, 33.9104 ], [ -96.94513, 33.84699 ], [ -96.94487, 33.83918 ], [ -96.9446, 33.77879 ], [ -96.94412, 33.74041 ], [ -96.94334, 33.62274 ], [ -96.94339, 33.50337 ], [ -96.94386, 33.41641 ], [ -96.91935, 33.41496 ], [ -96.87593, 33.41352 ], [ -96.87558, 33.4141 ], [ -96.8411, 33.41338 ], [ -96.84117, 33.40559 ], [ -96.83411, 33.4055 ], [ -96.83538, 33.35345 ], [ -96.83799, 33.25607 ], [ -96.84328, 33.25549 ], [ -96.84352, 33.24778 ], [ -96.86088, 33.24783 ], [ -96.86054, 33.22982 ], [ -96.87147, 33.22918 ], [ -96.87324, 33.22633 ], [ -96.88036, 33.22642 ], [ -96.88034, 33.21906 ], [ -96.88716, 33.21928 ], [ -96.8939, 33.21279 ], [ -96.8878, 33.21134 ], [ -96.88787, 33.20397 ], [ -96.88044, 33.2039 ], [ -96.88103, 33.2011 ], [ -96.88702, 33.1898 ], [ -96.88714, 33.17847 ], [ -96.88194, 33.17834 ], [ -96.88222, 33.16303 ], [ -96.88654, 33.16319 ], [ -96.88657, 33.15875 ], [ -96.89068, 33.15873 ], [ -96.89077, 33.15145 ], [ -96.89942, 33.15157 ], [ -96.89955, 33.1546 ], [ -96.91185, 33.15463 ], [ -96.91181, 33.14675 ], [ -96.91412, 33.14095 ], [ -96.92261, 33.14112 ], [ -96.9228, 33.13379 ], [ -96.91999, 33.13071 ], [ -96.91238, 33.13216 ], [ -96.90507, 33.12874 ], [ -96.90517, 33.12025 ], [ -96.89153, 33.12008 ], [ -96.89147, 33.10736 ], [ -96.88939, 33.10388 ], [ -96.88194, 33.10261 ], [ -96.8819, 33.1054 ], [ -96.8692, 33.10548 ], [ -96.86921, 33.10828 ], [ -96.86065, 33.10826 ], [ -96.85339, 33.10635 ], [ -96.85686, 33.09193 ], [ -96.85575, 33.08133 ], [ -96.84187, 33.08558 ], [ -96.84225, 33.07332 ], [ -96.84412, 32.98744 ] ] ] } },
{ "type": "Feature", "properties": { "region_id": "CD05" }, "geometry": { "type": "Polygon", "coordinates": [ [ [ -95.7873, 31.61839 ], [ -95.78515, 31.61144 ], [ -95.77759, 31.60226 ], [ -95.77198, 31.59862 ], [ -95.76723, 31.59758 ], [ -95.76096, 31.60008 ], [ -95.76075, 31.60401 ], [ -95.75321, 31.60704 ], [ -95.75344, 31.61251 ], [ -95.74867, 31.61771 ], [ -95.74886, 31.62081 ], [ -95.75317, 31.62922 ], [ -95.75287, 31.6353 ], [ -95.75727, 31.64355 ], [ -95.7541, 31.64858 ], [ -95.73937, 31.65383 ], [ -95.73568, 31.65382 ], [ -95.73276, 31.64882 ], [ -95.72675, 31.64315 ], [ -95.72365, 31.63797 ], [ -95.71847, 31.6324 ], [ -95.71736, 31.62721 ], [ -95.71011, 31.61559 ], [ -95.71236, 31.60762 ], [ -95.71169, 31.60316 ], [ -95.71608, 31.59879 ], [ -95.71587, 31.59407 ], [ -95.72026, 31.59198 ], [ -95.72185, 31.58628 ], [ -95.7293, 31.5829 ], [ -95.72132, 31.57785 ], [ -95.71795, 31.5725 ], [ -95.71722, 31.55864 ], [ -95.71851, 31.55366 ], [ -95.72595, 31.55504 ], [ -95.72914, 31.55158 ], [ -95.73475, 31.55119 ], [ -95.74287, 31.55416 ], [ -95.75107, 31.55196 ], [ -95.75413, 31.54605 ], [ -95.75087, 31.54073 ], [ -95.75673, 31.53657 ], [ -95.7565, 31.53105 ], [ -95.74825, 31.52871 ], [ -95.74705, 31.52437 ], [ -95.74114, 31.52247 ], [ -95.73703, 31.51853 ], [ -95.73383, 31.50916 ], [ -95.73928, 31.50406 ], [ -95.64717, 31.52701 ], [ -95.65176, 31.54179 ], [ -95.59803, 31.54968 ], [ -95.56409, 31.55419 ], [ -95.50023, 31.56351 ], [ -95.49317, 31.5649 ], [ -95.46645, 31.56839 ], [ -95.37522, 31.57956 ], [ -95.36563, 31.58119 ], [ -95.2732, 31.59289 ], [ -95.26909, 31.59933 ], [ -95.26266, 31.60396 ], [ -95.25969, 31.60781 ], [ -95.26183, 31.61785 ], [ -95.26488, 31.62427 ], [ -95.27064, 31.62512 ], [ -95.27392, 31.62363 ], [ -95.28169, 31.62539 ], [ -95.28744, 31.63206 ], [ -95.28255, 31.63257 ], [ -95.28163, 31.6371 ], [ -95.2868, 31.64472 ], [ -95.28343, 31.64561 ], [ -95.28339, 31.64977 ], [ -95.27585, 31.65723 ], [ -95.28525, 31.66773 ], [ -95.28246, 31.67269 ], [ -95.29009, 31.68211 ], [ -95.28966, 31.684 ], [ -95.30353, 31.68868 ], [ -95.30369, 31.69217 ], [ -95.31195, 31.69727 ], [ -95.31136, 31.70622 ], [ -95.31702, 31.70647 ], [ -95.32571, 31.70374 ], [ -95.32831, 31.70752 ], [ -95.32442, 31.71017 ], [ -95.32804, 31.71715 ], [ -95.33794, 31.71635 ], [ -95.34247, 31.71795 ], [ -95.34238, 31.72169 ], [ -95.33806, 31.72338 ], [ -95.33282, 31.72792 ], [ -95.33333, 31.733 ], [ -95.33774, 31.73552 ], [ -95.34665, 31.73377 ], [ -95.35313, 31.73076 ], [ -95.35433, 31.72804 ], [ -95.36194, 31.72884 ], [ -95.36619, 31.72675 ], [ -95.36813, 31.73216 ], [ -95.37177, 31.73732 ], [ -95.36777, 31.73981 ], [ -95.35924, 31.74088 ], [ -95.36205, 31.74384 ], [ -95.35811, 31.74792 ], [ -95.36339, 31.75245 ], [ -95.37679, 31.75377 ], [ -95.38153, 31.753 ], [ -95.38749, 31.75849 ], [ -95.39239, 31.75973 ], [ -95.39561, 31.76339 ], [ -95.39964, 31.76026 ], [ -95.40213, 31.76159 ], [ -95.39654, 31.77081 ], [ -95.39779, 31.77541 ], [ -95.39473, 31.78113 ], [ -95.39412, 31.78723 ], [ -95.39535, 31.79276 ], [ -95.39924, 31.79679 ], [ -95.39955, 31.80165 ], [ -95.40332, 31.80201 ], [ -95.40246, 31.80906 ], [ -95.4006, 31.81334 ], [ -95.40373, 31.82184 ], [ -95.41259, 31.82661 ], [ -95.41091, 31.83007 ], [ -95.41473, 31.83563 ], [ -95.41976, 31.83575 ], [ -95.42478, 31.84109 ], [ -95.43037, 31.83922 ], [ -95.43717, 31.84307 ], [ -95.44286, 31.84209 ], [ -95.44602, 31.84799 ], [ -95.44401, 31.8509 ], [ -95.44595, 31.85465 ], [ -95.44271, 31.86179 ], [ -95.43492, 31.86781 ], [ -95.43922, 31.87319 ], [ -95.43373, 31.87432 ], [ -95.43127, 31.88342 ], [ -95.43336, 31.8879 ], [ -95.43214, 31.89347 ], [ -95.43776, 31.89836 ], [ -95.43753, 31.90152 ], [ -95.42827, 31.90535 ], [ -95.43075, 31.91318 ], [ -95.42273, 31.92482 ], [ -95.42402, 31.92943 ], [ -95.43578, 31.93611 ], [ -95.44559, 31.94586 ], [ -95.44972, 31.9544 ], [ -95.45352, 31.95988 ], [ -95.44398, 31.96352 ], [ -95.44376, 31.96718 ], [ -95.44956, 31.96933 ], [ -95.4514, 31.97602 ], [ -95.44921, 31.99261 ], [ -95.44585, 31.99461 ], [ -95.44615, 31.99942 ], [ -95.44183, 32.00273 ], [ -95.43569, 32.0048 ], [ -95.43361, 32.00901 ], [ -95.42948, 32.00832 ], [ -95.4281, 32.01539 ], [ -95.42411, 32.01889 ], [ -95.43278, 32.0309 ], [ -95.43822, 32.03561 ], [ -95.43368, 32.04048 ], [ -95.42748, 32.03872 ], [ -95.42293, 32.04152 ], [ -95.42208, 32.0474 ], [ -95.42683, 32.05111 ], [ -95.43023, 32.05008 ], [ -95.43543, 32.05299 ], [ -95.43683, 32.05758 ], [ -95.43245, 32.05945 ], [ -95.43636, 32.06334 ], [ -95.43793, 32.06826 ], [ -95.43123, 32.0718 ], [ -95.43099, 32.07506 ], [ -95.42635, 32.0767 ], [ -95.42411, 32.08389 ], [ -95.42813, 32.08655 ], [ -95.43156, 32.09386 ], [ -95.43731, 32.09642 ], [ -95.44028, 32.09578 ], [ -95.44244, 32.10178 ], [ -95.44715, 32.10648 ], [ -95.45229, 32.10769 ], [ -95.45684, 32.11231 ], [ -95.45957, 32.12217 ], [ -95.46151, 32.1237 ], [ -95.45991, 32.13556 ], [ -95.46919, 32.14348 ], [ -95.47791, 32.14621 ], [ -95.47978, 32.15115 ], [ -95.47153, 32.17235 ], [ -95.46889, 32.18037 ], [ -95.46156, 32.1829 ], [ -95.46806, 32.18762 ], [ -95.46827, 32.19048 ], [ -95.46325, 32.19441 ], [ -95.46485, 32.20375 ], [ -95.46856, 32.20539 ], [ -95.47015, 32.21209 ], [ -95.47894, 32.21222 ], [ -95.47851, 32.21756 ], [ -95.48626, 32.22535 ], [ -95.488, 32.23548 ], [ -95.48393, 32.23583 ], [ -95.48174, 32.24139 ], [ -95.47663, 32.24245 ], [ -95.46758, 32.24663 ], [ -95.4696, 32.24919 ], [ -95.46995, 32.26212 ], [ -95.46186, 32.27038 ], [ -95.45727, 32.27311 ], [ -95.4535, 32.28008 ], [ -95.45104, 32.29405 ], [ -95.44697, 32.29581 ], [ -95.44833, 32.30027 ], [ -95.45182, 32.30251 ], [ -95.45547, 32.31151 ], [ -95.45402, 32.31698 ], [ -95.45767, 32.31906 ], [ -95.45549, 32.32223 ], [ -95.45783, 32.32793 ], [ -95.45336, 32.33395 ], [ -95.45407, 32.33854 ], [ -95.45243, 32.34584 ], [ -95.44794, 32.3469 ], [ -95.4491, 32.35946 ], [ -95.45655, 32.36824 ], [ -95.46138, 32.36502 ], [ -95.47135, 32.36952 ], [ -95.47359, 32.37418 ], [ -95.47801, 32.37648 ], [ -95.4819, 32.3826 ], [ -95.48648, 32.38614 ], [ -95.4938, 32.38964 ], [ -95.49703, 32.39788 ], [ -95.50204, 32.40171 ], [ -95.50164, 32.40924 ], [ -95.505, 32.41078 ], [ -95.50685, 32.41479 ], [ -95.51235, 32.41601 ], [ -95.51955, 32.42109 ], [ -95.52384, 32.42119 ], [ -95.52879, 32.42821 ], [ -95.53474, 32.43227 ], [ -95.53912, 32.43299 ], [ -95.54103, 32.43946 ], [ -95.54568, 32.44174 ], [ -95.55232, 32.44954 ], [ -95.55238, 32.45218 ], [ -95.55933, 32.45532 ], [ -95.56807, 32.46152 ], [ -95.57335, 32.46187 ], [ -95.5943, 32.47986 ], [ -95.59419, 32.56483 ], [ -95.59426, 32.64484 ], [ -95.59454, 32.68703 ], [ -95.59516, 32.69038 ], [ -95.60772, 32.70382 ], [ -95.61526, 32.70597 ], [ -95.61576, 32.70809 ], [ -95.6229, 32.70791 ], [ -95.62748, 32.71001 ], [ -95.62681, 32.71408 ], [ -95.6298, 32.71703 ], [ -95.63462, 32.71692 ], [ -95.63672, 32.72439 ], [ -95.64075, 32.71851 ], [ -95.64812, 32.71926 ], [ -95.65286, 32.71379 ], [ -95.65734, 32.71394 ], [ -95.6598, 32.7114 ], [ -95.66408, 32.71566 ], [ -95.66687, 32.71375 ], [ -95.67341, 32.71844 ], [ -95.6713, 32.72165 ], [ -95.67677, 32.72316 ], [ -95.68059, 32.72835 ], [ -95.68537, 32.72759 ], [ -95.69118, 32.73728 ], [ -95.69968, 32.7381 ], [ -95.70344, 32.74186 ], [ -95.72044, 32.74588 ], [ -95.72336, 32.74814 ], [ -95.73138, 32.74814 ], [ -95.73332, 32.75274 ], [ -95.74516, 32.75549 ], [ -95.74638, 32.75398 ], [ -95.75411, 32.75784 ], [ -95.75765, 32.75542 ], [ -95.7629, 32.76024 ], [ -95.7625, 32.7706 ], [ -95.77316, 32.77065 ], [ -95.77952, 32.77363 ], [ -95.78281, 32.77046 ], [ -95.78692, 32.77336 ], [ -95.79439, 32.77578 ], [ -95.79534, 32.77293 ], [ -95.80162, 32.77413 ], [ -95.80788, 32.76794 ], [ -95.81328, 32.76702 ], [ -95.81736, 32.76819 ], [ -95.82958, 32.76697 ], [ -95.83155, 32.77045 ], [ -95.83611, 32.77181 ], [ -95.84707, 32.76959 ], [ -95.85268, 32.77201 ], [ -95.85268, 32.77454 ], [ -95.85895, 32.77705 ], [ -95.86361, 32.77685 ], [ -95.86548, 32.78099 ], [ -95.86996, 32.7834 ], [ -95.87768, 32.79125 ], [ -95.8819, 32.79127 ], [ -95.88907, 32.7948 ], [ -95.89868, 32.80207 ], [ -95.90674, 32.80686 ], [ -95.90652, 32.81036 ], [ -95.91642, 32.81131 ], [ -95.92482, 32.82231 ], [ -95.92754, 32.82276 ], [ -95.92564, 32.82932 ], [ -95.93443, 32.83722 ], [ -96.06175, 32.83846 ], [ -96.07648, 32.83848 ], [ -96.15699, 32.83996 ], [ -96.23468, 32.84115 ], [ -96.2506, 32.84089 ], [ -96.29732, 32.84172 ], [ -96.29738, 32.81419 ], [ -96.37358, 32.81389 ], [ -96.38509, 32.81418 ], [ -96.48864, 32.81323 ], [ -96.51897, 32.81362 ], [ -96.51857, 32.86663 ], [ -96.51791, 32.91723 ], [ -96.53545, 32.90841 ], [ -96.53842, 32.90778 ], [ -96.57556, 32.90752 ], [ -96.60195, 32.9104 ], [ -96.61534, 32.91019 ], [ -96.6184, 32.90806 ], [ -96.62362, 32.90882 ], [ -96.6756, 32.90916 ], [ -96.70412, 32.909 ], [ -96.70865, 32.9078 ], [ -96.71993, 32.8994 ], [ -96.73132, 32.90132 ], [ -96.73408, 32.8969 ], [ -96.73909, 32.89686 ], [ -96.74073, 32.89312 ], [ -96.75367, 32.89375 ], [ -96.76201, 32.89842 ], [ -96.77104, 32.89861 ], [ -96.77962, 32.895 ], [ -96.77702, 32.88995 ], [ -96.76991, 32.89031 ], [ -96.77071, 32.88015 ], [ -96.77047, 32.85589 ], [ -96.77157, 32.851 ], [ -96.75288, 32.85087 ], [ -96.75295, 32.84367 ], [ -96.77008, 32.83978 ], [ -96.77016, 32.83136 ], [ -96.76151, 32.83246 ], [ -96.76156, 32.82793 ], [ -96.75804, 32.82557 ], [ -96.75289, 32.82559 ], [ -96.7528, 32.81518 ], [ -96.75156, 32.81271 ], [ -96.74397, 32.8118 ], [ -96.74341, 32.81619 ], [ -96.73605, 32.8147 ], [ -96.72949, 32.8111 ], [ -96.72243, 32.81556 ], [ -96.72218, 32.82383 ], [ -96.71978, 32.83443 ], [ -96.71989, 32.8381 ], [ -96.72434, 32.84692 ], [ -96.72416, 32.85138 ], [ -96.72142, 32.8555 ], [ -96.72483, 32.85827 ], [ -96.71224, 32.86413 ], [ -96.70055, 32.86417 ], [ -96.70055, 32.87886 ], [ -96.68959, 32.87881 ], [ -96.68224, 32.87319 ], [ -96.67096, 32.86903 ], [ -96.64693, 32.85428 ], [ -96.63517, 32.84365 ], [ -96.63967, 32.83965 ], [ -96.65256, 32.83532 ], [ -96.65526, 32.83764 ], [ -96.65886, 32.83453 ], [ -96.65805, 32.8214 ], [ -96.66168, 32.82139 ], [ -96.66226, 32.81554 ], [ -96.66542, 32.81539 ], [ -96.66538, 32.80721 ], [ -96.67361, 32.80688 ], [ -96.67429, 32.79851 ], [ -96.6809, 32.7976 ], [ -96.68353, 32.79236 ], [ -96.67337, 32.79173 ], [ -96.67337, 32.78758 ], [ -96.66366, 32.77999 ], [ -96.64424, 32.76326 ], [ -96.64301, 32.75895 ], [ -96.63927, 32.75573 ], [ -96.63927, 32.74859 ], [ -96.62256, 32.74857 ], [ -96.62258, 32.74258 ], [ -96.62066, 32.74014 ], [ -96.62068, 32.7347 ], [ -96.61285, 32.73547 ], [ -96.61204, 32.74599 ], [ -96.60191, 32.74669 ], [ -96.59876, 32.74399 ], [ -96.60229, 32.74006 ], [ -96.59932, 32.73528 ], [ -96.59916, 32.7297 ], [ -96.59464, 32.72597 ], [ -96.58863, 32.72417 ], [ -96.57533, 32.71402 ], [ -96.57601, 32.70978 ], [ -96.5793, 32.7071 ], [ -96.57301, 32.7014 ], [ -96.56342, 32.70123 ], [ -96.56262, 32.69815 ], [ -96.55552, 32.69188 ], [ -96.55662, 32.68745 ], [ -96.56309, 32.68105 ], [ -96.57594, 32.67994 ], [ -96.58836, 32.66978 ], [ -96.59537, 32.67306 ], [ -96.59797, 32.67092 ], [ -96.59116, 32.66742 ], [ -96.59022, 32.65952 ], [ -96.58214, 32.65236 ], [ -96.58588, 32.64735 ], [ -96.59571, 32.63951 ], [ -96.59602, 32.63752 ], [ -96.60823, 32.62746 ], [ -96.61401, 32.62517 ], [ -96.6222, 32.61773 ], [ -96.61719, 32.61224 ], [ -96.6075, 32.61278 ], [ -96.60607, 32.61019 ], [ -96.59516, 32.60637 ], [ -96.58918, 32.6063 ], [ -96.58634, 32.60052 ], [ -96.58812, 32.59727 ], [ -96.58034, 32.57704 ], [ -96.5729, 32.57733 ], [ -96.57567, 32.57086 ], [ -96.57443, 32.56887 ], [ -96.5667, 32.56638 ], [ -96.56156, 32.55557 ], [ -96.55653, 32.55181 ], [ -96.55057, 32.55442 ], [ -96.54144, 32.54589 ], [ -96.52941, 32.54528 ], [ -96.52923, 32.5404 ], [ -96.5235, 32.54037 ], [ -96.52404, 32.53655 ], [ -96.52046, 32.53538 ], [ -96.51915, 32.53153 ], [ -96.5153, 32.53221 ], [ -96.51408, 32.53638 ], [ -96.50778, 32.53322 ], [ -96.5103, 32.52931 ], [ -96.50941, 32.52648 ], [ -96.50421, 32.52363 ], [ -96.5051, 32.51803 ], [ -96.50147, 32.51269 ], [ -96.50753, 32.51307 ], [ -96.51111, 32.50878 ], [ -96.50893, 32.50164 ], [ -96.50547, 32.49806 ], [ -96.50875, 32.49193 ], [ -96.50624, 32.48641 ], [ -96.51022, 32.48193 ], [ -96.50421, 32.47715 ], [ -96.50173, 32.47062 ], [ -96.49351, 32.46704 ], [ -96.49488, 32.45994 ], [ -96.49373, 32.45627 ], [ -96.48785, 32.45108 ], [ -96.48358, 32.45049 ], [ -96.48424, 32.44412 ], [ -96.477, 32.43408 ], [ -96.47098, 32.43182 ], [ -96.46274, 32.4266 ], [ -96.4571, 32.4244 ], [ -96.45074, 32.42464 ], [ -96.44932, 32.4221 ], [ -96.44061, 32.4158 ], [ -96.43523, 32.40899 ], [ -96.43676, 32.40367 ], [ -96.43983, 32.40013 ], [ -96.43448, 32.3892 ], [ -96.43888, 32.38254 ], [ -96.43755, 32.37839 ], [ -96.44438, 32.37835 ], [ -96.44806, 32.37469 ], [ -96.44384, 32.36953 ], [ -96.44953, 32.36665 ], [ -96.4545, 32.36105 ], [ -96.45455, 32.35232 ], [ -96.451, 32.34441 ], [ -96.44713, 32.34575 ], [ -96.43733, 32.34589 ], [ -96.43692, 32.34136 ], [ -96.4314, 32.33723 ], [ -96.43064, 32.3324 ], [ -96.42376, 32.33532 ], [ -96.41644, 32.33502 ], [ -96.40812, 32.3285 ], [ -96.40041, 32.3288 ], [ -96.3908, 32.33386 ], [ -96.3852, 32.33196 ], [ -96.3813, 32.32751 ], [ -96.37472, 32.32488 ], [ -96.36745, 32.31787 ], [ -96.36007, 32.31693 ], [ -96.35307, 32.31166 ], [ -96.34532, 32.31277 ], [ -96.34236, 32.30769 ], [ -96.33099, 32.30348 ], [ -96.3244, 32.30313 ], [ -96.32146, 32.30526 ], [ -96.31584, 32.30254 ], [ -96.31264, 32.30313 ], [ -96.30966, 32.29993 ], [ -96.30489, 32.30224 ], [ -96.30042, 32.30135 ], [ -96.29657, 32.29815 ], [ -96.29746, 32.29329 ], [ -96.28962, 32.29355 ], [ -96.2909, 32.28917 ], [ -96.28713, 32.28548 ], [ -96.28401, 32.27922 ], [ -96.28473, 32.27191 ], [ -96.28936, 32.27044 ], [ -96.2846, 32.26364 ], [ -96.2859, 32.25598 ], [ -96.2789, 32.26036 ], [ -96.27367, 32.25262 ], [ -96.26867, 32.25896 ], [ -96.26468, 32.25222 ], [ -96.25739, 32.24741 ], [ -96.2544, 32.25058 ], [ -96.23425, 32.2504 ], [ -96.23452, 32.2474 ], [ -96.22937, 32.23618 ], [ -96.22032, 32.23295 ], [ -96.21715, 32.23335 ], [ -96.21489, 32.224 ], [ -96.2111, 32.22643 ], [ -96.20465, 32.21822 ], [ -96.20295, 32.21437 ], [ -96.19615, 32.2125 ], [ -96.19696, 32.20694 ], [ -96.18954, 32.20232 ], [ -96.18337, 32.20176 ], [ -96.18141, 32.20456 ], [ -96.17585, 32.20394 ], [ -96.16733, 32.20984 ], [ -96.15585, 32.21501 ], [ -96.15048, 32.21413 ], [ -96.14621, 32.21125 ], [ -96.14739, 32.20734 ], [ -96.15945, 32.20521 ], [ -96.15995, 32.20057 ], [ -96.15597, 32.19559 ], [ -96.15791, 32.19133 ], [ -96.16449, 32.19002 ], [ -96.17648, 32.18138 ], [ -96.17532, 32.17337 ], [ -96.17149, 32.16855 ], [ -96.16645, 32.1661 ], [ -96.16698, 32.15867 ], [ -96.16306, 32.15598 ], [ -96.15778, 32.15543 ], [ -96.15221, 32.15842 ], [ -96.14534, 32.15281 ], [ -96.13098, 32.15295 ], [ -96.12056, 32.15674 ], [ -96.11569, 32.16092 ], [ -96.11267, 32.15678 ], [ -96.10443, 32.15266 ], [ -96.10248, 32.14926 ], [ -96.10242, 32.14227 ], [ -96.10598, 32.13524 ], [ -96.11156, 32.13198 ], [ -96.1147, 32.12649 ], [ -96.11434, 32.12012 ], [ -96.11153, 32.1158 ], [ -96.1172, 32.10405 ], [ -96.11773, 32.09463 ], [ -96.11173, 32.09053 ], [ -96.10876, 32.0855 ], [ -96.1092, 32.07711 ], [ -96.10536, 32.07534 ], [ -96.10029, 32.07777 ], [ -96.09984, 32.08076 ], [ -96.09213, 32.0819 ], [ -96.08209, 32.08135 ], [ -96.06601, 32.08581 ], [ -96.06302, 32.08086 ], [ -96.06338, 32.07667 ], [ -96.06953, 32.0765 ], [ -96.0668, 32.07142 ], [ -96.06882, 32.06738 ], [ -96.06245, 32.06294 ], [ -96.06654, 32.06004 ], [ -96.064, 32.05108 ], [ -96.0661, 32.04789 ], [ -96.06465, 32.04444 ], [ -96.06646, 32.03776 ], [ -96.06219, 32.0314 ], [ -96.06265, 32.02644 ], [ -96.05761, 32.02062 ], [ -96.05284, 32.01861 ], [ -96.05478, 32.01253 ], [ -96.05267, 32.00405 ], [ -96.04905, 31.99724 ], [ -96.06078, 31.98693 ], [ -96.06486, 31.98095 ], [ -96.06043, 31.97507 ], [ -96.04291, 31.96279 ], [ -96.04761, 31.96006 ], [ -96.05248, 31.96403 ], [ -96.05721, 31.96022 ], [ -96.06188, 31.95955 ], [ -96.06156, 31.95482 ], [ -96.05685, 31.95302 ], [ -96.05469, 31.94822 ], [ -96.0448, 31.95097 ], [ -96.04253, 31.94532 ], [ -96.03775, 31.94839 ], [ -96.04014, 31.95246 ], [ -96.03333, 31.95288 ], [ -96.02897, 31.95792 ], [ -96.02249, 31.95755 ], [ -96.01975, 31.95521 ], [ -96.02071, 31.95057 ], [ -96.01451, 31.9461 ], [ -96.02089, 31.93822 ], [ -96.0164, 31.93472 ], [ -96.01131, 31.93453 ], [ -96.01344, 31.92992 ], [ -96.00617, 31.92429 ], [ -96.00833, 31.91852 ], [ -96.00267, 31.9128 ], [ -96.0014, 31.90817 ], [ -96.00732, 31.90806 ], [ -96.01182, 31.91139 ], [ -96.01589, 31.90514 ], [ -96.01998, 31.90289 ], [ -96.02331, 31.89619 ], [ -96.02672, 31.88617 ], [ -96.02762, 31.87788 ], [ -96.02427, 31.87312 ], [ -96.0186, 31.87197 ], [ -96.00791, 31.88114 ], [ -96.00397, 31.87695 ], [ -96.00483, 31.87264 ], [ -96.00127, 31.86928 ], [ -95.99413, 31.86626 ], [ -95.98912, 31.86868 ], [ -95.9888, 31.87224 ], [ -95.97726, 31.87754 ], [ -95.97029, 31.87719 ], [ -95.96812, 31.87246 ], [ -95.97436, 31.87209 ], [ -95.9779, 31.86875 ], [ -95.98008, 31.8624 ], [ -95.98762, 31.85878 ], [ -95.99087, 31.84851 ], [ -95.99454, 31.84336 ], [ -95.99202, 31.83962 ], [ -95.98801, 31.84033 ], [ -95.9844, 31.83687 ], [ -95.97791, 31.83324 ], [ -95.97783, 31.82544 ], [ -95.97323, 31.81914 ], [ -95.9768, 31.81457 ], [ -95.97496, 31.81194 ], [ -95.97618, 31.8022 ], [ -95.97853, 31.7961 ], [ -95.98345, 31.78998 ], [ -95.98057, 31.78456 ], [ -95.97799, 31.78439 ], [ -95.97271, 31.78873 ], [ -95.96739, 31.7881 ], [ -95.96307, 31.78943 ], [ -95.96101, 31.78406 ], [ -95.9532, 31.77976 ], [ -95.95302, 31.77628 ], [ -95.93813, 31.77416 ], [ -95.93585, 31.77004 ], [ -95.93043, 31.77234 ], [ -95.92424, 31.76585 ], [ -95.91853, 31.76716 ], [ -95.91434, 31.76556 ], [ -95.90693, 31.76586 ], [ -95.90392, 31.7674 ], [ -95.89797, 31.76696 ], [ -95.90193, 31.75484 ], [ -95.89515, 31.75844 ], [ -95.88951, 31.75647 ], [ -95.8856, 31.7577 ], [ -95.87594, 31.7555 ], [ -95.87385, 31.7535 ], [ -95.87325, 31.74708 ], [ -95.86883, 31.74599 ], [ -95.87951, 31.74116 ], [ -95.88115, 31.73585 ], [ -95.87629, 31.73333 ], [ -95.87504, 31.73841 ], [ -95.86987, 31.7386 ], [ -95.86698, 31.72743 ], [ -95.86714, 31.71819 ], [ -95.87134, 31.71987 ], [ -95.87593, 31.71722 ], [ -95.87567, 31.71173 ], [ -95.87769, 31.70863 ], [ -95.87485, 31.70295 ], [ -95.88002, 31.70352 ], [ -95.87251, 31.69301 ], [ -95.8654, 31.69201 ], [ -95.86258, 31.68802 ], [ -95.85882, 31.69011 ], [ -95.85516, 31.69647 ], [ -95.8505, 31.69786 ], [ -95.84553, 31.69605 ], [ -95.83532, 31.6956 ], [ -95.8312, 31.69372 ], [ -95.82429, 31.68687 ], [ -95.81989, 31.68667 ], [ -95.81056, 31.67346 ], [ -95.80462, 31.67137 ], [ -95.80032, 31.67513 ], [ -95.79582, 31.67477 ], [ -95.79261, 31.68186 ], [ -95.79078, 31.68945 ], [ -95.77974, 31.68394 ], [ -95.78435, 31.67589 ], [ -95.78898, 31.67192 ], [ -95.79068, 31.66307 ], [ -95.79408, 31.66031 ], [ -95.79063, 31.65302 ], [ -95.78974, 31.64621 ], [ -95.7951, 31.63825 ], [ -95.79673, 31.63213 ], [ -95.79564, 31.62893 ], [ -95.78817, 31.62617 ], [ -95.78897, 31.62219 ], [ -95.7873, 31.61839 ] ] ] } },
{ "type": "Feature", "properties": { "region_id": "CD06" }, "geometry": { "type": "Polygon", "coordinates": [ [ [ -97.38396, 32.33759 ], [ -97.38051, 32.33874 ], [ -97.38022, 32.32788 ], [ -97.36927, 32.33327 ], [ -97.37346, 32.34014 ], [ -97.36776, 32.34302 ], [ -97.36429, 32.34191 ], [ -97.35585, 32.34538 ], [ -97.34376, 32.34182 ], [ -97.32604, 32.33741 ], [ -97.31574, 32.33665 ], [ -97.28712, 32.32214 ], [ -97.27359, 32.31637 ], [ -97.24881, 32.30125 ], [ -97.23524, 32.29623 ], [ -97.21941, 32.27295 ], [ -97.21652, 32.26938 ], [ -97.20788, 32.27227 ], [ -97.2012, 32.27703 ], [ -97.19683, 32.27045 ], [ -97.19201, 32.27203 ], [ -97.18255, 32.25779 ], [ -97.18224, 32.24582 ], [ -97.16189, 32.25025 ], [ -97.13341, 32.2547 ], [ -97.08612, 32.26547 ], [ -97.05638, 32.22201 ], [ -97.00028, 32.13872 ], [ -96.98898, 32.12262 ], [ -96.94066, 32.05209 ], [ -96.89621, 32.07398 ], [ -96.84366, 31.99595 ], [ -96.7918, 31.92021 ], [ -96.78851, 31.91594 ], [ -96.71911, 31.81489 ], [ -96.62526, 31.8071 ], [ -96.50026, 31.7967 ], [ -96.49671, 31.79619 ], [ -96.37526, 31.85617 ], [ -96.3357, 31.87596 ], [ -96.24854, 31.91849 ], [ -96.20957, 31.9376 ], [ -96.05478, 32.01253 ], [ -96.05284, 32.01861 ], [ -96.05761, 32.02062 ], [ -96.06265, 32.02644 ], [ -96.06219, 32.0314 ], [ -96.06646, 32.03776 ], [ -96.06465, 32.04444 ], [ -96.0661, 32.04789 ], [ -96.064, 32.05108 ], [ -96.06654, 32.06004 ], [ -96.06245, 32.06294 ], [ -96.06882, 32.06738 ], [ -96.0668, 32.07142 ], [ -96.06953, 32.0765 ], [ -96.06338, 32.07667 ], [ -96.06302, 32.08086 ], [ -96.06601, 32.08581 ], [ -96.08209, 32.08135 ], [ -96.09213, 32.0819 ], [ -96.09984, 32.08076 ], [ -96.10029, 32.07777 ], [ -96.10536, 32.07534 ], [ -96.1092, 32.07711 ], [ -96.10876, 32.0855 ], [ -96.11173, 32.09053 ], [ -96.11773, 32.09463 ], [ -96.1172, 32.10405 ], [ -96.11153, 32.1158 ], [ -96.11434, 32.12012 ], [ -96.1147, 32.12649 ], [ -96.11156, 32.13198 ], [ -96.10598, 32.13524 ], [ -96.10242, 32.14227 ], [ -96.10248, 32.14926 ], [ -96.10443, 32.15266 ], [ -96.11267, 32.15678 ], [ -96.11569, 32.16092 ], [ -96.12056, 32.15674 ], [ -96.13098, 32.15295 ], [ -96.14534, 32.15281 ], [ -96.15221, 32.15842 ], [ -96.15778, 32.15543 ], [ -96.16306, 32.15598 ], [ -96.16698, 32.15867 ], [ -96.16645, 32.1661 ], [ -96.17149, 32.16855 ], [ -96.17532, 32.17337 ], [ -96.17648, 32.18138 ], [ -96.16449, 32.19002 ], [ -96.15791, 32.19133 ], [ -96.15597, 32.19559 ], [ -96.15995, 32.20057 ], [ -96.15945, 32.20521 ], [ -96.14739, 32.20734 ], [ -96.14621, 32.21125 ], [ -96.15048, 32.21413 ], [ -96.15585, 32.21501 ], [ -96.16733, 32.20984 ], [ -96.17585, 32.20394 ], [ -96.18141, 32.20456 ], [ -96.18337, 32.20176 ], [ -96.18954, 32.20232 ], [ -96.19696, 32.20694 ], [ -96.19615, 32.2125 ], [ -96.20295, 32.21437 ], [ -96.20465, 32.21822 ], [ -96.2111, 32.22643 ], [ -96.21489, 32.224 ], [ -96.21715, 32.23335 ], [ -96.22032, 32.23295 ], [ -96.22937, 32.23618 ], [ -96.23452, 32.2474 ], [ -96.23425, 32.2504 ], [ -96.2544, 32.25058 ], [ -96.25739, 32.24741 ], [ -96.26468, 32.25222 ], [ -96.26867, 32.25896 ], [ -96.27367, 32.25262 ], [ -96.2789, 32.26036 ], [ -96.2859, 32.25598 ], [ -96.2846, 32.26364 ], [ -96.28936, 32.27044 ], [ -96.28473, 32.27191 ], [ -96.28401, 32.27922 ], [ -96.28713, 32.28548 ], [ -96.2909, 32.28917 ], [ -96.28962, 32.29355 ], [ -96.29746, 32.29329 ], [ -96.29657, 32.29815 ], [ -96.30042, 32.30135 ], [ -96.30489, 32.30224 ], [ -96.30966, 32.29993 ], [ -96.31264, 32.30313 ], [ -96.31584, 32.30254 ], [ -96.32146, 32.30526 ], [ -96.3244, 32.30313 ], [ -96.33099, 32.30348 ], [ -96.34236, 32.30769 ], [ -96.34532, 32.31277 ], [ -96.35307, 32.31166 ], [ -96.36007, 32.31693 ], [ -96.36745, 32.31787 ], [ -96.37472, 32.32488 ], [ -96.3813, 32.32751 ], [ -96.3852, 32.33196 ], [ -96.3908, 32.33386 ], [ -96.40041, 32.3288 ], [ -96.40812, 32.3285 ], [ -96.41644, 32.33502 ], [ -96.42376, 32.33532 ], [ -96.43064, 32.3324 ], [ -96.4314, 32.33723 ], [ -96.43692, 32.34136 ], [ -96.43733, 32.34589 ], [ -96.44713, 32.34575 ], [ -96.451, 32.34441 ], [ -96.45455, 32.35232 ], [ -96.4545, 32.36105 ], [ -96.44953, 32.36665 ], [ -96.44384, 32.36953 ], [ -96.44806, 32.37469 ], [ -96.44438, 32.37835 ], [ -96.43755, 32.37839 ], [ -96.43888, 32.38254 ], [ -96.43448, 32.3892 ], [ -96.43983, 32.40013 ], [ -96.43676, 32.40367 ], [ -96.43523, 32.40899 ], [ -96.44061, 32.4158 ], [ -96.44932, 32.4221 ], [ -96.45074, 32.42464 ], [ -96.4571, 32.4244 ], [ -96.46274, 32.4266 ], [ -96.47098, 32.43182 ], [ -96.477, 32.43408 ], [ -96.48424, 32.44412 ], [ -96.48358, 32.45049 ], [ -96.48785, 32.45108 ], [ -96.49373, 32.45627 ], [ -96.49488, 32.45994 ], [ -96.49351, 32.46704 ], [ -96.50173, 32.47062 ], [ -96.50421, 32.47715 ], [ -96.51022, 32.48193 ], [ -96.50624, 32.48641 ], [ -96.50875, 32.49193 ], [ -96.50547, 32.49806 ], [ -96.50893, 32.50164 ], [ -96.51111, 32.50878 ], [ -96.50753, 32.51307 ], [ -96.50147, 32.51269 ], [ -96.5051, 32.51803 ], [ -96.50421, 32.52363 ], [ -96.50941, 32.52648 ], [ -96.5103, 32.52931 ], [ -96.50778, 32.53322 ], [ -96.51408, 32.53638 ], [ -96.5153, 32.53221 ], [ -96.51915, 32.53153 ], [ -96.52046, 32.53538 ], [ -96.52404, 32.53655 ], [ -96.5235, 32.54037 ], [ -96.52923, 32.5404 ], [ -96.52941, 32.54528 ], [ -96.64245, 32.54604 ], [ -96.74377, 32.54665 ], [ -96.80474, 32.54713 ], [ -96.95601, 32.54778 ], [ -97.07791, 32.54915 ], [ -97.07934, 32.5545 ], [ -97.08245, 32.55898 ], [ -97.08742, 32.56214 ], [ -97.08469, 32.56486 ], [ -97.08018, 32.58082 ], [ -97.07852, 32.59019 ], [ -97.08373, 32.58755 ], [ -97.09076, 32.59802 ], [ -97.09374, 32.5966 ], [ -97.10582, 32.61335 ], [ -97.11642, 32.60823 ], [ -97.12032, 32.61388 ], [ -97.12548, 32.61145 ], [ -97.14099, 32.61147 ], [ -97.13603, 32.6255 ], [ -97.13594, 32.63273 ], [ -97.13361, 32.6437 ], [ -97.13489, 32.65128 ], [ -97.13405, 32.66696 ], [ -97.13527, 32.67706 ], [ -97.1341, 32.68138 ], [ -97.12867, 32.69123 ], [ -97.116, 32.70831 ], [ -97.12334, 32.70892 ], [ -97.12333, 32.72121 ], [ -97.0803, 32.7209 ], [ -97.08021, 32.73525 ], [ -97.06709, 32.7352 ], [ -97.03553, 32.73926 ], [ -97.03517, 32.75969 ], [ -97.00685, 32.75961 ], [ -96.9901, 32.75871 ], [ -96.97234, 32.75985 ], [ -96.96237, 32.76211 ], [ -96.95162, 32.76206 ], [ -96.92755, 32.76536 ], [ -96.92614, 32.76846 ], [ -96.92608, 32.78208 ], [ -96.91915, 32.78564 ], [ -96.91424, 32.78436 ], [ -96.91117, 32.78811 ], [ -96.90806, 32.79643 ], [ -96.90154, 32.80067 ], [ -96.90616, 32.80965 ], [ -96.90525, 32.81687 ], [ -96.88997, 32.83123 ], [ -96.88967, 32.84412 ], [ -96.89536, 32.85092 ], [ -96.89825, 32.85043 ], [ -96.90848, 32.85609 ], [ -96.9153, 32.85595 ], [ -96.9243, 32.85838 ], [ -96.92244, 32.86071 ], [ -96.93104, 32.8706 ], [ -96.93107, 32.87373 ], [ -96.94737, 32.88176 ], [ -96.96261, 32.89046 ], [ -96.98176, 32.90094 ], [ -96.99152, 32.90273 ], [ -96.99097, 32.89109 ], [ -96.9915, 32.87893 ], [ -96.99466, 32.87788 ], [ -97.00443, 32.87792 ], [ -97.00458, 32.87394 ], [ -97.00794, 32.87032 ], [ -97.01435, 32.86828 ], [ -97.01991, 32.86154 ], [ -97.02129, 32.85692 ], [ -97.0249, 32.85647 ], [ -97.02969, 32.85287 ], [ -97.03358, 32.85275 ], [ -97.03384, 32.83853 ], [ -97.03493, 32.77993 ], [ -97.04655, 32.77989 ], [ -97.05022, 32.77891 ], [ -97.06274, 32.77903 ], [ -97.0623, 32.77384 ], [ -97.06341, 32.7649 ], [ -97.06274, 32.74896 ], [ -97.07602, 32.74801 ], [ -97.07976, 32.74974 ], [ -97.08395, 32.74357 ], [ -97.08345, 32.74162 ], [ -97.09847, 32.73879 ], [ -97.12333, 32.73896 ], [ -97.13701, 32.73488 ], [ -97.15291, 32.7338 ], [ -97.16532, 32.73177 ], [ -97.17489, 32.7313 ], [ -97.19879, 32.72774 ], [ -97.20483, 32.72542 ], [ -97.19283, 32.7172 ], [ -97.19434, 32.71431 ], [ -97.20357, 32.71194 ], [ -97.20344, 32.7079 ], [ -97.19911, 32.69737 ], [ -97.20016, 32.68967 ], [ -97.20989, 32.68969 ], [ -97.21831, 32.68464 ], [ -97.21717, 32.66945 ], [ -97.21952, 32.66817 ], [ -97.23421, 32.66816 ], [ -97.23856, 32.66743 ], [ -97.24465, 32.66273 ], [ -97.2424, 32.65569 ], [ -97.2441, 32.65073 ], [ -97.24799, 32.6458 ], [ -97.24251, 32.64179 ], [ -97.24284, 32.6318 ], [ -97.2482, 32.62838 ], [ -97.25126, 32.62466 ], [ -97.25674, 32.62142 ], [ -97.25678, 32.61118 ], [ -97.26493, 32.60322 ], [ -97.26899, 32.60389 ], [ -97.28406, 32.60399 ], [ -97.28425, 32.59761 ], [ -97.29278, 32.59735 ], [ -97.2928, 32.57973 ], [ -97.29062, 32.57459 ], [ -97.29377, 32.56791 ], [ -97.29823, 32.56797 ], [ -97.30131, 32.56063 ], [ -97.2872, 32.56061 ], [ -97.2851, 32.55599 ], [ -97.28789, 32.55231 ], [ -97.31949, 32.55269 ], [ -97.33131, 32.5408 ], [ -97.33888, 32.5305 ], [ -97.34914, 32.51995 ], [ -97.37436, 32.49011 ], [ -97.38399, 32.47105 ], [ -97.38452, 32.45265 ], [ -97.38416, 32.43724 ], [ -97.38116, 32.43043 ], [ -97.38143, 32.42462 ], [ -97.37684, 32.42046 ], [ -97.377, 32.4076 ], [ -97.36957, 32.40719 ], [ -97.37109, 32.40339 ], [ -97.3716, 32.38524 ], [ -97.37368, 32.38166 ], [ -97.37963, 32.38033 ], [ -97.38655, 32.38094 ], [ -97.38569, 32.36313 ], [ -97.38081, 32.34567 ], [ -97.38396, 32.33759 ] ] ] } },
{ "type": "Feature", "properties": { "region_id": "CD07" }, "geometry": { "type": "Polygon", "coordinates": [ [ [ -95.68708, 29.71008 ], [ -95.691, 29.70741 ], [ -95.7509, 29.70237 ], [ -95.77547, 29.70057 ], [ -95.77469, 29.69722 ], [ -95.76899, 29.69067 ], [ -95.76536, 29.68093 ], [ -95.75177, 29.67169 ], [ -95.74439, 29.66456 ], [ -95.71499, 29.66505 ], [ -95.71488, 29.66093 ], [ -95.70792, 29.66101 ], [ -95.70788, 29.65848 ], [ -95.70246, 29.65737 ], [ -95.70135, 29.65195 ], [ -95.70909, 29.64935 ], [ -95.7046, 29.63755 ], [ -95.70013, 29.63951 ], [ -95.69568, 29.63882 ], [ -95.69455, 29.64574 ], [ -95.68206, 29.64573 ], [ -95.68025, 29.64065 ], [ -95.68291, 29.63335 ], [ -95.67436, 29.63349 ], [ -95.67425, 29.6198 ], [ -95.67929, 29.61949 ], [ -95.68377, 29.61654 ], [ -95.69117, 29.61944 ], [ -95.70403, 29.62603 ], [ -95.71417, 29.62631 ], [ -95.71356, 29.59858 ], [ -95.7155, 29.59838 ], [ -95.71532, 29.5892 ], [ -95.71356, 29.58736 ], [ -95.71575, 29.58123 ], [ -95.7103, 29.57853 ], [ -95.70836, 29.57391 ], [ -95.71366, 29.57131 ], [ -95.71759, 29.57162 ], [ -95.72389, 29.55866 ], [ -95.71742, 29.55604 ], [ -95.72976, 29.55353 ], [ -95.74721, 29.54665 ], [ -95.74245, 29.5434 ], [ -95.73765, 29.54223 ], [ -95.70266, 29.5376 ], [ -95.69036, 29.56159 ], [ -95.67342, 29.56528 ], [ -95.66833, 29.56826 ], [ -95.6647, 29.56453 ], [ -95.65764, 29.56411 ], [ -95.64722, 29.5614 ], [ -95.6436, 29.55733 ], [ -95.64328, 29.55105 ], [ -95.63769, 29.55006 ], [ -95.63891, 29.57506 ], [ -95.64026, 29.57742 ], [ -95.63982, 29.60687 ], [ -95.64795, 29.61205 ], [ -95.64994, 29.61582 ], [ -95.65023, 29.62526 ], [ -95.65134, 29.63006 ], [ -95.65152, 29.64439 ], [ -95.63923, 29.64448 ], [ -95.63987, 29.67114 ], [ -95.62352, 29.67182 ], [ -95.623, 29.6622 ], [ -95.59706, 29.6606 ], [ -95.5827, 29.65395 ], [ -95.58372, 29.65938 ], [ -95.58059, 29.6602 ], [ -95.57716, 29.66886 ], [ -95.57726, 29.67463 ], [ -95.56863, 29.67413 ], [ -95.53052, 29.67642 ], [ -95.52942, 29.67315 ], [ -95.52518, 29.67187 ], [ -95.51489, 29.67386 ], [ -95.51146, 29.6759 ], [ -95.49631, 29.67845 ], [ -95.48706, 29.67528 ], [ -95.45636, 29.68117 ], [ -95.44611, 29.68757 ], [ -95.44278, 29.69058 ], [ -95.43866, 29.6899 ], [ -95.43418, 29.6921 ], [ -95.43084, 29.69113 ], [ -95.42659, 29.69619 ], [ -95.42094, 29.6957 ], [ -95.41722, 29.69773 ], [ -95.41213, 29.69731 ], [ -95.37998, 29.73795 ], [ -95.37916, 29.74379 ], [ -95.38157, 29.74713 ], [ -95.38568, 29.74823 ], [ -95.38573, 29.76168 ], [ -95.3732, 29.76116 ], [ -95.36786, 29.76446 ], [ -95.36504, 29.77022 ], [ -95.36665, 29.77396 ], [ -95.3553, 29.7784 ], [ -95.353, 29.77834 ], [ -95.35332, 29.8 ], [ -95.36105, 29.79997 ], [ -95.361, 29.79658 ], [ -95.37188, 29.79813 ], [ -95.37358, 29.80869 ], [ -95.37528, 29.81321 ], [ -95.37915, 29.81398 ], [ -95.39313, 29.81383 ], [ -95.39775, 29.81293 ], [ -95.43045, 29.81262 ], [ -95.44352, 29.80789 ], [ -95.44911, 29.80294 ], [ -95.45126, 29.79501 ], [ -95.45215, 29.78378 ], [ -95.454, 29.78075 ], [ -95.44948, 29.77875 ], [ -95.44154, 29.77869 ], [ -95.44824, 29.76857 ], [ -95.44054, 29.76548 ], [ -95.42852, 29.76356 ], [ -95.42832, 29.76054 ], [ -95.42467, 29.75683 ], [ -95.41829, 29.75755 ], [ -95.41324, 29.76208 ], [ -95.40884, 29.76061 ], [ -95.41073, 29.75456 ], [ -95.41064, 29.74467 ], [ -95.41917, 29.7447 ], [ -95.42494, 29.74213 ], [ -95.43528, 29.74152 ], [ -95.44816, 29.74163 ], [ -95.44793, 29.73005 ], [ -95.45583, 29.73026 ], [ -95.46044, 29.72895 ], [ -95.45664, 29.74748 ], [ -95.4613, 29.75033 ], [ -95.48603, 29.74994 ], [ -95.48428, 29.73772 ], [ -95.5009, 29.73754 ], [ -95.50104, 29.72279 ], [ -95.51394, 29.72173 ], [ -95.51419, 29.73738 ], [ -95.52117, 29.73733 ], [ -95.5214, 29.7416 ], [ -95.52661, 29.74294 ], [ -95.52859, 29.74593 ], [ -95.53844, 29.7475 ], [ -95.53887, 29.73712 ], [ -95.55772, 29.73686 ], [ -95.60584, 29.73618 ], [ -95.60469, 29.71399 ], [ -95.59637, 29.71467 ], [ -95.5963, 29.71087 ], [ -95.58799, 29.71017 ], [ -95.58992, 29.70369 ], [ -95.60948, 29.70343 ], [ -95.61463, 29.70127 ], [ -95.61433, 29.68851 ], [ -95.62665, 29.68793 ], [ -95.63427, 29.69018 ], [ -95.64998, 29.68958 ], [ -95.65427, 29.69166 ], [ -95.68708, 29.71008 ] ] ] } },
{ "type": "Feature", "properties": { "region_id": "CD08" }, "geometry": { "type": "Polygon", "coordinates": [ [ [ -95.68708, 29.71008 ], [ -95.65427, 29.69166 ], [ -95.64998, 29.68958 ], [ -95.63427, 29.69018 ], [ -95.62665, 29.68793 ], [ -95.61433, 29.68851 ], [ -95.61463, 29.70127 ], [ -95.60948, 29.70343 ], [ -95.58992, 29.70369 ], [ -95.58799, 29.71017 ], [ -95.5963, 29.71087 ], [ -95.59637, 29.71467 ], [ -95.60469, 29.71399 ], [ -95.60584, 29.73618 ], [ -95.55772, 29.73686 ], [ -95.5581, 29.76087 ], [ -95.57083, 29.76261 ], [ -95.5784, 29.76702 ], [ -95.5841, 29.76586 ], [ -95.58937, 29.75992 ], [ -95.58601, 29.75318 ], [ -95.58568, 29.74921 ], [ -95.58857, 29.7436 ], [ -95.59226, 29.74485 ], [ -95.60412, 29.74449 ], [ -95.60599, 29.74723 ], [ -95.60619, 29.76189 ], [ -95.6117, 29.76057 ], [ -95.61852, 29.76374 ], [ -95.61846, 29.76887 ], [ -95.62133, 29.77138 ], [ -95.61727, 29.78096 ], [ -95.61766, 29.78748 ], [ -95.62643, 29.78773 ], [ -95.63303, 29.79443 ], [ -95.63391, 29.79764 ], [ -95.63184, 29.80309 ], [ -95.6342, 29.80756 ], [ -95.62546, 29.81765 ], [ -95.62223, 29.82455 ], [ -95.62562, 29.83084 ], [ -95.6252, 29.83938 ], [ -95.62289, 29.84565 ], [ -95.61882, 29.84789 ], [ -95.61835, 29.8538 ], [ -95.62437, 29.86183 ], [ -95.62396, 29.86959 ], [ -95.6329, 29.869 ], [ -95.63302, 29.87932 ], [ -95.64957, 29.87916 ], [ -95.65199, 29.88748 ], [ -95.66208, 29.88851 ], [ -95.66685, 29.89032 ], [ -95.67525, 29.88744 ], [ -95.67731, 29.89101 ], [ -95.68339, 29.89058 ], [ -95.686, 29.90852 ], [ -95.69951, 29.90771 ], [ -95.70368, 29.90945 ], [ -95.70669, 29.90469 ], [ -95.71754, 29.90429 ], [ -95.72365, 29.90777 ], [ -95.7294, 29.90927 ], [ -95.73237, 29.9121 ], [ -95.76148, 29.91166 ], [ -95.76214, 29.92345 ], [ -95.76397, 29.93644 ], [ -95.76944, 29.94691 ], [ -95.76957, 29.96112 ], [ -95.77553, 29.96136 ], [ -95.78023, 29.9576 ], [ -95.79139, 29.95684 ], [ -95.80834, 29.95012 ], [ -95.80936, 29.9956 ], [ -95.81513, 29.99622 ], [ -95.81533, 30.05143 ], [ -95.81575, 30.06955 ], [ -95.81251, 30.06956 ], [ -95.81322, 30.08443 ], [ -95.80914, 30.08844 ], [ -95.80028, 30.09129 ], [ -95.79121, 30.09151 ], [ -95.78702, 30.09427 ], [ -95.78271, 30.09093 ], [ -95.77738, 30.08965 ], [ -95.77448, 30.09119 ], [ -95.77141, 30.08776 ], [ -95.75938, 30.09023 ], [ -95.74858, 30.09585 ], [ -95.74249, 30.09662 ], [ -95.73394, 30.09354 ], [ -95.72762, 30.09595 ], [ -95.72262, 30.10002 ], [ -95.7173, 30.09936 ], [ -95.71513, 30.10229 ], [ -95.70512, 30.10231 ], [ -95.70128, 30.09848 ], [ -95.69135, 30.09873 ], [ -95.68812, 30.10362 ], [ -95.68365, 30.10733 ], [ -95.67254, 30.10152 ], [ -95.66902, 30.10144 ], [ -95.66162, 30.1114 ], [ -95.65391, 30.1093 ], [ -95.65256, 30.11368 ], [ -95.6441, 30.12031 ], [ -95.64126, 30.12078 ], [ -95.63575, 30.12634 ], [ -95.62803, 30.12785 ], [ -95.62323, 30.13574 ], [ -95.61349, 30.13541 ], [ -95.60113, 30.13278 ], [ -95.59676, 30.13446 ], [ -95.59725, 30.15077 ], [ -95.59794, 30.15413 ], [ -95.59803, 30.16882 ], [ -95.60089, 30.17442 ], [ -95.58883, 30.1949 ], [ -95.57976, 30.20475 ], [ -95.57088, 30.21037 ], [ -95.56816, 30.21433 ], [ -95.56754, 30.23633 ], [ -95.57255, 30.24312 ], [ -95.57803, 30.24614 ], [ -95.57903, 30.25361 ], [ -95.57609, 30.25573 ], [ -95.56643, 30.25804 ], [ -95.55857, 30.25565 ], [ -95.55113, 30.25668 ], [ -95.54614, 30.25874 ], [ -95.5407, 30.26466 ], [ -95.53342, 30.26255 ], [ -95.5264, 30.26674 ], [ -95.52067, 30.26857 ], [ -95.52053, 30.27246 ], [ -95.51098, 30.27101 ], [ -95.50557, 30.27284 ], [ -95.4991, 30.26807 ], [ -95.49008, 30.2665 ], [ -95.48434, 30.26039 ], [ -95.48487, 30.25675 ], [ -95.46794, 30.24717 ], [ -95.46536, 30.24882 ], [ -95.45467, 30.24498 ], [ -95.45314, 30.24853 ], [ -95.43936, 30.23997 ], [ -95.43216, 30.23363 ], [ -95.42657, 30.23181 ], [ -95.42604, 30.22495 ], [ -95.42423, 30.22383 ], [ -95.41684, 30.22526 ], [ -95.4131, 30.22319 ], [ -95.41093, 30.21902 ], [ -95.40635, 30.21508 ], [ -95.40191, 30.21738 ], [ -95.39597, 30.21413 ], [ -95.39782, 30.21048 ], [ -95.38485, 30.21539 ], [ -95.37826, 30.21576 ], [ -95.36498, 30.2122 ], [ -95.35784, 30.21296 ], [ -95.36066, 30.22325 ], [ -95.36449, 30.22734 ], [ -95.36116, 30.22888 ], [ -95.32879, 30.22896 ], [ -95.33043, 30.23666 ], [ -95.32798, 30.24236 ], [ -95.32278, 30.23889 ], [ -95.31881, 30.23007 ], [ -95.30287, 30.23017 ], [ -95.29886, 30.23211 ], [ -95.30084, 30.24297 ], [ -95.30493, 30.24711 ], [ -95.31222, 30.2571 ], [ -95.30157, 30.26 ], [ -95.29163, 30.25981 ], [ -95.26809, 30.25417 ], [ -95.26211, 30.2542 ], [ -95.2548, 30.25716 ], [ -95.23895, 30.25966 ], [ -95.23703, 30.26515 ], [ -95.22722, 30.28543 ], [ -95.22735, 30.29762 ], [ -95.22888, 30.31234 ], [ -95.22228, 30.31269 ], [ -95.22558, 30.31953 ], [ -95.22747, 30.32629 ], [ -95.22208, 30.33227 ], [ -95.22068, 30.33571 ], [ -95.2159, 30.33829 ], [ -95.21105, 30.33885 ], [ -95.20921, 30.34342 ], [ -95.20291, 30.34918 ], [ -95.20381, 30.3521 ], [ -95.21798, 30.35624 ], [ -95.22178, 30.36204 ], [ -95.22699, 30.36373 ], [ -95.2273, 30.36751 ], [ -95.23336, 30.3721 ], [ -95.23555, 30.37863 ], [ -95.25055, 30.3836 ], [ -95.26071, 30.38345 ], [ -95.26849, 30.38637 ], [ -95.27703, 30.39354 ], [ -95.28193, 30.39523 ], [ -95.28761, 30.3953 ], [ -95.29979, 30.40237 ], [ -95.30331, 30.40237 ], [ -95.3084, 30.40575 ], [ -95.31329, 30.41229 ], [ -95.31696, 30.41939 ], [ -95.32953, 30.43319 ], [ -95.33098, 30.43793 ], [ -95.33021, 30.4428 ], [ -95.33598, 30.44946 ], [ -95.34005, 30.45889 ], [ -95.3414, 30.46451 ], [ -95.35071, 30.47606 ], [ -95.3502, 30.47933 ], [ -95.35336, 30.48755 ], [ -95.35336, 30.49514 ], [ -95.35916, 30.50437 ], [ -95.34647, 30.6252 ], [ -95.34348, 30.67186 ], [ -95.33862, 30.73783 ], [ -95.40265, 30.72795 ], [ -95.4139, 30.72126 ], [ -95.42505, 30.70983 ], [ -95.4311, 30.70718 ], [ -95.44713, 30.70633 ], [ -95.45377, 30.72096 ], [ -95.45977, 30.72532 ], [ -95.46841, 30.72741 ], [ -95.47505, 30.73962 ], [ -95.47108, 30.74611 ], [ -95.47602, 30.75537 ], [ -95.475, 30.75912 ], [ -95.48125, 30.7671 ], [ -95.4783, 30.77099 ], [ -95.48021, 30.77466 ], [ -95.47891, 30.784 ], [ -95.48305, 30.78411 ], [ -95.49107, 30.79036 ], [ -95.49622, 30.79309 ], [ -95.49669, 30.7885 ], [ -95.50164, 30.78594 ], [ -95.50544, 30.78185 ], [ -95.51313, 30.77599 ], [ -95.51468, 30.77247 ], [ -95.52318, 30.77486 ], [ -95.53175, 30.76732 ], [ -95.53584, 30.76567 ], [ -95.54279, 30.76895 ], [ -95.54462, 30.76373 ], [ -95.55393, 30.76356 ], [ -95.55082, 30.75775 ], [ -95.54879, 30.74415 ], [ -95.55014, 30.73423 ], [ -95.55221, 30.73361 ], [ -95.55289, 30.72379 ], [ -95.55614, 30.7237 ], [ -95.55619, 30.71412 ], [ -95.55107, 30.71414 ], [ -95.54937, 30.70742 ], [ -95.54383, 30.7054 ], [ -95.5455, 30.70148 ], [ -95.54982, 30.69711 ], [ -95.55392, 30.69534 ], [ -95.54768, 30.69073 ], [ -95.52795, 30.68112 ], [ -95.52198, 30.67748 ], [ -95.51835, 30.67358 ], [ -95.51184, 30.66184 ], [ -95.51052, 30.6576 ], [ -95.50522, 30.59795 ], [ -95.50901, 30.59839 ], [ -95.51216, 30.59573 ], [ -95.52541, 30.59246 ], [ -95.53672, 30.59624 ], [ -95.54369, 30.59482 ], [ -95.54735, 30.58798 ], [ -95.56154, 30.58674 ], [ -95.56316, 30.58456 ], [ -95.56948, 30.58521 ], [ -95.58389, 30.58431 ], [ -95.61454, 30.58898 ], [ -95.62425, 30.56795 ], [ -95.6347, 30.56453 ], [ -95.64133, 30.55946 ], [ -95.64257, 30.55465 ], [ -95.65702, 30.53965 ], [ -95.72858, 30.57722 ], [ -95.76154, 30.59482 ], [ -95.83024, 30.63028 ], [ -95.8274, 30.60192 ], [ -95.81798, 30.50308 ], [ -95.81748, 30.50022 ], [ -95.81395, 30.45574 ], [ -95.80435, 30.3378 ], [ -95.80431, 30.24557 ], [ -95.84214, 30.24344 ], [ -95.92328, 30.23728 ], [ -95.93859, 30.23756 ], [ -95.95377, 30.23696 ], [ -96.01134, 30.2333 ], [ -96.08894, 30.22872 ], [ -96.09317, 30.22519 ], [ -96.09312, 30.22045 ], [ -96.09671, 30.21487 ], [ -96.09894, 30.21453 ], [ -96.10941, 30.21991 ], [ -96.1137, 30.2272 ], [ -96.11802, 30.22421 ], [ -96.12823, 30.21161 ], [ -96.13632, 30.21081 ], [ -96.14019, 30.21222 ], [ -96.14507, 30.21857 ], [ -96.14785, 30.21758 ], [ -96.14988, 30.21302 ], [ -96.15901, 30.20661 ], [ -96.15909, 30.19586 ], [ -96.15709, 30.1905 ], [ -96.15977, 30.18318 ], [ -96.15923, 30.18041 ], [ -96.15456, 30.17712 ], [ -96.1552, 30.17316 ], [ -96.16091, 30.16856 ], [ -96.16201, 30.16492 ], [ -96.16003, 30.16183 ], [ -96.15341, 30.15949 ], [ -96.15013, 30.15544 ], [ -96.15253, 30.14313 ], [ -96.15693, 30.1414 ], [ -96.17261, 30.1516 ], [ -96.17629, 30.15482 ], [ -96.18066, 30.15568 ], [ -96.18315, 30.15071 ], [ -96.17823, 30.14499 ], [ -96.17194, 30.14116 ], [ -96.17592, 30.13773 ], [ -96.18183, 30.1409 ], [ -96.1878, 30.14169 ], [ -96.19178, 30.13842 ], [ -96.19142, 30.13467 ], [ -96.18703, 30.12904 ], [ -96.17987, 30.12299 ], [ -96.17981, 30.11735 ], [ -96.18742, 30.11859 ], [ -96.19171, 30.11523 ], [ -96.18865, 30.11046 ], [ -96.18355, 30.10921 ], [ -96.17505, 30.11244 ], [ -96.17142, 30.1081 ], [ -96.17466, 30.1027 ], [ -96.17282, 30.09934 ], [ -96.16814, 30.099 ], [ -96.16429, 30.10115 ], [ -96.16027, 30.10807 ], [ -96.15499, 30.10852 ], [ -96.15256, 30.10254 ], [ -96.159, 30.09703 ], [ -96.15842, 30.09171 ], [ -96.15435, 30.08652 ], [ -96.15046, 30.08471 ], [ -96.1435, 30.08498 ], [ -96.14165, 30.0832 ], [ -96.14092, 30.07684 ], [ -96.13378, 30.07096 ], [ -96.137, 30.067 ], [ -96.14913, 30.07663 ], [ -96.15001, 30.07173 ], [ -96.1455, 30.06992 ], [ -96.14644, 30.06449 ], [ -96.14063, 30.05823 ], [ -96.13469, 30.05536 ], [ -96.11721, 30.05013 ], [ -96.11205, 30.04626 ], [ -96.10747, 30.03862 ], [ -96.10867, 30.032 ], [ -96.11322, 30.027 ], [ -96.10834, 30.02485 ], [ -96.10297, 30.02569 ], [ -96.09992, 30.02815 ], [ -96.09471, 30.02538 ], [ -96.09052, 30.01404 ], [ -96.08454, 30.00514 ], [ -96.08629, 29.99995 ], [ -96.09157, 29.99822 ], [ -96.09844, 30.00405 ], [ -96.10155, 30.00373 ], [ -96.10452, 29.99638 ], [ -96.1003, 29.98381 ], [ -96.0957, 29.97814 ], [ -96.10288, 29.96776 ], [ -96.09466, 29.96431 ], [ -96.09495, 29.95982 ], [ -96.1035, 29.96135 ], [ -96.10769, 29.95932 ], [ -96.11441, 29.96249 ], [ -96.12275, 29.96855 ], [ -96.12595, 29.96382 ], [ -96.12413, 29.95896 ], [ -96.11946, 29.95502 ], [ -96.10635, 29.9555 ], [ -96.10375, 29.9524 ], [ -96.10351, 29.94659 ], [ -96.1008, 29.94353 ], [ -96.10312, 29.94043 ], [ -96.10844, 29.94063 ], [ -96.11559, 29.94648 ], [ -96.12149, 29.94919 ], [ -96.13165, 29.9375 ], [ -96.12855, 29.93146 ], [ -96.11968, 29.92845 ], [ -96.11317, 29.91436 ], [ -96.11514, 29.9114 ], [ -96.12383, 29.90715 ], [ -96.12613, 29.90323 ], [ -96.12627, 29.89885 ], [ -96.12415, 29.89505 ], [ -96.11735, 29.89089 ], [ -96.10931, 29.88888 ], [ -96.10569, 29.88369 ], [ -96.10112, 29.88277 ], [ -96.0947, 29.88408 ], [ -96.09294, 29.87938 ], [ -96.09581, 29.87668 ], [ -96.11223, 29.87256 ], [ -96.1121, 29.86568 ], [ -96.1102, 29.85867 ], [ -96.10166, 29.85396 ], [ -96.10452, 29.85046 ], [ -96.11045, 29.85002 ], [ -96.11624, 29.84751 ], [ -96.12131, 29.84196 ], [ -96.1214, 29.83665 ], [ -96.11887, 29.83258 ], [ -96.10793, 29.82228 ], [ -96.09899, 29.82738 ], [ -96.09873, 29.82027 ], [ -96.10331, 29.81243 ], [ -96.1025, 29.80967 ], [ -96.09285, 29.8086 ], [ -96.08228, 29.80473 ], [ -96.0743, 29.80514 ], [ -96.06986, 29.80696 ], [ -96.0646, 29.80694 ], [ -96.06082, 29.80457 ], [ -96.05899, 29.80036 ], [ -96.04891, 29.80301 ], [ -96.04224, 29.79531 ], [ -96.04137, 29.79244 ], [ -96.04301, 29.77913 ], [ -96.03737, 29.77372 ], [ -96.0296, 29.75467 ], [ -96.02994, 29.74828 ], [ -96.03206, 29.74498 ], [ -96.03969, 29.73972 ], [ -96.03984, 29.73745 ], [ -96.03439, 29.73186 ], [ -96.03271, 29.72794 ], [ -95.97094, 29.72855 ], [ -95.97129, 29.74045 ], [ -95.95093, 29.74077 ], [ -95.90767, 29.75761 ], [ -95.88481, 29.76588 ], [ -95.84191, 29.78219 ], [ -95.82598, 29.78862 ], [ -95.85675, 29.87425 ], [ -95.85623, 29.87457 ], [ -95.77384, 29.87515 ], [ -95.77366, 29.86067 ], [ -95.75707, 29.86079 ], [ -95.75707, 29.84622 ], [ -95.7657, 29.84484 ], [ -95.75892, 29.83869 ], [ -95.75962, 29.83489 ], [ -95.75246, 29.83184 ], [ -95.73924, 29.83126 ], [ -95.73942, 29.81737 ], [ -95.73498, 29.81556 ], [ -95.72789, 29.81482 ], [ -95.70376, 29.81506 ], [ -95.70399, 29.80218 ], [ -95.71073, 29.8054 ], [ -95.72026, 29.80464 ], [ -95.71897, 29.80088 ], [ -95.71893, 29.78491 ], [ -95.66028, 29.78448 ], [ -95.66029, 29.78216 ], [ -95.64995, 29.78213 ], [ -95.64665, 29.77926 ], [ -95.64659, 29.74729 ], [ -95.65615, 29.73151 ], [ -95.65874, 29.72911 ], [ -95.68799, 29.71108 ], [ -95.68708, 29.71008 ] ] ] } },
{ "type": "Feature", "properties": { "region_id": "CD09" }, "geometry": { "type": "Polygon", "coordinates": [ [ [ -95.28908, 29.67402 ], [ -95.28812, 29.67759 ], [ -95.27254, 29.68041 ], [ -95.26329, 29.6706 ], [ -95.24458, 29.64203 ], [ -95.22906, 29.62771 ], [ -95.22256, 29.62875 ], [ -95.21102, 29.63698 ], [ -95.19801, 29.623 ], [ -95.19194, 29.62675 ], [ -95.18234, 29.62687 ], [ -95.18233, 29.63034 ], [ -95.14331, 29.6312 ], [ -95.13915, 29.6332 ], [ -95.11588, 29.63359 ], [ -95.10823, 29.63491 ], [ -95.11439, 29.64132 ], [ -95.10996, 29.64455 ], [ -95.10985, 29.65081 ], [ -95.08855, 29.65117 ], [ -95.08371, 29.6517 ], [ -95.06272, 29.65212 ], [ -95.05856, 29.65177 ], [ -95.03006, 29.65233 ], [ -95.0293, 29.66013 ], [ -95.02931, 29.67307 ], [ -95.03041, 29.68015 ], [ -95.03046, 29.6898 ], [ -95.02718, 29.69504 ], [ -95.01231, 29.70741 ], [ -95.00092, 29.71398 ], [ -94.98267, 29.71392 ], [ -94.96267, 29.72114 ], [ -94.95268, 29.74163 ], [ -94.94524, 29.75059 ], [ -94.95705, 29.74866 ], [ -94.93922, 29.77933 ], [ -94.93449, 29.77355 ], [ -94.92843, 29.77222 ], [ -94.93078, 29.7836 ], [ -94.9256, 29.78444 ], [ -94.92003, 29.781 ], [ -94.91783, 29.78821 ], [ -94.92056, 29.79418 ], [ -94.92384, 29.79472 ], [ -94.92244, 29.80301 ], [ -94.91688, 29.8033 ], [ -94.91617, 29.80645 ], [ -94.91244, 29.80903 ], [ -94.91325, 29.81292 ], [ -94.90865, 29.82518 ], [ -94.91287, 29.82946 ], [ -94.92673, 29.83369 ], [ -94.9346, 29.83429 ], [ -94.94518, 29.84472 ], [ -94.94759, 29.85082 ], [ -94.95309, 29.8553 ], [ -94.96595, 29.85808 ], [ -94.97272, 29.86321 ], [ -94.97704, 29.86806 ], [ -94.97633, 29.87699 ], [ -94.98146, 29.88428 ], [ -94.95856, 29.88442 ], [ -94.92123, 29.88512 ], [ -94.84449, 29.88588 ], [ -94.73512, 29.88728 ], [ -94.69633, 29.88765 ], [ -94.62521, 29.88857 ], [ -94.58552, 29.88886 ], [ -94.50019, 29.88994 ], [ -94.49154, 29.88951 ], [ -94.44224, 29.88954 ], [ -94.44413, 30.00022 ], [ -94.44511, 30.11202 ], [ -94.44491, 30.11301 ], [ -94.52053, 30.11185 ], [ -94.59634, 30.1121 ], [ -94.62489, 30.19138 ], [ -94.62899, 30.20176 ], [ -94.66779, 30.31068 ], [ -94.69112, 30.37518 ], [ -94.73273, 30.49007 ], [ -94.77734, 30.489 ], [ -94.81743, 30.49183 ], [ -94.84941, 30.49355 ], [ -94.84262, 30.48746 ], [ -94.92009, 30.45231 ], [ -95.00664, 30.414 ], [ -95.03246, 30.40409 ], [ -95.08154, 30.38133 ], [ -95.0982, 30.37463 ], [ -95.13283, 30.35932 ], [ -95.13837, 30.35659 ], [ -95.1659, 30.34498 ], [ -95.13412, 30.2634 ], [ -95.09782, 30.17062 ], [ -95.08459, 30.1355 ], [ -95.07329, 30.10371 ], [ -95.0726, 30.10305 ], [ -95.05684, 30.06098 ], [ -95.06342, 30.06084 ], [ -95.06336, 30.05776 ], [ -95.09572, 30.05731 ], [ -95.09336, 30.04786 ], [ -95.09803, 30.04778 ], [ -95.09747, 30.0436 ], [ -95.1099, 29.9882 ], [ -95.1313, 29.98779 ], [ -95.12929, 29.97787 ], [ -95.1543, 29.95115 ], [ -95.14809, 29.94022 ], [ -95.16884, 29.93711 ], [ -95.17181, 29.94048 ], [ -95.17557, 29.9405 ], [ -95.17626, 29.93151 ], [ -95.17839, 29.92749 ], [ -95.18395, 29.92465 ], [ -95.19938, 29.92457 ], [ -95.2026, 29.90097 ], [ -95.20236, 29.89069 ], [ -95.20139, 29.88819 ], [ -95.18904, 29.87381 ], [ -95.18688, 29.86978 ], [ -95.18612, 29.84662 ], [ -95.18517, 29.84371 ], [ -95.24068, 29.81975 ], [ -95.262, 29.81075 ], [ -95.28014, 29.80247 ], [ -95.26934, 29.79456 ], [ -95.26366, 29.78118 ], [ -95.26541, 29.76961 ], [ -95.25896, 29.76863 ], [ -95.25912, 29.77336 ], [ -95.25126, 29.77333 ], [ -95.25113, 29.76747 ], [ -95.25606, 29.76818 ], [ -95.25586, 29.75989 ], [ -95.2543, 29.7575 ], [ -95.2536, 29.73344 ], [ -95.25664, 29.73246 ], [ -95.28112, 29.74856 ], [ -95.28085, 29.7548 ], [ -95.27821, 29.76057 ], [ -95.27826, 29.76639 ], [ -95.28381, 29.76793 ], [ -95.28405, 29.78189 ], [ -95.28726, 29.78172 ], [ -95.28838, 29.78821 ], [ -95.29176, 29.78762 ], [ -95.3119, 29.78742 ], [ -95.3125, 29.78559 ], [ -95.31252, 29.76534 ], [ -95.31548, 29.76363 ], [ -95.32005, 29.75612 ], [ -95.31574, 29.75475 ], [ -95.30419, 29.75554 ], [ -95.30291, 29.75395 ], [ -95.31398, 29.7372 ], [ -95.33254, 29.71864 ], [ -95.33249, 29.71299 ], [ -95.32756, 29.69839 ], [ -95.32167, 29.67774 ], [ -95.30742, 29.681 ], [ -95.30638, 29.67758 ], [ -95.29326, 29.68048 ], [ -95.28908, 29.67402 ] ] ] } },
{ "type": "Feature", "properties": { "region_id": "CD10" }, "geometry": { "type": "Polygon", "coordinates": [ [ [ -97.52912, 30.37577 ], [ -97.51681, 30.39458 ], [ -97.51993, 30.39792 ], [ -97.51303, 30.40888 ], [ -97.50226, 30.40367 ], [ -97.4999, 30.4054 ], [ -97.4893, 30.40042 ], [ -97.49092, 30.39727 ], [ -97.47706, 30.3898 ], [ -97.47582, 30.3903 ], [ -97.46485, 30.38505 ], [ -97.46614, 30.38135 ], [ -97.45989, 30.38158 ], [ -97.44945, 30.37669 ], [ -97.44284, 30.37721 ], [ -97.43444, 30.3908 ], [ -97.39822, 30.37397 ], [ -97.40147, 30.36856 ], [ -97.3838, 30.36026 ], [ -97.37972, 30.36619 ], [ -97.37559, 30.36544 ], [ -97.36568, 30.36136 ], [ -97.36641, 30.35744 ], [ -97.35801, 30.35344 ], [ -97.35344, 30.35635 ], [ -97.34175, 30.36027 ], [ -97.32863, 30.36149 ], [ -97.31912, 30.36367 ], [ -97.30643, 30.36936 ], [ -97.29823, 30.36957 ], [ -97.29259, 30.36677 ], [ -97.28407, 30.36517 ], [ -97.27954, 30.36572 ], [ -97.26235, 30.35801 ], [ -97.25171, 30.36285 ], [ -97.19958, 30.33783 ], [ -97.08183, 30.25936 ], [ -97.04662, 30.13202 ], [ -97.01916, 30.032 ], [ -97.01111, 30.03617 ], [ -96.93456, 30.07331 ], [ -96.86345, 30.10791 ], [ -96.84586, 30.11603 ], [ -96.79455, 30.16055 ], [ -96.74146, 30.19757 ], [ -96.73991, 30.20315 ], [ -96.74091, 30.21194 ], [ -96.74362, 30.21813 ], [ -96.73906, 30.22261 ], [ -96.74192, 30.22801 ], [ -96.73742, 30.23184 ], [ -96.73165, 30.24389 ], [ -96.72651, 30.24379 ], [ -96.71844, 30.25048 ], [ -96.71504, 30.24974 ], [ -96.71088, 30.24545 ], [ -96.70644, 30.24533 ], [ -96.70142, 30.24857 ], [ -96.69473, 30.25033 ], [ -96.69092, 30.24823 ], [ -96.68425, 30.24998 ], [ -96.68423, 30.25795 ], [ -96.679, 30.26145 ], [ -96.67672, 30.26661 ], [ -96.6721, 30.26736 ], [ -96.66999, 30.27381 ], [ -96.6669, 30.27707 ], [ -96.6615, 30.27875 ], [ -96.65789, 30.28778 ], [ -96.6484, 30.29218 ], [ -96.64568, 30.29143 ], [ -96.64204, 30.29549 ], [ -96.63043, 30.30043 ], [ -96.623, 30.29823 ], [ -96.61638, 30.30111 ], [ -96.60599, 30.30212 ], [ -96.6029, 30.30767 ], [ -96.60001, 30.30884 ], [ -96.59329, 30.30778 ], [ -96.58551, 30.30824 ], [ -96.57696, 30.3111 ], [ -96.57352, 30.3107 ], [ -96.56819, 30.31359 ], [ -96.56847, 30.31694 ], [ -96.55657, 30.32231 ], [ -96.54091, 30.31799 ], [ -96.52985, 30.32023 ], [ -96.52398, 30.32351 ], [ -96.5128, 30.32599 ], [ -96.51029, 30.32163 ], [ -96.5, 30.32424 ], [ -96.49604, 30.32436 ], [ -96.49157, 30.33142 ], [ -96.4905, 30.33562 ], [ -96.4859, 30.33814 ], [ -96.48265, 30.33309 ], [ -96.4754, 30.33358 ], [ -96.46845, 30.33797 ], [ -96.46532, 30.33623 ], [ -96.45661, 30.34062 ], [ -96.45514, 30.34453 ], [ -96.4496, 30.34107 ], [ -96.44048, 30.34144 ], [ -96.43809, 30.34293 ], [ -96.42275, 30.34337 ], [ -96.41859, 30.34697 ], [ -96.4202, 30.35051 ], [ -96.41189, 30.35824 ], [ -96.40927, 30.35674 ], [ -96.40656, 30.35118 ], [ -96.40077, 30.35393 ], [ -96.38508, 30.35714 ], [ -96.37726, 30.35604 ], [ -96.37496, 30.35826 ], [ -96.37489, 30.36357 ], [ -96.37011, 30.36428 ], [ -96.3654, 30.36717 ], [ -96.36051, 30.36784 ], [ -96.35898, 30.37264 ], [ -96.34479, 30.36801 ], [ -96.34048, 30.36792 ], [ -96.33419, 30.37389 ], [ -96.32783, 30.37423 ], [ -96.32448, 30.37907 ], [ -96.31762, 30.37939 ], [ -96.3128, 30.3843 ], [ -96.30783, 30.38173 ], [ -96.30408, 30.38324 ], [ -96.29863, 30.37702 ], [ -96.29455, 30.37622 ], [ -96.28919, 30.37148 ], [ -96.28575, 30.36469 ], [ -96.27944, 30.36447 ], [ -96.27658, 30.36027 ], [ -96.26868, 30.35867 ], [ -96.2623, 30.36466 ], [ -96.25722, 30.3664 ], [ -96.25175, 30.36538 ], [ -96.24321, 30.36972 ], [ -96.23509, 30.36972 ], [ -96.22401, 30.37538 ], [ -96.21804, 30.37669 ], [ -96.21217, 30.37368 ], [ -96.20493, 30.38011 ], [ -96.19954, 30.38291 ], [ -96.19823, 30.39512 ], [ -96.19325, 30.39965 ], [ -96.18381, 30.39428 ], [ -96.17866, 30.39472 ], [ -96.17347, 30.38922 ], [ -96.17327, 30.38645 ], [ -96.17657, 30.3761 ], [ -96.17154, 30.37379 ], [ -96.16419, 30.3775 ], [ -96.15844, 30.37837 ], [ -96.15719, 30.37574 ], [ -96.14987, 30.36879 ], [ -96.15544, 30.36314 ], [ -96.15236, 30.35288 ], [ -96.15263, 30.35031 ], [ -96.16016, 30.34174 ], [ -96.1602, 30.33849 ], [ -96.15279, 30.32801 ], [ -96.14939, 30.32519 ], [ -96.13887, 30.32245 ], [ -96.13655, 30.31475 ], [ -96.13164, 30.31243 ], [ -96.12527, 30.31156 ], [ -96.12048, 30.30569 ], [ -96.11506, 30.306 ], [ -96.09719, 30.31111 ], [ -96.0944, 30.30937 ], [ -96.09364, 30.3052 ], [ -96.10005, 30.29669 ], [ -96.09992, 30.29099 ], [ -96.09693, 30.289 ], [ -96.08589, 30.28898 ], [ -96.08509, 30.28261 ], [ -96.09174, 30.27801 ], [ -96.0938, 30.27432 ], [ -96.09551, 30.2656 ], [ -96.09804, 30.26167 ], [ -96.09912, 30.25517 ], [ -96.09487, 30.25239 ], [ -96.08944, 30.25304 ], [ -96.08458, 30.25125 ], [ -96.08084, 30.2443 ], [ -96.08333, 30.23831 ], [ -96.08767, 30.23777 ], [ -96.09442, 30.24239 ], [ -96.09857, 30.24274 ], [ -96.10315, 30.23868 ], [ -96.10538, 30.23287 ], [ -96.09825, 30.23044 ], [ -96.09317, 30.22519 ], [ -96.08894, 30.22872 ], [ -96.01134, 30.2333 ], [ -95.95377, 30.23696 ], [ -95.93859, 30.23756 ], [ -95.92328, 30.23728 ], [ -95.84214, 30.24344 ], [ -95.80431, 30.24557 ], [ -95.80435, 30.3378 ], [ -95.81395, 30.45574 ], [ -95.81748, 30.50022 ], [ -95.81798, 30.50308 ], [ -95.8274, 30.60192 ], [ -95.83024, 30.63028 ], [ -95.76154, 30.59482 ], [ -95.72858, 30.57722 ], [ -95.65702, 30.53965 ], [ -95.64257, 30.55465 ], [ -95.64133, 30.55946 ], [ -95.6347, 30.56453 ], [ -95.62425, 30.56795 ], [ -95.61454, 30.58898 ], [ -95.58389, 30.58431 ], [ -95.56948, 30.58521 ], [ -95.56316, 30.58456 ], [ -95.56154, 30.58674 ], [ -95.54735, 30.58798 ], [ -95.54369, 30.59482 ], [ -95.53672, 30.59624 ], [ -95.52541, 30.59246 ], [ -95.51216, 30.59573 ], [ -95.50901, 30.59839 ], [ -95.50522, 30.59795 ], [ -95.51052, 30.6576 ], [ -95.51184, 30.66184 ], [ -95.51835, 30.67358 ], [ -95.52198, 30.67748 ], [ -95.52795, 30.68112 ], [ -95.54768, 30.69073 ], [ -95.55392, 30.69534 ], [ -95.54982, 30.69711 ], [ -95.5455, 30.70148 ], [ -95.54383, 30.7054 ], [ -95.54937, 30.70742 ], [ -95.55107, 30.71414 ], [ -95.55619, 30.71412 ], [ -95.55614, 30.7237 ], [ -95.55289, 30.72379 ], [ -95.55221, 30.73361 ], [ -95.55014, 30.73423 ], [ -95.54879, 30.74415 ], [ -95.55082, 30.75775 ], [ -95.55393, 30.76356 ], [ -95.54462, 30.76373 ], [ -95.54279, 30.76895 ], [ -95.53584, 30.76567 ], [ -95.53175, 30.76732 ], [ -95.52318, 30.77486 ], [ -95.51468, 30.77247 ], [ -95.51313, 30.77599 ], [ -95.50544, 30.78185 ], [ -95.50164, 30.78594 ], [ -95.49669, 30.7885 ], [ -95.49622, 30.79309 ], [ -95.49107, 30.79036 ], [ -95.48305, 30.78411 ], [ -95.47891, 30.784 ], [ -95.48021, 30.77466 ], [ -95.4783, 30.77099 ], [ -95.48125, 30.7671 ], [ -95.475, 30.75912 ], [ -95.47602, 30.75537 ], [ -95.47108, 30.74611 ], [ -95.47505, 30.73962 ], [ -95.46841, 30.72741 ], [ -95.45977, 30.72532 ], [ -95.45377, 30.72096 ], [ -95.44713, 30.70633 ], [ -95.4311, 30.70718 ], [ -95.42505, 30.70983 ], [ -95.4139, 30.72126 ], [ -95.40265, 30.72795 ], [ -95.33862, 30.73783 ], [ -95.34348, 30.67186 ], [ -95.34647, 30.6252 ], [ -95.35916, 30.50437 ], [ -95.35336, 30.49514 ], [ -95.35336, 30.48755 ], [ -95.3502, 30.47933 ], [ -95.35071, 30.47606 ], [ -95.3414, 30.46451 ], [ -95.34005, 30.45889 ], [ -95.33598, 30.44946 ], [ -95.33021, 30.4428 ], [ -95.33098, 30.43793 ], [ -95.32953, 30.43319 ], [ -95.31696, 30.41939 ], [ -95.31329, 30.41229 ], [ -95.3084, 30.40575 ], [ -95.30331, 30.40237 ], [ -95.29979, 30.40237 ], [ -95.28761, 30.3953 ], [ -95.28193, 30.39523 ], [ -95.27703, 30.39354 ], [ -95.26849, 30.38637 ], [ -95.26071, 30.38345 ], [ -95.25055, 30.3836 ], [ -95.23555, 30.37863 ], [ -95.23336, 30.3721 ], [ -95.2273, 30.36751 ], [ -95.22699, 30.36373 ], [ -95.22178, 30.36204 ], [ -95.21798, 30.35624 ], [ -95.20381, 30.3521 ], [ -95.20291, 30.34918 ], [ -95.20921, 30.34342 ], [ -95.21105, 30.33885 ], [ -95.2159, 30.33829 ], [ -95.22068, 30.33571 ], [ -95.22208, 30.33227 ], [ -95.22747, 30.32629 ], [ -95.22558, 30.31953 ], [ -95.19321, 30.33277 ], [ -95.1659, 30.34498 ], [ -95.13837, 30.35659 ], [ -95.13283, 30.35932 ], [ -95.0982, 30.37463 ], [ -95.08154, 30.38133 ], [ -95.03246, 30.40409 ], [ -95.00664, 30.414 ], [ -94.92009, 30.45231 ], [ -94.84262, 30.48746 ], [ -94.84941, 30.49355 ], [ -94.81743, 30.49183 ], [ -94.77734, 30.489 ], [ -94.73273, 30.49007 ], [ -94.71929, 30.49031 ], [ -94.67158, 30.49035 ], [ -94.53793, 30.49106 ], [ -94.53924, 30.49913 ], [ -94.56856, 30.62392 ], [ -94.56839, 30.6252 ], [ -94.58346, 30.68904 ], [ -94.60136, 30.7653 ], [ -94.60191, 30.76899 ], [ -94.62478, 30.86781 ], [ -94.65137, 30.98362 ], [ -94.65548, 30.99973 ], [ -94.65799, 31.01201 ], [ -94.56207, 31.05887 ], [ -94.56224, 31.06367 ], [ -94.57175, 31.06458 ], [ -94.57869, 31.06869 ], [ -94.58949, 31.06609 ], [ -94.59529, 31.07057 ], [ -94.59892, 31.06856 ], [ -94.60275, 31.07146 ], [ -94.60209, 31.07417 ], [ -94.61123, 31.07751 ], [ -94.60949, 31.08186 ], [ -94.61685, 31.08363 ], [ -94.62227, 31.0873 ], [ -94.62821, 31.08377 ], [ -94.63229, 31.08525 ], [ -94.63531, 31.08921 ], [ -94.63993, 31.0869 ], [ -94.64313, 31.08808 ], [ -94.65031, 31.09853 ], [ -94.65505, 31.09376 ], [ -94.65482, 31.08886 ], [ -94.6574, 31.08524 ], [ -94.66364, 31.0865 ], [ -94.67265, 31.0925 ], [ -94.67877, 31.09321 ], [ -94.67927, 31.09604 ], [ -94.69835, 31.09625 ], [ -94.70414, 31.09882 ], [ -94.71862, 31.10699 ], [ -94.73859, 31.10369 ], [ -94.74542, 31.10663 ], [ -94.7527, 31.10645 ], [ -94.75461, 31.10915 ], [ -94.76074, 31.11106 ], [ -94.76948, 31.11716 ], [ -94.77285, 31.11669 ], [ -94.78017, 31.12166 ], [ -94.79084, 31.1251 ], [ -94.79539, 31.12759 ], [ -94.79611, 31.13076 ], [ -94.80265, 31.13007 ], [ -94.81275, 31.1334 ], [ -94.81846, 31.13218 ], [ -94.82267, 31.1384 ], [ -94.82938, 31.13866 ], [ -94.83255, 31.14182 ], [ -94.84165, 31.14324 ], [ -94.84327, 31.14871 ], [ -94.85221, 31.14802 ], [ -94.85611, 31.15094 ], [ -94.8555, 31.15424 ], [ -94.84993, 31.15511 ], [ -94.8508, 31.16303 ], [ -94.85389, 31.16664 ], [ -94.85516, 31.17243 ], [ -94.85123, 31.17454 ], [ -94.85007, 31.17855 ], [ -94.85426, 31.18962 ], [ -94.85757, 31.1902 ], [ -94.86066, 31.19509 ], [ -94.85957, 31.1986 ], [ -94.8663, 31.20973 ], [ -94.86396, 31.21531 ], [ -94.86105, 31.2182 ], [ -94.86446, 31.23214 ], [ -94.86117, 31.23275 ], [ -94.87101, 31.24368 ], [ -94.87455, 31.24965 ], [ -94.88011, 31.24752 ], [ -94.88406, 31.2553 ], [ -94.89091, 31.25385 ], [ -94.89768, 31.25801 ], [ -94.8975, 31.26429 ], [ -94.8924, 31.2681 ], [ -94.88799, 31.2765 ], [ -94.88274, 31.27819 ], [ -94.87671, 31.28339 ], [ -94.87838, 31.28835 ], [ -94.88841, 31.29354 ], [ -94.89468, 31.29171 ], [ -94.8946, 31.29928 ], [ -94.89827, 31.3047 ], [ -94.90095, 31.31174 ], [ -94.89689, 31.31854 ], [ -94.89902, 31.32697 ], [ -94.90341, 31.329 ], [ -94.9046, 31.3327 ], [ -94.90834, 31.33329 ], [ -94.9095, 31.33706 ], [ -94.91789, 31.33607 ], [ -94.92581, 31.33965 ], [ -94.9398, 31.34291 ], [ -94.94339, 31.34076 ], [ -94.94925, 31.3399 ], [ -94.95461, 31.34232 ], [ -94.95639, 31.34787 ], [ -94.96142, 31.34916 ], [ -94.96136, 31.35251 ], [ -94.95706, 31.35362 ], [ -94.95271, 31.35817 ], [ -94.95348, 31.36134 ], [ -94.95819, 31.36296 ], [ -94.9588, 31.36606 ], [ -94.95603, 31.37062 ], [ -94.95731, 31.37914 ], [ -94.95356, 31.3847 ], [ -94.95748, 31.38549 ], [ -94.95941, 31.38888 ], [ -94.96625, 31.39121 ], [ -94.96452, 31.39556 ], [ -94.96937, 31.39695 ], [ -94.97607, 31.402 ], [ -94.97797, 31.40872 ], [ -94.98475, 31.41385 ], [ -94.99383, 31.41422 ], [ -95.00126, 31.41795 ], [ -95.00557, 31.42135 ], [ -95.00335, 31.42571 ], [ -95.00708, 31.43292 ], [ -95.01185, 31.43493 ], [ -95.01128, 31.43777 ], [ -95.00538, 31.43972 ], [ -95.00774, 31.44319 ], [ -95.01572, 31.44547 ], [ -95.02448, 31.44269 ], [ -95.03125, 31.44324 ], [ -95.03966, 31.44666 ], [ -95.04419, 31.44497 ], [ -95.05168, 31.45306 ], [ -95.05242, 31.45914 ], [ -95.06035, 31.46791 ], [ -95.06619, 31.47139 ], [ -95.06714, 31.46661 ], [ -95.07191, 31.4636 ], [ -95.07413, 31.46679 ], [ -95.08143, 31.46816 ], [ -95.08817, 31.46601 ], [ -95.10012, 31.46904 ], [ -95.10353, 31.47443 ], [ -95.1031, 31.47867 ], [ -95.10699, 31.48095 ], [ -95.10974, 31.48885 ], [ -95.10561, 31.49125 ], [ -95.10408, 31.49517 ], [ -95.09805, 31.49349 ], [ -95.09456, 31.50408 ], [ -95.09828, 31.50439 ], [ -95.09714, 31.51115 ], [ -95.09997, 31.51887 ], [ -95.10975, 31.52777 ], [ -95.12039, 31.53271 ], [ -95.12534, 31.53725 ], [ -95.135, 31.54039 ], [ -95.14344, 31.53964 ], [ -95.14315, 31.54398 ], [ -95.14705, 31.55028 ], [ -95.14609, 31.55564 ], [ -95.14183, 31.55785 ], [ -95.1396, 31.56282 ], [ -95.14743, 31.56317 ], [ -95.15091, 31.56567 ], [ -95.1492, 31.56881 ], [ -95.16176, 31.57346 ], [ -95.16222, 31.57768 ], [ -95.17022, 31.58068 ], [ -95.17191, 31.58488 ], [ -95.17636, 31.58483 ], [ -95.17943, 31.58041 ], [ -95.18488, 31.57818 ], [ -95.19002, 31.578 ], [ -95.19724, 31.57296 ], [ -95.21395, 31.57273 ], [ -95.22038, 31.57417 ], [ -95.22654, 31.57741 ], [ -95.23019, 31.5735 ], [ -95.23981, 31.5767 ], [ -95.24101, 31.57466 ], [ -95.25642, 31.57616 ], [ -95.26669, 31.58403 ], [ -95.26997, 31.59145 ], [ -95.2732, 31.59289 ], [ -95.36563, 31.58119 ], [ -95.37522, 31.57956 ], [ -95.46645, 31.56839 ], [ -95.49317, 31.5649 ], [ -95.50023, 31.56351 ], [ -95.56409, 31.55419 ], [ -95.59803, 31.54968 ], [ -95.65176, 31.54179 ], [ -95.64717, 31.52701 ], [ -95.73928, 31.50406 ], [ -95.73383, 31.50916 ], [ -95.73703, 31.51853 ], [ -95.74114, 31.52247 ], [ -95.74705, 31.52437 ], [ -95.74825, 31.52871 ], [ -95.7565, 31.53105 ], [ -95.75673, 31.53657 ], [ -95.75087, 31.54073 ], [ -95.75413, 31.54605 ], [ -95.75107, 31.55196 ], [ -95.74287, 31.55416 ], [ -95.73475, 31.55119 ], [ -95.72914, 31.55158 ], [ -95.72595, 31.55504 ], [ -95.71851, 31.55366 ], [ -95.71722, 31.55864 ], [ -95.71795, 31.5725 ], [ -95.72132, 31.57785 ], [ -95.7293, 31.5829 ], [ -95.72185, 31.58628 ], [ -95.72026, 31.59198 ], [ -95.71587, 31.59407 ], [ -95.71608, 31.59879 ], [ -95.71169, 31.60316 ], [ -95.71236, 31.60762 ], [ -95.71011, 31.61559 ], [ -95.71736, 31.62721 ], [ -95.71847, 31.6324 ], [ -95.72365, 31.63797 ], [ -95.72675, 31.64315 ], [ -95.73276, 31.64882 ], [ -95.73568, 31.65382 ], [ -95.73937, 31.65383 ], [ -95.7541, 31.64858 ], [ -95.75727, 31.64355 ], [ -95.75287, 31.6353 ], [ -95.75317, 31.62922 ], [ -95.74886, 31.62081 ], [ -95.74867, 31.61771 ], [ -95.75344, 31.61251 ], [ -95.75321, 31.60704 ], [ -95.76075, 31.60401 ], [ -95.76096, 31.60008 ], [ -95.76723, 31.59758 ], [ -95.77198, 31.59862 ], [ -95.77759, 31.60226 ], [ -95.78515, 31.61144 ], [ -95.7873, 31.61839 ], [ -95.86416, 31.58351 ], [ -95.87524, 31.57877 ], [ -96.00012, 31.52195 ], [ -96.11215, 31.47042 ], [ -96.18592, 31.43674 ], [ -96.20204, 31.42917 ], [ -96.25352, 31.40556 ], [ -96.32017, 31.37518 ], [ -96.32255, 31.37122 ], [ -96.31898, 31.36755 ], [ -96.31713, 31.36201 ], [ -96.32002, 31.35286 ], [ -96.31495, 31.34286 ], [ -96.31576, 31.33889 ], [ -96.31943, 31.33594 ], [ -96.31719, 31.32328 ], [ -96.32152, 31.31891 ], [ -96.32491, 31.3091 ], [ -96.3173, 31.30188 ], [ -96.32715, 31.29567 ], [ -96.32763, 31.28488 ], [ -96.32195, 31.28225 ], [ -96.31623, 31.27729 ], [ -96.3175, 31.27387 ], [ -96.31392, 31.27118 ], [ -96.31685, 31.26317 ], [ -96.32203, 31.25689 ], [ -96.32772, 31.25898 ], [ -96.33108, 31.25271 ], [ -96.32877, 31.24633 ], [ -96.32009, 31.24144 ], [ -96.32025, 31.23961 ], [ -96.31415, 31.22844 ], [ -96.31711, 31.22614 ], [ -96.31767, 31.22176 ], [ -96.31043, 31.2172 ], [ -96.31123, 31.20649 ], [ -96.30916, 31.20375 ], [ -96.31175, 31.19812 ], [ -96.30547, 31.19546 ], [ -96.30257, 31.18647 ], [ -96.29936, 31.18421 ], [ -96.29893, 31.16606 ], [ -96.3006, 31.15898 ], [ -96.29748, 31.15505 ], [ -96.29919, 31.14802 ], [ -96.29442, 31.13881 ], [ -96.28265, 31.12222 ], [ -96.28258, 31.11922 ], [ -96.27699, 31.11628 ], [ -96.2768, 31.11196 ], [ -96.27905, 31.10871 ], [ -96.27804, 31.10542 ], [ -96.2802, 31.09424 ], [ -96.27766, 31.0925 ], [ -96.27745, 31.08766 ], [ -96.2721, 31.08423 ], [ -96.26894, 31.07768 ], [ -96.25824, 31.07614 ], [ -96.25471, 31.07217 ], [ -96.25701, 31.06953 ], [ -96.24909, 31.0628 ], [ -96.24352, 31.06179 ], [ -96.24184, 31.05678 ], [ -96.24608, 31.05109 ], [ -96.2415, 31.04773 ], [ -96.24167, 31.04467 ], [ -96.24737, 31.04325 ], [ -96.24914, 31.03848 ], [ -96.24753, 31.03642 ], [ -96.25451, 31.02768 ], [ -96.26005, 31.0154 ], [ -96.26078, 31.00844 ], [ -96.25706, 31.00639 ], [ -96.2486, 31.00543 ], [ -96.24288, 30.99828 ], [ -96.23829, 30.99772 ], [ -96.23951, 30.98527 ], [ -96.24209, 30.97583 ], [ -96.24102, 30.97374 ], [ -96.24897, 30.97091 ], [ -96.26322, 30.96412 ], [ -96.28147, 30.95265 ], [ -96.30079, 30.94299 ], [ -96.32569, 30.9285 ], [ -96.338, 30.92053 ], [ -96.34908, 30.91169 ], [ -96.35311, 30.90607 ], [ -96.36182, 30.89687 ], [ -96.36564, 30.88455 ], [ -96.37413, 30.87692 ], [ -96.38246, 30.87053 ], [ -96.38741, 30.86401 ], [ -96.39104, 30.85454 ], [ -96.39847, 30.84054 ], [ -96.40406, 30.83438 ], [ -96.41014, 30.82584 ], [ -96.41938, 30.80475 ], [ -96.4234, 30.79271 ], [ -96.43065, 30.78472 ], [ -96.43878, 30.77404 ], [ -96.44474, 30.76383 ], [ -96.45211, 30.75422 ], [ -96.45763, 30.74447 ], [ -96.46235, 30.74193 ], [ -96.49084, 30.7297 ], [ -96.56553, 30.69627 ], [ -96.56879, 30.70139 ], [ -96.57761, 30.70695 ], [ -96.58367, 30.70919 ], [ -96.59698, 30.71745 ], [ -96.59444, 30.72122 ], [ -96.59509, 30.72524 ], [ -96.59947, 30.72863 ], [ -96.60733, 30.72941 ], [ -96.61634, 30.72848 ], [ -96.6214, 30.73072 ], [ -96.68245, 30.69932 ], [ -96.75261, 30.66411 ], [ -96.81744, 30.63179 ], [ -96.89668, 30.59124 ], [ -96.96501, 30.5565 ], [ -97.02063, 30.52776 ], [ -97.05892, 30.50751 ], [ -97.1253, 30.47315 ], [ -97.15522, 30.45734 ], [ -97.25027, 30.42811 ], [ -97.33446, 30.40284 ], [ -97.36949, 30.41964 ], [ -97.37354, 30.41771 ], [ -97.37677, 30.4192 ], [ -97.37943, 30.4239 ], [ -97.38339, 30.42415 ], [ -97.3876, 30.43342 ], [ -97.39151, 30.43686 ], [ -97.40282, 30.44009 ], [ -97.40624, 30.44229 ], [ -97.40877, 30.43819 ], [ -97.41525, 30.43834 ], [ -97.42191, 30.44432 ], [ -97.42709, 30.4522 ], [ -97.43328, 30.45291 ], [ -97.43411, 30.45972 ], [ -97.43954, 30.46028 ], [ -97.44184, 30.45533 ], [ -97.44495, 30.45612 ], [ -97.44563, 30.4614 ], [ -97.45339, 30.46131 ], [ -97.45978, 30.45832 ], [ -97.46393, 30.46064 ], [ -97.46692, 30.46519 ], [ -97.46897, 30.45747 ], [ -97.49001, 30.46037 ], [ -97.49097, 30.45988 ], [ -97.50234, 30.44172 ], [ -97.50762, 30.43929 ], [ -97.51756, 30.44384 ], [ -97.52296, 30.44089 ], [ -97.54126, 30.41224 ], [ -97.54003, 30.40967 ], [ -97.54609, 30.40091 ], [ -97.56085, 30.40787 ], [ -97.56095, 30.4097 ], [ -97.57587, 30.41689 ], [ -97.57761, 30.41493 ], [ -97.5898, 30.39547 ], [ -97.59655, 30.39769 ], [ -97.59886, 30.40308 ], [ -97.59822, 30.40637 ], [ -97.60158, 30.40838 ], [ -97.59996, 30.41299 ], [ -97.60433, 30.41614 ], [ -97.60921, 30.41396 ], [ -97.62039, 30.41951 ], [ -97.62727, 30.42376 ], [ -97.63905, 30.42956 ], [ -97.64886, 30.42904 ], [ -97.65474, 30.43566 ], [ -97.66273, 30.44056 ], [ -97.66692, 30.44111 ], [ -97.6785, 30.43481 ], [ -97.68293, 30.43603 ], [ -97.68866, 30.4417 ], [ -97.68814, 30.44658 ], [ -97.6991, 30.45196 ], [ -97.70402, 30.44946 ], [ -97.70775, 30.44361 ], [ -97.71796, 30.44907 ], [ -97.72398, 30.44951 ], [ -97.74083, 30.44449 ], [ -97.75452, 30.43928 ], [ -97.75363, 30.43329 ], [ -97.76034, 30.43271 ], [ -97.76146, 30.42824 ], [ -97.7663, 30.43138 ], [ -97.77049, 30.42884 ], [ -97.76878, 30.42479 ], [ -97.77943, 30.41481 ], [ -97.78334, 30.41991 ], [ -97.78779, 30.41847 ], [ -97.79256, 30.42083 ], [ -97.80334, 30.41778 ], [ -97.81277, 30.41901 ], [ -97.82449, 30.42608 ], [ -97.83736, 30.42725 ], [ -97.84015, 30.43546 ], [ -97.84342, 30.42653 ], [ -97.84745, 30.4283 ], [ -97.84961, 30.43184 ], [ -97.84986, 30.44013 ], [ -97.85621, 30.44727 ], [ -97.86505, 30.46385 ], [ -97.87322, 30.47054 ], [ -97.88778, 30.47615 ], [ -97.88715, 30.47863 ], [ -97.90042, 30.48106 ], [ -97.90564, 30.47892 ], [ -97.90441, 30.48678 ], [ -97.90161, 30.4908 ], [ -97.89218, 30.49369 ], [ -97.88859, 30.4999 ], [ -97.88858, 30.50344 ], [ -97.88556, 30.51146 ], [ -97.89071, 30.51791 ], [ -97.89692, 30.51968 ], [ -97.89543, 30.52476 ], [ -97.89589, 30.52967 ], [ -97.8984, 30.53218 ], [ -97.90254, 30.54008 ], [ -97.91071, 30.54514 ], [ -97.91439, 30.54423 ], [ -97.9255, 30.55357 ], [ -97.92752, 30.54952 ], [ -97.93788, 30.55147 ], [ -97.93664, 30.54642 ], [ -97.94753, 30.54816 ], [ -97.95693, 30.54312 ], [ -97.96555, 30.54894 ], [ -97.96532, 30.53843 ], [ -97.96908, 30.53611 ], [ -97.97806, 30.53385 ], [ -97.97976, 30.5321 ], [ -97.978, 30.52737 ], [ -97.97912, 30.51944 ], [ -97.97356, 30.51632 ], [ -97.9799, 30.51047 ], [ -97.97969, 30.50452 ], [ -97.99046, 30.50971 ], [ -97.9931, 30.50571 ], [ -97.99611, 30.50721 ], [ -98.00212, 30.50409 ], [ -98.00571, 30.50584 ], [ -98.01229, 30.50222 ], [ -98.02987, 30.50587 ], [ -98.0406, 30.51197 ], [ -98.04275, 30.51715 ], [ -98.04647, 30.52082 ], [ -98.05325, 30.52288 ], [ -98.05971, 30.52068 ], [ -98.07216, 30.51921 ], [ -98.0836, 30.52351 ], [ -98.10126, 30.52849 ], [ -98.12342, 30.48648 ], [ -98.11817, 30.48479 ], [ -98.11372, 30.48558 ], [ -98.11056, 30.49091 ], [ -98.10592, 30.49534 ], [ -98.09778, 30.49806 ], [ -98.09771, 30.46763 ], [ -98.12556, 30.42619 ], [ -98.17298, 30.35631 ], [ -98.12529, 30.32235 ], [ -98.08974, 30.29729 ], [ -98.06603, 30.27982 ], [ -97.96934, 30.21067 ], [ -97.96375, 30.21668 ], [ -97.95497, 30.22257 ], [ -97.9358, 30.23027 ], [ -97.90981, 30.23495 ], [ -97.90507, 30.24235 ], [ -97.89426, 30.24989 ], [ -97.88859, 30.24708 ], [ -97.88609, 30.24891 ], [ -97.88114, 30.24543 ], [ -97.87637, 30.2399 ], [ -97.86545, 30.23425 ], [ -97.86005, 30.2356 ], [ -97.85837, 30.24205 ], [ -97.85299, 30.24964 ], [ -97.83035, 30.23832 ], [ -97.82368, 30.23687 ], [ -97.80648, 30.24489 ], [ -97.80347, 30.24832 ], [ -97.79861, 30.25734 ], [ -97.78573, 30.26422 ], [ -97.78229, 30.26512 ], [ -97.77433, 30.27044 ], [ -97.77147, 30.27381 ], [ -97.76608, 30.26987 ], [ -97.75459, 30.26482 ], [ -97.75707, 30.26061 ], [ -97.75007, 30.25838 ], [ -97.7425, 30.25848 ], [ -97.74184, 30.25507 ], [ -97.73593, 30.25032 ], [ -97.7373, 30.25826 ], [ -97.73005, 30.27851 ], [ -97.73944, 30.28102 ], [ -97.74119, 30.27634 ], [ -97.74634, 30.27214 ], [ -97.75571, 30.27495 ], [ -97.76508, 30.28384 ], [ -97.76059, 30.29093 ], [ -97.75822, 30.29886 ], [ -97.76431, 30.30303 ], [ -97.76267, 30.31048 ], [ -97.76904, 30.31453 ], [ -97.77588, 30.31361 ], [ -97.7765, 30.32384 ], [ -97.78133, 30.33387 ], [ -97.78703, 30.34323 ], [ -97.79683, 30.34999 ], [ -97.79191, 30.35806 ], [ -97.78988, 30.36713 ], [ -97.78812, 30.36978 ], [ -97.77519, 30.38067 ], [ -97.77141, 30.38276 ], [ -97.77415, 30.38963 ], [ -97.77034, 30.39483 ], [ -97.77171, 30.40076 ], [ -97.76018, 30.40071 ], [ -97.75874, 30.40369 ], [ -97.75325, 30.40767 ], [ -97.74472, 30.40786 ], [ -97.74644, 30.4191 ], [ -97.73159, 30.4125 ], [ -97.72921, 30.41208 ], [ -97.73015, 30.42597 ], [ -97.72893, 30.43244 ], [ -97.71531, 30.42542 ], [ -97.71086, 30.43082 ], [ -97.7028, 30.42611 ], [ -97.69878, 30.44051 ], [ -97.68606, 30.43453 ], [ -97.68475, 30.43089 ], [ -97.65902, 30.41857 ], [ -97.64865, 30.40948 ], [ -97.63926, 30.4041 ], [ -97.64869, 30.38691 ], [ -97.6389, 30.37973 ], [ -97.62181, 30.37061 ], [ -97.61778, 30.37583 ], [ -97.61445, 30.37428 ], [ -97.60918, 30.37853 ], [ -97.59789, 30.37604 ], [ -97.58861, 30.37079 ], [ -97.58262, 30.36961 ], [ -97.58071, 30.37705 ], [ -97.56892, 30.37124 ], [ -97.56392, 30.37157 ], [ -97.55344, 30.38744 ], [ -97.52912, 30.37577 ] ] ] } },
{ "type": "Feature", "properties": { "region_id": "CD11" }, "geometry": { "type": "Polygon", "coordinates": [ [ [ -99.75414, 30.2907 ], [ -99.72029, 30.29033 ], [ -99.57148, 30.28902 ], [ -99.40897, 30.28759 ], [ -99.30172, 30.28665 ], [ -99.30206, 30.30021 ], [ -99.30241, 30.35789 ], [ -99.30299, 30.40073 ], [ -99.304, 30.49983 ], [ -99.25045, 30.49927 ], [ -99.23669, 30.49885 ], [ -99.12531, 30.49881 ], [ -99.00033, 30.49808 ], [ -98.99575, 30.49839 ], [ -98.93491, 30.49858 ], [ -98.87532, 30.49921 ], [ -98.78083, 30.49917 ], [ -98.74969, 30.49885 ], [ -98.62548, 30.4993 ], [ -98.57654, 30.50019 ], [ -98.49581, 30.50142 ], [ -98.41146, 30.5021 ], [ -98.40096, 30.49959 ], [ -98.34987, 30.48578 ], [ -98.24946, 30.45889 ], [ -98.12556, 30.42619 ], [ -98.09771, 30.46763 ], [ -98.09778, 30.49806 ], [ -98.10592, 30.49534 ], [ -98.11056, 30.49091 ], [ -98.11372, 30.48558 ], [ -98.11817, 30.48479 ], [ -98.12342, 30.48648 ], [ -98.10126, 30.52849 ], [ -98.0836, 30.52351 ], [ -98.07216, 30.51921 ], [ -98.05971, 30.52068 ], [ -98.05325, 30.52288 ], [ -98.04647, 30.52082 ], [ -98.04275, 30.51715 ], [ -98.0406, 30.51197 ], [ -98.02987, 30.50587 ], [ -98.01229, 30.50222 ], [ -98.00571, 30.50584 ], [ -98.00212, 30.50409 ], [ -97.99611, 30.50721 ], [ -97.9931, 30.50571 ], [ -97.99046, 30.50971 ], [ -97.97969, 30.50452 ], [ -97.9799, 30.51047 ], [ -97.97356, 30.51632 ], [ -97.97912, 30.51944 ], [ -97.978, 30.52737 ], [ -97.97976, 30.5321 ], [ -97.97806, 30.53385 ], [ -97.96908, 30.53611 ], [ -97.96532, 30.53843 ], [ -97.96555, 30.54894 ], [ -97.95693, 30.54312 ], [ -97.94753, 30.54816 ], [ -97.93664, 30.54642 ], [ -97.93788, 30.55147 ], [ -97.92752, 30.54952 ], [ -97.9255, 30.55357 ], [ -97.91439, 30.54423 ], [ -97.91071, 30.54514 ], [ -97.90254, 30.54008 ], [ -97.8984, 30.53218 ], [ -97.89589, 30.52967 ], [ -97.89543, 30.52476 ], [ -97.89692, 30.51968 ], [ -97.89071, 30.51791 ], [ -97.88556, 30.51146 ], [ -97.88858, 30.50344 ], [ -97.88859, 30.4999 ], [ -97.89218, 30.49369 ], [ -97.90161, 30.4908 ], [ -97.90441, 30.48678 ], [ -97.90564, 30.47892 ], [ -97.90042, 30.48106 ], [ -97.88715, 30.47863 ], [ -97.88778, 30.47615 ], [ -97.87322, 30.47054 ], [ -97.86505, 30.46385 ], [ -97.85621, 30.44727 ], [ -97.84986, 30.44013 ], [ -97.84961, 30.43184 ], [ -97.84745, 30.4283 ], [ -97.84342, 30.42653 ], [ -97.84015, 30.43546 ], [ -97.83736, 30.42725 ], [ -97.82449, 30.42608 ], [ -97.81277, 30.41901 ], [ -97.80334, 30.41778 ], [ -97.79256, 30.42083 ], [ -97.78779, 30.41847 ], [ -97.78334, 30.41991 ], [ -97.77943, 30.41481 ], [ -97.76878, 30.42479 ], [ -97.77049, 30.42884 ], [ -97.7663, 30.43138 ], [ -97.76146, 30.42824 ], [ -97.76034, 30.43271 ], [ -97.75363, 30.43329 ], [ -97.75452, 30.43928 ], [ -97.74083, 30.44449 ], [ -97.72398, 30.44951 ], [ -97.71796, 30.44907 ], [ -97.70775, 30.44361 ], [ -97.70402, 30.44946 ], [ -97.6991, 30.45196 ], [ -97.68814, 30.44658 ], [ -97.68866, 30.4417 ], [ -97.68293, 30.43603 ], [ -97.6785, 30.43481 ], [ -97.66692, 30.44111 ], [ -97.66273, 30.44056 ], [ -97.65474, 30.43566 ], [ -97.64886, 30.42904 ], [ -97.63905, 30.42956 ], [ -97.62727, 30.42376 ], [ -97.62039, 30.41951 ], [ -97.60921, 30.41396 ], [ -97.60433, 30.41614 ], [ -97.59996, 30.41299 ], [ -97.60158, 30.40838 ], [ -97.59822, 30.40637 ], [ -97.59886, 30.40308 ], [ -97.59655, 30.39769 ], [ -97.5898, 30.39547 ], [ -97.57761, 30.41493 ], [ -97.57587, 30.41689 ], [ -97.56095, 30.4097 ], [ -97.56085, 30.40787 ], [ -97.54609, 30.40091 ], [ -97.54003, 30.40967 ], [ -97.54126, 30.41224 ], [ -97.52296, 30.44089 ], [ -97.51756, 30.44384 ], [ -97.50762, 30.43929 ], [ -97.50234, 30.44172 ], [ -97.49097, 30.45988 ], [ -97.49001, 30.46037 ], [ -97.46897, 30.45747 ], [ -97.46692, 30.46519 ], [ -97.4755, 30.46715 ], [ -97.48012, 30.47043 ], [ -97.48643, 30.46947 ], [ -97.4887, 30.47313 ], [ -97.50135, 30.47729 ], [ -97.51086, 30.48527 ], [ -97.52236, 30.47638 ], [ -97.52397, 30.47217 ], [ -97.52815, 30.47543 ], [ -97.54314, 30.47916 ], [ -97.54608, 30.47542 ], [ -97.55007, 30.47648 ], [ -97.54933, 30.48113 ], [ -97.55296, 30.49029 ], [ -97.56346, 30.49183 ], [ -97.56377, 30.49556 ], [ -97.56889, 30.49616 ], [ -97.56825, 30.49973 ], [ -97.5809, 30.50086 ], [ -97.59031, 30.49718 ], [ -97.59131, 30.50091 ], [ -97.59616, 30.50148 ], [ -97.60354, 30.49718 ], [ -97.6184, 30.49736 ], [ -97.62225, 30.49663 ], [ -97.66453, 30.49627 ], [ -97.67749, 30.49297 ], [ -97.68258, 30.50282 ], [ -97.69754, 30.4888 ], [ -97.70534, 30.47747 ], [ -97.7158, 30.48018 ], [ -97.72628, 30.47801 ], [ -97.7333, 30.47898 ], [ -97.73798, 30.47734 ], [ -97.74486, 30.47064 ], [ -97.75035, 30.46922 ], [ -97.75556, 30.47247 ], [ -97.75831, 30.46891 ], [ -97.75885, 30.46466 ], [ -97.75455, 30.46058 ], [ -97.7527, 30.45595 ], [ -97.75666, 30.45545 ], [ -97.76215, 30.4516 ], [ -97.76713, 30.45006 ], [ -97.77103, 30.44248 ], [ -97.77937, 30.43943 ], [ -97.78779, 30.44476 ], [ -97.79067, 30.44873 ], [ -97.79728, 30.44692 ], [ -97.81186, 30.44702 ], [ -97.82307, 30.45344 ], [ -97.82656, 30.45752 ], [ -97.84656, 30.47342 ], [ -97.84589, 30.47564 ], [ -97.86225, 30.49731 ], [ -97.85611, 30.50281 ], [ -97.85577, 30.5074 ], [ -97.85973, 30.51231 ], [ -97.86721, 30.51731 ], [ -97.87142, 30.52271 ], [ -97.86787, 30.5465 ], [ -97.8877, 30.55661 ], [ -97.88875, 30.56515 ], [ -97.89624, 30.56488 ], [ -97.90013, 30.56891 ], [ -97.90246, 30.57133 ], [ -97.92183, 30.56423 ], [ -97.92699, 30.56765 ], [ -97.91512, 30.58057 ], [ -97.92038, 30.58677 ], [ -97.9219, 30.59096 ], [ -97.91706, 30.60487 ], [ -97.93481, 30.61029 ], [ -97.95188, 30.62519 ], [ -97.95673, 30.62825 ], [ -97.96631, 30.62368 ], [ -97.97787, 30.62211 ], [ -97.99102, 30.60985 ], [ -97.99799, 30.61302 ], [ -98.00195, 30.62142 ], [ -98.00628, 30.62752 ], [ -98.01274, 30.61677 ], [ -98.0297, 30.61472 ], [ -98.03649, 30.61173 ], [ -98.04029, 30.6182 ], [ -98.04989, 30.62416 ], [ -98.06656, 30.5931 ], [ -98.07142, 30.60105 ], [ -98.07655, 30.59987 ], [ -98.07815, 30.60464 ], [ -98.09065, 30.60233 ], [ -98.0992, 30.59864 ], [ -98.10778, 30.60798 ], [ -98.1184, 30.61317 ], [ -98.12802, 30.60671 ], [ -98.13097, 30.61054 ], [ -98.12907, 30.61443 ], [ -98.1581, 30.6283 ], [ -98.18555, 30.58691 ], [ -98.17885, 30.58905 ], [ -98.1788, 30.57764 ], [ -98.18262, 30.57592 ], [ -98.18289, 30.57015 ], [ -98.18872, 30.56452 ], [ -98.19353, 30.56672 ], [ -98.19462, 30.56323 ], [ -98.21191, 30.5698 ], [ -98.2168, 30.56926 ], [ -98.2253, 30.56243 ], [ -98.23148, 30.56201 ], [ -98.23758, 30.56478 ], [ -98.24166, 30.56152 ], [ -98.24406, 30.55588 ], [ -98.25209, 30.55449 ], [ -98.25719, 30.55696 ], [ -98.2608, 30.56486 ], [ -98.26878, 30.56819 ], [ -98.27594, 30.56708 ], [ -98.28021, 30.56411 ], [ -98.28502, 30.55673 ], [ -98.28905, 30.55306 ], [ -98.3004, 30.5547 ], [ -98.30933, 30.55893 ], [ -98.31686, 30.56477 ], [ -98.32225, 30.56696 ], [ -98.32586, 30.56608 ], [ -98.33276, 30.55944 ], [ -98.33824, 30.55565 ], [ -98.34253, 30.55573 ], [ -98.35198, 30.55839 ], [ -98.36429, 30.57159 ], [ -98.3689, 30.57413 ], [ -98.37595, 30.57389 ], [ -98.3863, 30.56883 ], [ -98.39876, 30.56373 ], [ -98.4029, 30.56397 ], [ -98.40817, 30.56967 ], [ -98.41115, 30.57464 ], [ -98.41371, 30.58378 ], [ -98.41183, 30.58818 ], [ -98.4007, 30.59464 ], [ -98.40018, 30.59845 ], [ -98.41055, 30.61376 ], [ -98.41759, 30.62727 ], [ -98.41844, 30.63301 ], [ -98.4171, 30.63871 ], [ -98.41859, 30.64593 ], [ -98.42811, 30.65398 ], [ -98.42951, 30.66181 ], [ -98.43909, 30.66251 ], [ -98.44176, 30.66635 ], [ -98.43899, 30.67329 ], [ -98.43011, 30.67514 ], [ -98.4199, 30.67427 ], [ -98.41343, 30.67591 ], [ -98.40778, 30.67502 ], [ -98.40398, 30.6762 ], [ -98.40218, 30.68079 ], [ -98.40774, 30.69456 ], [ -98.41338, 30.70098 ], [ -98.41396, 30.70439 ], [ -98.40907, 30.7104 ], [ -98.40851, 30.71497 ], [ -98.40415, 30.72108 ], [ -98.39265, 30.72123 ], [ -98.38552, 30.73033 ], [ -98.37191, 30.74048 ], [ -98.37524, 30.74657 ], [ -98.37955, 30.74737 ], [ -98.39141, 30.74603 ], [ -98.39632, 30.74722 ], [ -98.4001, 30.75018 ], [ -98.4145, 30.75196 ], [ -98.42405, 30.75051 ], [ -98.42896, 30.75427 ], [ -98.43021, 30.76096 ], [ -98.42253, 30.77504 ], [ -98.42355, 30.77758 ], [ -98.4321, 30.78631 ], [ -98.432, 30.79044 ], [ -98.42504, 30.79566 ], [ -98.41391, 30.79431 ], [ -98.40896, 30.80162 ], [ -98.40816, 30.80901 ], [ -98.40334, 30.81794 ], [ -98.40089, 30.8189 ], [ -98.39005, 30.81844 ], [ -98.3839, 30.82201 ], [ -98.37759, 30.82951 ], [ -98.37688, 30.83489 ], [ -98.38137, 30.8382 ], [ -98.39365, 30.84296 ], [ -98.40498, 30.84382 ], [ -98.40885, 30.83656 ], [ -98.41247, 30.83511 ], [ -98.42159, 30.835 ], [ -98.42221, 30.83923 ], [ -98.41963, 30.85088 ], [ -98.41935, 30.85912 ], [ -98.42368, 30.8654 ], [ -98.43156, 30.86943 ], [ -98.43778, 30.87057 ], [ -98.44833, 30.87059 ], [ -98.45249, 30.87231 ], [ -98.45738, 30.8789 ], [ -98.45644, 30.88309 ], [ -98.44949, 30.88944 ], [ -98.44917, 30.90703 ], [ -98.44576, 30.92143 ], [ -98.4419, 30.92587 ], [ -98.43512, 30.9271 ], [ -98.42233, 30.92426 ], [ -98.41777, 30.92785 ], [ -98.41451, 30.94211 ], [ -98.41603, 30.94485 ], [ -98.42469, 30.94838 ], [ -98.44198, 30.94965 ], [ -98.4471, 30.95176 ], [ -98.4528, 30.9644 ], [ -98.4529, 30.96873 ], [ -98.44323, 30.97974 ], [ -98.44187, 30.98432 ], [ -98.44618, 30.9929 ], [ -98.45315, 30.99957 ], [ -98.45924, 31.00774 ], [ -98.45695, 31.01316 ], [ -98.4456, 31.01805 ], [ -98.43953, 31.02513 ], [ -98.44044, 31.03108 ], [ -98.44486, 31.03855 ], [ -98.45369, 31.04457 ], [ -98.46449, 31.04758 ], [ -98.47578, 31.05335 ], [ -98.48216, 31.05922 ], [ -98.48393, 31.06727 ], [ -98.47667, 31.07018 ], [ -98.47299, 31.07593 ], [ -98.46273, 31.07596 ], [ -98.45603, 31.07961 ], [ -98.45706, 31.0877 ], [ -98.45866, 31.08933 ], [ -98.46862, 31.09211 ], [ -98.46915, 31.09664 ], [ -98.46146, 31.10117 ], [ -98.45526, 31.10815 ], [ -98.4556, 31.1109 ], [ -98.46055, 31.11162 ], [ -98.46581, 31.10757 ], [ -98.47206, 31.10787 ], [ -98.47933, 31.11807 ], [ -98.482, 31.11918 ], [ -98.48741, 31.11421 ], [ -98.49361, 31.1186 ], [ -98.50111, 31.11695 ], [ -98.5043, 31.10986 ], [ -98.51182, 31.10629 ], [ -98.51829, 31.0927 ], [ -98.52346, 31.08889 ], [ -98.5271, 31.09067 ], [ -98.52947, 31.09477 ], [ -98.53101, 31.1027 ], [ -98.53695, 31.11034 ], [ -98.53801, 31.11353 ], [ -98.54465, 31.11943 ], [ -98.54833, 31.12421 ], [ -98.54574, 31.12994 ], [ -98.53913, 31.13144 ], [ -98.5315, 31.13473 ], [ -98.52696, 31.14039 ], [ -98.52939, 31.15242 ], [ -98.52534, 31.15603 ], [ -98.51527, 31.15446 ], [ -98.51034, 31.15567 ], [ -98.50385, 31.16345 ], [ -98.50595, 31.16733 ], [ -98.51559, 31.16464 ], [ -98.52114, 31.16578 ], [ -98.52796, 31.17234 ], [ -98.53206, 31.17392 ], [ -98.54202, 31.1745 ], [ -98.54469, 31.17865 ], [ -98.53536, 31.18677 ], [ -98.54235, 31.19454 ], [ -98.55243, 31.19228 ], [ -98.55956, 31.19298 ], [ -98.56822, 31.19782 ], [ -98.56965, 31.20327 ], [ -98.5674, 31.21189 ], [ -98.56341, 31.22166 ], [ -98.56296, 31.23578 ], [ -98.56566, 31.24304 ], [ -98.56843, 31.24481 ], [ -98.57514, 31.25415 ], [ -98.57981, 31.26539 ], [ -98.58854, 31.26759 ], [ -98.59279, 31.26607 ], [ -98.5944, 31.26303 ], [ -98.59392, 31.25492 ], [ -98.59789, 31.25389 ], [ -98.60745, 31.26131 ], [ -98.61313, 31.263 ], [ -98.62563, 31.2698 ], [ -98.62837, 31.27425 ], [ -98.62693, 31.28118 ], [ -98.62214, 31.28509 ], [ -98.61382, 31.28159 ], [ -98.60444, 31.28407 ], [ -98.59819, 31.287 ], [ -98.59839, 31.29186 ], [ -98.59628, 31.30583 ], [ -98.59437, 31.31149 ], [ -98.58666, 31.31943 ], [ -98.58727, 31.32546 ], [ -98.59231, 31.32694 ], [ -98.59588, 31.32371 ], [ -98.59576, 31.32077 ], [ -98.60307, 31.31369 ], [ -98.60685, 31.31215 ], [ -98.62389, 31.30937 ], [ -98.63104, 31.31043 ], [ -98.63093, 31.31535 ], [ -98.62495, 31.31764 ], [ -98.61914, 31.32436 ], [ -98.62283, 31.32549 ], [ -98.63188, 31.32563 ], [ -98.63962, 31.31717 ], [ -98.64392, 31.31407 ], [ -98.6491, 31.31758 ], [ -98.64853, 31.32347 ], [ -98.64427, 31.32591 ], [ -98.63972, 31.33187 ], [ -98.6449, 31.33544 ], [ -98.64697, 31.34069 ], [ -98.64186, 31.34597 ], [ -98.63838, 31.34655 ], [ -98.63637, 31.35291 ], [ -98.64865, 31.35966 ], [ -98.65446, 31.36036 ], [ -98.65036, 31.36518 ], [ -98.65456, 31.37002 ], [ -98.66335, 31.36394 ], [ -98.66995, 31.36118 ], [ -98.67017, 31.35511 ], [ -98.67528, 31.35281 ], [ -98.68277, 31.34616 ], [ -98.69045, 31.3439 ], [ -98.69535, 31.33996 ], [ -98.7027, 31.33915 ], [ -98.70637, 31.3468 ], [ -98.71313, 31.34883 ], [ -98.71254, 31.35556 ], [ -98.70464, 31.3576 ], [ -98.7028, 31.36544 ], [ -98.7051, 31.36926 ], [ -98.70381, 31.38091 ], [ -98.69952, 31.38479 ], [ -98.69303, 31.38743 ], [ -98.69589, 31.39426 ], [ -98.69547, 31.40556 ], [ -98.69663, 31.40729 ], [ -98.70643, 31.40756 ], [ -98.71813, 31.40403 ], [ -98.72384, 31.40727 ], [ -98.72885, 31.41187 ], [ -98.72558, 31.41581 ], [ -98.72449, 31.42743 ], [ -98.73014, 31.42946 ], [ -98.73811, 31.43036 ], [ -98.74251, 31.42843 ], [ -98.73715, 31.42063 ], [ -98.73673, 31.4173 ], [ -98.74027, 31.4076 ], [ -98.7454, 31.40392 ], [ -98.7511, 31.40361 ], [ -98.75567, 31.40044 ], [ -98.75538, 31.39593 ], [ -98.75141, 31.38761 ], [ -98.75696, 31.38223 ], [ -98.76162, 31.37595 ], [ -98.76751, 31.37599 ], [ -98.77059, 31.37999 ], [ -98.77649, 31.37728 ], [ -98.77948, 31.37916 ], [ -98.77562, 31.38759 ], [ -98.77446, 31.39574 ], [ -98.77466, 31.40294 ], [ -98.773, 31.41093 ], [ -98.77724, 31.41401 ], [ -98.78746, 31.40792 ], [ -98.79147, 31.40789 ], [ -98.7994, 31.4106 ], [ -98.80499, 31.40694 ], [ -98.81356, 31.40472 ], [ -98.81693, 31.40832 ], [ -98.81456, 31.4122 ], [ -98.815, 31.41632 ], [ -98.81898, 31.41645 ], [ -98.82698, 31.4116 ], [ -98.83205, 31.41008 ], [ -98.84638, 31.41048 ], [ -98.85429, 31.41342 ], [ -98.85254, 31.41878 ], [ -98.85929, 31.43496 ], [ -98.86594, 31.44052 ], [ -98.8725, 31.4443 ], [ -98.88545, 31.44291 ], [ -98.88748, 31.43986 ], [ -98.89524, 31.4337 ], [ -98.90194, 31.43602 ], [ -98.91335, 31.43431 ], [ -98.91699, 31.43584 ], [ -98.92519, 31.43399 ], [ -98.93319, 31.43693 ], [ -98.93554, 31.4465 ], [ -98.93579, 31.45574 ], [ -98.93983, 31.45825 ], [ -98.94426, 31.45861 ], [ -98.95022, 31.45697 ], [ -98.95543, 31.45239 ], [ -98.95299, 31.44731 ], [ -98.96027, 31.44003 ], [ -98.96367, 31.43489 ], [ -98.9676, 31.43789 ], [ -98.96686, 31.44432 ], [ -98.96359, 31.44625 ], [ -98.96432, 31.45226 ], [ -98.96637, 31.4539 ], [ -98.97633, 31.45552 ], [ -98.98539, 31.4618 ], [ -98.99452, 31.466 ], [ -98.9944, 31.47225 ], [ -98.98694, 31.47893 ], [ -98.98743, 31.48208 ], [ -98.99162, 31.48473 ], [ -98.97772, 31.49344 ], [ -98.96337, 31.50027 ], [ -98.94087, 31.51322 ], [ -98.85472, 31.56564 ], [ -98.77995, 31.61073 ], [ -98.77637, 31.62516 ], [ -98.76006, 31.6879 ], [ -98.66844, 31.70051 ], [ -98.7018, 31.75015 ], [ -98.75001, 31.82108 ], [ -98.7834, 31.87044 ], [ -98.78606, 31.87515 ], [ -98.82219, 31.92761 ], [ -98.86211, 31.98595 ], [ -98.9244, 32.07802 ], [ -98.99673, 32.07931 ], [ -99.00039, 32.07868 ], [ -99.1201, 32.0796 ], [ -99.12534, 32.07919 ], [ -99.15563, 32.07947 ], [ -99.2106, 32.07912 ], [ -99.24683, 32.07936 ], [ -99.25034, 32.08007 ], [ -99.3376, 32.08007 ], [ -99.42314, 32.08015 ], [ -99.49945, 32.08003 ], [ -99.50035, 32.07987 ], [ -99.62531, 32.0813 ], [ -99.63141, 32.08127 ], [ -99.71394, 32.08209 ], [ -99.80738, 32.0812 ], [ -99.91292, 32.0818 ], [ -100.00895, 32.08234 ], [ -100.06449, 32.08237 ], [ -100.10075, 32.08262 ], [ -100.15265, 32.08263 ], [ -100.23521, 32.08237 ], [ -100.25037, 32.08159 ], [ -100.28136, 32.08137 ], [ -100.32508, 32.08141 ], [ -100.45644, 32.08274 ], [ -100.48464, 32.08293 ], [ -100.58602, 32.08427 ], [ -100.61858, 32.08479 ], [ -100.62538, 32.08539 ], [ -100.72027, 32.08539 ], [ -100.73726, 32.08552 ], [ -100.75039, 32.08625 ], [ -100.80993, 32.08672 ], [ -100.85863, 32.08669 ], [ -100.9087, 32.08695 ], [ -100.93227, 32.08666 ], [ -100.99439, 32.08687 ], [ -101.00039, 32.08673 ], [ -101.10119, 32.08675 ], [ -101.14311, 32.08707 ], [ -101.23898, 32.08732 ], [ -101.3615, 32.08711 ], [ -101.47333, 32.08722 ], [ -101.57665, 32.08712 ], [ -101.69501, 32.08753 ], [ -101.74796, 32.08721 ], [ -101.76767, 32.08689 ], [ -101.89609, 32.08691 ], [ -101.98488, 32.08676 ], [ -102.03748, 32.08679 ], [ -102.14656, 32.08693 ], [ -102.21783, 32.0868 ], [ -102.34381, 32.08719 ], [ -102.39314, 32.08685 ], [ -102.41402, 32.08702 ], [ -102.45931, 32.08693 ], [ -102.56965, 32.08705 ], [ -102.70692, 32.08673 ], [ -102.71825, 32.08695 ], [ -102.79909, 32.0858 ], [ -102.79884, 32.05931 ], [ -102.79855, 31.97869 ], [ -102.79836, 31.84612 ], [ -102.79757, 31.77273 ], [ -102.79894, 31.65178 ], [ -102.74602, 31.65152 ], [ -102.70128, 31.65147 ], [ -102.59769, 31.65108 ], [ -102.53347, 31.65131 ], [ -102.43019, 31.65119 ], [ -102.36358, 31.65115 ], [ -102.28734, 31.65128 ], [ -102.23901, 31.65156 ], [ -102.11421, 31.65157 ], [ -102.00705, 31.65162 ], [ -101.88129, 31.65136 ], [ -101.73788, 31.65122 ], [ -101.64065, 31.6514 ], [ -101.61625, 31.65153 ], [ -101.5004, 31.65145 ], [ -101.49837, 31.65134 ], [ -101.37539, 31.65109 ], [ -101.36911, 31.65126 ], [ -101.26712, 31.65085 ], [ -101.26711, 31.61928 ], [ -101.26763, 31.55646 ], [ -101.26876, 31.44833 ], [ -101.26967, 31.40425 ], [ -101.27147, 31.30926 ], [ -101.2719, 31.29376 ], [ -101.27352, 31.1668 ], [ -101.2748, 31.07938 ], [ -101.22297, 31.07974 ], [ -101.12539, 31.08055 ], [ -101.06046, 31.08117 ], [ -101.00039, 31.08187 ], [ -100.87538, 31.08391 ], [ -100.86668, 31.08394 ], [ -100.72963, 31.08574 ], [ -100.68803, 31.0866 ], [ -100.67711, 31.08612 ], [ -100.62816, 31.08675 ], [ -100.50037, 31.0876 ], [ -100.49139, 31.08777 ], [ -100.37537, 31.08815 ], [ -100.36825, 31.08809 ], [ -100.25036, 31.08848 ], [ -100.24841, 31.08873 ], [ -100.11522, 31.08799 ], [ -100.11555, 31.00026 ], [ -100.11603, 30.94423 ], [ -100.11639, 30.83009 ], [ -100.11667, 30.80993 ], [ -100.11627, 30.74315 ], [ -100.11616, 30.62518 ], [ -100.11641, 30.53895 ], [ -100.11652, 30.47888 ], [ -100.11671, 30.46216 ], [ -100.11668, 30.41674 ], [ -100.11687, 30.39239 ], [ -100.11646, 30.2903 ], [ -100.00035, 30.29036 ], [ -99.94285, 30.29007 ], [ -99.93673, 30.29043 ], [ -99.87535, 30.29023 ], [ -99.85737, 30.29054 ], [ -99.82023, 30.29038 ], [ -99.75414, 30.2907 ] ] ] } },
{ "type": "Feature", "properties": { "region_id": "CD12" }, "geometry": { "type": "Polygon", "coordinates": [ [ [ -97.92164, 33.00128 ], [ -98.00035, 33.00265 ], [ -98.05609, 33.00333 ], [ -98.0573, 32.94094 ], [ -98.05883, 32.87643 ], [ -98.05965, 32.83539 ], [ -98.06183, 32.75013 ], [ -98.06152, 32.73567 ], [ -98.06237, 32.71788 ], [ -98.06437, 32.63724 ], [ -98.03858, 32.64915 ], [ -98.03408, 32.65746 ], [ -98.03207, 32.66588 ], [ -98.00162, 32.68627 ], [ -97.99631, 32.68877 ], [ -97.91537, 32.71701 ], [ -97.9009, 32.72003 ], [ -97.88493, 32.7265 ], [ -97.8737, 32.72695 ], [ -97.86398, 32.72819 ], [ -97.84991, 32.72824 ], [ -97.84999, 32.72291 ], [ -97.8457, 32.72285 ], [ -97.84535, 32.71679 ], [ -97.83418, 32.71697 ], [ -97.83063, 32.72124 ], [ -97.82747, 32.72061 ], [ -97.82751, 32.71426 ], [ -97.81289, 32.71485 ], [ -97.80493, 32.7138 ], [ -97.8049, 32.71167 ], [ -97.79406, 32.71501 ], [ -97.78842, 32.71185 ], [ -97.78108, 32.71542 ], [ -97.7741, 32.70506 ], [ -97.76991, 32.70075 ], [ -97.76279, 32.69584 ], [ -97.75524, 32.69537 ], [ -97.7489, 32.69646 ], [ -97.73764, 32.69356 ], [ -97.71034, 32.68147 ], [ -97.70569, 32.67899 ], [ -97.70554, 32.67558 ], [ -97.70118, 32.67393 ], [ -97.70175, 32.66404 ], [ -97.68924, 32.66295 ], [ -97.68635, 32.65667 ], [ -97.68002, 32.65294 ], [ -97.67274, 32.65364 ], [ -97.66134, 32.64955 ], [ -97.65557, 32.64217 ], [ -97.6511, 32.63988 ], [ -97.6349, 32.63678 ], [ -97.61507, 32.63072 ], [ -97.60919, 32.62401 ], [ -97.6053, 32.62301 ], [ -97.59546, 32.61497 ], [ -97.58906, 32.61484 ], [ -97.58267, 32.61098 ], [ -97.57835, 32.61038 ], [ -97.57854, 32.63598 ], [ -97.5834, 32.63682 ], [ -97.5834, 32.64069 ], [ -97.58808, 32.64194 ], [ -97.58786, 32.64818 ], [ -97.58612, 32.65439 ], [ -97.58587, 32.67229 ], [ -97.58869, 32.67412 ], [ -97.59205, 32.68014 ], [ -97.59282, 32.68622 ], [ -97.59254, 32.70054 ], [ -97.6029, 32.70084 ], [ -97.60265, 32.71146 ], [ -97.60899, 32.70982 ], [ -97.6162, 32.70991 ], [ -97.61562, 32.69246 ], [ -97.6253, 32.69161 ], [ -97.63391, 32.69277 ], [ -97.63675, 32.69132 ], [ -97.65041, 32.69216 ], [ -97.65385, 32.69423 ], [ -97.65681, 32.70133 ], [ -97.6693, 32.70548 ], [ -97.67542, 32.70547 ], [ -97.67621, 32.71936 ], [ -97.66805, 32.72491 ], [ -97.66874, 32.73225 ], [ -97.67215, 32.73924 ], [ -97.67447, 32.75002 ], [ -97.6731, 32.75723 ], [ -97.67296, 32.76642 ], [ -97.66939, 32.76647 ], [ -97.66678, 32.77013 ], [ -97.66811, 32.77729 ], [ -97.67199, 32.78106 ], [ -97.67687, 32.78335 ], [ -97.67434, 32.78633 ], [ -97.65678, 32.78614 ], [ -97.65332, 32.78802 ], [ -97.64362, 32.78658 ], [ -97.63812, 32.78897 ], [ -97.62955, 32.78899 ], [ -97.62159, 32.78583 ], [ -97.59788, 32.78544 ], [ -97.59788, 32.78786 ], [ -97.58043, 32.78789 ], [ -97.57991, 32.78264 ], [ -97.55924, 32.78204 ], [ -97.5482, 32.77611 ], [ -97.54951, 32.68831 ], [ -97.55004, 32.63402 ], [ -97.55037, 32.58032 ], [ -97.54668, 32.58149 ], [ -97.53996, 32.5868 ], [ -97.53517, 32.58883 ], [ -97.51771, 32.59144 ], [ -97.51351, 32.59392 ], [ -97.49358, 32.57859 ], [ -97.47436, 32.56998 ], [ -97.46205, 32.5695 ], [ -97.45892, 32.57287 ], [ -97.44898, 32.58817 ], [ -97.43245, 32.58867 ], [ -97.43252, 32.5993 ], [ -97.42692, 32.59993 ], [ -97.42692, 32.60783 ], [ -97.42399, 32.61011 ], [ -97.4203, 32.60757 ], [ -97.41719, 32.61115 ], [ -97.41653, 32.61544 ], [ -97.41274, 32.61543 ], [ -97.41314, 32.6296 ], [ -97.41596, 32.63685 ], [ -97.41676, 32.64226 ], [ -97.41362, 32.64479 ], [ -97.41117, 32.65021 ], [ -97.38117, 32.67509 ], [ -97.37437, 32.67233 ], [ -97.33974, 32.66441 ], [ -97.33428, 32.66406 ], [ -97.31082, 32.66922 ], [ -97.31163, 32.67451 ], [ -97.3093, 32.67565 ], [ -97.31068, 32.68095 ], [ -97.30505, 32.68255 ], [ -97.30799, 32.69226 ], [ -97.30574, 32.69492 ], [ -97.30747, 32.7003 ], [ -97.29942, 32.70971 ], [ -97.2959, 32.71794 ], [ -97.29306, 32.7198 ], [ -97.29735, 32.73109 ], [ -97.2933, 32.73578 ], [ -97.29742, 32.74145 ], [ -97.29463, 32.74708 ], [ -97.29461, 32.75161 ], [ -97.28597, 32.75339 ], [ -97.28315, 32.75106 ], [ -97.27685, 32.75203 ], [ -97.27144, 32.75734 ], [ -97.27022, 32.7653 ], [ -97.27336, 32.77199 ], [ -97.2732, 32.78044 ], [ -97.25668, 32.78042 ], [ -97.25668, 32.78373 ], [ -97.25068, 32.78366 ], [ -97.25054, 32.78756 ], [ -97.24319, 32.78701 ], [ -97.24318, 32.79111 ], [ -97.23628, 32.79405 ], [ -97.24435, 32.80397 ], [ -97.24439, 32.8091 ], [ -97.2568, 32.80934 ], [ -97.25677, 32.81313 ], [ -97.2625, 32.81316 ], [ -97.26451, 32.81599 ], [ -97.26416, 32.84413 ], [ -97.26197, 32.84414 ], [ -97.26192, 32.85166 ], [ -97.26403, 32.85304 ], [ -97.26398, 32.86051 ], [ -97.28988, 32.86115 ], [ -97.31421, 32.86089 ], [ -97.31709, 32.8765 ], [ -97.31696, 32.92657 ], [ -97.31653, 32.92963 ], [ -97.31086, 32.94724 ], [ -97.31028, 32.96501 ], [ -97.3073, 32.97874 ], [ -97.29933, 32.99128 ], [ -97.39846, 32.99173 ], [ -97.44606, 32.99224 ], [ -97.46983, 32.99311 ], [ -97.52013, 32.99411 ], [ -97.54418, 32.99418 ], [ -97.54916, 32.99486 ], [ -97.63896, 32.99573 ], [ -97.67965, 32.99637 ], [ -97.72026, 32.99733 ], [ -97.75031, 32.99778 ], [ -97.85648, 33.00012 ], [ -97.92164, 33.00128 ] ] ] } },
{ "type": "Feature", "properties": { "region_id": "CD13" }, "geometry": { "type": "Polygon", "coordinates": [ [ [ -97.91911, 33.30744 ], [ -97.91532, 33.30859 ], [ -97.89248, 33.31992 ], [ -97.88301, 33.32113 ], [ -97.85952, 33.31261 ], [ -97.84171, 33.30776 ], [ -97.82149, 33.30044 ], [ -97.81051, 33.29749 ], [ -97.8046, 33.29812 ], [ -97.80928, 33.31543 ], [ -97.80447, 33.31537 ], [ -97.80646, 33.31998 ], [ -97.79055, 33.31991 ], [ -97.79157, 33.30221 ], [ -97.78736, 33.30217 ], [ -97.78913, 33.29305 ], [ -97.77993, 33.29158 ], [ -97.75883, 33.29108 ], [ -97.75125, 33.29261 ], [ -97.73395, 33.29275 ], [ -97.72693, 33.29112 ], [ -97.7167, 33.2844 ], [ -97.69879, 33.27962 ], [ -97.69133, 33.27628 ], [ -97.6687, 33.2736 ], [ -97.66298, 33.27083 ], [ -97.64727, 33.25596 ], [ -97.64147, 33.25338 ], [ -97.63319, 33.253 ], [ -97.62508, 33.25024 ], [ -97.61834, 33.24564 ], [ -97.61276, 33.24433 ], [ -97.60468, 33.24422 ], [ -97.60335, 33.24904 ], [ -97.58638, 33.24892 ], [ -97.58701, 33.25634 ], [ -97.58292, 33.2573 ], [ -97.58208, 33.26159 ], [ -97.58415, 33.26456 ], [ -97.57597, 33.26511 ], [ -97.57137, 33.2631 ], [ -97.57146, 33.25694 ], [ -97.57647, 33.25701 ], [ -97.57909, 33.2534 ], [ -97.57852, 33.2488 ], [ -97.56977, 33.24877 ], [ -97.56986, 33.24044 ], [ -97.56789, 33.24014 ], [ -97.52493, 33.24152 ], [ -97.50569, 33.24439 ], [ -97.45335, 33.24549 ], [ -97.43813, 33.24852 ], [ -97.41365, 33.25087 ], [ -97.40387, 33.24893 ], [ -97.40849, 33.2444 ], [ -97.40692, 33.2411 ], [ -97.39962, 33.23944 ], [ -97.39094, 33.24204 ], [ -97.39161, 33.21894 ], [ -97.37407, 33.21905 ], [ -97.37337, 33.21728 ], [ -97.36095, 33.21678 ], [ -97.3602, 33.22322 ], [ -97.35393, 33.22441 ], [ -97.33767, 33.22415 ], [ -97.3314, 33.22295 ], [ -97.31816, 33.22289 ], [ -97.31742, 33.22074 ], [ -97.26013, 33.22034 ], [ -97.25714, 33.22427 ], [ -97.24534, 33.22174 ], [ -97.21825, 33.22141 ], [ -97.2183, 33.21774 ], [ -97.21511, 33.20981 ], [ -97.21518, 33.206 ], [ -97.21136, 33.20352 ], [ -97.21374, 33.19907 ], [ -97.20645, 33.19214 ], [ -97.19867, 33.19053 ], [ -97.19748, 33.18647 ], [ -97.19154, 33.18315 ], [ -97.18345, 33.18098 ], [ -97.17926, 33.17632 ], [ -97.17316, 33.17527 ], [ -97.16809, 33.17891 ], [ -97.16531, 33.17774 ], [ -97.15927, 33.17936 ], [ -97.15869, 33.17486 ], [ -97.15478, 33.17454 ], [ -97.15055, 33.16478 ], [ -97.15056, 33.15433 ], [ -97.14613, 33.15439 ], [ -97.1462, 33.14721 ], [ -97.14197, 33.14867 ], [ -97.13596, 33.14812 ], [ -97.13142, 33.13962 ], [ -97.12334, 33.13833 ], [ -97.11469, 33.13252 ], [ -97.09643, 33.13214 ], [ -97.09598, 33.14322 ], [ -97.09094, 33.14694 ], [ -97.09028, 33.15207 ], [ -97.09197, 33.15822 ], [ -97.08703, 33.16383 ], [ -97.06478, 33.16305 ], [ -97.06553, 33.16854 ], [ -97.06127, 33.17299 ], [ -97.05206, 33.17804 ], [ -97.04943, 33.17739 ], [ -97.04211, 33.18113 ], [ -97.01982, 33.17741 ], [ -97.02028, 33.19954 ], [ -97.02366, 33.20298 ], [ -97.02647, 33.20998 ], [ -97.03073, 33.21656 ], [ -97.03119, 33.22202 ], [ -97.03607, 33.23719 ], [ -97.03667, 33.25531 ], [ -97.03864, 33.26082 ], [ -97.04492, 33.26865 ], [ -97.04913, 33.26856 ], [ -97.05008, 33.26306 ], [ -97.05744, 33.26548 ], [ -97.05513, 33.27127 ], [ -97.05827, 33.27753 ], [ -97.06499, 33.28031 ], [ -97.06844, 33.27897 ], [ -97.08263, 33.28516 ], [ -97.09367, 33.28084 ], [ -97.09612, 33.27778 ], [ -97.10906, 33.28496 ], [ -97.11519, 33.29342 ], [ -97.12381, 33.29964 ], [ -97.12133, 33.30443 ], [ -97.1299, 33.30597 ], [ -97.13562, 33.31186 ], [ -97.13744, 33.32667 ], [ -97.1479, 33.33125 ], [ -97.1538, 33.32949 ], [ -97.15604, 33.32611 ], [ -97.16089, 33.32983 ], [ -97.16875, 33.32357 ], [ -97.18107, 33.32383 ], [ -97.2012, 33.32191 ], [ -97.20431, 33.31799 ], [ -97.21341, 33.31815 ], [ -97.21446, 33.32551 ], [ -97.22144, 33.32571 ], [ -97.22036, 33.34653 ], [ -97.21729, 33.34884 ], [ -97.21708, 33.37514 ], [ -97.21902, 33.37566 ], [ -97.21869, 33.39101 ], [ -97.21753, 33.40286 ], [ -97.21941, 33.40342 ], [ -97.21909, 33.42453 ], [ -97.22009, 33.42512 ], [ -97.33497, 33.4288 ], [ -97.38309, 33.43045 ], [ -97.38302, 33.43289 ], [ -97.48706, 33.43368 ], [ -97.48665, 33.49925 ], [ -97.48666, 33.52175 ], [ -97.48551, 33.62511 ], [ -97.48501, 33.69568 ], [ -97.48527, 33.7191 ], [ -97.48491, 33.75297 ], [ -97.48444, 33.85515 ], [ -97.48416, 33.91551 ], [ -97.48997, 33.9182 ], [ -97.50093, 33.91954 ], [ -97.5241, 33.9117 ], [ -97.54325, 33.90129 ], [ -97.55154, 33.89795 ], [ -97.55827, 33.8971 ], [ -97.56279, 33.90093 ], [ -97.56696, 33.90158 ], [ -97.57235, 33.89926 ], [ -97.58108, 33.89968 ], [ -97.58925, 33.90392 ], [ -97.58991, 33.90804 ], [ -97.59629, 33.91377 ], [ -97.59698, 33.92023 ], [ -97.59151, 33.9282 ], [ -97.59121, 33.93125 ], [ -97.59503, 33.93736 ], [ -97.59542, 33.94144 ], [ -97.58883, 33.95188 ], [ -97.59097, 33.95424 ], [ -97.59798, 33.95525 ], [ -97.60098, 33.96079 ], [ -97.60909, 33.96809 ], [ -97.61555, 33.96956 ], [ -97.63378, 33.98126 ], [ -97.65725, 33.98882 ], [ -97.66149, 33.99082 ], [ -97.67128, 33.99155 ], [ -97.68769, 33.98718 ], [ -97.69311, 33.9837 ], [ -97.69756, 33.97832 ], [ -97.70416, 33.96334 ], [ -97.70954, 33.95488 ], [ -97.7206, 33.94395 ], [ -97.73222, 33.93668 ], [ -97.74201, 33.93736 ], [ -97.74917, 33.93623 ], [ -97.75499, 33.93675 ], [ -97.76304, 33.93415 ], [ -97.75983, 33.92521 ], [ -97.7594, 33.91882 ], [ -97.76545, 33.91353 ], [ -97.77267, 33.91438 ], [ -97.77685, 33.91892 ], [ -97.78352, 33.9183 ], [ -97.78613, 33.91342 ], [ -97.78034, 33.90483 ], [ -97.78062, 33.89553 ], [ -97.78466, 33.89063 ], [ -97.7924, 33.89908 ], [ -97.79891, 33.89854 ], [ -97.80174, 33.89515 ], [ -97.80158, 33.88514 ], [ -97.80597, 33.87657 ], [ -97.8155, 33.882 ], [ -97.81943, 33.8779 ], [ -97.81967, 33.87054 ], [ -97.82299, 33.86647 ], [ -97.83032, 33.86232 ], [ -97.8335, 33.8581 ], [ -97.8478, 33.85474 ], [ -97.86417, 33.84974 ], [ -97.8715, 33.84909 ], [ -97.87739, 33.85024 ], [ -97.88872, 33.85672 ], [ -97.89674, 33.85798 ], [ -97.90986, 33.86722 ], [ -97.92858, 33.87419 ], [ -97.93417, 33.87811 ], [ -97.93967, 33.87945 ], [ -97.9512, 33.8784 ], [ -97.95706, 33.87877 ], [ -97.96668, 33.88175 ], [ -97.97426, 33.88641 ], [ -97.98437, 33.89802 ], [ -97.98355, 33.904 ], [ -97.97999, 33.9114 ], [ -97.97696, 33.91255 ], [ -97.97314, 33.90801 ], [ -97.96875, 33.90602 ], [ -97.96163, 33.90941 ], [ -97.95716, 33.91445 ], [ -97.95268, 33.92948 ], [ -97.95339, 33.93645 ], [ -97.95551, 33.93819 ], [ -97.96222, 33.93638 ], [ -97.97117, 33.93713 ], [ -97.97423, 33.94084 ], [ -97.9731, 33.94418 ], [ -97.96574, 33.94739 ], [ -97.96104, 33.9511 ], [ -97.95692, 33.9585 ], [ -97.94864, 33.9826 ], [ -97.94595, 33.9884 ], [ -97.9468, 33.99089 ], [ -97.95833, 33.99085 ], [ -97.96193, 33.99325 ], [ -97.97167, 34.00543 ], [ -97.97417, 34.00672 ], [ -97.97951, 34.00472 ], [ -97.98739, 33.99982 ], [ -97.99894, 33.99702 ], [ -98.01634, 33.9941 ], [ -98.02767, 33.99336 ], [ -98.04112, 33.99346 ], [ -98.05935, 33.99678 ], [ -98.06191, 33.99797 ], [ -98.08444, 34.00289 ], [ -98.08881, 34.00718 ], [ -98.0824, 34.00983 ], [ -98.08403, 34.01437 ], [ -98.08955, 34.01927 ], [ -98.09544, 34.0217 ], [ -98.10362, 34.02921 ], [ -98.10626, 34.0337 ], [ -98.10502, 34.03755 ], [ -98.09754, 34.03858 ], [ -98.09179, 34.03365 ], [ -98.08329, 34.03714 ], [ -98.08384, 34.04172 ], [ -98.09025, 34.04568 ], [ -98.10063, 34.04998 ], [ -98.11087, 34.05988 ], [ -98.11459, 34.06228 ], [ -98.12021, 34.07213 ], [ -98.12104, 34.08127 ], [ -98.11848, 34.08562 ], [ -98.10257, 34.10003 ], [ -98.09512, 34.11119 ], [ -98.09055, 34.12248 ], [ -98.08976, 34.12821 ], [ -98.09237, 34.13215 ], [ -98.09978, 34.13135 ], [ -98.10331, 34.13414 ], [ -98.10056, 34.14214 ], [ -98.10194, 34.14683 ], [ -98.10946, 34.15411 ], [ -98.12338, 34.15454 ], [ -98.13082, 34.15053 ], [ -98.13699, 34.14479 ], [ -98.1416, 34.13785 ], [ -98.14595, 34.13393 ], [ -98.15208, 34.12509 ], [ -98.15741, 34.12047 ], [ -98.16879, 34.11426 ], [ -98.18281, 34.115 ], [ -98.20007, 34.11678 ], [ -98.20801, 34.12054 ], [ -98.2171, 34.12207 ], [ -98.2236, 34.12509 ], [ -98.22556, 34.12928 ], [ -98.23247, 34.13464 ], [ -98.23914, 34.13455 ], [ -98.24795, 34.13072 ], [ -98.25647, 34.12948 ], [ -98.2617, 34.13157 ], [ -98.27299, 34.13221 ], [ -98.28032, 34.13075 ], [ -98.30021, 34.13458 ], [ -98.31875, 34.14642 ], [ -98.32258, 34.14972 ], [ -98.36402, 34.15711 ], [ -98.36791, 34.15582 ], [ -98.37049, 34.15214 ], [ -98.38165, 34.1492 ], [ -98.38708, 34.14091 ], [ -98.38496, 34.13665 ], [ -98.38042, 34.13429 ], [ -98.38379, 34.12992 ], [ -98.3894, 34.13322 ], [ -98.39844, 34.12846 ], [ -98.40097, 34.12224 ], [ -98.39816, 34.1214 ], [ -98.39839, 34.10457 ], [ -98.40216, 34.09865 ], [ -98.40674, 34.10114 ], [ -98.41151, 34.09862 ], [ -98.4096, 34.09407 ], [ -98.41085, 34.08893 ], [ -98.4188, 34.08266 ], [ -98.42523, 34.0848 ], [ -98.43213, 34.08562 ], [ -98.44281, 34.08314 ], [ -98.44638, 34.07543 ], [ -98.45467, 34.07258 ], [ -98.46196, 34.07384 ], [ -98.466, 34.07308 ], [ -98.47147, 34.06566 ], [ -98.48204, 34.06227 ], [ -98.48633, 34.0626 ], [ -98.48935, 34.06658 ], [ -98.49461, 34.07009 ], [ -98.50415, 34.07229 ], [ -98.51687, 34.08598 ], [ -98.5282, 34.09496 ], [ -98.53061, 34.09984 ], [ -98.53626, 34.10735 ], [ -98.55092, 34.11933 ], [ -98.55575, 34.12013 ], [ -98.56098, 34.12392 ], [ -98.55956, 34.1277 ], [ -98.55184, 34.12713 ], [ -98.55022, 34.13013 ], [ -98.55372, 34.13366 ], [ -98.56019, 34.1332 ], [ -98.5673, 34.13824 ], [ -98.57245, 34.14509 ], [ -98.57736, 34.1491 ], [ -98.58391, 34.1513 ], [ -98.59295, 34.1573 ], [ -98.59979, 34.16057 ], [ -98.6031, 34.1605 ], [ -98.6131, 34.15628 ], [ -98.61935, 34.15667 ], [ -98.63339, 34.16084 ], [ -98.64322, 34.16453 ], [ -98.64807, 34.16444 ], [ -98.65565, 34.15826 ], [ -98.66582, 34.15162 ], [ -98.67153, 34.14889 ], [ -98.67715, 34.1425 ], [ -98.68453, 34.13842 ], [ -98.69007, 34.13316 ], [ -98.69594, 34.13341 ], [ -98.70018, 34.136 ], [ -98.70613, 34.13499 ], [ -98.71247, 34.13116 ], [ -98.71864, 34.13647 ], [ -98.72272, 34.13528 ], [ -98.73104, 34.13601 ], [ -98.73547, 34.13521 ], [ -98.73946, 34.12739 ], [ -98.74197, 34.12553 ], [ -98.74929, 34.12424 ], [ -98.75745, 34.12471 ], [ -98.75965, 34.12691 ], [ -98.76056, 34.13239 ], [ -98.76667, 34.13683 ], [ -98.77808, 34.13949 ], [ -98.78794, 34.14639 ], [ -98.7962, 34.14278 ], [ -98.80441, 34.15393 ], [ -98.81295, 34.15844 ], [ -98.81527, 34.1581 ], [ -98.83111, 34.16215 ], [ -98.83707, 34.15649 ], [ -98.85451, 34.16171 ], [ -98.85732, 34.16109 ], [ -98.85842, 34.15273 ], [ -98.86013, 34.14991 ], [ -98.86575, 34.14913 ], [ -98.87327, 34.1536 ], [ -98.87496, 34.15703 ], [ -98.87121, 34.16301 ], [ -98.87292, 34.16658 ], [ -98.88711, 34.16826 ], [ -98.89295, 34.17268 ], [ -98.89838, 34.17511 ], [ -98.90935, 34.1775 ], [ -98.9207, 34.18344 ], [ -98.9333, 34.19732 ], [ -98.94022, 34.20369 ], [ -98.95128, 34.21219 ], [ -98.95836, 34.2137 ], [ -98.96219, 34.21118 ], [ -98.96235, 34.20456 ], [ -98.96574, 34.20146 ], [ -98.97261, 34.20259 ], [ -98.97666, 34.20654 ], [ -98.98125, 34.21745 ], [ -98.98566, 34.22042 ], [ -98.9917, 34.22143 ], [ -99.00065, 34.21754 ], [ -99.00469, 34.21414 ], [ -99.00183, 34.21051 ], [ -99.00567, 34.20659 ], [ -99.01296, 34.20319 ], [ -99.01727, 34.20631 ], [ -99.02447, 34.20398 ], [ -99.03538, 34.20685 ], [ -99.03734, 34.20645 ], [ -99.04336, 34.19824 ], [ -99.05635, 34.20001 ], [ -99.06021, 34.20479 ], [ -99.06633, 34.20843 ], [ -99.07584, 34.21125 ], [ -99.08058, 34.21148 ], [ -99.08975, 34.20857 ], [ -99.09527, 34.21184 ], [ -99.10025, 34.20887 ], [ -99.10219, 34.20548 ], [ -99.10753, 34.20385 ], [ -99.11284, 34.20582 ], [ -99.121, 34.20185 ], [ -99.12989, 34.20446 ], [ -99.13199, 34.20744 ], [ -99.12743, 34.21384 ], [ -99.12739, 34.21805 ], [ -99.13044, 34.21948 ], [ -99.13755, 34.21935 ], [ -99.14391, 34.21484 ], [ -99.14724, 34.20991 ], [ -99.15134, 34.2076 ], [ -99.15657, 34.20717 ], [ -99.17382, 34.21179 ], [ -99.18978, 34.21436 ], [ -99.19281, 34.21889 ], [ -99.18992, 34.22728 ], [ -99.19094, 34.23244 ], [ -99.19691, 34.24438 ], [ -99.1962, 34.24938 ], [ -99.19202, 34.25563 ], [ -99.19277, 34.25982 ], [ -99.19925, 34.26079 ], [ -99.19446, 34.27188 ], [ -99.19555, 34.28128 ], [ -99.20002, 34.28117 ], [ -99.20777, 34.28382 ], [ -99.21145, 34.29225 ], [ -99.20964, 34.29781 ], [ -99.21316, 34.30848 ], [ -99.21099, 34.31438 ], [ -99.20658, 34.31696 ], [ -99.20594, 34.32058 ], [ -99.20957, 34.32492 ], [ -99.21099, 34.3321 ], [ -99.20883, 34.33917 ], [ -99.21965, 34.34136 ], [ -99.22712, 34.33777 ], [ -99.2343, 34.34045 ], [ -99.23211, 34.34558 ], [ -99.22798, 34.34946 ], [ -99.23413, 34.35346 ], [ -99.23652, 34.35857 ], [ -99.23756, 34.3667 ], [ -99.24445, 34.3637 ], [ -99.24812, 34.36743 ], [ -99.24286, 34.37268 ], [ -99.24888, 34.376 ], [ -99.25463, 34.37242 ], [ -99.25861, 34.37265 ], [ -99.2592, 34.377 ], [ -99.2698, 34.38084 ], [ -99.27441, 34.38435 ], [ -99.27309, 34.38785 ], [ -99.26444, 34.3881 ], [ -99.25881, 34.39208 ], [ -99.2616, 34.39451 ], [ -99.26127, 34.40351 ], [ -99.26727, 34.4053 ], [ -99.26921, 34.40225 ], [ -99.27526, 34.4001 ], [ -99.28317, 34.40295 ], [ -99.28284, 34.40748 ], [ -99.28791, 34.41403 ], [ -99.29463, 34.41538 ], [ -99.30926, 34.4097 ], [ -99.31636, 34.40822 ], [ -99.32007, 34.40927 ], [ -99.32423, 34.41446 ], [ -99.3287, 34.42238 ], [ -99.33409, 34.42752 ], [ -99.34013, 34.4301 ], [ -99.35059, 34.43699 ], [ -99.3569, 34.44208 ], [ -99.35485, 34.4518 ], [ -99.35897, 34.45581 ], [ -99.36979, 34.45864 ], [ -99.37555, 34.45879 ], [ -99.38201, 34.4561 ], [ -99.38923, 34.44686 ], [ -99.39519, 34.44203 ], [ -99.39612, 34.43497 ], [ -99.39302, 34.43142 ], [ -99.39364, 34.42718 ], [ -99.39727, 34.42392 ], [ -99.39675, 34.41721 ], [ -99.38718, 34.41084 ], [ -99.39175, 34.40553 ], [ -99.39554, 34.39812 ], [ -99.39671, 34.39267 ], [ -99.39615, 34.38255 ], [ -99.39873, 34.37583 ], [ -99.40307, 34.37348 ], [ -99.40901, 34.37276 ], [ -99.41305, 34.37701 ], [ -99.42071, 34.38039 ], [ -99.42368, 34.38566 ], [ -99.4275, 34.38514 ], [ -99.43026, 34.37972 ], [ -99.42932, 34.37583 ], [ -99.43104, 34.37112 ], [ -99.43827, 34.37116 ], [ -99.45296, 34.38816 ], [ -99.45547, 34.3861 ], [ -99.45633, 34.38039 ], [ -99.46105, 34.38067 ], [ -99.46246, 34.39114 ], [ -99.46638, 34.3959 ], [ -99.47379, 34.39535 ], [ -99.48722, 34.39795 ], [ -99.49043, 34.39969 ], [ -99.4941, 34.40476 ], [ -99.50037, 34.40968 ], [ -99.50762, 34.40989 ], [ -99.5111, 34.41271 ], [ -99.51762, 34.41449 ], [ -99.52979, 34.41145 ], [ -99.54153, 34.41324 ], [ -99.55051, 34.41294 ], [ -99.5622, 34.41732 ], [ -99.5697, 34.41842 ], [ -99.57976, 34.41693 ], [ -99.58437, 34.40815 ], [ -99.58348, 34.40374 ], [ -99.58531, 34.39812 ], [ -99.58453, 34.3912 ], [ -99.5876, 34.38587 ], [ -99.59298, 34.38241 ], [ -99.59632, 34.37714 ], [ -99.60003, 34.37469 ], [ -99.60585, 34.37668 ], [ -99.6242, 34.37358 ], [ -99.63242, 34.37809 ], [ -99.64276, 34.38155 ], [ -99.64814, 34.38231 ], [ -99.65267, 34.37741 ], [ -99.66395, 34.37368 ], [ -99.67138, 34.37771 ], [ -99.67828, 34.3798 ], [ -99.69453, 34.37822 ], [ -99.70119, 34.3852 ], [ -99.70666, 34.38598 ], [ -99.71268, 34.39093 ], [ -99.71484, 34.39452 ], [ -99.71459, 34.39956 ], [ -99.72078, 34.40657 ], [ -99.72703, 34.41055 ], [ -99.74091, 34.41476 ], [ -99.75345, 34.42085 ], [ -99.75961, 34.42667 ], [ -99.76723, 34.4305 ], [ -99.7656, 34.43749 ], [ -99.77574, 34.44423 ], [ -99.78376, 34.44501 ], [ -99.78608, 34.4511 ], [ -99.79368, 34.45389 ], [ -99.80115, 34.46232 ], [ -99.80286, 34.46567 ], [ -99.81431, 34.4762 ], [ -99.81857, 34.4845 ], [ -99.81672, 34.48972 ], [ -99.82184, 34.49785 ], [ -99.82605, 34.49778 ], [ -99.83412, 34.50136 ], [ -99.85305, 34.51158 ], [ -99.85647, 34.51574 ], [ -99.86489, 34.52299 ], [ -99.87225, 34.53172 ], [ -99.8766, 34.53971 ], [ -99.8809, 34.54222 ], [ -99.88874, 34.55045 ], [ -99.89601, 34.55553 ], [ -99.89894, 34.5558 ], [ -99.90999, 34.56213 ], [ -99.9218, 34.57025 ], [ -99.92321, 34.57455 ], [ -99.93035, 34.5769 ], [ -99.93428, 34.57676 ], [ -99.94468, 34.57913 ], [ -99.95382, 34.57853 ], [ -99.95754, 34.57271 ], [ -99.96561, 34.56584 ], [ -99.97101, 34.5625 ], [ -99.99302, 34.55952 ], [ -100.00028, 34.56045 ], [ -100.00042, 34.56944 ], [ -100.00036, 34.71443 ], [ -100.00038, 34.81897 ], [ -100.00038, 34.94282 ], [ -100.00038, 35.09511 ], [ -100.00042, 35.20464 ], [ -100.00012, 35.2388 ], [ -100.00039, 35.2474 ], [ -100.0004, 35.30641 ], [ -100.00039, 35.42237 ], [ -99.99966, 35.42236 ], [ -99.99977, 35.4929 ], [ -100.00039, 35.51913 ], [ -100.00039, 35.59223 ], [ -100.00039, 35.69252 ], [ -100.00039, 35.81304 ], [ -100.0004, 35.88471 ], [ -100.0004, 35.96775 ], [ -100.0004, 36.10053 ], [ -100.0004, 36.21101 ], [ -100.0004, 36.34242 ], [ -100.0004, 36.44047 ], [ -100.00041, 36.4997 ], [ -100.00376, 36.49985 ], [ -100.17008, 36.4999 ], [ -100.18122, 36.49963 ], [ -100.29288, 36.49988 ], [ -100.33446, 36.49942 ], [ -100.48919, 36.49948 ], [ -100.52223, 36.49929 ], [ -100.5832, 36.49949 ], [ -100.64524, 36.49946 ], [ -100.8241, 36.49962 ], [ -100.8503, 36.49987 ], [ -100.97383, 36.4999 ], [ -100.97727, 36.49959 ], [ -101.05397, 36.49953 ], [ -101.09899, 36.49912 ], [ -101.12543, 36.49952 ], [ -101.21927, 36.49946 ], [ -101.37358, 36.49958 ], [ -101.37544, 36.49934 ], [ -101.4966, 36.49946 ], [ -101.56745, 36.49952 ], [ -101.69869, 36.49951 ], [ -101.74382, 36.4998 ], [ -101.83406, 36.49956 ], [ -101.83845, 36.50003 ], [ -101.87815, 36.50003 ], [ -102.03233, 36.50026 ], [ -102.03234, 36.50057 ], [ -102.12207, 36.50068 ], [ -102.12545, 36.50032 ], [ -102.22058, 36.50033 ], [ -102.24499, 36.5007 ], [ -102.25045, 36.50037 ], [ -102.36649, 36.5004 ], [ -102.37546, 36.50055 ], [ -102.50046, 36.50044 ], [ -102.62547, 36.50036 ], [ -102.69698, 36.50045 ], [ -102.72973, 36.50067 ], [ -102.75047, 36.5004 ], [ -102.82122, 36.50063 ], [ -102.86809, 36.50047 ], [ -102.87548, 36.50024 ], [ -103.04171, 36.50044 ], [ -103.04162, 36.43948 ], [ -103.04145, 36.318 ], [ -103.04124, 36.31592 ], [ -103.04114, 36.23391 ], [ -103.041, 36.15521 ], [ -103.041, 36.08363 ], [ -103.04123, 36.04774 ], [ -103.04104, 36.03105 ], [ -103.04086, 35.95727 ], [ -103.04111, 35.82923 ], [ -103.04135, 35.73945 ], [ -103.04161, 35.66481 ], [ -103.04179, 35.57974 ], [ -103.04189, 35.48698 ], [ -103.04197, 35.41944 ], [ -103.04229, 35.30886 ], [ -103.04252, 35.21433 ], [ -103.04257, 35.1175 ], [ -103.04273, 35.00007 ], [ -103.04269, 34.91396 ], [ -103.04298, 34.79215 ], [ -103.04266, 34.78497 ], [ -103.04298, 34.74736 ], [ -102.998, 34.74769 ], [ -102.8755, 34.74758 ], [ -102.87484, 34.7475 ], [ -102.75049, 34.74752 ], [ -102.74309, 34.74741 ], [ -102.62549, 34.74731 ], [ -102.47751, 34.74668 ], [ -102.3709, 34.74602 ], [ -102.26358, 34.74679 ], [ -102.22757, 34.74716 ], [ -102.16884, 34.74661 ], [ -102.16884, 34.74742 ], [ -102.12548, 34.74766 ], [ -102.06696, 34.74772 ], [ -102.02651, 34.74808 ], [ -101.95043, 34.74824 ], [ -101.87532, 34.7482 ], [ -101.75046, 34.7479 ], [ -101.74071, 34.74753 ], [ -101.62545, 34.74766 ], [ -101.55615, 34.74746 ], [ -101.50044, 34.74762 ], [ -101.47156, 34.74746 ], [ -101.47138, 34.62523 ], [ -101.47165, 34.62211 ], [ -101.47192, 34.53979 ], [ -101.4716, 34.52994 ], [ -101.47205, 34.49275 ], [ -101.47193, 34.37512 ], [ -101.47158, 34.31229 ], [ -101.37307, 34.31228 ], [ -101.32917, 34.31258 ], [ -101.29289, 34.31225 ], [ -101.20518, 34.31226 ], [ -101.10396, 34.31225 ], [ -101.04148, 34.31244 ], [ -101.0415, 34.25007 ], [ -101.04132, 34.18974 ], [ -101.04148, 34.1199 ], [ -101.04141, 33.97737 ], [ -101.04176, 33.96289 ], [ -101.0414, 33.9429 ], [ -101.04142, 33.87508 ], [ -101.04091, 33.79469 ], [ -101.04036, 33.70353 ], [ -101.04043, 33.68904 ], [ -101.03984, 33.62508 ], [ -101.03886, 33.50009 ], [ -101.03879, 33.39721 ], [ -101.00176, 33.39718 ], [ -100.99322, 33.39751 ], [ -100.94963, 33.39747 ], [ -100.84485, 33.39812 ], [ -100.75033, 33.39829 ], [ -100.73437, 33.39893 ], [ -100.6254, 33.39906 ], [ -100.50039, 33.39767 ], [ -100.43306, 33.39756 ], [ -100.33543, 33.39753 ], [ -100.29575, 33.397 ], [ -100.26094, 33.39759 ], [ -100.25038, 33.39803 ], [ -100.12538, 33.39738 ], [ -100.11295, 33.39784 ], [ -100.00379, 33.39765 ], [ -100.00038, 33.39739 ], [ -99.93025, 33.39761 ], [ -99.87537, 33.39761 ], [ -99.86866, 33.39781 ], [ -99.8094, 33.39796 ], [ -99.75037, 33.39838 ], [ -99.69385, 33.39847 ], [ -99.51637, 33.39883 ], [ -99.48527, 33.39906 ], [ -99.40463, 33.39882 ], [ -99.28015, 33.39862 ], [ -99.20503, 33.39837 ], [ -99.08759, 33.39803 ], [ -98.95394, 33.39753 ], [ -98.8768, 33.39728 ], [ -98.83838, 33.397 ], [ -98.75034, 33.39566 ], [ -98.62533, 33.39559 ], [ -98.62307, 33.39542 ], [ -98.50033, 33.39604 ], [ -98.42067, 33.3962 ], [ -98.42142, 33.4668 ], [ -98.37533, 33.46673 ], [ -98.36091, 33.46649 ], [ -98.25905, 33.46629 ], [ -98.24911, 33.46637 ], [ -98.12638, 33.46622 ], [ -97.97892, 33.46713 ], [ -97.97897, 33.43375 ], [ -97.91819, 33.43387 ], [ -97.91849, 33.35982 ], [ -97.91911, 33.30744 ] ] ] } },
{ "type": "Feature", "properties": { "region_id": "CD14" }, "geometry": { "type": "Polygon", "coordinates": [ [ [ -95.58283, 29.58058 ], [ -95.58111, 29.56883 ], [ -95.58506, 29.56574 ], [ -95.58916, 29.56714 ], [ -95.58874, 29.55283 ], [ -95.58314, 29.55243 ], [ -95.58149, 29.53448 ], [ -95.59678, 29.52922 ], [ -95.59618, 29.52501 ], [ -95.5932, 29.52374 ], [ -95.58895, 29.52997 ], [ -95.58545, 29.53113 ], [ -95.58181, 29.52692 ], [ -95.58328, 29.52034 ], [ -95.58699, 29.51845 ], [ -95.59178, 29.51934 ], [ -95.59423, 29.51698 ], [ -95.59113, 29.51208 ], [ -95.58437, 29.5133 ], [ -95.58316, 29.50977 ], [ -95.58784, 29.50623 ], [ -95.58374, 29.50314 ], [ -95.57918, 29.50675 ], [ -95.57838, 29.51209 ], [ -95.57464, 29.51399 ], [ -95.57194, 29.50859 ], [ -95.56521, 29.50742 ], [ -95.56026, 29.50483 ], [ -95.55376, 29.50351 ], [ -95.55351, 29.5002 ], [ -95.55656, 29.49587 ], [ -95.55179, 29.49007 ], [ -95.54516, 29.48919 ], [ -95.54416, 29.48422 ], [ -95.54789, 29.47901 ], [ -95.54376, 29.46685 ], [ -95.53668, 29.46306 ], [ -95.53299, 29.45822 ], [ -95.53402, 29.44251 ], [ -95.53716, 29.43866 ], [ -95.54108, 29.43969 ], [ -95.54458, 29.44428 ], [ -95.55012, 29.44115 ], [ -95.55009, 29.43521 ], [ -95.55177, 29.42882 ], [ -95.55594, 29.42534 ], [ -95.55596, 29.42278 ], [ -95.55192, 29.41964 ], [ -95.54583, 29.40774 ], [ -95.54986, 29.40262 ], [ -95.54758, 29.3952 ], [ -95.55886, 29.39049 ], [ -95.56729, 29.38969 ], [ -95.57234, 29.38383 ], [ -95.57574, 29.37593 ], [ -95.57794, 29.3651 ], [ -95.58048, 29.36086 ], [ -95.57548, 29.35789 ], [ -95.5761, 29.35286 ], [ -95.5821, 29.35155 ], [ -95.58261, 29.34857 ], [ -95.57921, 29.34373 ], [ -95.57917, 29.34053 ], [ -95.58287, 29.33815 ], [ -95.54838, 29.33872 ], [ -95.50116, 29.33977 ], [ -95.41869, 29.34134 ], [ -95.42267, 29.35178 ], [ -95.41863, 29.3514 ], [ -95.3624, 29.35264 ], [ -95.32332, 29.37101 ], [ -95.32745, 29.37357 ], [ -95.332, 29.37291 ], [ -95.33483, 29.37545 ], [ -95.3342, 29.38137 ], [ -95.31514, 29.39046 ], [ -95.31712, 29.39344 ], [ -95.29974, 29.40173 ], [ -95.29174, 29.39576 ], [ -95.2773, 29.41049 ], [ -95.26535, 29.41079 ], [ -95.26109, 29.40881 ], [ -95.23355, 29.40946 ], [ -95.22838, 29.41843 ], [ -95.22735, 29.42321 ], [ -95.2206, 29.42024 ], [ -95.20834, 29.41991 ], [ -95.20612, 29.41379 ], [ -95.19592, 29.40946 ], [ -95.1756, 29.37962 ], [ -95.16556, 29.36383 ], [ -95.14681, 29.33651 ], [ -95.11995, 29.29611 ], [ -95.08315, 29.24126 ], [ -95.07172, 29.22308 ], [ -95.05657, 29.19986 ], [ -95.06619, 29.18365 ], [ -95.12993, 29.08562 ], [ -95.12523, 29.08106 ], [ -95.09162, 29.06274 ], [ -95.0864, 29.06824 ], [ -95.0002, 29.10445 ], [ -94.96424, 29.12524 ], [ -94.96366, 29.12524 ], [ -94.91217, 29.15932 ], [ -94.84015, 29.19835 ], [ -94.83939, 29.19852 ], [ -94.77269, 29.23172 ], [ -94.75074, 29.24693 ], [ -94.74117, 29.25958 ], [ -94.71331, 29.28252 ], [ -94.69231, 29.27705 ], [ -94.68029, 29.2776 ], [ -94.66622, 29.28105 ], [ -94.65036, 29.29189 ], [ -94.64242, 29.30014 ], [ -94.63802, 29.30796 ], [ -94.62903, 29.32164 ], [ -94.62417, 29.3352 ], [ -94.6239, 29.34314 ], [ -94.62519, 29.34952 ], [ -94.62858, 29.35828 ], [ -94.63605, 29.37064 ], [ -94.64355, 29.37849 ], [ -94.65031, 29.38282 ], [ -94.62519, 29.39766 ], [ -94.50019, 29.45159 ], [ -94.49945, 29.45234 ], [ -94.41972, 29.48316 ], [ -94.37587, 29.49978 ], [ -94.37035, 29.50023 ], [ -94.25018, 29.5476 ], [ -94.25018, 29.54676 ], [ -94.12518, 29.59556 ], [ -94.03357, 29.625 ], [ -93.90604, 29.625 ], [ -93.87501, 29.62143 ], [ -93.86653, 29.61183 ], [ -93.85798, 29.60509 ], [ -93.84859, 29.60026 ], [ -93.83649, 29.59685 ], [ -93.82579, 29.59583 ], [ -93.81435, 29.59658 ], [ -93.82831, 29.65758 ], [ -93.83108, 29.66688 ], [ -93.8342, 29.68107 ], [ -93.83741, 29.68989 ], [ -93.8445, 29.69964 ], [ -93.8632, 29.72406 ], [ -93.87002, 29.73548 ], [ -93.87394, 29.73777 ], [ -93.88882, 29.74223 ], [ -93.89248, 29.74612 ], [ -93.89381, 29.75316 ], [ -93.89079, 29.76087 ], [ -93.89225, 29.76524 ], [ -93.89847, 29.77158 ], [ -93.92241, 29.78505 ], [ -93.9265, 29.78956 ], [ -93.92881, 29.79708 ], [ -93.92921, 29.80295 ], [ -93.92799, 29.80964 ], [ -93.92274, 29.81881 ], [ -93.91636, 29.82497 ], [ -93.90358, 29.835 ], [ -93.88621, 29.84572 ], [ -93.87245, 29.85165 ], [ -93.8599, 29.85992 ], [ -93.85514, 29.8641 ], [ -93.84292, 29.87729 ], [ -93.83037, 29.89436 ], [ -93.81729, 29.91842 ], [ -93.81373, 29.93513 ], [ -93.81037, 29.94735 ], [ -93.80655, 29.95745 ], [ -93.79615, 29.97204 ], [ -93.79242, 29.97911 ], [ -93.79009, 29.98656 ], [ -93.78317, 29.99322 ], [ -93.77157, 29.99592 ], [ -93.76839, 30.00181 ], [ -93.75853, 30.0125 ], [ -93.75501, 30.01536 ], [ -93.74308, 30.02005 ], [ -93.73973, 30.02399 ], [ -93.73916, 30.03263 ], [ -93.73671, 30.03839 ], [ -93.72719, 30.0465 ], [ -93.7208, 30.05304 ], [ -93.71945, 30.06381 ], [ -93.71377, 30.06569 ], [ -93.71107, 30.05439 ], [ -93.70415, 30.05421 ], [ -93.70019, 30.057 ], [ -93.69942, 30.06032 ], [ -93.7031, 30.06626 ], [ -93.71546, 30.06892 ], [ -93.7189, 30.07118 ], [ -93.72591, 30.07847 ], [ -93.73277, 30.08286 ], [ -93.73313, 30.08837 ], [ -93.72954, 30.08787 ], [ -93.72742, 30.08287 ], [ -93.72308, 30.08455 ], [ -93.7241, 30.09301 ], [ -93.7146, 30.10182 ], [ -93.713, 30.10786 ], [ -93.71071, 30.10976 ], [ -93.70426, 30.11066 ], [ -93.70341, 30.11719 ], [ -93.70069, 30.12511 ], [ -93.70194, 30.12932 ], [ -93.70125, 30.13738 ], [ -93.69758, 30.1381 ], [ -93.69285, 30.13521 ], [ -93.68883, 30.13994 ], [ -93.6933, 30.1419 ], [ -93.69774, 30.15295 ], [ -93.70615, 30.1506 ], [ -93.707, 30.15746 ], [ -93.70272, 30.16175 ], [ -93.703, 30.1717 ], [ -93.70736, 30.17945 ], [ -93.71054, 30.17973 ], [ -93.70983, 30.191 ], [ -93.70604, 30.19398 ], [ -93.71006, 30.19697 ], [ -93.71486, 30.19775 ], [ -93.71793, 30.20054 ], [ -93.715, 30.20449 ], [ -93.72093, 30.20846 ], [ -93.71712, 30.21263 ], [ -93.72069, 30.21548 ], [ -93.71846, 30.22 ], [ -93.71215, 30.21982 ], [ -93.71152, 30.22323 ], [ -93.71343, 30.22947 ], [ -93.70816, 30.23596 ], [ -93.70945, 30.23851 ], [ -93.70322, 30.23976 ], [ -93.70699, 30.24374 ], [ -93.71622, 30.24432 ], [ -93.75028, 30.24383 ], [ -93.84897, 30.24325 ], [ -93.87516, 30.2429 ], [ -93.99893, 30.2421 ], [ -94.02412, 30.24211 ], [ -94.11703, 30.24165 ], [ -94.1157, 30.22251 ], [ -94.11631, 30.21888 ], [ -94.1064, 30.2112 ], [ -94.10279, 30.21159 ], [ -94.09469, 30.20296 ], [ -94.09512, 30.19705 ], [ -94.09939, 30.19209 ], [ -94.10498, 30.19307 ], [ -94.10506, 30.18791 ], [ -94.1101, 30.18834 ], [ -94.11158, 30.18392 ], [ -94.1124, 30.1752 ], [ -94.11477, 30.17264 ], [ -94.11026, 30.16762 ], [ -94.11592, 30.16035 ], [ -94.11358, 30.15514 ], [ -94.11348, 30.14831 ], [ -94.10983, 30.1458 ], [ -94.1035, 30.14512 ], [ -94.10089, 30.14303 ], [ -94.10558, 30.1349 ], [ -94.09858, 30.13623 ], [ -94.09268, 30.13141 ], [ -94.08718, 30.13081 ], [ -94.07958, 30.12711 ], [ -94.07838, 30.12221 ], [ -94.07428, 30.11651 ], [ -94.07438, 30.11211 ], [ -94.07868, 30.10611 ], [ -94.08728, 30.10281 ], [ -94.09104, 30.09474 ], [ -94.08638, 30.08901 ], [ -94.09378, 30.08661 ], [ -94.10205, 30.08811 ], [ -94.10431, 30.08224 ], [ -94.10838, 30.08106 ], [ -94.08799, 30.06047 ], [ -94.08934, 30.04812 ], [ -94.09278, 30.04728 ], [ -94.09277, 30.04231 ], [ -94.11582, 30.04199 ], [ -94.1158, 30.03914 ], [ -94.13529, 30.04386 ], [ -94.14149, 30.04947 ], [ -94.14121, 30.05378 ], [ -94.17591, 30.01958 ], [ -94.18769, 30.0076 ], [ -94.24644, 29.94962 ], [ -94.26884, 29.93164 ], [ -94.33784, 29.8754 ], [ -94.35751, 29.85835 ], [ -94.35652, 29.79072 ], [ -94.35546, 29.72926 ], [ -94.35519, 29.70086 ], [ -94.35395, 29.6115 ], [ -94.36556, 29.60483 ], [ -94.36559, 29.61741 ], [ -94.37948, 29.61705 ], [ -94.38797, 29.59692 ], [ -94.38974, 29.59479 ], [ -94.39806, 29.5968 ], [ -94.40383, 29.59616 ], [ -94.40648, 29.59826 ], [ -94.4143, 29.59022 ], [ -94.41918, 29.58919 ], [ -94.41878, 29.586 ], [ -94.41526, 29.58365 ], [ -94.41655, 29.57923 ], [ -94.41244, 29.57337 ], [ -94.42287, 29.56626 ], [ -94.43624, 29.56431 ], [ -94.43926, 29.56543 ], [ -94.44356, 29.56237 ], [ -94.4478, 29.56405 ], [ -94.45806, 29.56096 ], [ -94.46312, 29.56074 ], [ -94.47097, 29.55696 ], [ -94.47464, 29.55833 ], [ -94.4813, 29.55447 ], [ -94.48663, 29.55385 ], [ -94.49617, 29.54949 ], [ -94.49818, 29.54482 ], [ -94.50913, 29.54337 ], [ -94.51707, 29.54134 ], [ -94.5233, 29.54105 ], [ -94.52288, 29.55037 ], [ -94.52868, 29.5561 ], [ -94.53676, 29.56079 ], [ -94.54164, 29.56858 ], [ -94.54591, 29.5725 ], [ -94.55346, 29.57436 ], [ -94.56432, 29.57401 ], [ -94.56939, 29.57285 ], [ -94.57854, 29.56781 ], [ -94.60153, 29.55943 ], [ -94.61749, 29.55477 ], [ -94.62725, 29.55348 ], [ -94.6377, 29.55025 ], [ -94.65675, 29.54778 ], [ -94.66685, 29.54378 ], [ -94.67873, 29.54115 ], [ -94.68625, 29.53834 ], [ -94.70011, 29.53784 ], [ -94.70315, 29.53857 ], [ -94.71066, 29.53721 ], [ -94.71669, 29.53423 ], [ -94.72006, 29.53425 ], [ -94.74092, 29.52672 ], [ -94.7467, 29.52775 ], [ -94.75582, 29.5245 ], [ -94.76257, 29.52416 ], [ -94.77638, 29.52858 ], [ -94.77947, 29.53023 ], [ -94.78413, 29.53612 ], [ -94.78488, 29.54 ], [ -94.79382, 29.55094 ], [ -94.80299, 29.54572 ], [ -94.80618, 29.54256 ], [ -94.81496, 29.5278 ], [ -94.82294, 29.5204 ], [ -94.82812, 29.51777 ], [ -94.83338, 29.51691 ], [ -94.84845, 29.51709 ], [ -94.86795, 29.51591 ], [ -94.8752, 29.51467 ], [ -94.88631, 29.51082 ], [ -94.89684, 29.50551 ], [ -94.90847, 29.49751 ], [ -94.9144, 29.4965 ], [ -94.93937, 29.50192 ], [ -94.95433, 29.50605 ], [ -94.96736, 29.50851 ], [ -94.97806, 29.51167 ], [ -94.99249, 29.51832 ], [ -95.0031, 29.52606 ], [ -95.0093, 29.53453 ], [ -95.01458, 29.53888 ], [ -95.0182, 29.5546 ], [ -95.02304, 29.54943 ], [ -95.02808, 29.54745 ], [ -95.02878, 29.55227 ], [ -95.04189, 29.5546 ], [ -95.05013, 29.55855 ], [ -95.06314, 29.55889 ], [ -95.07011, 29.55609 ], [ -95.07247, 29.55021 ], [ -95.07851, 29.54503 ], [ -95.08023, 29.54014 ], [ -95.07859, 29.53726 ], [ -95.08011, 29.53367 ], [ -95.08593, 29.53485 ], [ -95.08935, 29.53121 ], [ -95.09452, 29.53574 ], [ -95.09698, 29.53374 ], [ -95.09369, 29.52534 ], [ -95.09923, 29.51841 ], [ -95.10607, 29.51686 ], [ -95.10433, 29.51073 ], [ -95.1081, 29.50965 ], [ -95.11375, 29.51061 ], [ -95.118, 29.50719 ], [ -95.12401, 29.51048 ], [ -95.12868, 29.50822 ], [ -95.12915, 29.50539 ], [ -95.14102, 29.50649 ], [ -95.14888, 29.4987 ], [ -95.15151, 29.50039 ], [ -95.16199, 29.49734 ], [ -95.16292, 29.50134 ], [ -95.16643, 29.5021 ], [ -95.16749, 29.50596 ], [ -95.1713, 29.50945 ], [ -95.16738, 29.5119 ], [ -95.16967, 29.51489 ], [ -95.1831, 29.51902 ], [ -95.18943, 29.53117 ], [ -95.18836, 29.53489 ], [ -95.194, 29.53655 ], [ -95.19308, 29.54105 ], [ -95.19945, 29.54453 ], [ -95.19729, 29.54942 ], [ -95.19984, 29.55224 ], [ -95.19768, 29.55728 ], [ -95.20043, 29.56147 ], [ -95.20392, 29.55885 ], [ -95.21788, 29.55939 ], [ -95.22134, 29.55702 ], [ -95.22825, 29.56003 ], [ -95.23367, 29.55714 ], [ -95.23798, 29.56143 ], [ -95.24161, 29.55971 ], [ -95.24269, 29.55517 ], [ -95.25476, 29.55499 ], [ -95.25249, 29.56079 ], [ -95.25851, 29.57108 ], [ -95.26697, 29.56655 ], [ -95.27397, 29.56017 ], [ -95.27956, 29.56314 ], [ -95.28606, 29.56368 ], [ -95.28582, 29.55995 ], [ -95.28999, 29.55986 ], [ -95.29017, 29.54563 ], [ -95.29769, 29.54529 ], [ -95.29776, 29.54941 ], [ -95.3058, 29.54658 ], [ -95.31322, 29.54642 ], [ -95.31834, 29.54487 ], [ -95.3255, 29.54479 ], [ -95.33071, 29.54125 ], [ -95.35162, 29.54093 ], [ -95.35149, 29.53464 ], [ -95.35723, 29.53741 ], [ -95.35663, 29.54094 ], [ -95.364, 29.5388 ], [ -95.37552, 29.54169 ], [ -95.43127, 29.54038 ], [ -95.4353, 29.53992 ], [ -95.4463, 29.49964 ], [ -95.45385, 29.5035 ], [ -95.4554, 29.5071 ], [ -95.46115, 29.5073 ], [ -95.50463, 29.53004 ], [ -95.53803, 29.54005 ], [ -95.54291, 29.54011 ], [ -95.54673, 29.54269 ], [ -95.5551, 29.555 ], [ -95.5506, 29.55829 ], [ -95.55043, 29.56181 ], [ -95.53939, 29.56159 ], [ -95.53822, 29.56346 ], [ -95.54017, 29.57048 ], [ -95.5431, 29.57334 ], [ -95.54719, 29.57346 ], [ -95.55221, 29.57616 ], [ -95.56399, 29.57588 ], [ -95.56395, 29.56671 ], [ -95.56962, 29.57146 ], [ -95.58283, 29.58058 ] ] ] } },
{ "type": "Feature", "properties": { "region_id": "CD15" }, "geometry": { "type": "Polygon", "coordinates": [ [ [ -98.26586, 26.11733 ], [ -98.27087, 26.11473 ], [ -98.2719, 26.11176 ], [ -98.26994, 26.1075 ], [ -98.27448, 26.10637 ], [ -98.28119, 26.10773 ], [ -98.28854, 26.10531 ], [ -98.28429, 26.10109 ], [ -98.27722, 26.0988 ], [ -98.26839, 26.09314 ], [ -98.26317, 26.08449 ], [ -98.25155, 26.07903 ], [ -98.25096, 26.07409 ], [ -98.24874, 26.07204 ], [ -98.24008, 26.07502 ], [ -98.2301, 26.07716 ], [ -98.22122, 26.07661 ], [ -98.21683, 26.07444 ], [ -98.2114, 26.06851 ], [ -98.20456, 26.06605 ], [ -98.19847, 26.0554 ], [ -98.1923, 26.05345 ], [ -98.18951, 26.0624 ], [ -98.18541, 26.06426 ], [ -98.17972, 26.0601 ], [ -98.17654, 26.06162 ], [ -98.1804, 26.06579 ], [ -98.17924, 26.07405 ], [ -98.1759, 26.07491 ], [ -98.17125, 26.06968 ], [ -98.16883, 26.06299 ], [ -98.16168, 26.06424 ], [ -98.15833, 26.06058 ], [ -98.1621, 26.05709 ], [ -98.15926, 26.05374 ], [ -98.15407, 26.0579 ], [ -98.14937, 26.0558 ], [ -98.14778, 26.04964 ], [ -98.14323, 26.05108 ], [ -98.1373, 26.06084 ], [ -98.13656, 26.06967 ], [ -98.13348, 26.0735 ], [ -98.1284, 26.07153 ], [ -98.13101, 26.06684 ], [ -98.13037, 26.06315 ], [ -98.12687, 26.06185 ], [ -98.11749, 26.06497 ], [ -98.10381, 26.06709 ], [ -98.09849, 26.06097 ], [ -98.09443, 26.05862 ], [ -98.08309, 26.06288 ], [ -98.08469, 26.07086 ], [ -98.07909, 26.07051 ], [ -98.07598, 26.06674 ], [ -98.07568, 26.06217 ], [ -98.07002, 26.05147 ], [ -98.07236, 26.04388 ], [ -98.07991, 26.04127 ], [ -98.07758, 26.03682 ], [ -98.0712, 26.03707 ], [ -98.06509, 26.04483 ], [ -98.05979, 26.04607 ], [ -98.0547, 26.04459 ], [ -98.04736, 26.04444 ], [ -98.03837, 26.04211 ], [ -98.0344, 26.05137 ], [ -98.03351, 26.05997 ], [ -98.03149, 26.06422 ], [ -98.02554, 26.06596 ], [ -98.0227, 26.06042 ], [ -98.01667, 26.06066 ], [ -98.01468, 26.06535 ], [ -98.01101, 26.06092 ], [ -98.00029, 26.06504 ], [ -97.99725, 26.06414 ], [ -97.99355, 26.0592 ], [ -97.99048, 26.059 ], [ -97.9873, 26.06572 ], [ -97.98016, 26.06651 ], [ -97.97929, 26.06054 ], [ -97.97431, 26.0576 ], [ -97.96942, 26.0527 ], [ -97.96607, 26.05194 ], [ -97.957, 26.05996 ], [ -97.95118, 26.06196 ], [ -97.9434, 26.05892 ], [ -97.93792, 26.05352 ], [ -97.93425, 26.05283 ], [ -97.93188, 26.0562 ], [ -97.9361, 26.05999 ], [ -97.93559, 26.06432 ], [ -97.93229, 26.06466 ], [ -97.92719, 26.05532 ], [ -97.92139, 26.05777 ], [ -97.90986, 26.05686 ], [ -97.8999, 26.06122 ], [ -97.89365, 26.06017 ], [ -97.88839, 26.06243 ], [ -97.88765, 26.06644 ], [ -97.87875, 26.06527 ], [ -97.87407, 26.06244 ], [ -97.86861, 26.05716 ], [ -97.86408, 26.06802 ], [ -97.86182, 26.06992 ], [ -97.86193, 26.17948 ], [ -97.86188, 26.30714 ], [ -97.86207, 26.32762 ], [ -97.86182, 26.38601 ], [ -97.86192, 26.43358 ], [ -97.90851, 26.43325 ], [ -97.9083, 26.43491 ], [ -98.00419, 26.44878 ], [ -97.99651, 26.49191 ], [ -97.99229, 26.49131 ], [ -97.98437, 26.53658 ], [ -97.96391, 26.5335 ], [ -97.96884, 26.55136 ], [ -97.96809, 26.56892 ], [ -97.96442, 26.56875 ], [ -97.95741, 26.61177 ], [ -97.9853, 26.61581 ], [ -97.9854, 26.62527 ], [ -97.98539, 26.74414 ], [ -97.98554, 26.75034 ], [ -97.98549, 26.84295 ], [ -97.98572, 26.92106 ], [ -97.98573, 27.00033 ], [ -97.9857, 27.07033 ], [ -97.98586, 27.13916 ], [ -97.98585, 27.25032 ], [ -97.98608, 27.26049 ], [ -98.00995, 27.2605 ], [ -98.05808, 27.26098 ], [ -98.05863, 27.36567 ], [ -98.05921, 27.49601 ], [ -98.0598, 27.63587 ], [ -98.00143, 27.63571 ], [ -97.94215, 27.63593 ], [ -97.93954, 27.67959 ], [ -97.93875, 27.68839 ], [ -97.93366, 27.77644 ], [ -97.93389, 27.8395 ], [ -97.93427, 27.8852 ], [ -97.90246, 27.91128 ], [ -97.898, 27.91425 ], [ -97.82331, 27.97529 ], [ -97.79863, 27.99557 ], [ -97.79862, 27.98944 ], [ -97.8028, 27.97939 ], [ -97.80597, 27.97887 ], [ -97.80654, 27.97414 ], [ -97.81586, 27.97354 ], [ -97.81739, 27.96924 ], [ -97.81201, 27.96439 ], [ -97.80984, 27.95776 ], [ -97.8102, 27.9512 ], [ -97.80867, 27.94587 ], [ -97.80617, 27.94508 ], [ -97.80767, 27.93959 ], [ -97.8058, 27.9358 ], [ -97.80213, 27.93383 ], [ -97.79697, 27.93548 ], [ -97.79576, 27.94193 ], [ -97.79268, 27.94377 ], [ -97.78594, 27.94481 ], [ -97.78277, 27.94717 ], [ -97.77682, 27.94234 ], [ -97.7756, 27.93773 ], [ -97.76891, 27.93599 ], [ -97.7643, 27.93813 ], [ -97.76197, 27.93285 ], [ -97.76685, 27.92818 ], [ -97.7628, 27.9234 ], [ -97.75791, 27.92347 ], [ -97.75607, 27.92864 ], [ -97.74765, 27.93194 ], [ -97.74402, 27.92756 ], [ -97.73874, 27.92559 ], [ -97.73311, 27.92534 ], [ -97.72923, 27.92215 ], [ -97.73127, 27.9163 ], [ -97.72394, 27.9163 ], [ -97.71752, 27.91178 ], [ -97.71503, 27.91333 ], [ -97.71668, 27.91767 ], [ -97.70821, 27.92258 ], [ -97.70298, 27.92111 ], [ -97.69992, 27.91735 ], [ -97.69107, 27.91735 ], [ -97.68744, 27.91066 ], [ -97.69164, 27.90476 ], [ -97.68165, 27.90158 ], [ -97.67599, 27.89518 ], [ -97.6715, 27.89303 ], [ -97.67528, 27.88254 ], [ -97.66474, 27.87628 ], [ -97.65302, 27.8723 ], [ -97.64523, 27.87275 ], [ -97.64085, 27.87073 ], [ -97.63817, 27.86559 ], [ -97.63077, 27.8702 ], [ -97.62706, 27.87571 ], [ -97.62603, 27.8814 ], [ -97.62776, 27.88721 ], [ -97.63211, 27.89339 ], [ -97.62697, 27.8954 ], [ -97.62108, 27.8922 ], [ -97.6144, 27.89299 ], [ -97.60959, 27.89038 ], [ -97.60919, 27.8844 ], [ -97.61039, 27.87599 ], [ -97.60708, 27.86989 ], [ -97.59838, 27.8663 ], [ -97.59377, 27.8588 ], [ -97.58947, 27.8561 ], [ -97.5828, 27.85719 ], [ -97.57845, 27.85997 ], [ -97.57313, 27.86099 ], [ -97.56573, 27.85958 ], [ -97.55509, 27.86072 ], [ -97.54262, 27.85831 ], [ -97.53957, 27.8519 ], [ -97.53531, 27.84768 ], [ -97.5256, 27.8468 ], [ -97.51475, 27.84673 ], [ -97.50688, 27.84302 ], [ -97.50282, 27.84616 ], [ -97.49304, 27.8442 ], [ -97.49017, 27.83949 ], [ -97.48722, 27.84307 ], [ -97.49533, 27.84987 ], [ -97.50398, 27.85233 ], [ -97.51419, 27.85163 ], [ -97.51433, 27.85625 ], [ -97.51978, 27.8611 ], [ -97.51774, 27.86604 ], [ -97.51317, 27.87137 ], [ -97.50898, 27.87382 ], [ -97.50792, 27.87764 ], [ -97.49176, 27.88166 ], [ -97.48754, 27.87486 ], [ -97.48443, 27.87307 ], [ -97.48301, 27.86758 ], [ -97.48552, 27.8628 ], [ -97.48117, 27.85979 ], [ -97.47085, 27.86356 ], [ -97.47095, 27.86803 ], [ -97.46779, 27.86962 ], [ -97.46238, 27.86131 ], [ -97.45683, 27.8667 ], [ -97.4612, 27.8752 ], [ -97.4596, 27.87822 ], [ -97.45501, 27.87689 ], [ -97.4517, 27.86867 ], [ -97.44591, 27.86538 ], [ -97.44275, 27.86897 ], [ -97.42953, 27.86985 ], [ -97.42422, 27.86853 ], [ -97.41534, 27.86966 ], [ -97.40658, 27.87384 ], [ -97.39609, 27.87514 ], [ -97.37469, 27.87544 ], [ -97.35649, 27.88113 ], [ -97.34728, 27.88318 ], [ -97.34523, 27.88212 ], [ -97.3367, 27.88427 ], [ -97.33315, 27.88158 ], [ -97.32733, 27.88285 ], [ -97.31913, 27.88206 ], [ -97.31696, 27.87909 ], [ -97.30499, 27.87991 ], [ -97.30342, 27.88349 ], [ -97.30305, 27.89293 ], [ -97.30754, 27.89736 ], [ -97.29488, 27.91458 ], [ -97.28669, 27.9153 ], [ -97.2804, 27.91717 ], [ -97.27792, 27.91562 ], [ -97.2198, 27.88514 ], [ -97.21527, 27.88467 ], [ -97.20933, 27.88143 ], [ -97.17483, 27.92726 ], [ -97.16745, 27.92333 ], [ -97.16239, 27.92318 ], [ -97.15829, 27.92493 ], [ -97.1544, 27.92928 ], [ -97.14066, 27.91037 ], [ -97.13531, 27.91802 ], [ -97.12945, 27.92248 ], [ -97.10493, 27.9579 ], [ -97.08019, 27.98982 ], [ -97.07675, 27.99385 ], [ -97.0653, 28.0042 ], [ -97.06078, 28.00498 ], [ -97.05355, 28.02297 ], [ -97.0535, 28.0273 ], [ -97.04878, 28.02795 ], [ -97.04253, 28.03653 ], [ -97.04249, 28.04738 ], [ -97.04154, 28.05169 ], [ -97.04123, 28.07103 ], [ -97.0372, 28.08983 ], [ -97.02781, 28.10929 ], [ -97.00965, 28.13478 ], [ -97.0046, 28.14289 ], [ -97.00367, 28.14883 ], [ -96.99636, 28.17281 ], [ -96.98539, 28.23036 ], [ -96.96753, 28.26617 ], [ -96.95741, 28.27492 ], [ -96.95272, 28.28088 ], [ -96.92636, 28.34725 ], [ -96.89508, 28.42575 ], [ -96.88883, 28.44744 ], [ -96.9018, 28.45005 ], [ -96.90043, 28.45779 ], [ -96.92224, 28.46253 ], [ -96.92908, 28.46473 ], [ -96.99841, 28.49481 ], [ -96.9945, 28.50483 ], [ -96.99461, 28.50871 ], [ -97.00464, 28.50891 ], [ -97.00934, 28.51485 ], [ -97.01944, 28.5201 ], [ -97.0229, 28.51756 ], [ -97.02418, 28.52407 ], [ -97.02263, 28.52533 ], [ -97.02713, 28.53241 ], [ -97.02658, 28.54008 ], [ -97.03062, 28.54153 ], [ -97.03518, 28.538 ], [ -97.03986, 28.53207 ], [ -97.04467, 28.53184 ], [ -97.04726, 28.53794 ], [ -97.04406, 28.54273 ], [ -97.04819, 28.54737 ], [ -97.05587, 28.55018 ], [ -97.06124, 28.54561 ], [ -97.06224, 28.54077 ], [ -97.07158, 28.54678 ], [ -97.07592, 28.54364 ], [ -97.07967, 28.54547 ], [ -97.08245, 28.54161 ], [ -97.07733, 28.53686 ], [ -97.08152, 28.53265 ], [ -97.0837, 28.53487 ], [ -97.09084, 28.53458 ], [ -97.09492, 28.53843 ], [ -97.09802, 28.54731 ], [ -97.10411, 28.55123 ], [ -97.10517, 28.55481 ], [ -97.11022, 28.5537 ], [ -97.11516, 28.54894 ], [ -97.12647, 28.54867 ], [ -97.12758, 28.5454 ], [ -97.13373, 28.55109 ], [ -97.14026, 28.55383 ], [ -97.14286, 28.5486 ], [ -97.15012, 28.55278 ], [ -97.15504, 28.54811 ], [ -97.16311, 28.55663 ], [ -97.16111, 28.56388 ], [ -97.15464, 28.5674 ], [ -97.15397, 28.57017 ], [ -97.15861, 28.57447 ], [ -97.16244, 28.57135 ], [ -97.16576, 28.5813 ], [ -97.16572, 28.58521 ], [ -97.17156, 28.59364 ], [ -97.17612, 28.59521 ], [ -97.17535, 28.59916 ], [ -97.17962, 28.60381 ], [ -97.18236, 28.6106 ], [ -97.17788, 28.64769 ], [ -97.16773, 28.72785 ], [ -97.17023, 28.73637 ], [ -97.17797, 28.73693 ], [ -97.17571, 28.74211 ], [ -97.16784, 28.74792 ], [ -97.16621, 28.75219 ], [ -97.16786, 28.75888 ], [ -97.16411, 28.76475 ], [ -97.16175, 28.77339 ], [ -97.15893, 28.77616 ], [ -97.16164, 28.78354 ], [ -97.16992, 28.78561 ], [ -97.17632, 28.79073 ], [ -97.17942, 28.79803 ], [ -97.186, 28.80896 ], [ -97.19018, 28.81247 ], [ -97.19065, 28.81615 ], [ -97.18857, 28.82015 ], [ -97.18924, 28.82439 ], [ -97.18624, 28.83293 ], [ -97.18968, 28.83696 ], [ -97.19543, 28.83903 ], [ -97.205, 28.85504 ], [ -97.2107, 28.85568 ], [ -97.21658, 28.86064 ], [ -97.22819, 28.86331 ], [ -97.23197, 28.8653 ], [ -97.23624, 28.86489 ], [ -97.23634, 28.86127 ], [ -97.23317, 28.85662 ], [ -97.23923, 28.85382 ], [ -97.25027, 28.85754 ], [ -97.25445, 28.85727 ], [ -97.25594, 28.84843 ], [ -97.26026, 28.84719 ], [ -97.26706, 28.84869 ], [ -97.2714, 28.8474 ], [ -97.28422, 28.84699 ], [ -97.28682, 28.84512 ], [ -97.29319, 28.84741 ], [ -97.30051, 28.84411 ], [ -97.3034, 28.84537 ], [ -97.30488, 28.85073 ], [ -97.29769, 28.85364 ], [ -97.2997, 28.85676 ], [ -97.29858, 28.86196 ], [ -97.30592, 28.86404 ], [ -97.25027, 28.90532 ], [ -97.18605, 28.95232 ], [ -97.12527, 28.99667 ], [ -97.03319, 29.06433 ], [ -97.02565, 29.06796 ], [ -96.97638, 29.10405 ], [ -96.93859, 29.06324 ], [ -96.87526, 29.11006 ], [ -96.74155, 29.20455 ], [ -96.67717, 29.25025 ], [ -96.61713, 29.29381 ], [ -96.56055, 29.33544 ], [ -96.62525, 29.40269 ], [ -96.64724, 29.42505 ], [ -96.68758, 29.4665 ], [ -96.70688, 29.48757 ], [ -96.79313, 29.57738 ], [ -96.83281, 29.57686 ], [ -96.83875, 29.58305 ], [ -96.83577, 29.59277 ], [ -96.83336, 29.5953 ], [ -96.83715, 29.59899 ], [ -96.83793, 29.60379 ], [ -96.84425, 29.60894 ], [ -96.84234, 29.61283 ], [ -96.84312, 29.61657 ], [ -96.84735, 29.61706 ], [ -96.85099, 29.62151 ], [ -96.85914, 29.62438 ], [ -96.85908, 29.62673 ], [ -96.86597, 29.63063 ], [ -96.865, 29.63271 ], [ -96.92722, 29.63199 ], [ -96.99324, 29.63102 ], [ -97.04942, 29.62955 ], [ -97.08143, 29.62919 ], [ -97.14326, 29.62809 ], [ -97.13052, 29.6433 ], [ -97.18146, 29.68167 ], [ -97.20251, 29.69789 ], [ -97.24579, 29.73028 ], [ -97.27044, 29.74897 ], [ -97.27269, 29.75023 ], [ -97.31789, 29.78466 ], [ -97.38422, 29.74832 ], [ -97.47089, 29.70066 ], [ -97.58392, 29.63853 ], [ -97.59774, 29.63072 ], [ -97.59863, 29.63516 ], [ -97.60373, 29.64179 ], [ -97.60464, 29.63648 ], [ -97.61188, 29.63688 ], [ -97.61884, 29.63555 ], [ -97.61624, 29.64112 ], [ -97.61892, 29.64492 ], [ -97.62314, 29.6426 ], [ -97.62817, 29.6423 ], [ -97.63318, 29.64986 ], [ -97.66984, 29.60127 ], [ -97.7177, 29.53811 ], [ -97.74659, 29.50034 ], [ -97.75386, 29.48858 ], [ -97.78624, 29.44683 ], [ -97.85878, 29.35289 ], [ -97.79334, 29.2873 ], [ -97.7577, 29.25023 ], [ -97.75026, 29.2429 ], [ -97.65916, 29.15442 ], [ -97.61313, 29.10977 ], [ -97.62496, 29.1008 ], [ -97.63021, 29.09836 ], [ -97.66131, 29.07529 ], [ -97.67549, 29.06521 ], [ -97.74559, 29.01355 ], [ -97.75511, 29.00711 ], [ -97.69543, 28.94311 ], [ -97.63519, 28.87838 ], [ -97.62016, 28.86244 ], [ -97.57464, 28.8133 ], [ -97.66029, 28.75231 ], [ -97.70691, 28.7193 ], [ -97.77853, 28.66803 ], [ -97.78424, 28.67059 ], [ -97.788, 28.67583 ], [ -97.79189, 28.67695 ], [ -97.79523, 28.6734 ], [ -97.82531, 28.67034 ], [ -97.82624, 28.67493 ], [ -97.83542, 28.68015 ], [ -97.84082, 28.68051 ], [ -97.84606, 28.68305 ], [ -97.85475, 28.68531 ], [ -97.85837, 28.68434 ], [ -97.86579, 28.68884 ], [ -97.87067, 28.68952 ], [ -97.87939, 28.69372 ], [ -97.87901, 28.69558 ], [ -97.88908, 28.69991 ], [ -97.89356, 28.70503 ], [ -97.89666, 28.70465 ], [ -97.9022, 28.71301 ], [ -97.90711, 28.7133 ], [ -97.91511, 28.71965 ], [ -97.91814, 28.71916 ], [ -97.94672, 28.70948 ], [ -98.00525, 28.69024 ], [ -98.08976, 28.66298 ], [ -98.01651, 28.53921 ], [ -97.99132, 28.49673 ], [ -97.9507, 28.42597 ], [ -97.87528, 28.29713 ], [ -97.84821, 28.25028 ], [ -97.84523, 28.24622 ], [ -97.82984, 28.21916 ], [ -97.80877, 28.18342 ], [ -97.83829, 28.16219 ], [ -97.87362, 28.13615 ], [ -97.90408, 28.11423 ], [ -97.89803, 28.11367 ], [ -97.89927, 28.10435 ], [ -97.89812, 28.09945 ], [ -97.90342, 28.09932 ], [ -97.90756, 28.09729 ], [ -97.90819, 28.08793 ], [ -97.90497, 28.08738 ], [ -97.89911, 28.08156 ], [ -97.89544, 28.07587 ], [ -97.90112, 28.07588 ], [ -97.90122, 28.06784 ], [ -97.89534, 28.06118 ], [ -97.8911, 28.06339 ], [ -97.88931, 28.06066 ], [ -97.88404, 28.06003 ], [ -97.88315, 28.0569 ], [ -97.90862, 28.05668 ], [ -98.00903, 28.05704 ], [ -98.08397, 28.05748 ], [ -98.2355, 28.05797 ], [ -98.23542, 27.99582 ], [ -98.23511, 27.93955 ], [ -98.23454, 27.80484 ], [ -98.2343, 27.73014 ], [ -98.23372, 27.70492 ], [ -98.23379, 27.62368 ], [ -98.23353, 27.55123 ], [ -98.23314, 27.48732 ], [ -98.23282, 27.36422 ], [ -98.23246, 27.26249 ], [ -98.36349, 27.26375 ], [ -98.37529, 27.26374 ], [ -98.45624, 27.2644 ], [ -98.50029, 27.26496 ], [ -98.53665, 27.2652 ], [ -98.53411, 27.26189 ], [ -98.53158, 27.2548 ], [ -98.52728, 27.253 ], [ -98.52228, 27.25409 ], [ -98.51935, 27.25023 ], [ -98.51424, 27.2515 ], [ -98.5109, 27.25 ], [ -98.5098, 27.24375 ], [ -98.50617, 27.23873 ], [ -98.49647, 27.23691 ], [ -98.49294, 27.23501 ], [ -98.49291, 27.14206 ], [ -98.46728, 27.14201 ], [ -98.46654, 27.05471 ], [ -98.41788, 27.05529 ], [ -98.41838, 27.02186 ], [ -98.41909, 27.00033 ], [ -98.42117, 26.87703 ], [ -98.42182, 26.85803 ], [ -98.42232, 26.79948 ], [ -98.42262, 26.78353 ], [ -98.32067, 26.78308 ], [ -98.34784, 26.72702 ], [ -98.39676, 26.62534 ], [ -98.4085, 26.60359 ], [ -98.46328, 26.50034 ], [ -98.47827, 26.46981 ], [ -98.48582, 26.45784 ], [ -98.49194, 26.44536 ], [ -98.47517, 26.44319 ], [ -98.3655, 26.42807 ], [ -98.36612, 26.42398 ], [ -98.2592, 26.40831 ], [ -98.24956, 26.40724 ], [ -98.24847, 26.40556 ], [ -98.25811, 26.35189 ], [ -98.25942, 26.35207 ], [ -98.26441, 26.32384 ], [ -98.25867, 26.32303 ], [ -98.26832, 26.26612 ], [ -98.25989, 26.26496 ], [ -98.26302, 26.24688 ], [ -98.26422, 26.24361 ], [ -98.25559, 26.24232 ], [ -98.25438, 26.24951 ], [ -98.2464, 26.24843 ], [ -98.24764, 26.24127 ], [ -98.22835, 26.23991 ], [ -98.22997, 26.23287 ], [ -98.22076, 26.2316 ], [ -98.21951, 26.23872 ], [ -98.19782, 26.23599 ], [ -98.20024, 26.22167 ], [ -98.16346, 26.21661 ], [ -98.16996, 26.17847 ], [ -98.2067, 26.18345 ], [ -98.20549, 26.19027 ], [ -98.2108, 26.19095 ], [ -98.21337, 26.18884 ], [ -98.21935, 26.18761 ], [ -98.23245, 26.18939 ], [ -98.23431, 26.17842 ], [ -98.23004, 26.16869 ], [ -98.23205, 26.16025 ], [ -98.23693, 26.15543 ], [ -98.23986, 26.14554 ], [ -98.24894, 26.14677 ], [ -98.2496, 26.14279 ], [ -98.25545, 26.14358 ], [ -98.25966, 26.11861 ], [ -98.26586, 26.11733 ] ] ] } },
{ "type": "Feature", "properties": { "region_id": "CD16" }, "geometry": { "type": "Polygon", "coordinates": [ [ [ -106.29567, 31.60104 ], [ -106.25363, 31.61146 ], [ -106.2442, 31.60052 ], [ -106.23811, 31.60342 ], [ -106.23139, 31.60494 ], [ -106.22798, 31.60001 ], [ -106.22363, 31.60012 ], [ -106.22602, 31.61049 ], [ -106.21487, 31.61409 ], [ -106.2152, 31.60907 ], [ -106.21283, 31.60565 ], [ -106.20403, 31.61066 ], [ -106.19908, 31.604 ], [ -106.20699, 31.59885 ], [ -106.20237, 31.59427 ], [ -106.20043, 31.59632 ], [ -106.18066, 31.6081 ], [ -106.1952, 31.60799 ], [ -106.1981, 31.60933 ], [ -106.19798, 31.63949 ], [ -106.19824, 31.66852 ], [ -106.21533, 31.66855 ], [ -106.21562, 31.69433 ], [ -106.21778, 31.69898 ], [ -106.21189, 31.69898 ], [ -106.21592, 31.70649 ], [ -106.21607, 31.7261 ], [ -106.19905, 31.72615 ], [ -106.19937, 31.73869 ], [ -106.19911, 31.76932 ], [ -106.19972, 31.78409 ], [ -106.1995, 31.79813 ], [ -106.20011, 31.81559 ], [ -106.20507, 31.81494 ], [ -106.20463, 31.83391 ], [ -106.20564, 31.83371 ], [ -106.2656, 31.83383 ], [ -106.27318, 31.83237 ], [ -106.27292, 31.81966 ], [ -106.31922, 31.83468 ], [ -106.32199, 31.83652 ], [ -106.33025, 31.85008 ], [ -106.35537, 31.89302 ], [ -106.35852, 31.89638 ], [ -106.36613, 31.89907 ], [ -106.38857, 31.89891 ], [ -106.37064, 31.92717 ], [ -106.37394, 31.92841 ], [ -106.38943, 31.92835 ], [ -106.40697, 31.90204 ], [ -106.40728, 31.91429 ], [ -106.40496, 31.91475 ], [ -106.40211, 31.92302 ], [ -106.40748, 31.92312 ], [ -106.40758, 31.92837 ], [ -106.39157, 31.92841 ], [ -106.39078, 31.93337 ], [ -106.39488, 31.93339 ], [ -106.39936, 31.94641 ], [ -106.41139, 31.93702 ], [ -106.4236, 31.93069 ], [ -106.42481, 31.94324 ], [ -106.40794, 31.9434 ], [ -106.40924, 32.00101 ], [ -106.44383, 32.00075 ], [ -106.44392, 32.00119 ], [ -106.51706, 32.00076 ], [ -106.59911, 32.00073 ], [ -106.61849, 32.0005 ], [ -106.61945, 31.99473 ], [ -106.62357, 31.991 ], [ -106.63119, 31.98981 ], [ -106.6365, 31.98571 ], [ -106.63954, 31.98034 ], [ -106.63819, 31.97682 ], [ -106.6301, 31.97126 ], [ -106.62319, 31.97292 ], [ -106.61957, 31.97158 ], [ -106.61874, 31.96695 ], [ -106.6243, 31.96106 ], [ -106.62512, 31.95453 ], [ -106.62282, 31.95289 ], [ -106.61771, 31.95601 ], [ -106.61438, 31.95599 ], [ -106.61525, 31.94896 ], [ -106.62366, 31.94551 ], [ -106.62216, 31.93601 ], [ -106.62534, 31.93003 ], [ -106.62974, 31.92657 ], [ -106.61287, 31.92037 ], [ -106.61914, 31.91741 ], [ -106.62557, 31.91243 ], [ -106.63325, 31.90996 ], [ -106.64006, 31.90527 ], [ -106.64548, 31.89867 ], [ -106.6453, 31.89486 ], [ -106.63816, 31.89166 ], [ -106.63069, 31.88641 ], [ -106.63015, 31.88093 ], [ -106.63487, 31.87448 ], [ -106.63592, 31.86623 ], [ -106.62817, 31.86112 ], [ -106.62577, 31.85617 ], [ -106.61479, 31.84641 ], [ -106.60575, 31.84624 ], [ -106.6017, 31.84437 ], [ -106.60145, 31.8396 ], [ -106.60345, 31.83591 ], [ -106.6053, 31.82772 ], [ -106.60281, 31.82502 ], [ -106.59382, 31.8249 ], [ -106.58805, 31.82211 ], [ -106.57724, 31.81041 ], [ -106.57094, 31.81021 ], [ -106.56647, 31.81343 ], [ -106.56295, 31.81111 ], [ -106.54714, 31.8073 ], [ -106.54416, 31.80347 ], [ -106.536, 31.79851 ], [ -106.53311, 31.79286 ], [ -106.52706, 31.78871 ], [ -106.5285, 31.7815 ], [ -106.52099, 31.77383 ], [ -106.51487, 31.77159 ], [ -106.51225, 31.7686 ], [ -106.51006, 31.76126 ], [ -106.50582, 31.76047 ], [ -106.50009, 31.75553 ], [ -106.49055, 31.74892 ], [ -106.48464, 31.74781 ], [ -106.47321, 31.75049 ], [ -106.46613, 31.76001 ], [ -106.45506, 31.76417 ], [ -106.45143, 31.76443 ], [ -106.43747, 31.75616 ], [ -106.43308, 31.75439 ], [ -106.4173, 31.75159 ], [ -106.40812, 31.74699 ], [ -106.39472, 31.73925 ], [ -106.38107, 31.73208 ], [ -106.37804, 31.72831 ], [ -106.37404, 31.71484 ], [ -106.37014, 31.71071 ], [ -106.35845, 31.70322 ], [ -106.34957, 31.69671 ], [ -106.33472, 31.66411 ], [ -106.32911, 31.65746 ], [ -106.32436, 31.64974 ], [ -106.30794, 31.62952 ], [ -106.30343, 31.62219 ], [ -106.30062, 31.61326 ], [ -106.30089, 31.60962 ], [ -106.29567, 31.60104 ] ] ] } },
{ "type": "Feature", "properties": { "region_id": "CD17" }, "geometry": { "type": "Polygon", "coordinates": [ [ [ -97.46692, 30.46519 ], [ -97.46393, 30.46064 ], [ -97.45978, 30.45832 ], [ -97.45339, 30.46131 ], [ -97.44563, 30.4614 ], [ -97.44495, 30.45612 ], [ -97.44184, 30.45533 ], [ -97.43954, 30.46028 ], [ -97.43411, 30.45972 ], [ -97.43328, 30.45291 ], [ -97.42709, 30.4522 ], [ -97.42191, 30.44432 ], [ -97.41525, 30.43834 ], [ -97.40877, 30.43819 ], [ -97.40624, 30.44229 ], [ -97.40282, 30.44009 ], [ -97.39151, 30.43686 ], [ -97.3876, 30.43342 ], [ -97.38339, 30.42415 ], [ -97.37943, 30.4239 ], [ -97.37677, 30.4192 ], [ -97.37354, 30.41771 ], [ -97.36949, 30.41964 ], [ -97.33446, 30.40284 ], [ -97.25027, 30.42811 ], [ -97.15522, 30.45734 ], [ -97.1253, 30.47315 ], [ -97.05892, 30.50751 ], [ -97.02063, 30.52776 ], [ -96.96501, 30.5565 ], [ -96.89668, 30.59124 ], [ -96.81744, 30.63179 ], [ -96.75261, 30.66411 ], [ -96.68245, 30.69932 ], [ -96.6214, 30.73072 ], [ -96.61634, 30.72848 ], [ -96.60733, 30.72941 ], [ -96.59947, 30.72863 ], [ -96.59509, 30.72524 ], [ -96.59444, 30.72122 ], [ -96.59698, 30.71745 ], [ -96.58367, 30.70919 ], [ -96.57761, 30.70695 ], [ -96.56879, 30.70139 ], [ -96.56553, 30.69627 ], [ -96.49084, 30.7297 ], [ -96.46235, 30.74193 ], [ -96.45763, 30.74447 ], [ -96.45211, 30.75422 ], [ -96.44474, 30.76383 ], [ -96.43878, 30.77404 ], [ -96.43065, 30.78472 ], [ -96.4234, 30.79271 ], [ -96.41938, 30.80475 ], [ -96.41014, 30.82584 ], [ -96.40406, 30.83438 ], [ -96.39847, 30.84054 ], [ -96.39104, 30.85454 ], [ -96.38741, 30.86401 ], [ -96.38246, 30.87053 ], [ -96.37413, 30.87692 ], [ -96.36564, 30.88455 ], [ -96.36182, 30.89687 ], [ -96.35311, 30.90607 ], [ -96.34908, 30.91169 ], [ -96.338, 30.92053 ], [ -96.32569, 30.9285 ], [ -96.30079, 30.94299 ], [ -96.28147, 30.95265 ], [ -96.26322, 30.96412 ], [ -96.24897, 30.97091 ], [ -96.24102, 30.97374 ], [ -96.24209, 30.97583 ], [ -96.23951, 30.98527 ], [ -96.23829, 30.99772 ], [ -96.24288, 30.99828 ], [ -96.2486, 31.00543 ], [ -96.25706, 31.00639 ], [ -96.26078, 31.00844 ], [ -96.26005, 31.0154 ], [ -96.25451, 31.02768 ], [ -96.24753, 31.03642 ], [ -96.24914, 31.03848 ], [ -96.24737, 31.04325 ], [ -96.24167, 31.04467 ], [ -96.2415, 31.04773 ], [ -96.24608, 31.05109 ], [ -96.24184, 31.05678 ], [ -96.24352, 31.06179 ], [ -96.24909, 31.0628 ], [ -96.25701, 31.06953 ], [ -96.25471, 31.07217 ], [ -96.25824, 31.07614 ], [ -96.26894, 31.07768 ], [ -96.2721, 31.08423 ], [ -96.27745, 31.08766 ], [ -96.27766, 31.0925 ], [ -96.2802, 31.09424 ], [ -96.27804, 31.10542 ], [ -96.27905, 31.10871 ], [ -96.2768, 31.11196 ], [ -96.27699, 31.11628 ], [ -96.28258, 31.11922 ], [ -96.28265, 31.12222 ], [ -96.29442, 31.13881 ], [ -96.29919, 31.14802 ], [ -96.29748, 31.15505 ], [ -96.3006, 31.15898 ], [ -96.29893, 31.16606 ], [ -96.29936, 31.18421 ], [ -96.30257, 31.18647 ], [ -96.30547, 31.19546 ], [ -96.31175, 31.19812 ], [ -96.30916, 31.20375 ], [ -96.31123, 31.20649 ], [ -96.31043, 31.2172 ], [ -96.31767, 31.22176 ], [ -96.31711, 31.22614 ], [ -96.31415, 31.22844 ], [ -96.32025, 31.23961 ], [ -96.32009, 31.24144 ], [ -96.32877, 31.24633 ], [ -96.33108, 31.25271 ], [ -96.32772, 31.25898 ], [ -96.32203, 31.25689 ], [ -96.31685, 31.26317 ], [ -96.31392, 31.27118 ], [ -96.3175, 31.27387 ], [ -96.31623, 31.27729 ], [ -96.32195, 31.28225 ], [ -96.32763, 31.28488 ], [ -96.32715, 31.29567 ], [ -96.3173, 31.30188 ], [ -96.32491, 31.3091 ], [ -96.32152, 31.31891 ], [ -96.31719, 31.32328 ], [ -96.31943, 31.33594 ], [ -96.31576, 31.33889 ], [ -96.31495, 31.34286 ], [ -96.32002, 31.35286 ], [ -96.31713, 31.36201 ], [ -96.31898, 31.36755 ], [ -96.32255, 31.37122 ], [ -96.32017, 31.37518 ], [ -96.25352, 31.40556 ], [ -96.20204, 31.42917 ], [ -96.18592, 31.43674 ], [ -96.11215, 31.47042 ], [ -96.00012, 31.52195 ], [ -95.87524, 31.57877 ], [ -95.86416, 31.58351 ], [ -95.7873, 31.61839 ], [ -95.78897, 31.62219 ], [ -95.78817, 31.62617 ], [ -95.79564, 31.62893 ], [ -95.79673, 31.63213 ], [ -95.7951, 31.63825 ], [ -95.78974, 31.64621 ], [ -95.79063, 31.65302 ], [ -95.79408, 31.66031 ], [ -95.79068, 31.66307 ], [ -95.78898, 31.67192 ], [ -95.78435, 31.67589 ], [ -95.77974, 31.68394 ], [ -95.79078, 31.68945 ], [ -95.79261, 31.68186 ], [ -95.79582, 31.67477 ], [ -95.80032, 31.67513 ], [ -95.80462, 31.67137 ], [ -95.81056, 31.67346 ], [ -95.81989, 31.68667 ], [ -95.82429, 31.68687 ], [ -95.8312, 31.69372 ], [ -95.83532, 31.6956 ], [ -95.84553, 31.69605 ], [ -95.8505, 31.69786 ], [ -95.85516, 31.69647 ], [ -95.85882, 31.69011 ], [ -95.86258, 31.68802 ], [ -95.8654, 31.69201 ], [ -95.87251, 31.69301 ], [ -95.88002, 31.70352 ], [ -95.87485, 31.70295 ], [ -95.87769, 31.70863 ], [ -95.87567, 31.71173 ], [ -95.87593, 31.71722 ], [ -95.87134, 31.71987 ], [ -95.86714, 31.71819 ], [ -95.86698, 31.72743 ], [ -95.86987, 31.7386 ], [ -95.87504, 31.73841 ], [ -95.87629, 31.73333 ], [ -95.88115, 31.73585 ], [ -95.87951, 31.74116 ], [ -95.86883, 31.74599 ], [ -95.87325, 31.74708 ], [ -95.87385, 31.7535 ], [ -95.87594, 31.7555 ], [ -95.8856, 31.7577 ], [ -95.88951, 31.75647 ], [ -95.89515, 31.75844 ], [ -95.90193, 31.75484 ], [ -95.89797, 31.76696 ], [ -95.90392, 31.7674 ], [ -95.90693, 31.76586 ], [ -95.91434, 31.76556 ], [ -95.91853, 31.76716 ], [ -95.92424, 31.76585 ], [ -95.93043, 31.77234 ], [ -95.93585, 31.77004 ], [ -95.93813, 31.77416 ], [ -95.95302, 31.77628 ], [ -95.9532, 31.77976 ], [ -95.96101, 31.78406 ], [ -95.96307, 31.78943 ], [ -95.96739, 31.7881 ], [ -95.97271, 31.78873 ], [ -95.97799, 31.78439 ], [ -95.98057, 31.78456 ], [ -95.98345, 31.78998 ], [ -95.97853, 31.7961 ], [ -95.97618, 31.8022 ], [ -95.97496, 31.81194 ], [ -95.9768, 31.81457 ], [ -95.97323, 31.81914 ], [ -95.97783, 31.82544 ], [ -95.97791, 31.83324 ], [ -95.9844, 31.83687 ], [ -95.98801, 31.84033 ], [ -95.99202, 31.83962 ], [ -95.99454, 31.84336 ], [ -95.99087, 31.84851 ], [ -95.98762, 31.85878 ], [ -95.98008, 31.8624 ], [ -95.9779, 31.86875 ], [ -95.97436, 31.87209 ], [ -95.96812, 31.87246 ], [ -95.97029, 31.87719 ], [ -95.97726, 31.87754 ], [ -95.9888, 31.87224 ], [ -95.98912, 31.86868 ], [ -95.99413, 31.86626 ], [ -96.00127, 31.86928 ], [ -96.00483, 31.87264 ], [ -96.00397, 31.87695 ], [ -96.00791, 31.88114 ], [ -96.0186, 31.87197 ], [ -96.02427, 31.87312 ], [ -96.02762, 31.87788 ], [ -96.02672, 31.88617 ], [ -96.02331, 31.89619 ], [ -96.01998, 31.90289 ], [ -96.01589, 31.90514 ], [ -96.01182, 31.91139 ], [ -96.00732, 31.90806 ], [ -96.0014, 31.90817 ], [ -96.00267, 31.9128 ], [ -96.00833, 31.91852 ], [ -96.00617, 31.92429 ], [ -96.01344, 31.92992 ], [ -96.01131, 31.93453 ], [ -96.0164, 31.93472 ], [ -96.02089, 31.93822 ], [ -96.01451, 31.9461 ], [ -96.02071, 31.95057 ], [ -96.01975, 31.95521 ], [ -96.02249, 31.95755 ], [ -96.02897, 31.95792 ], [ -96.03333, 31.95288 ], [ -96.04014, 31.95246 ], [ -96.03775, 31.94839 ], [ -96.04253, 31.94532 ], [ -96.0448, 31.95097 ], [ -96.05469, 31.94822 ], [ -96.05685, 31.95302 ], [ -96.06156, 31.95482 ], [ -96.06188, 31.95955 ], [ -96.05721, 31.96022 ], [ -96.05248, 31.96403 ], [ -96.04761, 31.96006 ], [ -96.04291, 31.96279 ], [ -96.06043, 31.97507 ], [ -96.06486, 31.98095 ], [ -96.06078, 31.98693 ], [ -96.04905, 31.99724 ], [ -96.05267, 32.00405 ], [ -96.05478, 32.01253 ], [ -96.20957, 31.9376 ], [ -96.24854, 31.91849 ], [ -96.3357, 31.87596 ], [ -96.37526, 31.85617 ], [ -96.49671, 31.79619 ], [ -96.50026, 31.7967 ], [ -96.62526, 31.8071 ], [ -96.71911, 31.81489 ], [ -96.78851, 31.91594 ], [ -96.7918, 31.92021 ], [ -96.84366, 31.99595 ], [ -96.89621, 32.07398 ], [ -96.94066, 32.05209 ], [ -96.98898, 32.12262 ], [ -97.00028, 32.13872 ], [ -97.05638, 32.22201 ], [ -97.08612, 32.26547 ], [ -97.13341, 32.2547 ], [ -97.16189, 32.25025 ], [ -97.18224, 32.24582 ], [ -97.18255, 32.25779 ], [ -97.19201, 32.27203 ], [ -97.19683, 32.27045 ], [ -97.2012, 32.27703 ], [ -97.20788, 32.27227 ], [ -97.21652, 32.26938 ], [ -97.21941, 32.27295 ], [ -97.23524, 32.29623 ], [ -97.24881, 32.30125 ], [ -97.27359, 32.31637 ], [ -97.28712, 32.32214 ], [ -97.31574, 32.33665 ], [ -97.32604, 32.33741 ], [ -97.34376, 32.34182 ], [ -97.35585, 32.34538 ], [ -97.36429, 32.34191 ], [ -97.36776, 32.34302 ], [ -97.37346, 32.34014 ], [ -97.36927, 32.33327 ], [ -97.38022, 32.32788 ], [ -97.38051, 32.33874 ], [ -97.38396, 32.33759 ], [ -97.39144, 32.33432 ], [ -97.39441, 32.33457 ], [ -97.39597, 32.33887 ], [ -97.41777, 32.3279 ], [ -97.42269, 32.33509 ], [ -97.43055, 32.33155 ], [ -97.43706, 32.33007 ], [ -97.44176, 32.32687 ], [ -97.45804, 32.31955 ], [ -97.45552, 32.31337 ], [ -97.45625, 32.30566 ], [ -97.45212, 32.29681 ], [ -97.45454, 32.29136 ], [ -97.46024, 32.28861 ], [ -97.46374, 32.28514 ], [ -97.46414, 32.27733 ], [ -97.46675, 32.27275 ], [ -97.49607, 32.25796 ], [ -97.50273, 32.24742 ], [ -97.51007, 32.24095 ], [ -97.50022, 32.23394 ], [ -97.49865, 32.23089 ], [ -97.49898, 32.22398 ], [ -97.49618, 32.21236 ], [ -97.49419, 32.21133 ], [ -97.48941, 32.20023 ], [ -97.48582, 32.19662 ], [ -97.48755, 32.1931 ], [ -97.48755, 32.18714 ], [ -97.4904, 32.18389 ], [ -97.4903, 32.17875 ], [ -97.48749, 32.1711 ], [ -97.49335, 32.16514 ], [ -97.50202, 32.16278 ], [ -97.50837, 32.16327 ], [ -97.51236, 32.16059 ], [ -97.51338, 32.15559 ], [ -97.51212, 32.14664 ], [ -97.50842, 32.14029 ], [ -97.50985, 32.13585 ], [ -97.51612, 32.13361 ], [ -97.52224, 32.13481 ], [ -97.53484, 32.13927 ], [ -97.55022, 32.14746 ], [ -97.55521, 32.14941 ], [ -97.56801, 32.15015 ], [ -97.57059, 32.15442 ], [ -97.56456, 32.16091 ], [ -97.56827, 32.16797 ], [ -97.56848, 32.17647 ], [ -97.57457, 32.18084 ], [ -97.57863, 32.18077 ], [ -97.59293, 32.17437 ], [ -97.60156, 32.17562 ], [ -97.59994, 32.1812 ], [ -97.59241, 32.18478 ], [ -97.58965, 32.19088 ], [ -97.59239, 32.19961 ], [ -97.59759, 32.20373 ], [ -97.60798, 32.20431 ], [ -97.61506, 32.20358 ], [ -97.62597, 32.20399 ], [ -97.63089, 32.2074 ], [ -97.64979, 32.1971 ], [ -97.68038, 32.18166 ], [ -97.70131, 32.17054 ], [ -97.75997, 32.14098 ], [ -97.85268, 32.09345 ], [ -97.86541, 32.08706 ], [ -97.98519, 32.02803 ], [ -98.00546, 32.0179 ], [ -97.96338, 31.95722 ], [ -97.95233, 31.94086 ], [ -97.90515, 31.87275 ], [ -97.84782, 31.79011 ], [ -97.7882, 31.70387 ], [ -97.76643, 31.67246 ], [ -97.68983, 31.71102 ], [ -97.6309, 31.62516 ], [ -97.61828, 31.60637 ], [ -97.60523, 31.58776 ], [ -97.59379, 31.57238 ], [ -97.57153, 31.54013 ], [ -97.52401, 31.47165 ], [ -97.50017, 31.43693 ], [ -97.47595, 31.40254 ], [ -97.46392, 31.38426 ], [ -97.46172, 31.38213 ], [ -97.41861, 31.3202 ], [ -97.37297, 31.27402 ], [ -97.39119, 31.23396 ], [ -97.4127, 31.17772 ], [ -97.36828, 31.1654 ], [ -97.36933, 31.16096 ], [ -97.36508, 31.15968 ], [ -97.36095, 31.16144 ], [ -97.35441, 31.15954 ], [ -97.36438, 31.13282 ], [ -97.37202, 31.13487 ], [ -97.37936, 31.11541 ], [ -97.36117, 31.10326 ], [ -97.36097, 31.09961 ], [ -97.36474, 31.09752 ], [ -97.35318, 31.09337 ], [ -97.35567, 31.08672 ], [ -97.36228, 31.08857 ], [ -97.36389, 31.08391 ], [ -97.35034, 31.08017 ], [ -97.35292, 31.07331 ], [ -97.33285, 31.0572 ], [ -97.3266, 31.05011 ], [ -97.33994, 31.05379 ], [ -97.34819, 31.03284 ], [ -97.33444, 31.02878 ], [ -97.33581, 31.01947 ], [ -97.33303, 31.01541 ], [ -97.32433, 31.01311 ], [ -97.32578, 31.00461 ], [ -97.32629, 30.99396 ], [ -97.31509, 30.99094 ], [ -97.32222, 30.97338 ], [ -97.32043, 30.96944 ], [ -97.31637, 30.96867 ], [ -97.31823, 30.9636 ], [ -97.31703, 30.95716 ], [ -97.31413, 30.9536 ], [ -97.31235, 30.94752 ], [ -97.3209, 30.94276 ], [ -97.32752, 30.94242 ], [ -97.32224, 30.93642 ], [ -97.32753, 30.93384 ], [ -97.32019, 30.92935 ], [ -97.32676, 30.92693 ], [ -97.31804, 30.91831 ], [ -97.31925, 30.91472 ], [ -97.32572, 30.91314 ], [ -97.32321, 30.90976 ], [ -97.32058, 30.89668 ], [ -97.31523, 30.89302 ], [ -97.30965, 30.89371 ], [ -97.30903, 30.88217 ], [ -97.30649, 30.88061 ], [ -97.29602, 30.88236 ], [ -97.28898, 30.87713 ], [ -97.28406, 30.87215 ], [ -97.27949, 30.86486 ], [ -97.27706, 30.86883 ], [ -97.27203, 30.87098 ], [ -97.27003, 30.87749 ], [ -97.2651, 30.87494 ], [ -97.29674, 30.79889 ], [ -97.31548, 30.75236 ], [ -97.26995, 30.73536 ], [ -97.23645, 30.65486 ], [ -97.23685, 30.65472 ], [ -97.22118, 30.61778 ], [ -97.2526, 30.61011 ], [ -97.29916, 30.59647 ], [ -97.30766, 30.61519 ], [ -97.31268, 30.61358 ], [ -97.31286, 30.60864 ], [ -97.32711, 30.60424 ], [ -97.32799, 30.60627 ], [ -97.38108, 30.58927 ], [ -97.37968, 30.58692 ], [ -97.4061, 30.57876 ], [ -97.40546, 30.57292 ], [ -97.40998, 30.57349 ], [ -97.41174, 30.58821 ], [ -97.41313, 30.59263 ], [ -97.4304, 30.58718 ], [ -97.43142, 30.5824 ], [ -97.42933, 30.57754 ], [ -97.42898, 30.56807 ], [ -97.43603, 30.56787 ], [ -97.47131, 30.55603 ], [ -97.58872, 30.53568 ], [ -97.58856, 30.53147 ], [ -97.60125, 30.52926 ], [ -97.60093, 30.51942 ], [ -97.59812, 30.51801 ], [ -97.59015, 30.51809 ], [ -97.59005, 30.50848 ], [ -97.59817, 30.50837 ], [ -97.59816, 30.5042 ], [ -97.60576, 30.50527 ], [ -97.60579, 30.50745 ], [ -97.62047, 30.50818 ], [ -97.62531, 30.50733 ], [ -97.62973, 30.50886 ], [ -97.63816, 30.50932 ], [ -97.64154, 30.51418 ], [ -97.64568, 30.51519 ], [ -97.64576, 30.51959 ], [ -97.65717, 30.51793 ], [ -97.65239, 30.52822 ], [ -97.65942, 30.52813 ], [ -97.65952, 30.53531 ], [ -97.65202, 30.53543 ], [ -97.65035, 30.54302 ], [ -97.64735, 30.55045 ], [ -97.65304, 30.54896 ], [ -97.65504, 30.54519 ], [ -97.65973, 30.54689 ], [ -97.66355, 30.54571 ], [ -97.6675, 30.5551 ], [ -97.67657, 30.55184 ], [ -97.68042, 30.56164 ], [ -97.69267, 30.55817 ], [ -97.69234, 30.53729 ], [ -97.68657, 30.51297 ], [ -97.69294, 30.51227 ], [ -97.70084, 30.51413 ], [ -97.70511, 30.5205 ], [ -97.70997, 30.52291 ], [ -97.71559, 30.52284 ], [ -97.72203, 30.52596 ], [ -97.72405, 30.53137 ], [ -97.73366, 30.53188 ], [ -97.74776, 30.53789 ], [ -97.75792, 30.53916 ], [ -97.76397, 30.55187 ], [ -97.76876, 30.55615 ], [ -97.77182, 30.56134 ], [ -97.78122, 30.57369 ], [ -97.78927, 30.58 ], [ -97.79708, 30.5879 ], [ -97.80458, 30.59054 ], [ -97.80848, 30.58736 ], [ -97.81126, 30.59386 ], [ -97.81347, 30.58548 ], [ -97.81988, 30.58237 ], [ -97.8261, 30.58385 ], [ -97.83513, 30.58425 ], [ -97.83647, 30.58802 ], [ -97.85783, 30.58197 ], [ -97.85985, 30.5806 ], [ -97.89681, 30.56883 ], [ -97.90013, 30.56891 ], [ -97.89624, 30.56488 ], [ -97.88875, 30.56515 ], [ -97.8877, 30.55661 ], [ -97.86787, 30.5465 ], [ -97.87142, 30.52271 ], [ -97.86721, 30.51731 ], [ -97.85973, 30.51231 ], [ -97.85577, 30.5074 ], [ -97.85611, 30.50281 ], [ -97.86225, 30.49731 ], [ -97.84589, 30.47564 ], [ -97.84656, 30.47342 ], [ -97.82656, 30.45752 ], [ -97.82307, 30.45344 ], [ -97.81186, 30.44702 ], [ -97.79728, 30.44692 ], [ -97.79067, 30.44873 ], [ -97.78779, 30.44476 ], [ -97.77937, 30.43943 ], [ -97.77103, 30.44248 ], [ -97.76713, 30.45006 ], [ -97.76215, 30.4516 ], [ -97.75666, 30.45545 ], [ -97.7527, 30.45595 ], [ -97.75455, 30.46058 ], [ -97.75885, 30.46466 ], [ -97.75831, 30.46891 ], [ -97.75556, 30.47247 ], [ -97.75035, 30.46922 ], [ -97.74486, 30.47064 ], [ -97.73798, 30.47734 ], [ -97.7333, 30.47898 ], [ -97.72628, 30.47801 ], [ -97.7158, 30.48018 ], [ -97.70534, 30.47747 ], [ -97.69754, 30.4888 ], [ -97.68258, 30.50282 ], [ -97.67749, 30.49297 ], [ -97.66453, 30.49627 ], [ -97.62225, 30.49663 ], [ -97.6184, 30.49736 ], [ -97.60354, 30.49718 ], [ -97.59616, 30.50148 ], [ -97.59131, 30.50091 ], [ -97.59031, 30.49718 ], [ -97.5809, 30.50086 ], [ -97.56825, 30.49973 ], [ -97.56889, 30.49616 ], [ -97.56377, 30.49556 ], [ -97.56346, 30.49183 ], [ -97.55296, 30.49029 ], [ -97.54933, 30.48113 ], [ -97.55007, 30.47648 ], [ -97.54608, 30.47542 ], [ -97.54314, 30.47916 ], [ -97.52815, 30.47543 ], [ -97.52397, 30.47217 ], [ -97.52236, 30.47638 ], [ -97.51086, 30.48527 ], [ -97.50135, 30.47729 ], [ -97.4887, 30.47313 ], [ -97.48643, 30.46947 ], [ -97.48012, 30.47043 ], [ -97.4755, 30.46715 ], [ -97.46692, 30.46519 ] ] ] } },
{ "type": "Feature", "properties": { "region_id": "CD18" }, "geometry": { "type": "Polygon", "coordinates": [ [ [ -95.58283, 29.58058 ], [ -95.56962, 29.57146 ], [ -95.56395, 29.56671 ], [ -95.56399, 29.57588 ], [ -95.55221, 29.57616 ], [ -95.54719, 29.57346 ], [ -95.5431, 29.57334 ], [ -95.54017, 29.57048 ], [ -95.53822, 29.56346 ], [ -95.53939, 29.56159 ], [ -95.55043, 29.56181 ], [ -95.5506, 29.55829 ], [ -95.5551, 29.555 ], [ -95.54673, 29.54269 ], [ -95.54291, 29.54011 ], [ -95.53803, 29.54005 ], [ -95.50463, 29.53004 ], [ -95.46115, 29.5073 ], [ -95.4554, 29.5071 ], [ -95.45385, 29.5035 ], [ -95.4463, 29.49964 ], [ -95.4353, 29.53992 ], [ -95.42429, 29.58031 ], [ -95.41711, 29.58328 ], [ -95.40464, 29.58191 ], [ -95.39604, 29.58271 ], [ -95.39281, 29.58166 ], [ -95.38815, 29.58567 ], [ -95.37541, 29.58828 ], [ -95.36822, 29.58471 ], [ -95.36049, 29.58488 ], [ -95.35622, 29.58698 ], [ -95.35255, 29.58535 ], [ -95.34641, 29.58555 ], [ -95.34009, 29.59356 ], [ -95.33164, 29.5991 ], [ -95.32208, 29.59669 ], [ -95.31789, 29.59799 ], [ -95.31774, 29.6209 ], [ -95.30466, 29.62086 ], [ -95.31489, 29.65495 ], [ -95.30877, 29.65793 ], [ -95.30718, 29.66097 ], [ -95.29703, 29.66873 ], [ -95.29687, 29.67185 ], [ -95.28908, 29.67402 ], [ -95.29326, 29.68048 ], [ -95.30638, 29.67758 ], [ -95.30742, 29.681 ], [ -95.32167, 29.67774 ], [ -95.32756, 29.69839 ], [ -95.33249, 29.71299 ], [ -95.33254, 29.71864 ], [ -95.31398, 29.7372 ], [ -95.30291, 29.75395 ], [ -95.30419, 29.75554 ], [ -95.31574, 29.75475 ], [ -95.32005, 29.75612 ], [ -95.31548, 29.76363 ], [ -95.31252, 29.76534 ], [ -95.3125, 29.78559 ], [ -95.3119, 29.78742 ], [ -95.29176, 29.78762 ], [ -95.28838, 29.78821 ], [ -95.28726, 29.78172 ], [ -95.28405, 29.78189 ], [ -95.28381, 29.76793 ], [ -95.27826, 29.76639 ], [ -95.27821, 29.76057 ], [ -95.28085, 29.7548 ], [ -95.28112, 29.74856 ], [ -95.25664, 29.73246 ], [ -95.2536, 29.73344 ], [ -95.2543, 29.7575 ], [ -95.25586, 29.75989 ], [ -95.25606, 29.76818 ], [ -95.25113, 29.76747 ], [ -95.25126, 29.77333 ], [ -95.25912, 29.77336 ], [ -95.25896, 29.76863 ], [ -95.26541, 29.76961 ], [ -95.26366, 29.78118 ], [ -95.26934, 29.79456 ], [ -95.28014, 29.80247 ], [ -95.262, 29.81075 ], [ -95.24068, 29.81975 ], [ -95.18517, 29.84371 ], [ -95.18612, 29.84662 ], [ -95.18688, 29.86978 ], [ -95.18904, 29.87381 ], [ -95.20139, 29.88819 ], [ -95.20236, 29.89069 ], [ -95.2026, 29.90097 ], [ -95.19938, 29.92457 ], [ -95.20181, 29.92896 ], [ -95.20596, 29.93232 ], [ -95.21485, 29.9348 ], [ -95.23639, 29.93436 ], [ -95.25805, 29.93562 ], [ -95.27168, 29.9401 ], [ -95.27872, 29.94117 ], [ -95.28743, 29.94087 ], [ -95.29464, 29.92079 ], [ -95.33068, 29.83154 ], [ -95.33584, 29.81988 ], [ -95.35208, 29.81974 ], [ -95.34786, 29.8031 ], [ -95.35332, 29.8 ], [ -95.353, 29.77834 ], [ -95.3553, 29.7784 ], [ -95.36665, 29.77396 ], [ -95.36504, 29.77022 ], [ -95.36786, 29.76446 ], [ -95.3732, 29.76116 ], [ -95.38573, 29.76168 ], [ -95.38568, 29.74823 ], [ -95.38157, 29.74713 ], [ -95.37916, 29.74379 ], [ -95.37998, 29.73795 ], [ -95.41213, 29.69731 ], [ -95.41722, 29.69773 ], [ -95.42094, 29.6957 ], [ -95.42659, 29.69619 ], [ -95.43084, 29.69113 ], [ -95.43418, 29.6921 ], [ -95.43866, 29.6899 ], [ -95.44278, 29.69058 ], [ -95.44611, 29.68757 ], [ -95.45636, 29.68117 ], [ -95.48706, 29.67528 ], [ -95.49631, 29.67845 ], [ -95.51146, 29.6759 ], [ -95.51489, 29.67386 ], [ -95.52518, 29.67187 ], [ -95.52942, 29.67315 ], [ -95.53052, 29.67642 ], [ -95.56863, 29.67413 ], [ -95.57726, 29.67463 ], [ -95.57716, 29.66886 ], [ -95.58059, 29.6602 ], [ -95.58372, 29.65938 ], [ -95.5827, 29.65395 ], [ -95.57171, 29.64889 ], [ -95.57657, 29.64437 ], [ -95.57972, 29.64688 ], [ -95.59782, 29.64681 ], [ -95.59778, 29.63302 ], [ -95.59139, 29.63307 ], [ -95.5903, 29.62415 ], [ -95.58266, 29.62385 ], [ -95.58186, 29.5908 ], [ -95.58065, 29.58421 ], [ -95.58283, 29.58058 ] ] ] } },
{ "type": "Feature", "properties": { "region_id": "CD19" }, "geometry": { "type": "Polygon", "coordinates": [ [ [ -102.79909, 32.0858 ], [ -102.71825, 32.08695 ], [ -102.70692, 32.08673 ], [ -102.56965, 32.08705 ], [ -102.45931, 32.08693 ], [ -102.41402, 32.08702 ], [ -102.39314, 32.08685 ], [ -102.34381, 32.08719 ], [ -102.21783, 32.0868 ], [ -102.14656, 32.08693 ], [ -102.03748, 32.08679 ], [ -101.98488, 32.08676 ], [ -101.89609, 32.08691 ], [ -101.76767, 32.08689 ], [ -101.74796, 32.08721 ], [ -101.69501, 32.08753 ], [ -101.57665, 32.08712 ], [ -101.47333, 32.08722 ], [ -101.3615, 32.08711 ], [ -101.23898, 32.08732 ], [ -101.14311, 32.08707 ], [ -101.10119, 32.08675 ], [ -101.00039, 32.08673 ], [ -100.99439, 32.08687 ], [ -100.93227, 32.08666 ], [ -100.9087, 32.08695 ], [ -100.85863, 32.08669 ], [ -100.80993, 32.08672 ], [ -100.75039, 32.08625 ], [ -100.73726, 32.08552 ], [ -100.72027, 32.08539 ], [ -100.62538, 32.08539 ], [ -100.61858, 32.08479 ], [ -100.58602, 32.08427 ], [ -100.48464, 32.08293 ], [ -100.45644, 32.08274 ], [ -100.32508, 32.08141 ], [ -100.28136, 32.08137 ], [ -100.25037, 32.08159 ], [ -100.23521, 32.08237 ], [ -100.15265, 32.08263 ], [ -100.10075, 32.08262 ], [ -100.06449, 32.08237 ], [ -100.00895, 32.08234 ], [ -99.91292, 32.0818 ], [ -99.80738, 32.0812 ], [ -99.71394, 32.08209 ], [ -99.63141, 32.08127 ], [ -99.63151, 32.11243 ], [ -99.63112, 32.15753 ], [ -99.63067, 32.24909 ], [ -99.63113, 32.25736 ], [ -99.63099, 32.29294 ], [ -99.63057, 32.31384 ], [ -99.63084, 32.34135 ], [ -99.63, 32.40161 ], [ -99.6298, 32.43659 ], [ -99.62313, 32.43531 ], [ -99.5083, 32.41516 ], [ -99.49705, 32.41292 ], [ -99.49714, 32.40879 ], [ -99.46463, 32.4085 ], [ -99.45477, 32.40721 ], [ -99.45445, 32.45734 ], [ -99.45136, 32.45836 ], [ -99.4481, 32.4637 ], [ -99.44351, 32.46382 ], [ -99.44179, 32.46767 ], [ -99.43743, 32.47114 ], [ -99.4256, 32.47442 ], [ -99.41878, 32.47931 ], [ -99.41994, 32.48294 ], [ -99.41526, 32.48754 ], [ -99.4097, 32.49989 ], [ -99.40253, 32.50565 ], [ -99.39705, 32.51511 ], [ -99.37536, 32.51495 ], [ -99.25035, 32.51527 ], [ -99.18233, 32.51498 ], [ -99.12534, 32.51499 ], [ -99.09605, 32.51477 ], [ -99.09606, 32.58841 ], [ -99.09598, 32.66387 ], [ -99.09594, 32.7421 ], [ -99.09575, 32.75012 ], [ -99.09601, 32.89038 ], [ -99.09602, 32.95704 ], [ -99.00035, 32.95669 ], [ -98.95088, 32.95692 ], [ -98.95131, 33.01433 ], [ -98.95212, 33.11093 ], [ -98.9527, 33.18349 ], [ -98.95345, 33.27388 ], [ -98.9541, 33.36984 ], [ -98.95394, 33.39753 ], [ -99.08759, 33.39803 ], [ -99.20503, 33.39837 ], [ -99.28015, 33.39862 ], [ -99.40463, 33.39882 ], [ -99.48527, 33.39906 ], [ -99.51637, 33.39883 ], [ -99.69385, 33.39847 ], [ -99.75037, 33.39838 ], [ -99.8094, 33.39796 ], [ -99.86866, 33.39781 ], [ -99.87537, 33.39761 ], [ -99.93025, 33.39761 ], [ -100.00038, 33.39739 ], [ -100.00379, 33.39765 ], [ -100.11295, 33.39784 ], [ -100.12538, 33.39738 ], [ -100.25038, 33.39803 ], [ -100.26094, 33.39759 ], [ -100.29575, 33.397 ], [ -100.33543, 33.39753 ], [ -100.43306, 33.39756 ], [ -100.50039, 33.39767 ], [ -100.6254, 33.39906 ], [ -100.73437, 33.39893 ], [ -100.75033, 33.39829 ], [ -100.84485, 33.39812 ], [ -100.94963, 33.39747 ], [ -100.99322, 33.39751 ], [ -101.00176, 33.39718 ], [ -101.03879, 33.39721 ], [ -101.03886, 33.50009 ], [ -101.03984, 33.62508 ], [ -101.04043, 33.68904 ], [ -101.04036, 33.70353 ], [ -101.04091, 33.79469 ], [ -101.04142, 33.87508 ], [ -101.0414, 33.9429 ], [ -101.04176, 33.96289 ], [ -101.04141, 33.97737 ], [ -101.04148, 34.1199 ], [ -101.04132, 34.18974 ], [ -101.0415, 34.25007 ], [ -101.04148, 34.31244 ], [ -101.10396, 34.31225 ], [ -101.20518, 34.31226 ], [ -101.29289, 34.31225 ], [ -101.32917, 34.31258 ], [ -101.37307, 34.31228 ], [ -101.47158, 34.31229 ], [ -101.47193, 34.37512 ], [ -101.47205, 34.49275 ], [ -101.4716, 34.52994 ], [ -101.47192, 34.53979 ], [ -101.47165, 34.62211 ], [ -101.47138, 34.62523 ], [ -101.47156, 34.74746 ], [ -101.50044, 34.74762 ], [ -101.55615, 34.74746 ], [ -101.62545, 34.74766 ], [ -101.74071, 34.74753 ], [ -101.75046, 34.7479 ], [ -101.87532, 34.7482 ], [ -101.95043, 34.74824 ], [ -102.02651, 34.74808 ], [ -102.06696, 34.74772 ], [ -102.12548, 34.74766 ], [ -102.16884, 34.74742 ], [ -102.16884, 34.74661 ], [ -102.22757, 34.74716 ], [ -102.26358, 34.74679 ], [ -102.3709, 34.74602 ], [ -102.47751, 34.74668 ], [ -102.62549, 34.74731 ], [ -102.74309, 34.74741 ], [ -102.75049, 34.74752 ], [ -102.87484, 34.7475 ], [ -102.8755, 34.74758 ], [ -102.998, 34.74769 ], [ -103.04298, 34.74736 ], [ -103.0433, 34.62507 ], [ -103.04339, 34.51254 ], [ -103.04368, 34.37633 ], [ -103.04378, 34.29866 ], [ -103.04387, 34.22127 ], [ -103.04388, 34.11724 ], [ -103.04365, 34.00364 ], [ -103.04609, 33.88743 ], [ -103.04647, 33.87515 ], [ -103.04769, 33.8089 ], [ -103.0488, 33.76171 ], [ -103.05056, 33.67217 ], [ -103.05189, 33.6149 ], [ -103.05265, 33.56288 ], [ -103.05341, 33.53571 ], [ -103.05538, 33.43526 ], [ -103.05576, 33.42297 ], [ -103.05749, 33.33881 ], [ -103.06054, 33.19525 ], [ -103.06316, 33.07563 ], [ -103.06462, 32.9999 ], [ -103.06458, 32.96443 ], [ -103.06481, 32.85757 ], [ -103.06467, 32.72696 ], [ -103.06487, 32.6827 ], [ -103.06465, 32.60028 ], [ -103.06478, 32.59814 ], [ -103.06468, 32.50011 ], [ -103.06473, 32.40679 ], [ -103.06472, 32.33898 ], [ -103.06478, 32.22698 ], [ -103.06452, 32.16648 ], [ -103.06452, 32.08705 ], [ -103.00045, 32.08724 ], [ -102.89754, 32.08717 ], [ -102.85533, 32.08704 ], [ -102.80156, 32.08715 ], [ -102.79909, 32.0858 ] ] ] } },
{ "type": "Feature", "properties": { "region_id": "CD20" }, "geometry": { "type": "Polygon", "coordinates": [ [ [ -98.55211, 29.38371 ], [ -98.54369, 29.38361 ], [ -98.54195, 29.38233 ], [ -98.52851, 29.38114 ], [ -98.52752, 29.38229 ], [ -98.50712, 29.3824 ], [ -98.49608, 29.38325 ], [ -98.49113, 29.38013 ], [ -98.48559, 29.37933 ], [ -98.48354, 29.38322 ], [ -98.47834, 29.38409 ], [ -98.46012, 29.3841 ], [ -98.46014, 29.39095 ], [ -98.44832, 29.38984 ], [ -98.44835, 29.3981 ], [ -98.43005, 29.39806 ], [ -98.41728, 29.39944 ], [ -98.41008, 29.39831 ], [ -98.38939, 29.3983 ], [ -98.38939, 29.42337 ], [ -98.37752, 29.42237 ], [ -98.37794, 29.41722 ], [ -98.37266, 29.4192 ], [ -98.37148, 29.42235 ], [ -98.36074, 29.42116 ], [ -98.36073, 29.44522 ], [ -98.32888, 29.45531 ], [ -98.3302, 29.45701 ], [ -98.31933, 29.46135 ], [ -98.31213, 29.48288 ], [ -98.30788, 29.48741 ], [ -98.31412, 29.49606 ], [ -98.31926, 29.49888 ], [ -98.31017, 29.50346 ], [ -98.31279, 29.50884 ], [ -98.32147, 29.51286 ], [ -98.32282, 29.51477 ], [ -98.33497, 29.51039 ], [ -98.33951, 29.50619 ], [ -98.34096, 29.51168 ], [ -98.34607, 29.5129 ], [ -98.34704, 29.5097 ], [ -98.35699, 29.51094 ], [ -98.35934, 29.50177 ], [ -98.3658, 29.50337 ], [ -98.37217, 29.51031 ], [ -98.3971, 29.51027 ], [ -98.39525, 29.51761 ], [ -98.39182, 29.52351 ], [ -98.40297, 29.51639 ], [ -98.41774, 29.51611 ], [ -98.41531, 29.50652 ], [ -98.42118, 29.50036 ], [ -98.43358, 29.49381 ], [ -98.44215, 29.48979 ], [ -98.44219, 29.48465 ], [ -98.42053, 29.48486 ], [ -98.41764, 29.4784 ], [ -98.41018, 29.47824 ], [ -98.41413, 29.46975 ], [ -98.41434, 29.46609 ], [ -98.40901, 29.46532 ], [ -98.41398, 29.45642 ], [ -98.42803, 29.4564 ], [ -98.434, 29.45113 ], [ -98.44113, 29.44089 ], [ -98.44661, 29.43962 ], [ -98.44625, 29.44462 ], [ -98.45503, 29.44493 ], [ -98.45503, 29.44158 ], [ -98.46094, 29.44318 ], [ -98.47029, 29.44316 ], [ -98.47348, 29.4517 ], [ -98.467, 29.45169 ], [ -98.46697, 29.45472 ], [ -98.45663, 29.45458 ], [ -98.45567, 29.46117 ], [ -98.46089, 29.46115 ], [ -98.4609, 29.46408 ], [ -98.47416, 29.47351 ], [ -98.47673, 29.46815 ], [ -98.49227, 29.46816 ], [ -98.49172, 29.49232 ], [ -98.52793, 29.5163 ], [ -98.53477, 29.51159 ], [ -98.54302, 29.50811 ], [ -98.54896, 29.50082 ], [ -98.55589, 29.52306 ], [ -98.55845, 29.52697 ], [ -98.56342, 29.52612 ], [ -98.56369, 29.52964 ], [ -98.56835, 29.53271 ], [ -98.57502, 29.52613 ], [ -98.57695, 29.53467 ], [ -98.58154, 29.54366 ], [ -98.58997, 29.54483 ], [ -98.58903, 29.53459 ], [ -98.60012, 29.52349 ], [ -98.60873, 29.52232 ], [ -98.61738, 29.52304 ], [ -98.61817, 29.5196 ], [ -98.62947, 29.51959 ], [ -98.63347, 29.52093 ], [ -98.63731, 29.51923 ], [ -98.66241, 29.51902 ], [ -98.66236, 29.49957 ], [ -98.6787, 29.49879 ], [ -98.67961, 29.50398 ], [ -98.70016, 29.50409 ], [ -98.7088, 29.50744 ], [ -98.71046, 29.50408 ], [ -98.71892, 29.50731 ], [ -98.7231, 29.50258 ], [ -98.70965, 29.49598 ], [ -98.7146, 29.48581 ], [ -98.72387, 29.48618 ], [ -98.72679, 29.47961 ], [ -98.72016, 29.47558 ], [ -98.72406, 29.47149 ], [ -98.72542, 29.46279 ], [ -98.7377, 29.46008 ], [ -98.74329, 29.45987 ], [ -98.75184, 29.4624 ], [ -98.75834, 29.46131 ], [ -98.75212, 29.44555 ], [ -98.74724, 29.44164 ], [ -98.74162, 29.44197 ], [ -98.73499, 29.44783 ], [ -98.73213, 29.44172 ], [ -98.72286, 29.43911 ], [ -98.71996, 29.43351 ], [ -98.7201, 29.4175 ], [ -98.72645, 29.41541 ], [ -98.7266, 29.40692 ], [ -98.71025, 29.40693 ], [ -98.70363, 29.39859 ], [ -98.70124, 29.38447 ], [ -98.69745, 29.38347 ], [ -98.67443, 29.38918 ], [ -98.67001, 29.38973 ], [ -98.65367, 29.39624 ], [ -98.63063, 29.40205 ], [ -98.60707, 29.40653 ], [ -98.60911, 29.41198 ], [ -98.61927, 29.4122 ], [ -98.61905, 29.41847 ], [ -98.61273, 29.41919 ], [ -98.61021, 29.42289 ], [ -98.61286, 29.42721 ], [ -98.61979, 29.43108 ], [ -98.61984, 29.43368 ], [ -98.63017, 29.43344 ], [ -98.63491, 29.43982 ], [ -98.64511, 29.44724 ], [ -98.64689, 29.44952 ], [ -98.63749, 29.45313 ], [ -98.63567, 29.44676 ], [ -98.63036, 29.45328 ], [ -98.62587, 29.45023 ], [ -98.62166, 29.44974 ], [ -98.61519, 29.45228 ], [ -98.61052, 29.4525 ], [ -98.60266, 29.44858 ], [ -98.6027, 29.4419 ], [ -98.59971, 29.43867 ], [ -98.59966, 29.40784 ], [ -98.58781, 29.40886 ], [ -98.58424, 29.40696 ], [ -98.58364, 29.40088 ], [ -98.56239, 29.39876 ], [ -98.56379, 29.3897 ], [ -98.56329, 29.38585 ], [ -98.55211, 29.38371 ] ] ] } },
{ "type": "Feature", "properties": { "region_id": "CD21" }, "geometry": { "type": "Polygon", "coordinates": [ [ [ -98.70016, 29.50409 ], [ -98.67961, 29.50398 ], [ -98.6787, 29.49879 ], [ -98.66236, 29.49957 ], [ -98.66241, 29.51902 ], [ -98.63731, 29.51923 ], [ -98.63347, 29.52093 ], [ -98.62947, 29.51959 ], [ -98.61817, 29.5196 ], [ -98.61738, 29.52304 ], [ -98.60873, 29.52232 ], [ -98.60012, 29.52349 ], [ -98.58903, 29.53459 ], [ -98.58997, 29.54483 ], [ -98.58154, 29.54366 ], [ -98.57695, 29.53467 ], [ -98.57502, 29.52613 ], [ -98.56835, 29.53271 ], [ -98.56369, 29.52964 ], [ -98.56342, 29.52612 ], [ -98.55845, 29.52697 ], [ -98.55589, 29.52306 ], [ -98.54896, 29.50082 ], [ -98.54302, 29.50811 ], [ -98.53477, 29.51159 ], [ -98.52793, 29.5163 ], [ -98.49172, 29.49232 ], [ -98.49227, 29.46816 ], [ -98.47673, 29.46815 ], [ -98.47416, 29.47351 ], [ -98.4609, 29.46408 ], [ -98.46089, 29.46115 ], [ -98.45567, 29.46117 ], [ -98.45663, 29.45458 ], [ -98.46697, 29.45472 ], [ -98.467, 29.45169 ], [ -98.47348, 29.4517 ], [ -98.47029, 29.44316 ], [ -98.46094, 29.44318 ], [ -98.45503, 29.44158 ], [ -98.45503, 29.44493 ], [ -98.44625, 29.44462 ], [ -98.44661, 29.43962 ], [ -98.44113, 29.44089 ], [ -98.434, 29.45113 ], [ -98.42803, 29.4564 ], [ -98.41398, 29.45642 ], [ -98.40901, 29.46532 ], [ -98.41434, 29.46609 ], [ -98.41413, 29.46975 ], [ -98.41018, 29.47824 ], [ -98.41764, 29.4784 ], [ -98.42053, 29.48486 ], [ -98.44219, 29.48465 ], [ -98.44215, 29.48979 ], [ -98.43358, 29.49381 ], [ -98.43462, 29.49645 ], [ -98.4346, 29.50925 ], [ -98.43597, 29.51334 ], [ -98.43978, 29.51615 ], [ -98.44599, 29.51638 ], [ -98.44578, 29.5225 ], [ -98.44212, 29.52517 ], [ -98.43286, 29.52882 ], [ -98.42847, 29.53447 ], [ -98.43302, 29.54041 ], [ -98.42844, 29.54507 ], [ -98.43317, 29.54693 ], [ -98.43775, 29.54497 ], [ -98.44297, 29.54723 ], [ -98.45766, 29.54686 ], [ -98.4613, 29.54773 ], [ -98.46789, 29.55264 ], [ -98.45133, 29.56898 ], [ -98.4587, 29.57369 ], [ -98.46053, 29.57685 ], [ -98.44844, 29.58923 ], [ -98.4529, 29.59805 ], [ -98.45051, 29.6044 ], [ -98.43462, 29.60062 ], [ -98.429, 29.60009 ], [ -98.39865, 29.60228 ], [ -98.36294, 29.60297 ], [ -98.35735, 29.59982 ], [ -98.35134, 29.60338 ], [ -98.32865, 29.60823 ], [ -98.32539, 29.60333 ], [ -98.31203, 29.60154 ], [ -98.31093, 29.59447 ], [ -98.28989, 29.60243 ], [ -98.26809, 29.61153 ], [ -98.24253, 29.62144 ], [ -98.20212, 29.63619 ], [ -98.11937, 29.67071 ], [ -98.08928, 29.68393 ], [ -98.0212, 29.73654 ], [ -97.99922, 29.75249 ], [ -97.96652, 29.78431 ], [ -97.94356, 29.80691 ], [ -97.92927, 29.81753 ], [ -97.87526, 29.85821 ], [ -97.87601, 29.86056 ], [ -97.88602, 29.86228 ], [ -97.88882, 29.85678 ], [ -97.89561, 29.85733 ], [ -97.90259, 29.85496 ], [ -97.91124, 29.85729 ], [ -97.91506, 29.85942 ], [ -97.92185, 29.85835 ], [ -97.92098, 29.86357 ], [ -97.91564, 29.86843 ], [ -97.92039, 29.87287 ], [ -97.91445, 29.878 ], [ -97.90912, 29.881 ], [ -97.90648, 29.88586 ], [ -97.89987, 29.88944 ], [ -97.90155, 29.89677 ], [ -97.8977, 29.90093 ], [ -97.8973, 29.90515 ], [ -97.89372, 29.90983 ], [ -97.89962, 29.91199 ], [ -97.89995, 29.91944 ], [ -97.90176, 29.92434 ], [ -97.9, 29.92767 ], [ -97.89579, 29.92817 ], [ -97.89398, 29.93552 ], [ -97.89792, 29.93662 ], [ -97.90506, 29.92827 ], [ -97.90656, 29.91951 ], [ -97.9115, 29.91564 ], [ -97.91148, 29.90659 ], [ -97.91827, 29.89969 ], [ -97.92268, 29.89713 ], [ -97.9299, 29.90448 ], [ -97.92868, 29.90943 ], [ -97.93247, 29.91408 ], [ -97.93551, 29.92122 ], [ -97.9435, 29.92311 ], [ -97.94787, 29.92608 ], [ -97.95438, 29.93713 ], [ -97.95824, 29.94036 ], [ -97.95819, 29.94456 ], [ -97.96123, 29.94939 ], [ -97.97196, 29.9576 ], [ -97.97947, 29.9647 ], [ -97.98737, 29.96662 ], [ -97.99684, 29.97811 ], [ -97.99961, 29.97861 ], [ -98.00391, 29.98331 ], [ -98.00388, 29.99586 ], [ -98.00022, 30.0018 ], [ -98.00821, 30.01009 ], [ -98.00786, 30.01486 ], [ -98.0103, 30.02117 ], [ -98.01042, 30.04363 ], [ -98.01555, 30.04666 ], [ -98.02604, 30.04807 ], [ -98.02703, 30.05207 ], [ -98.03597, 30.05685 ], [ -98.03682, 30.07026 ], [ -98.04597, 30.07051 ], [ -98.04661, 30.09078 ], [ -98.04217, 30.0937 ], [ -98.04201, 30.10088 ], [ -98.04555, 30.10142 ], [ -98.04539, 30.1077 ], [ -98.04379, 30.11202 ], [ -98.04425, 30.1167 ], [ -98.03795, 30.11833 ], [ -98.03809, 30.12531 ], [ -98.04436, 30.12523 ], [ -98.04447, 30.14402 ], [ -98.03551, 30.14707 ], [ -98.03106, 30.15098 ], [ -98.02732, 30.14978 ], [ -98.02653, 30.14347 ], [ -98.02275, 30.14358 ], [ -98.02046, 30.14706 ], [ -98.01918, 30.15327 ], [ -98.00878, 30.15347 ], [ -98.00781, 30.16859 ], [ -98.00298, 30.17664 ], [ -98.0001, 30.19004 ], [ -97.99127, 30.19129 ], [ -97.99145, 30.19954 ], [ -97.98452, 30.19774 ], [ -97.97785, 30.20264 ], [ -97.97197, 30.20233 ], [ -97.97213, 30.195 ], [ -97.96995, 30.18722 ], [ -97.96524, 30.17762 ], [ -97.95871, 30.16667 ], [ -97.95289, 30.16177 ], [ -97.92927, 30.17502 ], [ -97.92965, 30.1823 ], [ -97.96934, 30.21067 ], [ -98.06603, 30.27982 ], [ -98.08974, 30.29729 ], [ -98.12529, 30.32235 ], [ -98.17298, 30.35631 ], [ -98.12556, 30.42619 ], [ -98.24946, 30.45889 ], [ -98.34987, 30.48578 ], [ -98.40096, 30.49959 ], [ -98.41146, 30.5021 ], [ -98.49581, 30.50142 ], [ -98.57654, 30.50019 ], [ -98.62548, 30.4993 ], [ -98.74969, 30.49885 ], [ -98.78083, 30.49917 ], [ -98.87532, 30.49921 ], [ -98.93491, 30.49858 ], [ -98.99575, 30.49839 ], [ -99.00033, 30.49808 ], [ -99.12531, 30.49881 ], [ -99.23669, 30.49885 ], [ -99.25045, 30.49927 ], [ -99.304, 30.49983 ], [ -99.30299, 30.40073 ], [ -99.30241, 30.35789 ], [ -99.30206, 30.30021 ], [ -99.30172, 30.28665 ], [ -99.40897, 30.28759 ], [ -99.57148, 30.28902 ], [ -99.72029, 30.29033 ], [ -99.75414, 30.2907 ], [ -99.7566, 30.16283 ], [ -99.75762, 30.07413 ], [ -99.86838, 30.07376 ], [ -99.91803, 30.07364 ], [ -99.91748, 30.0786 ], [ -99.96763, 30.08236 ], [ -99.97305, 30.02459 ], [ -99.98967, 30.02575 ], [ -99.99183, 30.00021 ], [ -100.00035, 29.91969 ], [ -100.0023, 29.89683 ], [ -100.00901, 29.89712 ], [ -100.0103, 29.8938 ], [ -100.01679, 29.89115 ], [ -100.02341, 29.88313 ], [ -100.02387, 29.87442 ], [ -100.01956, 29.86959 ], [ -100.01939, 29.86584 ], [ -100.02221, 29.86216 ], [ -100.02217, 29.85407 ], [ -100.02403, 29.8492 ], [ -100.03088, 29.84827 ], [ -100.0349, 29.8433 ], [ -100.0314, 29.841 ], [ -100.03146, 29.83698 ], [ -100.02849, 29.83545 ], [ -100.02554, 29.82906 ], [ -100.02727, 29.82436 ], [ -100.02256, 29.81514 ], [ -100.01902, 29.81531 ], [ -100.01707, 29.81201 ], [ -100.01595, 29.80042 ], [ -100.01329, 29.79434 ], [ -100.02898, 29.78899 ], [ -100.02907, 29.78332 ], [ -100.03596, 29.77937 ], [ -100.03514, 29.77351 ], [ -100.03158, 29.77095 ], [ -100.02832, 29.75843 ], [ -100.0241, 29.75327 ], [ -100.02455, 29.74838 ], [ -100.02186, 29.74528 ], [ -100.02801, 29.74152 ], [ -100.02961, 29.73647 ], [ -100.02792, 29.73116 ], [ -100.02494, 29.72976 ], [ -100.02637, 29.72318 ], [ -100.03042, 29.72105 ], [ -100.03777, 29.72107 ], [ -100.03953, 29.71872 ], [ -100.06374, 29.71106 ], [ -100.0553, 29.70884 ], [ -100.0521, 29.70964 ], [ -100.04668, 29.7066 ], [ -100.04757, 29.70237 ], [ -100.04579, 29.69492 ], [ -100.04078, 29.69294 ], [ -100.039, 29.68992 ], [ -100.03041, 29.68858 ], [ -100.02812, 29.68318 ], [ -100.02138, 29.67827 ], [ -100.01695, 29.67682 ], [ -100.02125, 29.66969 ], [ -100.02797, 29.66751 ], [ -100.0303, 29.66326 ], [ -100.02623, 29.65713 ], [ -100.02125, 29.65273 ], [ -100.01362, 29.64111 ], [ -100.00844, 29.63706 ], [ -100.00727, 29.63202 ], [ -100.01419, 29.62349 ], [ -99.97605, 29.62368 ], [ -99.87534, 29.62438 ], [ -99.86957, 29.62416 ], [ -99.75176, 29.62477 ], [ -99.73931, 29.62523 ], [ -99.60394, 29.62718 ], [ -99.49046, 29.62769 ], [ -99.35958, 29.62734 ], [ -99.33457, 29.62683 ], [ -99.3135, 29.62677 ], [ -99.27388, 29.62584 ], [ -99.25032, 29.62556 ], [ -99.22586, 29.6257 ], [ -99.12531, 29.62432 ], [ -99.00031, 29.62322 ], [ -98.98379, 29.62345 ], [ -98.98114, 29.62126 ], [ -98.97613, 29.61326 ], [ -98.97653, 29.6049 ], [ -98.97865, 29.59882 ], [ -98.98486, 29.59094 ], [ -98.98707, 29.58466 ], [ -98.98577, 29.58193 ], [ -98.97982, 29.57918 ], [ -98.97927, 29.57545 ], [ -98.98577, 29.57011 ], [ -98.9852, 29.56408 ], [ -98.97934, 29.5554 ], [ -98.97335, 29.5517 ], [ -98.96854, 29.55386 ], [ -98.96473, 29.5589 ], [ -98.95785, 29.56024 ], [ -98.94741, 29.55795 ], [ -98.94108, 29.5585 ], [ -98.93166, 29.56355 ], [ -98.92716, 29.56225 ], [ -98.86101, 29.63225 ], [ -98.82514, 29.67055 ], [ -98.8004, 29.69742 ], [ -98.77878, 29.72017 ], [ -98.76904, 29.72129 ], [ -98.76612, 29.7198 ], [ -98.76225, 29.72201 ], [ -98.74805, 29.72056 ], [ -98.74402, 29.71648 ], [ -98.73777, 29.71675 ], [ -98.73425, 29.72136 ], [ -98.72895, 29.72231 ], [ -98.73253, 29.72953 ], [ -98.72606, 29.72775 ], [ -98.72323, 29.72961 ], [ -98.71767, 29.72531 ], [ -98.71069, 29.73085 ], [ -98.70527, 29.73314 ], [ -98.69989, 29.73271 ], [ -98.69999, 29.73744 ], [ -98.69273, 29.73521 ], [ -98.68843, 29.73844 ], [ -98.68294, 29.73935 ], [ -98.67657, 29.73727 ], [ -98.67383, 29.74212 ], [ -98.66339, 29.74513 ], [ -98.66111, 29.7493 ], [ -98.65305, 29.74883 ], [ -98.64978, 29.7535 ], [ -98.64547, 29.74786 ], [ -98.64623, 29.7436 ], [ -98.64354, 29.74036 ], [ -98.63288, 29.74194 ], [ -98.62876, 29.74415 ], [ -98.61923, 29.74414 ], [ -98.61709, 29.7391 ], [ -98.60338, 29.73993 ], [ -98.60026, 29.74157 ], [ -98.60474, 29.74726 ], [ -98.60041, 29.74998 ], [ -98.59311, 29.74568 ], [ -98.58849, 29.74759 ], [ -98.58668, 29.74245 ], [ -98.58233, 29.74124 ], [ -98.57893, 29.7436 ], [ -98.57522, 29.75 ], [ -98.56977, 29.7484 ], [ -98.56555, 29.75266 ], [ -98.5593, 29.75148 ], [ -98.55512, 29.75526 ], [ -98.555, 29.75863 ], [ -98.55049, 29.76071 ], [ -98.54688, 29.7573 ], [ -98.54787, 29.75439 ], [ -98.54372, 29.75205 ], [ -98.53402, 29.75235 ], [ -98.53396, 29.74679 ], [ -98.52829, 29.74366 ], [ -98.52337, 29.74524 ], [ -98.51357, 29.74275 ], [ -98.50397, 29.73864 ], [ -98.49696, 29.73849 ], [ -98.48975, 29.73534 ], [ -98.47978, 29.73508 ], [ -98.47699, 29.73344 ], [ -98.46628, 29.73852 ], [ -98.46213, 29.73351 ], [ -98.45749, 29.73156 ], [ -98.44598, 29.73588 ], [ -98.44292, 29.73047 ], [ -98.44461, 29.72615 ], [ -98.44385, 29.71965 ], [ -98.45058, 29.70571 ], [ -98.45385, 29.68247 ], [ -98.45006, 29.66685 ], [ -98.4495, 29.65197 ], [ -98.45233, 29.64504 ], [ -98.46511, 29.62119 ], [ -98.47671, 29.58106 ], [ -98.48235, 29.56483 ], [ -98.50408, 29.58139 ], [ -98.50947, 29.57896 ], [ -98.51433, 29.57916 ], [ -98.51405, 29.5743 ], [ -98.51935, 29.5685 ], [ -98.52067, 29.55789 ], [ -98.53086, 29.55992 ], [ -98.53428, 29.55849 ], [ -98.54135, 29.55129 ], [ -98.55806, 29.56435 ], [ -98.5629, 29.56887 ], [ -98.56395, 29.5759 ], [ -98.57254, 29.58833 ], [ -98.57739, 29.59371 ], [ -98.58786, 29.59216 ], [ -98.58972, 29.59602 ], [ -98.60144, 29.60384 ], [ -98.60373, 29.61082 ], [ -98.60836, 29.6205 ], [ -98.61722, 29.61469 ], [ -98.62231, 29.61414 ], [ -98.6287, 29.61053 ], [ -98.62771, 29.6076 ], [ -98.62945, 29.59848 ], [ -98.62892, 29.59291 ], [ -98.63114, 29.58724 ], [ -98.63822, 29.58475 ], [ -98.64969, 29.57259 ], [ -98.65475, 29.56565 ], [ -98.66775, 29.55327 ], [ -98.68181, 29.53858 ], [ -98.68541, 29.52911 ], [ -98.69079, 29.5231 ], [ -98.70016, 29.50409 ] ] ] } },
{ "type": "Feature", "properties": { "region_id": "CD22" }, "geometry": { "type": "Polygon", "coordinates": [ [ [ -95.49565, 28.76484 ], [ -95.49389, 28.76534 ], [ -95.42007, 28.80562 ], [ -95.4017, 28.80591 ], [ -95.37799, 28.81028 ], [ -95.36544, 28.81376 ], [ -95.35347, 28.81786 ], [ -95.34072, 28.82308 ], [ -95.33052, 28.82829 ], [ -95.32211, 28.83444 ], [ -95.31542, 28.84221 ], [ -95.3102, 28.85097 ], [ -95.30812, 28.85883 ], [ -95.29081, 28.87164 ], [ -95.26737, 28.88506 ], [ -95.25329, 28.89231 ], [ -95.24168, 28.89996 ], [ -95.22723, 28.91038 ], [ -95.20643, 28.92669 ], [ -95.18051, 28.94924 ], [ -95.1567, 28.97427 ], [ -95.13947, 28.9917 ], [ -95.12577, 29.00299 ], [ -95.11512, 29.00863 ], [ -95.10545, 29.01605 ], [ -95.09434, 29.03224 ], [ -95.08904, 29.04805 ], [ -95.08726, 29.058 ], [ -95.09162, 29.06274 ], [ -95.12523, 29.08106 ], [ -95.12993, 29.08562 ], [ -95.06619, 29.18365 ], [ -95.05657, 29.19986 ], [ -95.07172, 29.22308 ], [ -95.08315, 29.24126 ], [ -95.11995, 29.29611 ], [ -95.14681, 29.33651 ], [ -95.16556, 29.36383 ], [ -95.1756, 29.37962 ], [ -95.19592, 29.40946 ], [ -95.20612, 29.41379 ], [ -95.20834, 29.41991 ], [ -95.2206, 29.42024 ], [ -95.22735, 29.42321 ], [ -95.22838, 29.41843 ], [ -95.23355, 29.40946 ], [ -95.26109, 29.40881 ], [ -95.26535, 29.41079 ], [ -95.2773, 29.41049 ], [ -95.29174, 29.39576 ], [ -95.29974, 29.40173 ], [ -95.31712, 29.39344 ], [ -95.31514, 29.39046 ], [ -95.3342, 29.38137 ], [ -95.33483, 29.37545 ], [ -95.332, 29.37291 ], [ -95.32745, 29.37357 ], [ -95.32332, 29.37101 ], [ -95.3624, 29.35264 ], [ -95.41863, 29.3514 ], [ -95.42267, 29.35178 ], [ -95.41869, 29.34134 ], [ -95.50116, 29.33977 ], [ -95.54838, 29.33872 ], [ -95.58287, 29.33815 ], [ -95.57917, 29.34053 ], [ -95.57921, 29.34373 ], [ -95.58261, 29.34857 ], [ -95.5821, 29.35155 ], [ -95.5761, 29.35286 ], [ -95.57548, 29.35789 ], [ -95.58048, 29.36086 ], [ -95.57794, 29.3651 ], [ -95.57574, 29.37593 ], [ -95.57234, 29.38383 ], [ -95.56729, 29.38969 ], [ -95.55886, 29.39049 ], [ -95.54758, 29.3952 ], [ -95.54986, 29.40262 ], [ -95.54583, 29.40774 ], [ -95.55192, 29.41964 ], [ -95.55596, 29.42278 ], [ -95.55594, 29.42534 ], [ -95.55177, 29.42882 ], [ -95.55009, 29.43521 ], [ -95.55012, 29.44115 ], [ -95.54458, 29.44428 ], [ -95.54108, 29.43969 ], [ -95.53716, 29.43866 ], [ -95.53402, 29.44251 ], [ -95.53299, 29.45822 ], [ -95.53668, 29.46306 ], [ -95.54376, 29.46685 ], [ -95.54789, 29.47901 ], [ -95.54416, 29.48422 ], [ -95.54516, 29.48919 ], [ -95.55179, 29.49007 ], [ -95.55656, 29.49587 ], [ -95.55351, 29.5002 ], [ -95.55376, 29.50351 ], [ -95.56026, 29.50483 ], [ -95.56521, 29.50742 ], [ -95.57194, 29.50859 ], [ -95.57464, 29.51399 ], [ -95.57838, 29.51209 ], [ -95.57918, 29.50675 ], [ -95.58374, 29.50314 ], [ -95.58784, 29.50623 ], [ -95.58316, 29.50977 ], [ -95.58437, 29.5133 ], [ -95.59113, 29.51208 ], [ -95.59423, 29.51698 ], [ -95.59178, 29.51934 ], [ -95.58699, 29.51845 ], [ -95.58328, 29.52034 ], [ -95.58181, 29.52692 ], [ -95.58545, 29.53113 ], [ -95.58895, 29.52997 ], [ -95.5932, 29.52374 ], [ -95.59618, 29.52501 ], [ -95.59678, 29.52922 ], [ -95.58149, 29.53448 ], [ -95.58314, 29.55243 ], [ -95.58874, 29.55283 ], [ -95.58916, 29.56714 ], [ -95.58506, 29.56574 ], [ -95.58111, 29.56883 ], [ -95.58283, 29.58058 ], [ -95.58065, 29.58421 ], [ -95.58186, 29.5908 ], [ -95.58266, 29.62385 ], [ -95.5903, 29.62415 ], [ -95.59139, 29.63307 ], [ -95.59778, 29.63302 ], [ -95.59782, 29.64681 ], [ -95.57972, 29.64688 ], [ -95.57657, 29.64437 ], [ -95.57171, 29.64889 ], [ -95.5827, 29.65395 ], [ -95.59706, 29.6606 ], [ -95.623, 29.6622 ], [ -95.62352, 29.67182 ], [ -95.63987, 29.67114 ], [ -95.63923, 29.64448 ], [ -95.65152, 29.64439 ], [ -95.65134, 29.63006 ], [ -95.65023, 29.62526 ], [ -95.64994, 29.61582 ], [ -95.64795, 29.61205 ], [ -95.63982, 29.60687 ], [ -95.64026, 29.57742 ], [ -95.63891, 29.57506 ], [ -95.63769, 29.55006 ], [ -95.64328, 29.55105 ], [ -95.6436, 29.55733 ], [ -95.64722, 29.5614 ], [ -95.65764, 29.56411 ], [ -95.6647, 29.56453 ], [ -95.66833, 29.56826 ], [ -95.67342, 29.56528 ], [ -95.69036, 29.56159 ], [ -95.70266, 29.5376 ], [ -95.73765, 29.54223 ], [ -95.74245, 29.5434 ], [ -95.74721, 29.54665 ], [ -95.72976, 29.55353 ], [ -95.71742, 29.55604 ], [ -95.72389, 29.55866 ], [ -95.71759, 29.57162 ], [ -95.71366, 29.57131 ], [ -95.70836, 29.57391 ], [ -95.7103, 29.57853 ], [ -95.71575, 29.58123 ], [ -95.71356, 29.58736 ], [ -95.71532, 29.5892 ], [ -95.7155, 29.59838 ], [ -95.71356, 29.59858 ], [ -95.71417, 29.62631 ], [ -95.70403, 29.62603 ], [ -95.69117, 29.61944 ], [ -95.68377, 29.61654 ], [ -95.67929, 29.61949 ], [ -95.67425, 29.6198 ], [ -95.67436, 29.63349 ], [ -95.68291, 29.63335 ], [ -95.68025, 29.64065 ], [ -95.68206, 29.64573 ], [ -95.69455, 29.64574 ], [ -95.69568, 29.63882 ], [ -95.70013, 29.63951 ], [ -95.7046, 29.63755 ], [ -95.70909, 29.64935 ], [ -95.70135, 29.65195 ], [ -95.70246, 29.65737 ], [ -95.70788, 29.65848 ], [ -95.70792, 29.66101 ], [ -95.71488, 29.66093 ], [ -95.71499, 29.66505 ], [ -95.74439, 29.66456 ], [ -95.75177, 29.67169 ], [ -95.76536, 29.68093 ], [ -95.76899, 29.69067 ], [ -95.77469, 29.69722 ], [ -95.77547, 29.70057 ], [ -95.7509, 29.70237 ], [ -95.691, 29.70741 ], [ -95.68708, 29.71008 ], [ -95.68799, 29.71108 ], [ -95.65874, 29.72911 ], [ -95.65615, 29.73151 ], [ -95.64659, 29.74729 ], [ -95.64665, 29.77926 ], [ -95.64995, 29.78213 ], [ -95.66029, 29.78216 ], [ -95.66028, 29.78448 ], [ -95.71893, 29.78491 ], [ -95.71897, 29.80088 ], [ -95.72026, 29.80464 ], [ -95.71073, 29.8054 ], [ -95.70399, 29.80218 ], [ -95.70376, 29.81506 ], [ -95.72789, 29.81482 ], [ -95.73498, 29.81556 ], [ -95.73942, 29.81737 ], [ -95.73924, 29.83126 ], [ -95.75246, 29.83184 ], [ -95.75962, 29.83489 ], [ -95.75892, 29.83869 ], [ -95.7657, 29.84484 ], [ -95.75707, 29.84622 ], [ -95.75707, 29.86079 ], [ -95.77366, 29.86067 ], [ -95.77384, 29.87515 ], [ -95.85623, 29.87457 ], [ -95.85675, 29.87425 ], [ -95.82598, 29.78862 ], [ -95.84191, 29.78219 ], [ -95.88481, 29.76588 ], [ -95.90767, 29.75761 ], [ -95.95093, 29.74077 ], [ -95.97129, 29.74045 ], [ -95.97094, 29.72855 ], [ -96.03271, 29.72794 ], [ -96.03343, 29.71961 ], [ -96.03239, 29.71748 ], [ -96.025, 29.71712 ], [ -96.01161, 29.71984 ], [ -96.00711, 29.71668 ], [ -96.00452, 29.70823 ], [ -96.00758, 29.70294 ], [ -96.01419, 29.70294 ], [ -96.01985, 29.70529 ], [ -96.02236, 29.70208 ], [ -96.01823, 29.69887 ], [ -96.01452, 29.69359 ], [ -96.01407, 29.68874 ], [ -96.01664, 29.68006 ], [ -96.02144, 29.6789 ], [ -96.02401, 29.6844 ], [ -96.03216, 29.68852 ], [ -96.04059, 29.68753 ], [ -96.05722, 29.68194 ], [ -96.06, 29.67596 ], [ -96.05397, 29.67193 ], [ -96.04866, 29.66656 ], [ -96.04384, 29.66579 ], [ -96.03369, 29.67421 ], [ -96.02966, 29.67522 ], [ -96.0185, 29.66981 ], [ -96.01604, 29.66372 ], [ -96.01818, 29.66034 ], [ -96.02395, 29.65834 ], [ -96.03047, 29.66041 ], [ -96.03185, 29.65557 ], [ -96.02496, 29.65001 ], [ -96.01754, 29.64546 ], [ -96.01508, 29.63934 ], [ -96.01931, 29.63554 ], [ -96.01644, 29.6271 ], [ -96.02272, 29.62444 ], [ -96.02476, 29.61792 ], [ -96.02485, 29.60288 ], [ -96.07618, 29.60201 ], [ -96.08439, 29.60105 ], [ -96.07582, 29.59674 ], [ -96.07135, 29.59246 ], [ -96.0625, 29.59161 ], [ -96.05956, 29.58852 ], [ -96.06276, 29.58372 ], [ -96.06318, 29.57607 ], [ -96.06, 29.56866 ], [ -96.0445, 29.56183 ], [ -96.04491, 29.5579 ], [ -96.04177, 29.55311 ], [ -96.04134, 29.54674 ], [ -96.04327, 29.54348 ], [ -96.04167, 29.54027 ], [ -96.05009, 29.54079 ], [ -96.05515, 29.53986 ], [ -96.05468, 29.52811 ], [ -96.05081, 29.52383 ], [ -96.05577, 29.5183 ], [ -96.05392, 29.51201 ], [ -96.03998, 29.50964 ], [ -96.03652, 29.51083 ], [ -96.02966, 29.50766 ], [ -96.02471, 29.50734 ], [ -96.02607, 29.49533 ], [ -96.03114, 29.49564 ], [ -96.03552, 29.49229 ], [ -96.04721, 29.49126 ], [ -96.05305, 29.49427 ], [ -96.05954, 29.49017 ], [ -96.06001, 29.48369 ], [ -96.05772, 29.48134 ], [ -96.06068, 29.47647 ], [ -96.05622, 29.4722 ], [ -96.04999, 29.47218 ], [ -96.04798, 29.46184 ], [ -96.04361, 29.46149 ], [ -96.04364, 29.45796 ], [ -96.03793, 29.45789 ], [ -96.03824, 29.45319 ], [ -96.02947, 29.45205 ], [ -96.02958, 29.44948 ], [ -96.03659, 29.44569 ], [ -96.03178, 29.44133 ], [ -96.02045, 29.44122 ], [ -96.01894, 29.43735 ], [ -96.01358, 29.43571 ], [ -96.00837, 29.42948 ], [ -96.00385, 29.42887 ], [ -96.00123, 29.43104 ], [ -95.99293, 29.43363 ], [ -95.9878, 29.42753 ], [ -95.98623, 29.42266 ], [ -95.98822, 29.41872 ], [ -95.9838, 29.4149 ], [ -95.98206, 29.41077 ], [ -95.97343, 29.41145 ], [ -95.97076, 29.40843 ], [ -95.97206, 29.40232 ], [ -95.96916, 29.39737 ], [ -95.96924, 29.39233 ], [ -95.96708, 29.38806 ], [ -95.96739, 29.38197 ], [ -95.95463, 29.37941 ], [ -95.94966, 29.375 ], [ -95.94495, 29.36646 ], [ -95.94428, 29.36144 ], [ -95.93746, 29.35895 ], [ -95.93951, 29.35253 ], [ -95.94446, 29.35168 ], [ -95.9526, 29.34759 ], [ -95.95222, 29.34252 ], [ -95.94958, 29.34101 ], [ -95.95064, 29.33658 ], [ -95.94473, 29.33232 ], [ -95.94036, 29.33173 ], [ -95.93159, 29.32848 ], [ -95.923, 29.32927 ], [ -95.91939, 29.32627 ], [ -95.91661, 29.31937 ], [ -95.89826, 29.31438 ], [ -95.89447, 29.31498 ], [ -95.89275, 29.31094 ], [ -95.89615, 29.30673 ], [ -95.89754, 29.29928 ], [ -95.89092, 29.29214 ], [ -95.88975, 29.28751 ], [ -95.88467, 29.27921 ], [ -95.88494, 29.27429 ], [ -95.88019, 29.27077 ], [ -95.8796, 29.26676 ], [ -95.87231, 29.26674 ], [ -95.86893, 29.26924 ], [ -95.86444, 29.26722 ], [ -95.85693, 29.26797 ], [ -95.84975, 29.26422 ], [ -95.84195, 29.25871 ], [ -95.87403, 29.2297 ], [ -95.84467, 29.20468 ], [ -95.85781, 29.19332 ], [ -95.83837, 29.17656 ], [ -95.84171, 29.17352 ], [ -95.84321, 29.16903 ], [ -95.84701, 29.16722 ], [ -95.85019, 29.15994 ], [ -95.84911, 29.15444 ], [ -95.8507, 29.15188 ], [ -95.84813, 29.14823 ], [ -95.84002, 29.14018 ], [ -95.83832, 29.13681 ], [ -95.83754, 29.12991 ], [ -95.84371, 29.11242 ], [ -95.84372, 29.10702 ], [ -95.8415, 29.09862 ], [ -95.83435, 29.09405 ], [ -95.82904, 29.08892 ], [ -95.82213, 29.09068 ], [ -95.81776, 29.08948 ], [ -95.8058, 29.09041 ], [ -95.80084, 29.07971 ], [ -95.79707, 29.0801 ], [ -95.79367, 29.07249 ], [ -95.78088, 29.06559 ], [ -95.77398, 29.06444 ], [ -95.76564, 29.06127 ], [ -95.76755, 29.05325 ], [ -95.77374, 29.05286 ], [ -95.77662, 29.05088 ], [ -95.77697, 29.04569 ], [ -95.78389, 29.04284 ], [ -95.78414, 29.03808 ], [ -95.7794, 29.03414 ], [ -95.7841, 29.03036 ], [ -95.778, 29.02455 ], [ -95.78143, 29.02035 ], [ -95.7791, 29.00874 ], [ -95.77256, 29.00518 ], [ -95.77834, 28.99705 ], [ -95.77215, 28.99442 ], [ -95.76717, 28.98871 ], [ -95.77049, 28.98502 ], [ -95.76558, 28.97973 ], [ -95.76935, 28.97781 ], [ -95.77034, 28.97268 ], [ -95.76494, 28.96736 ], [ -95.73699, 28.96777 ], [ -95.70546, 28.96862 ], [ -95.69913, 28.96954 ], [ -95.69767, 28.96614 ], [ -95.69001, 28.96412 ], [ -95.68445, 28.96055 ], [ -95.67955, 28.96573 ], [ -95.67513, 28.96424 ], [ -95.66939, 28.95671 ], [ -95.6554, 28.95171 ], [ -95.64937, 28.94251 ], [ -95.64582, 28.93889 ], [ -95.64875, 28.93471 ], [ -95.6519, 28.92568 ], [ -95.65107, 28.91925 ], [ -95.64813, 28.91743 ], [ -95.64503, 28.91229 ], [ -95.64545, 28.90972 ], [ -95.64167, 28.90375 ], [ -95.6361, 28.90275 ], [ -95.63351, 28.89747 ], [ -95.63072, 28.89739 ], [ -95.62324, 28.89371 ], [ -95.61648, 28.88505 ], [ -95.61121, 28.88287 ], [ -95.60256, 28.87654 ], [ -95.59388, 28.8716 ], [ -95.58703, 28.86618 ], [ -95.58529, 28.86217 ], [ -95.57924, 28.85961 ], [ -95.57616, 28.85242 ], [ -95.57902, 28.83963 ], [ -95.57367, 28.83277 ], [ -95.56771, 28.82976 ], [ -95.55453, 28.83033 ], [ -95.55022, 28.8288 ], [ -95.54362, 28.83263 ], [ -95.53825, 28.83291 ], [ -95.53047, 28.8291 ], [ -95.52281, 28.83324 ], [ -95.50867, 28.83713 ], [ -95.50401, 28.83752 ], [ -95.50407, 28.82865 ], [ -95.50709, 28.825 ], [ -95.50023, 28.78682 ], [ -95.49565, 28.76484 ] ] ] } },
{ "type": "Feature", "properties": { "region_id": "CD23" }, "geometry": { "type": "Polygon", "coordinates": [ [ [ -100.50189, 28.66763 ], [ -100.49474, 28.66943 ], [ -100.49341, 28.67133 ], [ -100.48682, 28.67153 ], [ -100.47155, 28.6844 ], [ -100.46854, 28.68261 ], [ -100.44797, 28.66397 ], [ -100.44424, 28.66754 ], [ -100.43832, 28.66775 ], [ -100.43639, 28.67134 ], [ -100.42707, 28.66721 ], [ -100.42053, 28.66557 ], [ -100.41815, 28.66942 ], [ -100.41411, 28.66823 ], [ -100.40931, 28.6712 ], [ -100.40388, 28.67075 ], [ -100.40282, 28.67813 ], [ -100.40022, 28.67986 ], [ -100.39267, 28.68045 ], [ -100.38855, 28.68347 ], [ -100.38308, 28.69046 ], [ -100.38444, 28.69317 ], [ -100.37096, 28.69008 ], [ -100.3186, 28.67284 ], [ -100.30486, 28.66967 ], [ -100.22738, 28.65362 ], [ -100.11665, 28.63049 ], [ -100.11427, 28.62969 ], [ -100.11434, 28.64812 ], [ -100.00046, 28.64729 ], [ -99.9997, 28.64743 ], [ -99.93594, 28.64646 ], [ -99.91305, 28.64676 ], [ -99.87533, 28.64393 ], [ -99.74947, 28.64386 ], [ -99.6803, 28.64339 ], [ -99.65527, 28.64355 ], [ -99.61872, 28.64283 ], [ -99.56769, 28.64248 ], [ -99.52676, 28.64257 ], [ -99.5039, 28.64128 ], [ -99.49297, 28.6414 ], [ -99.45949, 28.64091 ], [ -99.41235, 28.64051 ], [ -99.37512, 28.64112 ], [ -99.21368, 28.64389 ], [ -99.13717, 28.64439 ], [ -99.00023, 28.64566 ], [ -98.98686, 28.64606 ], [ -98.8753, 28.64702 ], [ -98.80084, 28.64749 ], [ -98.80188, 28.7451 ], [ -98.80179, 28.75026 ], [ -98.8027, 28.83403 ], [ -98.80366, 28.92254 ], [ -98.8048, 29.02459 ], [ -98.80491, 29.09245 ], [ -98.80476, 29.17615 ], [ -98.80476, 29.25069 ], [ -98.80493, 29.31292 ], [ -98.80459, 29.32334 ], [ -98.7997, 29.32698 ], [ -98.79496, 29.32615 ], [ -98.79143, 29.32871 ], [ -98.77895, 29.32582 ], [ -98.77, 29.32822 ], [ -98.76701, 29.33234 ], [ -98.76212, 29.33151 ], [ -98.75546, 29.32789 ], [ -98.75105, 29.33035 ], [ -98.74935, 29.33659 ], [ -98.74458, 29.3365 ], [ -98.74043, 29.33289 ], [ -98.7353, 29.33286 ], [ -98.73664, 29.33891 ], [ -98.73128, 29.34064 ], [ -98.72823, 29.33946 ], [ -98.72218, 29.34313 ], [ -98.71734, 29.34317 ], [ -98.70926, 29.35154 ], [ -98.70563, 29.34978 ], [ -98.7064, 29.3464 ], [ -98.69936, 29.33891 ], [ -98.69155, 29.33671 ], [ -98.68687, 29.32781 ], [ -98.6712, 29.32816 ], [ -98.67112, 29.34628 ], [ -98.66161, 29.34747 ], [ -98.64638, 29.3472 ], [ -98.64648, 29.36063 ], [ -98.63269, 29.36081 ], [ -98.63677, 29.37107 ], [ -98.62974, 29.36732 ], [ -98.6209, 29.36639 ], [ -98.61727, 29.37505 ], [ -98.61317, 29.37683 ], [ -98.59655, 29.36704 ], [ -98.58582, 29.3657 ], [ -98.58468, 29.36266 ], [ -98.57637, 29.35925 ], [ -98.57501, 29.35491 ], [ -98.56539, 29.36802 ], [ -98.55211, 29.38371 ], [ -98.56329, 29.38585 ], [ -98.56379, 29.3897 ], [ -98.56239, 29.39876 ], [ -98.58364, 29.40088 ], [ -98.58424, 29.40696 ], [ -98.58781, 29.40886 ], [ -98.59966, 29.40784 ], [ -98.59971, 29.43867 ], [ -98.6027, 29.4419 ], [ -98.60266, 29.44858 ], [ -98.61052, 29.4525 ], [ -98.61519, 29.45228 ], [ -98.62166, 29.44974 ], [ -98.62587, 29.45023 ], [ -98.63036, 29.45328 ], [ -98.63567, 29.44676 ], [ -98.63749, 29.45313 ], [ -98.64689, 29.44952 ], [ -98.64511, 29.44724 ], [ -98.63491, 29.43982 ], [ -98.63017, 29.43344 ], [ -98.61984, 29.43368 ], [ -98.61979, 29.43108 ], [ -98.61286, 29.42721 ], [ -98.61021, 29.42289 ], [ -98.61273, 29.41919 ], [ -98.61905, 29.41847 ], [ -98.61927, 29.4122 ], [ -98.60911, 29.41198 ], [ -98.60707, 29.40653 ], [ -98.63063, 29.40205 ], [ -98.65367, 29.39624 ], [ -98.67001, 29.38973 ], [ -98.67443, 29.38918 ], [ -98.69745, 29.38347 ], [ -98.70124, 29.38447 ], [ -98.70363, 29.39859 ], [ -98.71025, 29.40693 ], [ -98.7266, 29.40692 ], [ -98.72645, 29.41541 ], [ -98.7201, 29.4175 ], [ -98.71996, 29.43351 ], [ -98.72286, 29.43911 ], [ -98.73213, 29.44172 ], [ -98.73499, 29.44783 ], [ -98.74162, 29.44197 ], [ -98.74724, 29.44164 ], [ -98.75212, 29.44555 ], [ -98.75834, 29.46131 ], [ -98.75184, 29.4624 ], [ -98.74329, 29.45987 ], [ -98.7377, 29.46008 ], [ -98.72542, 29.46279 ], [ -98.72406, 29.47149 ], [ -98.72016, 29.47558 ], [ -98.72679, 29.47961 ], [ -98.72387, 29.48618 ], [ -98.7146, 29.48581 ], [ -98.70965, 29.49598 ], [ -98.7231, 29.50258 ], [ -98.71892, 29.50731 ], [ -98.71046, 29.50408 ], [ -98.7088, 29.50744 ], [ -98.70016, 29.50409 ], [ -98.69079, 29.5231 ], [ -98.68541, 29.52911 ], [ -98.68181, 29.53858 ], [ -98.66775, 29.55327 ], [ -98.65475, 29.56565 ], [ -98.64969, 29.57259 ], [ -98.63822, 29.58475 ], [ -98.63114, 29.58724 ], [ -98.62892, 29.59291 ], [ -98.62945, 29.59848 ], [ -98.62771, 29.6076 ], [ -98.6287, 29.61053 ], [ -98.62231, 29.61414 ], [ -98.61722, 29.61469 ], [ -98.60836, 29.6205 ], [ -98.60373, 29.61082 ], [ -98.60144, 29.60384 ], [ -98.58972, 29.59602 ], [ -98.58786, 29.59216 ], [ -98.57739, 29.59371 ], [ -98.57254, 29.58833 ], [ -98.56395, 29.5759 ], [ -98.5629, 29.56887 ], [ -98.55806, 29.56435 ], [ -98.54135, 29.55129 ], [ -98.53428, 29.55849 ], [ -98.53086, 29.55992 ], [ -98.52067, 29.55789 ], [ -98.51935, 29.5685 ], [ -98.51405, 29.5743 ], [ -98.51433, 29.57916 ], [ -98.50947, 29.57896 ], [ -98.50408, 29.58139 ], [ -98.48235, 29.56483 ], [ -98.47671, 29.58106 ], [ -98.46511, 29.62119 ], [ -98.45233, 29.64504 ], [ -98.4495, 29.65197 ], [ -98.45006, 29.66685 ], [ -98.45385, 29.68247 ], [ -98.45058, 29.70571 ], [ -98.44385, 29.71965 ], [ -98.44461, 29.72615 ], [ -98.44292, 29.73047 ], [ -98.44598, 29.73588 ], [ -98.45749, 29.73156 ], [ -98.46213, 29.73351 ], [ -98.46628, 29.73852 ], [ -98.47699, 29.73344 ], [ -98.47978, 29.73508 ], [ -98.48975, 29.73534 ], [ -98.49696, 29.73849 ], [ -98.50397, 29.73864 ], [ -98.51357, 29.74275 ], [ -98.52337, 29.74524 ], [ -98.52829, 29.74366 ], [ -98.53396, 29.74679 ], [ -98.53402, 29.75235 ], [ -98.54372, 29.75205 ], [ -98.54787, 29.75439 ], [ -98.54688, 29.7573 ], [ -98.55049, 29.76071 ], [ -98.555, 29.75863 ], [ -98.55512, 29.75526 ], [ -98.5593, 29.75148 ], [ -98.56555, 29.75266 ], [ -98.56977, 29.7484 ], [ -98.57522, 29.75 ], [ -98.57893, 29.7436 ], [ -98.58233, 29.74124 ], [ -98.58668, 29.74245 ], [ -98.58849, 29.74759 ], [ -98.59311, 29.74568 ], [ -98.60041, 29.74998 ], [ -98.60474, 29.74726 ], [ -98.60026, 29.74157 ], [ -98.60338, 29.73993 ], [ -98.61709, 29.7391 ], [ -98.61923, 29.74414 ], [ -98.62876, 29.74415 ], [ -98.63288, 29.74194 ], [ -98.64354, 29.74036 ], [ -98.64623, 29.7436 ], [ -98.64547, 29.74786 ], [ -98.64978, 29.7535 ], [ -98.65305, 29.74883 ], [ -98.66111, 29.7493 ], [ -98.66339, 29.74513 ], [ -98.67383, 29.74212 ], [ -98.67657, 29.73727 ], [ -98.68294, 29.73935 ], [ -98.68843, 29.73844 ], [ -98.69273, 29.73521 ], [ -98.69999, 29.73744 ], [ -98.69989, 29.73271 ], [ -98.70527, 29.73314 ], [ -98.71069, 29.73085 ], [ -98.71767, 29.72531 ], [ -98.72323, 29.72961 ], [ -98.72606, 29.72775 ], [ -98.73253, 29.72953 ], [ -98.72895, 29.72231 ], [ -98.73425, 29.72136 ], [ -98.73777, 29.71675 ], [ -98.74402, 29.71648 ], [ -98.74805, 29.72056 ], [ -98.76225, 29.72201 ], [ -98.76612, 29.7198 ], [ -98.76904, 29.72129 ], [ -98.77878, 29.72017 ], [ -98.8004, 29.69742 ], [ -98.82514, 29.67055 ], [ -98.86101, 29.63225 ], [ -98.92716, 29.56225 ], [ -98.93166, 29.56355 ], [ -98.94108, 29.5585 ], [ -98.94741, 29.55795 ], [ -98.95785, 29.56024 ], [ -98.96473, 29.5589 ], [ -98.96854, 29.55386 ], [ -98.97335, 29.5517 ], [ -98.97934, 29.5554 ], [ -98.9852, 29.56408 ], [ -98.98577, 29.57011 ], [ -98.97927, 29.57545 ], [ -98.97982, 29.57918 ], [ -98.98577, 29.58193 ], [ -98.98707, 29.58466 ], [ -98.98486, 29.59094 ], [ -98.97865, 29.59882 ], [ -98.97653, 29.6049 ], [ -98.97613, 29.61326 ], [ -98.98114, 29.62126 ], [ -98.98379, 29.62345 ], [ -99.00031, 29.62322 ], [ -99.12531, 29.62432 ], [ -99.22586, 29.6257 ], [ -99.25032, 29.62556 ], [ -99.27388, 29.62584 ], [ -99.3135, 29.62677 ], [ -99.33457, 29.62683 ], [ -99.35958, 29.62734 ], [ -99.49046, 29.62769 ], [ -99.60394, 29.62718 ], [ -99.73931, 29.62523 ], [ -99.75176, 29.62477 ], [ -99.86957, 29.62416 ], [ -99.87534, 29.62438 ], [ -99.97605, 29.62368 ], [ -100.01419, 29.62349 ], [ -100.00727, 29.63202 ], [ -100.00844, 29.63706 ], [ -100.01362, 29.64111 ], [ -100.02125, 29.65273 ], [ -100.02623, 29.65713 ], [ -100.0303, 29.66326 ], [ -100.02797, 29.66751 ], [ -100.02125, 29.66969 ], [ -100.01695, 29.67682 ], [ -100.02138, 29.67827 ], [ -100.02812, 29.68318 ], [ -100.03041, 29.68858 ], [ -100.039, 29.68992 ], [ -100.04078, 29.69294 ], [ -100.04579, 29.69492 ], [ -100.04757, 29.70237 ], [ -100.04668, 29.7066 ], [ -100.0521, 29.70964 ], [ -100.0553, 29.70884 ], [ -100.06374, 29.71106 ], [ -100.03953, 29.71872 ], [ -100.03777, 29.72107 ], [ -100.03042, 29.72105 ], [ -100.02637, 29.72318 ], [ -100.02494, 29.72976 ], [ -100.02792, 29.73116 ], [ -100.02961, 29.73647 ], [ -100.02801, 29.74152 ], [ -100.02186, 29.74528 ], [ -100.02455, 29.74838 ], [ -100.0241, 29.75327 ], [ -100.02832, 29.75843 ], [ -100.03158, 29.77095 ], [ -100.03514, 29.77351 ], [ -100.03596, 29.77937 ], [ -100.02907, 29.78332 ], [ -100.02898, 29.78899 ], [ -100.01329, 29.79434 ], [ -100.01595, 29.80042 ], [ -100.01707, 29.81201 ], [ -100.01902, 29.81531 ], [ -100.02256, 29.81514 ], [ -100.02727, 29.82436 ], [ -100.02554, 29.82906 ], [ -100.02849, 29.83545 ], [ -100.03146, 29.83698 ], [ -100.0314, 29.841 ], [ -100.0349, 29.8433 ], [ -100.03088, 29.84827 ], [ -100.02403, 29.8492 ], [ -100.02217, 29.85407 ], [ -100.02221, 29.86216 ], [ -100.01939, 29.86584 ], [ -100.01956, 29.86959 ], [ -100.02387, 29.87442 ], [ -100.02341, 29.88313 ], [ -100.01679, 29.89115 ], [ -100.0103, 29.8938 ], [ -100.00901, 29.89712 ], [ -100.0023, 29.89683 ], [ -100.00035, 29.91969 ], [ -99.99183, 30.00021 ], [ -99.98967, 30.02575 ], [ -99.97305, 30.02459 ], [ -99.96763, 30.08236 ], [ -99.91748, 30.0786 ], [ -99.91803, 30.07364 ], [ -99.86838, 30.07376 ], [ -99.75762, 30.07413 ], [ -99.7566, 30.16283 ], [ -99.75414, 30.2907 ], [ -99.82023, 30.29038 ], [ -99.85737, 30.29054 ], [ -99.87535, 30.29023 ], [ -99.93673, 30.29043 ], [ -99.94285, 30.29007 ], [ -100.00035, 30.29036 ], [ -100.11646, 30.2903 ], [ -100.11687, 30.39239 ], [ -100.11668, 30.41674 ], [ -100.11671, 30.46216 ], [ -100.11652, 30.47888 ], [ -100.11641, 30.53895 ], [ -100.11616, 30.62518 ], [ -100.11627, 30.74315 ], [ -100.11667, 30.80993 ], [ -100.11639, 30.83009 ], [ -100.11603, 30.94423 ], [ -100.11555, 31.00026 ], [ -100.11522, 31.08799 ], [ -100.24841, 31.08873 ], [ -100.25036, 31.08848 ], [ -100.36825, 31.08809 ], [ -100.37537, 31.08815 ], [ -100.49139, 31.08777 ], [ -100.50037, 31.0876 ], [ -100.62816, 31.08675 ], [ -100.67711, 31.08612 ], [ -100.68803, 31.0866 ], [ -100.72963, 31.08574 ], [ -100.86668, 31.08394 ], [ -100.87538, 31.08391 ], [ -101.00039, 31.08187 ], [ -101.06046, 31.08117 ], [ -101.12539, 31.08055 ], [ -101.22297, 31.07974 ], [ -101.2748, 31.07938 ], [ -101.27352, 31.1668 ], [ -101.2719, 31.29376 ], [ -101.27147, 31.30926 ], [ -101.26967, 31.40425 ], [ -101.26876, 31.44833 ], [ -101.26763, 31.55646 ], [ -101.26711, 31.61928 ], [ -101.26712, 31.65085 ], [ -101.36911, 31.65126 ], [ -101.37539, 31.65109 ], [ -101.49837, 31.65134 ], [ -101.5004, 31.65145 ], [ -101.61625, 31.65153 ], [ -101.64065, 31.6514 ], [ -101.73788, 31.65122 ], [ -101.88129, 31.65136 ], [ -102.00705, 31.65162 ], [ -102.11421, 31.65157 ], [ -102.23901, 31.65156 ], [ -102.28734, 31.65128 ], [ -102.36358, 31.65115 ], [ -102.43019, 31.65119 ], [ -102.53347, 31.65131 ], [ -102.59769, 31.65108 ], [ -102.70128, 31.65147 ], [ -102.74602, 31.65152 ], [ -102.79894, 31.65178 ], [ -102.79757, 31.77273 ], [ -102.79836, 31.84612 ], [ -102.79855, 31.97869 ], [ -102.79884, 32.05931 ], [ -102.79909, 32.0858 ], [ -102.80156, 32.08715 ], [ -102.85533, 32.08704 ], [ -102.89754, 32.08717 ], [ -103.00045, 32.08724 ], [ -103.06452, 32.08705 ], [ -103.06451, 32.00042 ], [ -103.19613, 32.00031 ], [ -103.21564, 32.00051 ], [ -103.27852, 32.00042 ], [ -103.37546, 32.00033 ], [ -103.50046, 32.00037 ], [ -103.62547, 32.00024 ], [ -103.71972, 32.00021 ], [ -103.86925, 32.00015 ], [ -103.99816, 32.00013 ], [ -104.10098, 31.99997 ], [ -104.22072, 32.00004 ], [ -104.28811, 32.00007 ], [ -104.4236, 32.00014 ], [ -104.58842, 32.00027 ], [ -104.64352, 32.00044 ], [ -104.73147, 32.00036 ], [ -104.75456, 32.00053 ], [ -104.75479, 31.99777 ], [ -104.77211, 31.99749 ], [ -104.8312, 31.99996 ], [ -104.84774, 32.00041 ], [ -104.99677, 32.00044 ], [ -105.08202, 32.0005 ], [ -105.15065, 32.00023 ], [ -105.24519, 32.00021 ], [ -105.37513, 32.00058 ], [ -105.47665, 32.00087 ], [ -105.60737, 32.00121 ], [ -105.69013, 32.0014 ], [ -105.7844, 32.00164 ], [ -105.89717, 32.00203 ], [ -106.00278, 32.00239 ], [ -106.09973, 32.00265 ], [ -106.26654, 32.00182 ], [ -106.44392, 32.00119 ], [ -106.44383, 32.00075 ], [ -106.40924, 32.00101 ], [ -106.40794, 31.9434 ], [ -106.42481, 31.94324 ], [ -106.4236, 31.93069 ], [ -106.41139, 31.93702 ], [ -106.39936, 31.94641 ], [ -106.39488, 31.93339 ], [ -106.39078, 31.93337 ], [ -106.39157, 31.92841 ], [ -106.40758, 31.92837 ], [ -106.40748, 31.92312 ], [ -106.40211, 31.92302 ], [ -106.40496, 31.91475 ], [ -106.40728, 31.91429 ], [ -106.40697, 31.90204 ], [ -106.38943, 31.92835 ], [ -106.37394, 31.92841 ], [ -106.37064, 31.92717 ], [ -106.38857, 31.89891 ], [ -106.36613, 31.89907 ], [ -106.35852, 31.89638 ], [ -106.35537, 31.89302 ], [ -106.33025, 31.85008 ], [ -106.32199, 31.83652 ], [ -106.31922, 31.83468 ], [ -106.27292, 31.81966 ], [ -106.27318, 31.83237 ], [ -106.2656, 31.83383 ], [ -106.20564, 31.83371 ], [ -106.20463, 31.83391 ], [ -106.20507, 31.81494 ], [ -106.20011, 31.81559 ], [ -106.1995, 31.79813 ], [ -106.19972, 31.78409 ], [ -106.19911, 31.76932 ], [ -106.19937, 31.73869 ], [ -106.19905, 31.72615 ], [ -106.21607, 31.7261 ], [ -106.21592, 31.70649 ], [ -106.21189, 31.69898 ], [ -106.21778, 31.69898 ], [ -106.21562, 31.69433 ], [ -106.21533, 31.66855 ], [ -106.19824, 31.66852 ], [ -106.19798, 31.63949 ], [ -106.1981, 31.60933 ], [ -106.1952, 31.60799 ], [ -106.18066, 31.6081 ], [ -106.20043, 31.59632 ], [ -106.20237, 31.59427 ], [ -106.20699, 31.59885 ], [ -106.19908, 31.604 ], [ -106.20403, 31.61066 ], [ -106.21283, 31.60565 ], [ -106.2152, 31.60907 ], [ -106.21487, 31.61409 ], [ -106.22602, 31.61049 ], [ -106.22363, 31.60012 ], [ -106.22798, 31.60001 ], [ -106.23139, 31.60494 ], [ -106.23811, 31.60342 ], [ -106.2442, 31.60052 ], [ -106.25363, 31.61146 ], [ -106.29567, 31.60104 ], [ -106.28874, 31.58716 ], [ -106.28114, 31.56267 ], [ -106.28014, 31.56146 ], [ -106.254, 31.54757 ], [ -106.24824, 31.54349 ], [ -106.24485, 31.53796 ], [ -106.23722, 31.51386 ], [ -106.22622, 31.50276 ], [ -106.22392, 31.49927 ], [ -106.21962, 31.48156 ], [ -106.21744, 31.47792 ], [ -106.20763, 31.4671 ], [ -106.20012, 31.46241 ], [ -106.1803, 31.45711 ], [ -106.17239, 31.45308 ], [ -106.15942, 31.43931 ], [ -106.15461, 31.43589 ], [ -106.13229, 31.42508 ], [ -106.12454, 31.42373 ], [ -106.11011, 31.42302 ], [ -106.10309, 31.41848 ], [ -106.08498, 31.40145 ], [ -106.07531, 31.39761 ], [ -106.03249, 31.39447 ], [ -106.00692, 31.39282 ], [ -106.0023, 31.39115 ], [ -105.98035, 31.37456 ], [ -105.96928, 31.3657 ], [ -105.9556, 31.3653 ], [ -105.95354, 31.3645 ], [ -105.94593, 31.35338 ], [ -105.94558, 31.35024 ], [ -105.94753, 31.33898 ], [ -105.93851, 31.31907 ], [ -105.93158, 31.31278 ], [ -105.92231, 31.31195 ], [ -105.90863, 31.31275 ], [ -105.90332, 31.30679 ], [ -105.89732, 31.29429 ], [ -105.89511, 31.29131 ], [ -105.89021, 31.29015 ], [ -105.87809, 31.29154 ], [ -105.86929, 31.28895 ], [ -105.85909, 31.27679 ], [ -105.85327, 31.27172 ], [ -105.85008, 31.26464 ], [ -105.83475, 31.24591 ], [ -105.81838, 31.23015 ], [ -105.79429, 31.20229 ], [ -105.78331, 31.19811 ], [ -105.78013, 31.19233 ], [ -105.77963, 31.18176 ], [ -105.77613, 31.17652 ], [ -105.77403, 31.16847 ], [ -105.76911, 31.16478 ], [ -105.76259, 31.16408 ], [ -105.74573, 31.16536 ], [ -105.74128, 31.1642 ], [ -105.71987, 31.1494 ], [ -105.71618, 31.14057 ], [ -105.7084, 31.13593 ], [ -105.67918, 31.12594 ], [ -105.66836, 31.12289 ], [ -105.64884, 31.11588 ], [ -105.64649, 31.11308 ], [ -105.64268, 31.09958 ], [ -105.64005, 31.09764 ], [ -105.62852, 31.09865 ], [ -105.62507, 31.0971 ], [ -105.60644, 31.08528 ], [ -105.60247, 31.08137 ], [ -105.59837, 31.07432 ], [ -105.59529, 31.06431 ], [ -105.58842, 31.06046 ], [ -105.58499, 31.05696 ], [ -105.57945, 31.03462 ], [ -105.58132, 31.02703 ], [ -105.57739, 31.01967 ], [ -105.57115, 31.01866 ], [ -105.56888, 31.01518 ], [ -105.5701, 31.0082 ], [ -105.56394, 30.99797 ], [ -105.55723, 30.98967 ], [ -105.54272, 30.98458 ], [ -105.53765, 30.98573 ], [ -105.53268, 30.9847 ], [ -105.52753, 30.97858 ], [ -105.52256, 30.9768 ], [ -105.51689, 30.96943 ], [ -105.51608, 30.96528 ], [ -105.5023, 30.96789 ], [ -105.49432, 30.95786 ], [ -105.49898, 30.95083 ], [ -105.49397, 30.9495 ], [ -105.48819, 30.94389 ], [ -105.47822, 30.93821 ], [ -105.47592, 30.93382 ], [ -105.47089, 30.93376 ], [ -105.46749, 30.92953 ], [ -105.46729, 30.92525 ], [ -105.45142, 30.92468 ], [ -105.45439, 30.91935 ], [ -105.45076, 30.91611 ], [ -105.44684, 30.9196 ], [ -105.44256, 30.90972 ], [ -105.42882, 30.90468 ], [ -105.42476, 30.901 ], [ -105.4138, 30.89957 ], [ -105.41217, 30.89384 ], [ -105.40837, 30.88926 ], [ -105.40406, 30.89203 ], [ -105.39941, 30.88831 ], [ -105.40011, 30.88294 ], [ -105.40432, 30.87984 ], [ -105.40044, 30.87687 ], [ -105.39363, 30.87638 ], [ -105.39364, 30.86693 ], [ -105.39522, 30.85929 ], [ -105.39927, 30.85774 ], [ -105.40164, 30.85427 ], [ -105.39589, 30.84929 ], [ -105.38672, 30.85331 ], [ -105.37764, 30.84919 ], [ -105.36764, 30.84769 ], [ -105.36204, 30.85054 ], [ -105.35947, 30.84579 ], [ -105.35309, 30.84181 ], [ -105.3544, 30.83758 ], [ -105.35141, 30.83562 ], [ -105.34576, 30.84061 ], [ -105.33917, 30.84041 ], [ -105.33733, 30.83376 ], [ -105.32803, 30.83135 ], [ -105.31892, 30.82506 ], [ -105.31616, 30.81845 ], [ -105.31904, 30.81248 ], [ -105.31696, 30.81094 ], [ -105.30891, 30.81525 ], [ -105.30654, 30.80971 ], [ -105.30052, 30.81933 ], [ -105.2992, 30.82535 ], [ -105.29385, 30.82644 ], [ -105.2898, 30.82469 ], [ -105.28851, 30.81852 ], [ -105.28251, 30.81828 ], [ -105.27933, 30.81556 ], [ -105.27545, 30.80698 ], [ -105.26905, 30.80935 ], [ -105.26581, 30.8065 ], [ -105.26394, 30.80004 ], [ -105.25675, 30.79428 ], [ -105.25021, 30.79903 ], [ -105.23889, 30.80259 ], [ -105.23002, 30.80383 ], [ -105.22778, 30.79918 ], [ -105.2233, 30.80087 ], [ -105.21778, 30.80595 ], [ -105.21511, 30.80593 ], [ -105.21303, 30.80045 ], [ -105.20972, 30.79808 ], [ -105.21333, 30.79311 ], [ -105.21694, 30.79338 ], [ -105.21969, 30.78626 ], [ -105.21169, 30.78177 ], [ -105.20732, 30.78396 ], [ -105.20409, 30.78782 ], [ -105.20051, 30.78737 ], [ -105.196, 30.79198 ], [ -105.19256, 30.78985 ], [ -105.19074, 30.7857 ], [ -105.186, 30.78455 ], [ -105.18514, 30.77772 ], [ -105.18213, 30.77627 ], [ -105.1766, 30.76797 ], [ -105.17385, 30.76806 ], [ -105.16864, 30.77604 ], [ -105.16281, 30.77072 ], [ -105.15612, 30.76958 ], [ -105.15784, 30.76131 ], [ -105.16194, 30.75308 ], [ -105.15631, 30.75382 ], [ -105.15307, 30.75169 ], [ -105.1489, 30.7522 ], [ -105.14389, 30.75519 ], [ -105.13722, 30.75174 ], [ -105.12916, 30.7501 ], [ -105.12833, 30.74816 ], [ -105.1183, 30.74973 ], [ -105.12085, 30.74589 ], [ -105.11681, 30.74306 ], [ -105.11094, 30.74355 ], [ -105.11002, 30.73911 ], [ -105.11168, 30.73287 ], [ -105.10881, 30.73009 ], [ -105.1033, 30.72897 ], [ -105.10544, 30.72368 ], [ -105.09979, 30.72211 ], [ -105.09818, 30.71648 ], [ -105.09222, 30.71725 ], [ -105.0878, 30.71562 ], [ -105.08718, 30.70974 ], [ -105.08357, 30.71001 ], [ -105.07938, 30.70544 ], [ -105.08075, 30.69973 ], [ -105.07533, 30.70189 ], [ -105.06822, 30.70213 ], [ -105.06708, 30.69946 ], [ -105.0625, 30.6984 ], [ -105.06249, 30.68653 ], [ -105.05694, 30.68795 ], [ -105.05538, 30.68222 ], [ -105.04578, 30.68188 ], [ -105.04114, 30.68894 ], [ -105.03609, 30.68666 ], [ -105.03196, 30.68099 ], [ -105.02662, 30.67943 ], [ -105.02139, 30.68145 ], [ -105.01801, 30.68503 ], [ -105.01448, 30.68256 ], [ -105.0078, 30.68622 ], [ -105.00204, 30.68088 ], [ -105.00157, 30.67276 ], [ -104.99776, 30.66899 ], [ -104.99392, 30.66857 ], [ -104.99276, 30.6648 ], [ -104.98611, 30.66277 ], [ -104.98472, 30.65564 ], [ -104.98557, 30.65076 ], [ -104.98391, 30.64293 ], [ -104.98383, 30.63481 ], [ -104.9796, 30.62892 ], [ -104.98026, 30.62217 ], [ -104.97554, 30.6145 ], [ -104.97141, 30.60985 ], [ -104.96749, 30.60795 ], [ -104.95962, 30.61058 ], [ -104.95503, 30.60936 ], [ -104.95023, 30.60395 ], [ -104.94522, 30.60301 ], [ -104.93841, 30.60363 ], [ -104.93368, 30.59957 ], [ -104.92918, 30.5999 ], [ -104.92677, 30.605 ], [ -104.92225, 30.60295 ], [ -104.92158, 30.59822 ], [ -104.91864, 30.59679 ], [ -104.9202, 30.59049 ], [ -104.91876, 30.58554 ], [ -104.90962, 30.58521 ], [ -104.90696, 30.57727 ], [ -104.89905, 30.57077 ], [ -104.89584, 30.56227 ], [ -104.89795, 30.55455 ], [ -104.89333, 30.55312 ], [ -104.8877, 30.54673 ], [ -104.89079, 30.54101 ], [ -104.88927, 30.53538 ], [ -104.88236, 30.53225 ], [ -104.88065, 30.52982 ], [ -104.88174, 30.52055 ], [ -104.88085, 30.51696 ], [ -104.87675, 30.5111 ], [ -104.87191, 30.51063 ], [ -104.87351, 30.50434 ], [ -104.87222, 30.50195 ], [ -104.87393, 30.49557 ], [ -104.86632, 30.49265 ], [ -104.86744, 30.48472 ], [ -104.87163, 30.48076 ], [ -104.86915, 30.47874 ], [ -104.86944, 30.4744 ], [ -104.86661, 30.46962 ], [ -104.86596, 30.46467 ], [ -104.86853, 30.46348 ], [ -104.86961, 30.45877 ], [ -104.86806, 30.45362 ], [ -104.86444, 30.45055 ], [ -104.86557, 30.44476 ], [ -104.86786, 30.44263 ], [ -104.86022, 30.43991 ], [ -104.85817, 30.43684 ], [ -104.85839, 30.43141 ], [ -104.86145, 30.42712 ], [ -104.85186, 30.41861 ], [ -104.84887, 30.41825 ], [ -104.84763, 30.41398 ], [ -104.8567, 30.40984 ], [ -104.85603, 30.40332 ], [ -104.85428, 30.40094 ], [ -104.85605, 30.3957 ], [ -104.8594, 30.39113 ], [ -104.85381, 30.38532 ], [ -104.8485, 30.38358 ], [ -104.84561, 30.37921 ], [ -104.83865, 30.37585 ], [ -104.83744, 30.37385 ], [ -104.83115, 30.37288 ], [ -104.82006, 30.37464 ], [ -104.81915, 30.36777 ], [ -104.8109, 30.36317 ], [ -104.8136, 30.36027 ], [ -104.81413, 30.35369 ], [ -104.82229, 30.34966 ], [ -104.81574, 30.34404 ], [ -104.80996, 30.34144 ], [ -104.81181, 30.33395 ], [ -104.80299, 30.33109 ], [ -104.79726, 30.33035 ], [ -104.79118, 30.32512 ], [ -104.79148, 30.32229 ], [ -104.78601, 30.31628 ], [ -104.78282, 30.31605 ], [ -104.77666, 30.31002 ], [ -104.77347, 30.30279 ], [ -104.76888, 30.30445 ], [ -104.76144, 30.30082 ], [ -104.75814, 30.28641 ], [ -104.75828, 30.28116 ], [ -104.76096, 30.27663 ], [ -104.75696, 30.27285 ], [ -104.75135, 30.27172 ], [ -104.74958, 30.26697 ], [ -104.74962, 30.26131 ], [ -104.74074, 30.25972 ], [ -104.73372, 30.2614 ], [ -104.72813, 30.2552 ], [ -104.72429, 30.25316 ], [ -104.724, 30.24962 ], [ -104.71907, 30.24718 ], [ -104.71332, 30.23781 ], [ -104.70626, 30.23481 ], [ -104.7079, 30.22623 ], [ -104.71033, 30.22129 ], [ -104.70526, 30.21693 ], [ -104.70247, 30.21165 ], [ -104.70499, 30.20868 ], [ -104.70033, 30.2053 ], [ -104.69986, 30.19895 ], [ -104.69704, 30.1978 ], [ -104.69714, 30.19157 ], [ -104.69315, 30.18926 ], [ -104.6921, 30.18566 ], [ -104.68708, 30.17934 ], [ -104.68633, 30.17328 ], [ -104.68838, 30.16682 ], [ -104.68736, 30.16132 ], [ -104.68955, 30.15434 ], [ -104.68858, 30.14532 ], [ -104.68904, 30.13986 ], [ -104.6919, 30.13885 ], [ -104.69524, 30.13184 ], [ -104.69565, 30.12543 ], [ -104.69098, 30.11789 ], [ -104.69135, 30.11113 ], [ -104.68557, 30.11045 ], [ -104.68636, 30.10637 ], [ -104.69025, 30.10631 ], [ -104.69438, 30.10189 ], [ -104.69215, 30.09608 ], [ -104.68587, 30.09516 ], [ -104.68981, 30.08886 ], [ -104.6863, 30.0861 ], [ -104.68583, 30.08206 ], [ -104.69088, 30.07725 ], [ -104.69548, 30.06668 ], [ -104.70353, 30.06441 ], [ -104.70221, 30.06019 ], [ -104.70363, 30.05506 ], [ -104.70725, 30.05013 ], [ -104.70511, 30.04862 ], [ -104.69568, 30.03766 ], [ -104.7007, 30.03582 ], [ -104.70395, 30.02375 ], [ -104.70207, 30.02123 ], [ -104.69424, 30.01944 ], [ -104.68988, 30.01551 ], [ -104.6895, 30.01072 ], [ -104.69354, 30.00793 ], [ -104.69009, 30.0034 ], [ -104.68772, 29.9976 ], [ -104.68814, 29.99457 ], [ -104.68574, 29.98714 ], [ -104.68831, 29.98017 ], [ -104.69308, 29.97585 ], [ -104.69174, 29.97399 ], [ -104.67955, 29.97509 ], [ -104.68239, 29.97185 ], [ -104.68372, 29.96016 ], [ -104.6852, 29.95723 ], [ -104.67318, 29.95456 ], [ -104.67823, 29.95112 ], [ -104.68078, 29.94573 ], [ -104.67797, 29.9436 ], [ -104.67827, 29.93882 ], [ -104.68268, 29.9357 ], [ -104.68214, 29.93094 ], [ -104.67855, 29.92611 ], [ -104.67992, 29.92118 ], [ -104.67586, 29.91554 ], [ -104.67487, 29.91094 ], [ -104.6708, 29.91186 ], [ -104.66561, 29.90888 ], [ -104.6662, 29.90326 ], [ -104.66375, 29.90116 ], [ -104.65897, 29.90134 ], [ -104.65826, 29.8908 ], [ -104.65343, 29.8907 ], [ -104.65074, 29.88644 ], [ -104.64645, 29.88342 ], [ -104.64588, 29.87831 ], [ -104.64042, 29.87359 ], [ -104.63393, 29.87121 ], [ -104.63017, 29.86462 ], [ -104.63054, 29.85736 ], [ -104.62908, 29.85201 ], [ -104.62292, 29.85067 ], [ -104.62225, 29.84188 ], [ -104.61594, 29.8465 ], [ -104.60953, 29.83986 ], [ -104.6105, 29.83628 ], [ -104.61451, 29.83363 ], [ -104.6201, 29.83319 ], [ -104.61964, 29.83022 ], [ -104.60839, 29.82775 ], [ -104.61036, 29.81995 ], [ -104.60242, 29.81705 ], [ -104.59885, 29.81085 ], [ -104.59402, 29.80527 ], [ -104.59014, 29.80811 ], [ -104.58618, 29.80296 ], [ -104.59065, 29.79952 ], [ -104.58935, 29.79587 ], [ -104.58138, 29.79497 ], [ -104.57873, 29.78262 ], [ -104.57446, 29.78164 ], [ -104.56593, 29.77147 ], [ -104.56784, 29.76739 ], [ -104.5654, 29.76152 ], [ -104.56923, 29.75743 ], [ -104.56911, 29.75166 ], [ -104.5498, 29.74064 ], [ -104.55115, 29.73885 ], [ -104.55893, 29.73806 ], [ -104.55574, 29.73492 ], [ -104.55541, 29.73128 ], [ -104.54966, 29.73105 ], [ -104.54955, 29.72657 ], [ -104.55215, 29.72275 ], [ -104.54912, 29.72077 ], [ -104.54456, 29.71274 ], [ -104.54611, 29.7084 ], [ -104.54343, 29.70369 ], [ -104.54595, 29.69961 ], [ -104.54383, 29.6963 ], [ -104.53705, 29.69286 ], [ -104.53062, 29.69107 ], [ -104.53102, 29.68817 ], [ -104.53772, 29.6845 ], [ -104.54039, 29.68485 ], [ -104.5442, 29.68127 ], [ -104.53816, 29.67723 ], [ -104.53518, 29.67225 ], [ -104.52861, 29.66979 ], [ -104.52498, 29.66597 ], [ -104.52522, 29.66145 ], [ -104.51907, 29.65381 ], [ -104.5176, 29.64739 ], [ -104.5128, 29.64295 ], [ -104.51403, 29.63863 ], [ -104.50766, 29.63228 ], [ -104.50362, 29.637 ], [ -104.498, 29.63969 ], [ -104.49493, 29.63383 ], [ -104.48718, 29.63369 ], [ -104.48614, 29.62866 ], [ -104.47733, 29.62862 ], [ -104.4737, 29.61823 ], [ -104.46565, 29.61856 ], [ -104.46741, 29.61365 ], [ -104.46675, 29.60939 ], [ -104.45744, 29.60921 ], [ -104.45278, 29.60402 ], [ -104.39892, 29.5719 ], [ -104.39408, 29.56019 ], [ -104.39488, 29.55628 ], [ -104.38105, 29.54294 ], [ -104.37504, 29.54375 ], [ -104.36995, 29.54285 ], [ -104.3625, 29.53588 ], [ -104.3382, 29.52018 ], [ -104.334, 29.51958 ], [ -104.32988, 29.52289 ], [ -104.32067, 29.52364 ], [ -104.32099, 29.52921 ], [ -104.31793, 29.53236 ], [ -104.31358, 29.53201 ], [ -104.31059, 29.52709 ], [ -104.31107, 29.52315 ], [ -104.29679, 29.52413 ], [ -104.29244, 29.51978 ], [ -104.28207, 29.51749 ], [ -104.27224, 29.51635 ], [ -104.26828, 29.51349 ], [ -104.26217, 29.5135 ], [ -104.26144, 29.50741 ], [ -104.2543, 29.50671 ], [ -104.2495, 29.5044 ], [ -104.24004, 29.49732 ], [ -104.235, 29.49578 ], [ -104.2339, 29.48791 ], [ -104.2307, 29.47867 ], [ -104.22524, 29.48204 ], [ -104.21577, 29.48472 ], [ -104.20915, 29.48147 ], [ -104.21075, 29.47243 ], [ -104.21291, 29.46751 ], [ -104.21358, 29.46153 ], [ -104.21826, 29.45818 ], [ -104.21117, 29.44975 ], [ -104.20366, 29.44553 ], [ -104.19464, 29.44199 ], [ -104.1936, 29.43612 ], [ -104.18599, 29.42823 ], [ -104.18079, 29.42586 ], [ -104.18389, 29.4172 ], [ -104.18041, 29.41447 ], [ -104.17972, 29.4106 ], [ -104.17376, 29.41011 ], [ -104.16941, 29.4078 ], [ -104.17113, 29.40378 ], [ -104.16469, 29.39965 ], [ -104.16838, 29.39614 ], [ -104.16074, 29.38988 ], [ -104.15223, 29.39228 ], [ -104.15204, 29.38891 ], [ -104.1432, 29.38242 ], [ -104.14116, 29.37782 ], [ -104.13751, 29.37932 ], [ -104.13492, 29.38422 ], [ -104.13142, 29.37998 ], [ -104.12174, 29.37744 ], [ -104.12132, 29.37142 ], [ -104.11789, 29.37075 ], [ -104.11407, 29.3734 ], [ -104.10687, 29.37344 ], [ -104.10093, 29.36746 ], [ -104.0982, 29.36655 ], [ -104.09756, 29.36151 ], [ -104.09121, 29.35991 ], [ -104.09101, 29.35371 ], [ -104.08226, 29.34606 ], [ -104.07578, 29.34514 ], [ -104.07353, 29.34656 ], [ -104.06675, 29.34101 ], [ -104.0561, 29.33773 ], [ -104.05554, 29.33082 ], [ -104.05115, 29.32776 ], [ -104.03919, 29.32176 ], [ -104.03831, 29.32025 ], [ -104.02022, 29.31205 ], [ -104.01624, 29.31214 ], [ -104.00068, 29.30534 ], [ -103.99287, 29.30425 ], [ -103.98365, 29.29935 ], [ -103.97581, 29.29625 ], [ -103.97206, 29.29606 ], [ -103.96806, 29.3 ], [ -103.95003, 29.29535 ], [ -103.94469, 29.29525 ], [ -103.93774, 29.29283 ], [ -103.92572, 29.29437 ], [ -103.91919, 29.29075 ], [ -103.91912, 29.28551 ], [ -103.91208, 29.28374 ], [ -103.90221, 29.28742 ], [ -103.8986, 29.28707 ], [ -103.8894, 29.27882 ], [ -103.88539, 29.28159 ], [ -103.88449, 29.2847 ], [ -103.88012, 29.28515 ], [ -103.87336, 29.28345 ], [ -103.87008, 29.28068 ], [ -103.86576, 29.28215 ], [ -103.86334, 29.27922 ], [ -103.85741, 29.28166 ], [ -103.83756, 29.2782 ], [ -103.83549, 29.27269 ], [ -103.82621, 29.2692 ], [ -103.82075, 29.27053 ], [ -103.81424, 29.27395 ], [ -103.8094, 29.27271 ], [ -103.80751, 29.26989 ], [ -103.80917, 29.26594 ], [ -103.80637, 29.26109 ], [ -103.79936, 29.25844 ], [ -103.79586, 29.25972 ], [ -103.78861, 29.26538 ], [ -103.78363, 29.26532 ], [ -103.77873, 29.25613 ], [ -103.77848, 29.25204 ], [ -103.77507, 29.24795 ], [ -103.77673, 29.24327 ], [ -103.78056, 29.24385 ], [ -103.78203, 29.22726 ], [ -103.77715, 29.22051 ], [ -103.76959, 29.22041 ], [ -103.76839, 29.22758 ], [ -103.7631, 29.23253 ], [ -103.75907, 29.23328 ], [ -103.75512, 29.22872 ], [ -103.75636, 29.21994 ], [ -103.74953, 29.21975 ], [ -103.74326, 29.22215 ], [ -103.74092, 29.21942 ], [ -103.74312, 29.21533 ], [ -103.74255, 29.20901 ], [ -103.73705, 29.20186 ], [ -103.72946, 29.19674 ], [ -103.72841, 29.19273 ], [ -103.72495, 29.19199 ], [ -103.71856, 29.18083 ], [ -103.71296, 29.18522 ], [ -103.70374, 29.18441 ], [ -103.69816, 29.17747 ], [ -103.68825, 29.17849 ], [ -103.67774, 29.17388 ], [ -103.66931, 29.17365 ], [ -103.66463, 29.17094 ], [ -103.65671, 29.16936 ], [ -103.65363, 29.16342 ], [ -103.65062, 29.16082 ], [ -103.65168, 29.15721 ], [ -103.64074, 29.16114 ], [ -103.63366, 29.15858 ], [ -103.62838, 29.16307 ], [ -103.61788, 29.16349 ], [ -103.61124, 29.16537 ], [ -103.60666, 29.16086 ], [ -103.60059, 29.15788 ], [ -103.59628, 29.15191 ], [ -103.5911, 29.15047 ], [ -103.58001, 29.14952 ], [ -103.57368, 29.15382 ], [ -103.56823, 29.15532 ], [ -103.56448, 29.15425 ], [ -103.55687, 29.1555 ], [ -103.55369, 29.158 ], [ -103.55003, 29.15378 ], [ -103.55296, 29.14866 ], [ -103.55212, 29.14579 ], [ -103.54762, 29.14239 ], [ -103.54224, 29.14587 ], [ -103.52484, 29.13712 ], [ -103.5233, 29.12903 ], [ -103.52385, 29.12125 ], [ -103.51987, 29.11968 ], [ -103.51526, 29.12132 ], [ -103.51104, 29.12061 ], [ -103.50782, 29.11705 ], [ -103.49989, 29.11538 ], [ -103.49863, 29.10845 ], [ -103.49425, 29.10837 ], [ -103.48539, 29.0957 ], [ -103.48167, 29.09213 ], [ -103.47526, 29.09032 ], [ -103.4762, 29.08781 ], [ -103.46994, 29.08532 ], [ -103.46982, 29.08017 ], [ -103.4739, 29.07007 ], [ -103.47011, 29.06619 ], [ -103.45947, 29.0687 ], [ -103.46193, 29.07254 ], [ -103.44993, 29.07271 ], [ -103.45002, 29.06573 ], [ -103.44227, 29.05853 ], [ -103.43461, 29.05756 ], [ -103.43371, 29.0522 ], [ -103.42876, 29.04919 ], [ -103.43132, 29.04305 ], [ -103.42319, 29.04345 ], [ -103.419, 29.04232 ], [ -103.41541, 29.03788 ], [ -103.40508, 29.03958 ], [ -103.40245, 29.03213 ], [ -103.38843, 29.03386 ], [ -103.38682, 29.02174 ], [ -103.38207, 29.0245 ], [ -103.37389, 29.02352 ], [ -103.36676, 29.02023 ], [ -103.3596, 29.01864 ], [ -103.3539, 29.02223 ], [ -103.35053, 29.02891 ], [ -103.34914, 29.03685 ], [ -103.3449, 29.04516 ], [ -103.33928, 29.0437 ], [ -103.33061, 29.04322 ], [ -103.32719, 29.03895 ], [ -103.32725, 29.03272 ], [ -103.33011, 29.02953 ], [ -103.33582, 29.02752 ], [ -103.34201, 29.02844 ], [ -103.33875, 29.02028 ], [ -103.33508, 29.01751 ], [ -103.32636, 29.01632 ], [ -103.32092, 29.0191 ], [ -103.31379, 29.0262 ], [ -103.30766, 29.02454 ], [ -103.30803, 29.01888 ], [ -103.31122, 29.01398 ], [ -103.3156, 29.01225 ], [ -103.31376, 29.00699 ], [ -103.30827, 29.0034 ], [ -103.30262, 29.008 ], [ -103.29589, 29.00649 ], [ -103.28616, 29.00026 ], [ -103.28155, 28.9877 ], [ -103.28301, 28.98297 ], [ -103.28831, 28.98138 ], [ -103.28699, 28.97817 ], [ -103.27934, 28.977 ], [ -103.27139, 28.98536 ], [ -103.26905, 28.99398 ], [ -103.26574, 28.99567 ], [ -103.25408, 28.98764 ], [ -103.25042, 28.98043 ], [ -103.23764, 28.98186 ], [ -103.23619, 28.98462 ], [ -103.23025, 28.98853 ], [ -103.22789, 28.99186 ], [ -103.22186, 28.98468 ], [ -103.21422, 28.98781 ], [ -103.20383, 28.98723 ], [ -103.19164, 28.98395 ], [ -103.18224, 28.98277 ], [ -103.17446, 28.97779 ], [ -103.17082, 28.98057 ], [ -103.16563, 28.97712 ], [ -103.16361, 28.97222 ], [ -103.16048, 28.97384 ], [ -103.1539, 28.97161 ], [ -103.15143, 28.9751 ], [ -103.14441, 28.97747 ], [ -103.13599, 28.98337 ], [ -103.13137, 28.98395 ], [ -103.12538, 28.98244 ], [ -103.11851, 28.98371 ], [ -103.11381, 28.9886 ], [ -103.11748, 28.99777 ], [ -103.11604, 29.00255 ], [ -103.10787, 29.01396 ], [ -103.10195, 29.0175 ], [ -103.09785, 29.02704 ], [ -103.10346, 29.03266 ], [ -103.10651, 29.03818 ], [ -103.10424, 29.04596 ], [ -103.10093, 29.04956 ], [ -103.10013, 29.06067 ], [ -103.09689, 29.06077 ], [ -103.09548, 29.06473 ], [ -103.09219, 29.06459 ], [ -103.09191, 29.05726 ], [ -103.09031, 29.05375 ], [ -103.08564, 29.05425 ], [ -103.08566, 29.06071 ], [ -103.08723, 29.06762 ], [ -103.07915, 29.07356 ], [ -103.07652, 29.07913 ], [ -103.08018, 29.08744 ], [ -103.07625, 29.09127 ], [ -103.06999, 29.09371 ], [ -103.06425, 29.09145 ], [ -103.05389, 29.10075 ], [ -103.04543, 29.09543 ], [ -103.04122, 29.09628 ], [ -103.03388, 29.10097 ], [ -103.03219, 29.10699 ], [ -103.03612, 29.11078 ], [ -103.03566, 29.11422 ], [ -103.02861, 29.11551 ], [ -103.02403, 29.11975 ], [ -103.02181, 29.12475 ], [ -103.01859, 29.12618 ], [ -103.01426, 29.12498 ], [ -103.01177, 29.12693 ], [ -103.01479, 29.13061 ], [ -103.01486, 29.13535 ], [ -103.00899, 29.13744 ], [ -103.00804, 29.14842 ], [ -103.00251, 29.14996 ], [ -102.99591, 29.16113 ], [ -102.9979, 29.17512 ], [ -102.99494, 29.1798 ], [ -102.98998, 29.18347 ], [ -102.98604, 29.18322 ], [ -102.97874, 29.18643 ], [ -102.97357, 29.18581 ], [ -102.96252, 29.18018 ], [ -102.95535, 29.1779 ], [ -102.95089, 29.17816 ], [ -102.94571, 29.18307 ], [ -102.94543, 29.18891 ], [ -102.93983, 29.18855 ], [ -102.93297, 29.19451 ], [ -102.92533, 29.19376 ], [ -102.91975, 29.19076 ], [ -102.91723, 29.19179 ], [ -102.91906, 29.19815 ], [ -102.91419, 29.20014 ], [ -102.91273, 29.20673 ], [ -102.91574, 29.21121 ], [ -102.91608, 29.21574 ], [ -102.90933, 29.21979 ], [ -102.90263, 29.21411 ], [ -102.89949, 29.20946 ], [ -102.89392, 29.20866 ], [ -102.87835, 29.21406 ], [ -102.87772, 29.21661 ], [ -102.86747, 29.22388 ], [ -102.86676, 29.22774 ], [ -102.87172, 29.23172 ], [ -102.87103, 29.24071 ], [ -102.88028, 29.24607 ], [ -102.88782, 29.2458 ], [ -102.89343, 29.24991 ], [ -102.89663, 29.25411 ], [ -102.90307, 29.25434 ], [ -102.90598, 29.25827 ], [ -102.90638, 29.26206 ], [ -102.90225, 29.26482 ], [ -102.89929, 29.26909 ], [ -102.90307, 29.27608 ], [ -102.90235, 29.28013 ], [ -102.89777, 29.28161 ], [ -102.89651, 29.28483 ], [ -102.88974, 29.28875 ], [ -102.88818, 29.29336 ], [ -102.89023, 29.30268 ], [ -102.89297, 29.30915 ], [ -102.88759, 29.31127 ], [ -102.88743, 29.31875 ], [ -102.87987, 29.33915 ], [ -102.88436, 29.34795 ], [ -102.87773, 29.3548 ], [ -102.87169, 29.352 ], [ -102.86058, 29.35153 ], [ -102.8453, 29.3577 ], [ -102.83937, 29.35892 ], [ -102.84008, 29.36185 ], [ -102.84532, 29.36473 ], [ -102.84519, 29.37367 ], [ -102.84069, 29.37764 ], [ -102.83402, 29.37906 ], [ -102.8332, 29.38742 ], [ -102.82561, 29.39695 ], [ -102.81963, 29.39833 ], [ -102.81586, 29.39702 ], [ -102.81368, 29.40233 ], [ -102.82573, 29.40419 ], [ -102.82641, 29.40745 ], [ -102.83258, 29.40844 ], [ -102.83326, 29.41098 ], [ -102.82693, 29.4177 ], [ -102.83248, 29.43243 ], [ -102.83068, 29.44477 ], [ -102.81953, 29.45072 ], [ -102.82369, 29.45202 ], [ -102.82547, 29.45512 ], [ -102.82311, 29.4633 ], [ -102.81777, 29.46742 ], [ -102.81392, 29.47217 ], [ -102.81553, 29.476 ], [ -102.81257, 29.48364 ], [ -102.80421, 29.48372 ], [ -102.80067, 29.48624 ], [ -102.80721, 29.49405 ], [ -102.80434, 29.50118 ], [ -102.80747, 29.50385 ], [ -102.80648, 29.51576 ], [ -102.8082, 29.52311 ], [ -102.79844, 29.52667 ], [ -102.79257, 29.53244 ], [ -102.79244, 29.54177 ], [ -102.78988, 29.54367 ], [ -102.78385, 29.54203 ], [ -102.77838, 29.54359 ], [ -102.77544, 29.55159 ], [ -102.77734, 29.55475 ], [ -102.77777, 29.56098 ], [ -102.77344, 29.56715 ], [ -102.77387, 29.57312 ], [ -102.76478, 29.57334 ], [ -102.76219, 29.58011 ], [ -102.76864, 29.59468 ], [ -102.76537, 29.59776 ], [ -102.75708, 29.59784 ], [ -102.746, 29.59268 ], [ -102.74015, 29.59817 ], [ -102.74145, 29.60207 ], [ -102.73879, 29.60883 ], [ -102.73905, 29.62556 ], [ -102.74229, 29.63198 ], [ -102.73451, 29.64214 ], [ -102.73031, 29.64072 ], [ -102.72544, 29.64379 ], [ -102.72553, 29.65005 ], [ -102.71829, 29.654 ], [ -102.71218, 29.65909 ], [ -102.70865, 29.66699 ], [ -102.70408, 29.67134 ], [ -102.69672, 29.67196 ], [ -102.69354, 29.67696 ], [ -102.69967, 29.6855 ], [ -102.69855, 29.69554 ], [ -102.69668, 29.69892 ], [ -102.68904, 29.70504 ], [ -102.69017, 29.70731 ], [ -102.69137, 29.72137 ], [ -102.68774, 29.72275 ], [ -102.68542, 29.72653 ], [ -102.68153, 29.72838 ], [ -102.67722, 29.74105 ], [ -102.67487, 29.74409 ], [ -102.66871, 29.74611 ], [ -102.66763, 29.74015 ], [ -102.66405, 29.73667 ], [ -102.64576, 29.73387 ], [ -102.63023, 29.73427 ], [ -102.62279, 29.73634 ], [ -102.61496, 29.74665 ], [ -102.6036, 29.75039 ], [ -102.59762, 29.75141 ], [ -102.58921, 29.74907 ], [ -102.57898, 29.75542 ], [ -102.5738, 29.7549 ], [ -102.57209, 29.75747 ], [ -102.57445, 29.76597 ], [ -102.57011, 29.7713 ], [ -102.5657, 29.77093 ], [ -102.55518, 29.75586 ], [ -102.55467, 29.74873 ], [ -102.54798, 29.74464 ], [ -102.54, 29.74872 ], [ -102.53138, 29.7566 ], [ -102.52051, 29.76074 ], [ -102.513, 29.76657 ], [ -102.51073, 29.77388 ], [ -102.51792, 29.77816 ], [ -102.51919, 29.78037 ], [ -102.51494, 29.7843 ], [ -102.49758, 29.78149 ], [ -102.48725, 29.78658 ], [ -102.48127, 29.78132 ], [ -102.48093, 29.77617 ], [ -102.47323, 29.77602 ], [ -102.46627, 29.7834 ], [ -102.46281, 29.78191 ], [ -102.45889, 29.7754 ], [ -102.45501, 29.77481 ], [ -102.45008, 29.77717 ], [ -102.44458, 29.77681 ], [ -102.44079, 29.77373 ], [ -102.43423, 29.77695 ], [ -102.42592, 29.7731 ], [ -102.42057, 29.769 ], [ -102.41493, 29.76928 ], [ -102.41064, 29.76537 ], [ -102.40454, 29.76518 ], [ -102.39892, 29.76952 ], [ -102.39481, 29.76916 ], [ -102.39019, 29.76245 ], [ -102.38735, 29.76474 ], [ -102.38503, 29.7705 ], [ -102.38726, 29.77847 ], [ -102.38967, 29.7826 ], [ -102.3772, 29.78989 ], [ -102.37751, 29.8 ], [ -102.3732, 29.80788 ], [ -102.36968, 29.82052 ], [ -102.36293, 29.83149 ], [ -102.36245, 29.83565 ], [ -102.36467, 29.84445 ], [ -102.35971, 29.85004 ], [ -102.35422, 29.85143 ], [ -102.35085, 29.85485 ], [ -102.34942, 29.86288 ], [ -102.34309, 29.86524 ], [ -102.34161, 29.86905 ], [ -102.3338, 29.86827 ], [ -102.33225, 29.86304 ], [ -102.32486, 29.86308 ], [ -102.32271, 29.86566 ], [ -102.32434, 29.87371 ], [ -102.32027, 29.8793 ], [ -102.31594, 29.87999 ], [ -102.3123, 29.87712 ], [ -102.3, 29.87737 ], [ -102.29529, 29.87334 ], [ -102.28583, 29.87005 ], [ -102.28358, 29.86469 ], [ -102.27708, 29.86278 ], [ -102.26899, 29.86776 ], [ -102.26525, 29.86768 ], [ -102.26197, 29.86442 ], [ -102.26436, 29.85712 ], [ -102.2615, 29.85324 ], [ -102.25318, 29.85307 ], [ -102.24941, 29.86381 ], [ -102.24531, 29.86319 ], [ -102.24323, 29.85841 ], [ -102.24531, 29.8504 ], [ -102.24138, 29.84769 ], [ -102.23086, 29.84787 ], [ -102.22789, 29.84363 ], [ -102.22185, 29.84037 ], [ -102.2155, 29.84364 ], [ -102.20703, 29.84347 ], [ -102.19926, 29.83668 ], [ -102.19336, 29.83936 ], [ -102.19235, 29.84553 ], [ -102.18894, 29.84881 ], [ -102.18228, 29.84589 ], [ -102.17851, 29.83945 ], [ -102.18134, 29.83083 ], [ -102.17753, 29.82555 ], [ -102.16918, 29.82614 ], [ -102.16128, 29.81868 ], [ -102.1598, 29.81469 ], [ -102.15561, 29.81204 ], [ -102.15089, 29.81159 ], [ -102.14357, 29.80332 ], [ -102.13675, 29.80194 ], [ -102.12951, 29.79862 ], [ -102.11975, 29.80248 ], [ -102.11672, 29.79304 ], [ -102.10068, 29.79342 ], [ -102.09626, 29.79147 ], [ -102.08438, 29.79506 ], [ -102.07711, 29.79205 ], [ -102.07567, 29.78839 ], [ -102.07125, 29.78701 ], [ -102.04902, 29.78567 ], [ -102.04629, 29.78994 ], [ -102.04142, 29.78966 ], [ -102.03863, 29.79162 ], [ -102.04119, 29.79906 ], [ -102.03582, 29.80406 ], [ -102.02744, 29.80188 ], [ -102.02046, 29.8017 ], [ -102.01841, 29.79852 ], [ -102.01446, 29.79764 ], [ -102.00642, 29.80134 ], [ -102.00066, 29.8052 ], [ -101.99415, 29.80452 ], [ -101.99103, 29.79772 ], [ -101.9843, 29.79926 ], [ -101.98172, 29.80681 ], [ -101.98296, 29.80877 ], [ -101.98157, 29.81502 ], [ -101.97284, 29.81566 ], [ -101.96768, 29.81335 ], [ -101.96472, 29.80931 ], [ -101.96546, 29.80599 ], [ -101.96348, 29.80042 ], [ -101.9606, 29.79738 ], [ -101.95548, 29.79533 ], [ -101.94589, 29.80175 ], [ -101.93827, 29.80071 ], [ -101.93381, 29.79703 ], [ -101.93241, 29.79033 ], [ -101.93306, 29.78448 ], [ -101.92932, 29.78258 ], [ -101.92492, 29.78403 ], [ -101.91397, 29.79689 ], [ -101.91048, 29.79829 ], [ -101.89051, 29.79738 ], [ -101.88519, 29.7941 ], [ -101.88059, 29.79576 ], [ -101.87577, 29.7938 ], [ -101.8665, 29.79801 ], [ -101.85638, 29.8068 ], [ -101.84983, 29.80728 ], [ -101.84741, 29.80324 ], [ -101.8376, 29.79336 ], [ -101.82867, 29.78853 ], [ -101.82366, 29.7874 ], [ -101.81869, 29.7915 ], [ -101.82031, 29.79631 ], [ -101.82373, 29.80014 ], [ -101.82583, 29.80552 ], [ -101.82506, 29.80825 ], [ -101.81999, 29.81139 ], [ -101.81628, 29.81135 ], [ -101.80361, 29.80345 ], [ -101.80652, 29.7993 ], [ -101.81266, 29.79514 ], [ -101.81398, 29.79233 ], [ -101.81081, 29.78363 ], [ -101.80511, 29.78035 ], [ -101.7995, 29.77922 ], [ -101.78853, 29.77927 ], [ -101.78277, 29.78932 ], [ -101.77705, 29.78925 ], [ -101.7711, 29.78751 ], [ -101.7629, 29.78213 ], [ -101.75388, 29.77733 ], [ -101.74478, 29.77909 ], [ -101.74134, 29.77828 ], [ -101.7379, 29.77253 ], [ -101.73335, 29.77118 ], [ -101.72829, 29.77268 ], [ -101.72496, 29.7759 ], [ -101.71973, 29.77574 ], [ -101.71444, 29.76846 ], [ -101.71206, 29.76278 ], [ -101.70887, 29.76164 ], [ -101.69818, 29.76567 ], [ -101.69011, 29.77105 ], [ -101.68572, 29.76783 ], [ -101.68144, 29.76078 ], [ -101.67619, 29.76067 ], [ -101.67173, 29.76819 ], [ -101.66299, 29.77106 ], [ -101.65969, 29.76741 ], [ -101.65446, 29.76512 ], [ -101.65314, 29.7604 ], [ -101.64694, 29.75457 ], [ -101.64288, 29.75455 ], [ -101.63546, 29.75836 ], [ -101.62966, 29.76917 ], [ -101.62539, 29.77098 ], [ -101.61567, 29.77041 ], [ -101.60665, 29.77411 ], [ -101.59889, 29.77383 ], [ -101.59586, 29.77221 ], [ -101.57754, 29.76907 ], [ -101.57222, 29.77332 ], [ -101.57322, 29.79033 ], [ -101.56775, 29.79873 ], [ -101.55406, 29.80342 ], [ -101.54738, 29.81072 ], [ -101.5419, 29.81078 ], [ -101.53617, 29.80128 ], [ -101.53501, 29.79768 ], [ -101.53813, 29.78616 ], [ -101.53919, 29.76177 ], [ -101.53728, 29.75941 ], [ -101.53026, 29.75958 ], [ -101.51758, 29.76501 ], [ -101.50827, 29.76422 ], [ -101.50039, 29.76587 ], [ -101.48709, 29.77387 ], [ -101.47886, 29.78409 ], [ -101.4644, 29.78929 ], [ -101.4558, 29.78805 ], [ -101.45295, 29.78195 ], [ -101.45513, 29.77394 ], [ -101.45121, 29.75579 ], [ -101.44888, 29.7507 ], [ -101.44259, 29.74972 ], [ -101.43627, 29.75192 ], [ -101.42835, 29.75831 ], [ -101.41093, 29.77015 ], [ -101.40407, 29.77177 ], [ -101.39974, 29.76896 ], [ -101.39844, 29.76463 ], [ -101.40015, 29.76008 ], [ -101.41459, 29.75242 ], [ -101.41558, 29.74653 ], [ -101.40766, 29.74036 ], [ -101.40064, 29.73808 ], [ -101.39701, 29.73396 ], [ -101.39629, 29.72705 ], [ -101.39836, 29.717 ], [ -101.39695, 29.71395 ], [ -101.38848, 29.70763 ], [ -101.37539, 29.70181 ], [ -101.37277, 29.69943 ], [ -101.37178, 29.69326 ], [ -101.37311, 29.68414 ], [ -101.3727, 29.67806 ], [ -101.3671, 29.6709 ], [ -101.36555, 29.66691 ], [ -101.36322, 29.65264 ], [ -101.36131, 29.65006 ], [ -101.35545, 29.651 ], [ -101.35033, 29.66066 ], [ -101.34786, 29.66221 ], [ -101.31414, 29.65905 ], [ -101.30694, 29.65577 ], [ -101.30356, 29.65228 ], [ -101.30003, 29.6407 ], [ -101.30143, 29.63462 ], [ -101.30586, 29.62521 ], [ -101.31171, 29.61537 ], [ -101.31337, 29.60226 ], [ -101.31164, 29.58513 ], [ -101.30553, 29.57792 ], [ -101.29616, 29.57278 ], [ -101.29096, 29.57154 ], [ -101.28534, 29.58202 ], [ -101.27788, 29.59081 ], [ -101.2781, 29.60937 ], [ -101.28049, 29.61518 ], [ -101.27876, 29.61947 ], [ -101.27414, 29.62521 ], [ -101.26792, 29.63065 ], [ -101.26223, 29.63061 ], [ -101.25038, 29.62417 ], [ -101.24733, 29.61848 ], [ -101.2523, 29.60417 ], [ -101.25166, 29.60025 ], [ -101.24103, 29.56503 ], [ -101.24852, 29.55921 ], [ -101.25527, 29.54931 ], [ -101.26118, 29.53678 ], [ -101.26084, 29.52993 ], [ -101.25489, 29.52034 ], [ -101.25038, 29.5207 ], [ -101.23527, 29.52485 ], [ -101.22742, 29.52235 ], [ -101.19272, 29.52028 ], [ -101.17965, 29.51544 ], [ -101.17382, 29.51457 ], [ -101.17166, 29.50395 ], [ -101.16818, 29.50022 ], [ -101.16195, 29.48952 ], [ -101.15188, 29.47701 ], [ -101.14434, 29.47325 ], [ -101.1375, 29.47354 ], [ -101.13004, 29.47842 ], [ -101.11525, 29.46846 ], [ -101.1037, 29.47055 ], [ -101.08715, 29.46941 ], [ -101.07718, 29.46419 ], [ -101.06015, 29.45866 ], [ -101.05696, 29.44077 ], [ -101.05051, 29.43462 ], [ -101.04336, 29.42988 ], [ -101.0366, 29.40611 ], [ -101.02402, 29.3937 ], [ -101.02026, 29.39225 ], [ -101.01327, 29.38035 ], [ -101.0143, 29.37426 ], [ -101.00998, 29.36827 ], [ -101.00395, 29.3647 ], [ -100.99561, 29.3634 ], [ -100.98325, 29.35912 ], [ -100.97292, 29.35451 ], [ -100.97254, 29.35235 ], [ -100.96433, 29.34734 ], [ -100.95073, 29.34771 ], [ -100.9432, 29.34198 ], [ -100.94127, 29.33393 ], [ -100.9285, 29.32698 ], [ -100.9236, 29.32679 ], [ -100.91828, 29.32415 ], [ -100.91663, 29.3192 ], [ -100.90839, 29.31693 ], [ -100.90642, 29.31303 ], [ -100.89918, 29.30971 ], [ -100.89493, 29.31035 ], [ -100.88684, 29.30785 ], [ -100.88229, 29.29987 ], [ -100.88024, 29.2863 ], [ -100.87813, 29.28086 ], [ -100.87334, 29.27849 ], [ -100.86466, 29.27608 ], [ -100.85639, 29.27575 ], [ -100.84991, 29.27211 ], [ -100.83902, 29.26326 ], [ -100.83404, 29.2614 ], [ -100.82353, 29.26174 ], [ -100.81877, 29.26391 ], [ -100.81332, 29.26216 ], [ -100.81672, 29.25456 ], [ -100.80928, 29.25315 ], [ -100.80006, 29.2488 ], [ -100.79472, 29.24228 ], [ -100.79705, 29.23559 ], [ -100.79568, 29.22773 ], [ -100.79137, 29.22595 ], [ -100.78713, 29.22835 ], [ -100.78241, 29.22251 ], [ -100.77448, 29.20993 ], [ -100.77702, 29.20433 ], [ -100.77558, 29.19982 ], [ -100.76934, 29.19891 ], [ -100.76706, 29.19529 ], [ -100.766, 29.18585 ], [ -100.7759, 29.17334 ], [ -100.7726, 29.16837 ], [ -100.7636, 29.16473 ], [ -100.76335, 29.16008 ], [ -100.75807, 29.15632 ], [ -100.74614, 29.15415 ], [ -100.73968, 29.15049 ], [ -100.73747, 29.14633 ], [ -100.73912, 29.14166 ], [ -100.73779, 29.13908 ], [ -100.72746, 29.12912 ], [ -100.70997, 29.11968 ], [ -100.69298, 29.11538 ], [ -100.68447, 29.11066 ], [ -100.6752, 29.10074 ], [ -100.6706, 29.09204 ], [ -100.66402, 29.07416 ], [ -100.66251, 29.05811 ], [ -100.66321, 29.04804 ], [ -100.66021, 29.0315 ], [ -100.65611, 29.01722 ], [ -100.65376, 29.01536 ], [ -100.64866, 29.00024 ], [ -100.64916, 28.99628 ], [ -100.64589, 28.98642 ], [ -100.6481, 28.98386 ], [ -100.64865, 28.97742 ], [ -100.64655, 28.97156 ], [ -100.64664, 28.96693 ], [ -100.65032, 28.96234 ], [ -100.64727, 28.95546 ], [ -100.65154, 28.94558 ], [ -100.65089, 28.94213 ], [ -100.64584, 28.93987 ], [ -100.63886, 28.92762 ], [ -100.63072, 28.92401 ], [ -100.63106, 28.91692 ], [ -100.63917, 28.91629 ], [ -100.63161, 28.90284 ], [ -100.62541, 28.9049 ], [ -100.62348, 28.9096 ], [ -100.61822, 28.90852 ], [ -100.61579, 28.90305 ], [ -100.61218, 28.90129 ], [ -100.6026, 28.90221 ], [ -100.60229, 28.89415 ], [ -100.60384, 28.88839 ], [ -100.60217, 28.88662 ], [ -100.59152, 28.88929 ], [ -100.5895, 28.88636 ], [ -100.59104, 28.88301 ], [ -100.59794, 28.88015 ], [ -100.59888, 28.87559 ], [ -100.5968, 28.8734 ], [ -100.59077, 28.8727 ], [ -100.59104, 28.86305 ], [ -100.58819, 28.86024 ], [ -100.5805, 28.85601 ], [ -100.57299, 28.84846 ], [ -100.57687, 28.83516 ], [ -100.57473, 28.82879 ], [ -100.57048, 28.82604 ], [ -100.56278, 28.82918 ], [ -100.55313, 28.82825 ], [ -100.54658, 28.82492 ], [ -100.5452, 28.81208 ], [ -100.54217, 28.80847 ], [ -100.53583, 28.80589 ], [ -100.5334, 28.79928 ], [ -100.53243, 28.79106 ], [ -100.53694, 28.78429 ], [ -100.53777, 28.78078 ], [ -100.53502, 28.77587 ], [ -100.53005, 28.77042 ], [ -100.53028, 28.76705 ], [ -100.53355, 28.76108 ], [ -100.53286, 28.75812 ], [ -100.52847, 28.75611 ], [ -100.52157, 28.75764 ], [ -100.5144, 28.75025 ], [ -100.51557, 28.74394 ], [ -100.51352, 28.74173 ], [ -100.50761, 28.7406 ], [ -100.50679, 28.73201 ], [ -100.50788, 28.72157 ], [ -100.5067, 28.71675 ], [ -100.512, 28.70535 ], [ -100.51053, 28.69267 ], [ -100.50769, 28.68288 ], [ -100.50189, 28.66763 ] ] ] } },
{ "type": "Feature", "properties": { "region_id": "CD24" }, "geometry": { "type": "Polygon", "coordinates": [ [ [ -97.23628, 32.79405 ], [ -97.22122, 32.79455 ], [ -97.2212, 32.80045 ], [ -97.20554, 32.8069 ], [ -97.1988, 32.80764 ], [ -97.16937, 32.80556 ], [ -97.16937, 32.80874 ], [ -97.15597, 32.80876 ], [ -97.13861, 32.81472 ], [ -97.11836, 32.81461 ], [ -97.11736, 32.81067 ], [ -97.11116, 32.8122 ], [ -97.11223, 32.81611 ], [ -97.10334, 32.81762 ], [ -97.10509, 32.82243 ], [ -97.0736, 32.82248 ], [ -97.07362, 32.82967 ], [ -97.07066, 32.83145 ], [ -97.07267, 32.83678 ], [ -97.06878, 32.83677 ], [ -97.05815, 32.84115 ], [ -97.0469, 32.83874 ], [ -97.0427, 32.84093 ], [ -97.03384, 32.83853 ], [ -97.03358, 32.85275 ], [ -97.02969, 32.85287 ], [ -97.0249, 32.85647 ], [ -97.02129, 32.85692 ], [ -97.01991, 32.86154 ], [ -97.01435, 32.86828 ], [ -97.00794, 32.87032 ], [ -97.00458, 32.87394 ], [ -97.00443, 32.87792 ], [ -96.99466, 32.87788 ], [ -96.9915, 32.87893 ], [ -96.99097, 32.89109 ], [ -96.99152, 32.90273 ], [ -96.98176, 32.90094 ], [ -96.96261, 32.89046 ], [ -96.95892, 32.89595 ], [ -96.95872, 32.9157 ], [ -96.97514, 32.91945 ], [ -96.97407, 32.92261 ], [ -96.96771, 32.92534 ], [ -96.96757, 32.94748 ], [ -96.96626, 32.95271 ], [ -96.96162, 32.94913 ], [ -96.95564, 32.95048 ], [ -96.94253, 32.94616 ], [ -96.94167, 32.93913 ], [ -96.93897, 32.93513 ], [ -96.93994, 32.93186 ], [ -96.93632, 32.93003 ], [ -96.9359, 32.92475 ], [ -96.93811, 32.92315 ], [ -96.9385, 32.91399 ], [ -96.93212, 32.91137 ], [ -96.93151, 32.9069 ], [ -96.92666, 32.9036 ], [ -96.92838, 32.89569 ], [ -96.90126, 32.89571 ], [ -96.89815, 32.89606 ], [ -96.89811, 32.90816 ], [ -96.89117, 32.90902 ], [ -96.87097, 32.91366 ], [ -96.85871, 32.91704 ], [ -96.84813, 32.92147 ], [ -96.8466, 32.91634 ], [ -96.84327, 32.91603 ], [ -96.84336, 32.90963 ], [ -96.864, 32.90972 ], [ -96.864, 32.90276 ], [ -96.86228, 32.89524 ], [ -96.87035, 32.89526 ], [ -96.87036, 32.8873 ], [ -96.86244, 32.88319 ], [ -96.85622, 32.8837 ], [ -96.85627, 32.88043 ], [ -96.84633, 32.8803 ], [ -96.84628, 32.87556 ], [ -96.84885, 32.87061 ], [ -96.84984, 32.85825 ], [ -96.84115, 32.85074 ], [ -96.82131, 32.85117 ], [ -96.82173, 32.83816 ], [ -96.82287, 32.83228 ], [ -96.81733, 32.82659 ], [ -96.81846, 32.82314 ], [ -96.81467, 32.81983 ], [ -96.81203, 32.8232 ], [ -96.80451, 32.82317 ], [ -96.80233, 32.81623 ], [ -96.79217, 32.81404 ], [ -96.78706, 32.81512 ], [ -96.78007, 32.80944 ], [ -96.77473, 32.81158 ], [ -96.77471, 32.81819 ], [ -96.77019, 32.81737 ], [ -96.77016, 32.83136 ], [ -96.77008, 32.83978 ], [ -96.75295, 32.84367 ], [ -96.75288, 32.85087 ], [ -96.77157, 32.851 ], [ -96.77047, 32.85589 ], [ -96.77071, 32.88015 ], [ -96.76991, 32.89031 ], [ -96.77702, 32.88995 ], [ -96.77962, 32.895 ], [ -96.78026, 32.90161 ], [ -96.78647, 32.90086 ], [ -96.78643, 32.90736 ], [ -96.78138, 32.90975 ], [ -96.77498, 32.90962 ], [ -96.77735, 32.92142 ], [ -96.78097, 32.92435 ], [ -96.80049, 32.92521 ], [ -96.80588, 32.92595 ], [ -96.82075, 32.92607 ], [ -96.82218, 32.93291 ], [ -96.82223, 32.94191 ], [ -96.82366, 32.95054 ], [ -96.82229, 32.95402 ], [ -96.83897, 32.95427 ], [ -96.83902, 32.93986 ], [ -96.84752, 32.93989 ], [ -96.84757, 32.93338 ], [ -96.85576, 32.93346 ], [ -96.85562, 32.95309 ], [ -96.87072, 32.95338 ], [ -96.8719, 32.94635 ], [ -96.89042, 32.94637 ], [ -96.89057, 32.93908 ], [ -96.90273, 32.93917 ], [ -96.90355, 32.94247 ], [ -96.91539, 32.96073 ], [ -96.92361, 32.97487 ], [ -96.93487, 32.98602 ], [ -96.93988, 32.98882 ], [ -97.02885, 32.98967 ], [ -97.18395, 32.99067 ], [ -97.29933, 32.99128 ], [ -97.3073, 32.97874 ], [ -97.31028, 32.96501 ], [ -97.31086, 32.94724 ], [ -97.31653, 32.92963 ], [ -97.31696, 32.92657 ], [ -97.31709, 32.8765 ], [ -97.31421, 32.86089 ], [ -97.28988, 32.86115 ], [ -97.26398, 32.86051 ], [ -97.26403, 32.85304 ], [ -97.26192, 32.85166 ], [ -97.26197, 32.84414 ], [ -97.26416, 32.84413 ], [ -97.26451, 32.81599 ], [ -97.2625, 32.81316 ], [ -97.25677, 32.81313 ], [ -97.2568, 32.80934 ], [ -97.24439, 32.8091 ], [ -97.24435, 32.80397 ], [ -97.23628, 32.79405 ] ] ] } },
{ "type": "Feature", "properties": { "region_id": "CD25" }, "geometry": { "type": "Polygon", "coordinates": [ [ [ -98.66844, 31.70051 ], [ -98.62532, 31.70644 ], [ -98.5958, 31.71093 ], [ -98.52126, 31.7202 ], [ -98.50032, 31.72323 ], [ -98.4928, 31.72361 ], [ -98.46374, 31.68399 ], [ -98.37532, 31.72963 ], [ -98.3239, 31.75575 ], [ -98.25029, 31.79384 ], [ -98.24006, 31.79895 ], [ -98.15657, 31.84171 ], [ -98.20839, 31.91751 ], [ -98.11768, 31.96262 ], [ -98.04198, 32.00004 ], [ -98.02553, 32.0078 ], [ -98.00546, 32.0179 ], [ -97.98519, 32.02803 ], [ -97.86541, 32.08706 ], [ -97.85268, 32.09345 ], [ -97.75997, 32.14098 ], [ -97.70131, 32.17054 ], [ -97.68038, 32.18166 ], [ -97.64979, 32.1971 ], [ -97.63089, 32.2074 ], [ -97.62597, 32.20399 ], [ -97.61506, 32.20358 ], [ -97.60798, 32.20431 ], [ -97.59759, 32.20373 ], [ -97.59239, 32.19961 ], [ -97.58965, 32.19088 ], [ -97.59241, 32.18478 ], [ -97.59994, 32.1812 ], [ -97.60156, 32.17562 ], [ -97.59293, 32.17437 ], [ -97.57863, 32.18077 ], [ -97.57457, 32.18084 ], [ -97.56848, 32.17647 ], [ -97.56827, 32.16797 ], [ -97.56456, 32.16091 ], [ -97.57059, 32.15442 ], [ -97.56801, 32.15015 ], [ -97.55521, 32.14941 ], [ -97.55022, 32.14746 ], [ -97.53484, 32.13927 ], [ -97.52224, 32.13481 ], [ -97.51612, 32.13361 ], [ -97.50985, 32.13585 ], [ -97.50842, 32.14029 ], [ -97.51212, 32.14664 ], [ -97.51338, 32.15559 ], [ -97.51236, 32.16059 ], [ -97.50837, 32.16327 ], [ -97.50202, 32.16278 ], [ -97.49335, 32.16514 ], [ -97.48749, 32.1711 ], [ -97.4903, 32.17875 ], [ -97.4904, 32.18389 ], [ -97.48755, 32.18714 ], [ -97.48755, 32.1931 ], [ -97.48582, 32.19662 ], [ -97.48941, 32.20023 ], [ -97.49419, 32.21133 ], [ -97.49618, 32.21236 ], [ -97.49898, 32.22398 ], [ -97.49865, 32.23089 ], [ -97.50022, 32.23394 ], [ -97.51007, 32.24095 ], [ -97.50273, 32.24742 ], [ -97.49607, 32.25796 ], [ -97.46675, 32.27275 ], [ -97.46414, 32.27733 ], [ -97.46374, 32.28514 ], [ -97.46024, 32.28861 ], [ -97.45454, 32.29136 ], [ -97.45212, 32.29681 ], [ -97.45625, 32.30566 ], [ -97.45552, 32.31337 ], [ -97.45804, 32.31955 ], [ -97.44176, 32.32687 ], [ -97.43706, 32.33007 ], [ -97.43055, 32.33155 ], [ -97.42269, 32.33509 ], [ -97.41777, 32.3279 ], [ -97.39597, 32.33887 ], [ -97.39441, 32.33457 ], [ -97.39144, 32.33432 ], [ -97.38396, 32.33759 ], [ -97.38081, 32.34567 ], [ -97.38569, 32.36313 ], [ -97.38655, 32.38094 ], [ -97.37963, 32.38033 ], [ -97.37368, 32.38166 ], [ -97.3716, 32.38524 ], [ -97.37109, 32.40339 ], [ -97.36957, 32.40719 ], [ -97.377, 32.4076 ], [ -97.37684, 32.42046 ], [ -97.38143, 32.42462 ], [ -97.38116, 32.43043 ], [ -97.38416, 32.43724 ], [ -97.38452, 32.45265 ], [ -97.38399, 32.47105 ], [ -97.37436, 32.49011 ], [ -97.34914, 32.51995 ], [ -97.33888, 32.5305 ], [ -97.33131, 32.5408 ], [ -97.31949, 32.55269 ], [ -97.28789, 32.55231 ], [ -97.2851, 32.55599 ], [ -97.2872, 32.56061 ], [ -97.30131, 32.56063 ], [ -97.29823, 32.56797 ], [ -97.29377, 32.56791 ], [ -97.29062, 32.57459 ], [ -97.2928, 32.57973 ], [ -97.29278, 32.59735 ], [ -97.28425, 32.59761 ], [ -97.28406, 32.60399 ], [ -97.26899, 32.60389 ], [ -97.26493, 32.60322 ], [ -97.25678, 32.61118 ], [ -97.25674, 32.62142 ], [ -97.25126, 32.62466 ], [ -97.2482, 32.62838 ], [ -97.24284, 32.6318 ], [ -97.24251, 32.64179 ], [ -97.24799, 32.6458 ], [ -97.2441, 32.65073 ], [ -97.2424, 32.65569 ], [ -97.24465, 32.66273 ], [ -97.23856, 32.66743 ], [ -97.23421, 32.66816 ], [ -97.21952, 32.66817 ], [ -97.21717, 32.66945 ], [ -97.21831, 32.68464 ], [ -97.20989, 32.68969 ], [ -97.20016, 32.68967 ], [ -97.19911, 32.69737 ], [ -97.20344, 32.7079 ], [ -97.20357, 32.71194 ], [ -97.19434, 32.71431 ], [ -97.19283, 32.7172 ], [ -97.20483, 32.72542 ], [ -97.19879, 32.72774 ], [ -97.17489, 32.7313 ], [ -97.16532, 32.73177 ], [ -97.15291, 32.7338 ], [ -97.13701, 32.73488 ], [ -97.12333, 32.73896 ], [ -97.09847, 32.73879 ], [ -97.08345, 32.74162 ], [ -97.08395, 32.74357 ], [ -97.07976, 32.74974 ], [ -97.07602, 32.74801 ], [ -97.06274, 32.74896 ], [ -97.06341, 32.7649 ], [ -97.0623, 32.77384 ], [ -97.06274, 32.77903 ], [ -97.05022, 32.77891 ], [ -97.04655, 32.77989 ], [ -97.03493, 32.77993 ], [ -97.03384, 32.83853 ], [ -97.0427, 32.84093 ], [ -97.0469, 32.83874 ], [ -97.05815, 32.84115 ], [ -97.06878, 32.83677 ], [ -97.07267, 32.83678 ], [ -97.07066, 32.83145 ], [ -97.07362, 32.82967 ], [ -97.0736, 32.82248 ], [ -97.10509, 32.82243 ], [ -97.10334, 32.81762 ], [ -97.11223, 32.81611 ], [ -97.11116, 32.8122 ], [ -97.11736, 32.81067 ], [ -97.11836, 32.81461 ], [ -97.13861, 32.81472 ], [ -97.15597, 32.80876 ], [ -97.16937, 32.80874 ], [ -97.16937, 32.80556 ], [ -97.1988, 32.80764 ], [ -97.20554, 32.8069 ], [ -97.2212, 32.80045 ], [ -97.22122, 32.79455 ], [ -97.23628, 32.79405 ], [ -97.24318, 32.79111 ], [ -97.24319, 32.78701 ], [ -97.25054, 32.78756 ], [ -97.25068, 32.78366 ], [ -97.25668, 32.78373 ], [ -97.25668, 32.78042 ], [ -97.2732, 32.78044 ], [ -97.27336, 32.77199 ], [ -97.27022, 32.7653 ], [ -97.27144, 32.75734 ], [ -97.27685, 32.75203 ], [ -97.28315, 32.75106 ], [ -97.28597, 32.75339 ], [ -97.29461, 32.75161 ], [ -97.29463, 32.74708 ], [ -97.29742, 32.74145 ], [ -97.2933, 32.73578 ], [ -97.29735, 32.73109 ], [ -97.29306, 32.7198 ], [ -97.2959, 32.71794 ], [ -97.29942, 32.70971 ], [ -97.30747, 32.7003 ], [ -97.30574, 32.69492 ], [ -97.30799, 32.69226 ], [ -97.30505, 32.68255 ], [ -97.31068, 32.68095 ], [ -97.3093, 32.67565 ], [ -97.31163, 32.67451 ], [ -97.31082, 32.66922 ], [ -97.33428, 32.66406 ], [ -97.33974, 32.66441 ], [ -97.37437, 32.67233 ], [ -97.38117, 32.67509 ], [ -97.41117, 32.65021 ], [ -97.41362, 32.64479 ], [ -97.41676, 32.64226 ], [ -97.41596, 32.63685 ], [ -97.41314, 32.6296 ], [ -97.41274, 32.61543 ], [ -97.41653, 32.61544 ], [ -97.41719, 32.61115 ], [ -97.4203, 32.60757 ], [ -97.42399, 32.61011 ], [ -97.42692, 32.60783 ], [ -97.42692, 32.59993 ], [ -97.43252, 32.5993 ], [ -97.43245, 32.58867 ], [ -97.44898, 32.58817 ], [ -97.45892, 32.57287 ], [ -97.46205, 32.5695 ], [ -97.47436, 32.56998 ], [ -97.49358, 32.57859 ], [ -97.51351, 32.59392 ], [ -97.51771, 32.59144 ], [ -97.53517, 32.58883 ], [ -97.53996, 32.5868 ], [ -97.54668, 32.58149 ], [ -97.55037, 32.58032 ], [ -97.55004, 32.63402 ], [ -97.54951, 32.68831 ], [ -97.5482, 32.77611 ], [ -97.55924, 32.78204 ], [ -97.57991, 32.78264 ], [ -97.58043, 32.78789 ], [ -97.59788, 32.78786 ], [ -97.59788, 32.78544 ], [ -97.62159, 32.78583 ], [ -97.62955, 32.78899 ], [ -97.63812, 32.78897 ], [ -97.64362, 32.78658 ], [ -97.65332, 32.78802 ], [ -97.65678, 32.78614 ], [ -97.67434, 32.78633 ], [ -97.67687, 32.78335 ], [ -97.67199, 32.78106 ], [ -97.66811, 32.77729 ], [ -97.66678, 32.77013 ], [ -97.66939, 32.76647 ], [ -97.67296, 32.76642 ], [ -97.6731, 32.75723 ], [ -97.67447, 32.75002 ], [ -97.67215, 32.73924 ], [ -97.66874, 32.73225 ], [ -97.66805, 32.72491 ], [ -97.67621, 32.71936 ], [ -97.67542, 32.70547 ], [ -97.6693, 32.70548 ], [ -97.65681, 32.70133 ], [ -97.65385, 32.69423 ], [ -97.65041, 32.69216 ], [ -97.63675, 32.69132 ], [ -97.63391, 32.69277 ], [ -97.6253, 32.69161 ], [ -97.61562, 32.69246 ], [ -97.6162, 32.70991 ], [ -97.60899, 32.70982 ], [ -97.60265, 32.71146 ], [ -97.6029, 32.70084 ], [ -97.59254, 32.70054 ], [ -97.59282, 32.68622 ], [ -97.59205, 32.68014 ], [ -97.58869, 32.67412 ], [ -97.58587, 32.67229 ], [ -97.58612, 32.65439 ], [ -97.58786, 32.64818 ], [ -97.58808, 32.64194 ], [ -97.5834, 32.64069 ], [ -97.5834, 32.63682 ], [ -97.57854, 32.63598 ], [ -97.57835, 32.61038 ], [ -97.58267, 32.61098 ], [ -97.58906, 32.61484 ], [ -97.59546, 32.61497 ], [ -97.6053, 32.62301 ], [ -97.60919, 32.62401 ], [ -97.61507, 32.63072 ], [ -97.6349, 32.63678 ], [ -97.6511, 32.63988 ], [ -97.65557, 32.64217 ], [ -97.66134, 32.64955 ], [ -97.67274, 32.65364 ], [ -97.68002, 32.65294 ], [ -97.68635, 32.65667 ], [ -97.68924, 32.66295 ], [ -97.70175, 32.66404 ], [ -97.70118, 32.67393 ], [ -97.70554, 32.67558 ], [ -97.70569, 32.67899 ], [ -97.71034, 32.68147 ], [ -97.73764, 32.69356 ], [ -97.7489, 32.69646 ], [ -97.75524, 32.69537 ], [ -97.76279, 32.69584 ], [ -97.76991, 32.70075 ], [ -97.7741, 32.70506 ], [ -97.78108, 32.71542 ], [ -97.78842, 32.71185 ], [ -97.79406, 32.71501 ], [ -97.8049, 32.71167 ], [ -97.80493, 32.7138 ], [ -97.81289, 32.71485 ], [ -97.82751, 32.71426 ], [ -97.82747, 32.72061 ], [ -97.83063, 32.72124 ], [ -97.83418, 32.71697 ], [ -97.84535, 32.71679 ], [ -97.8457, 32.72285 ], [ -97.84999, 32.72291 ], [ -97.84991, 32.72824 ], [ -97.86398, 32.72819 ], [ -97.8737, 32.72695 ], [ -97.88493, 32.7265 ], [ -97.9009, 32.72003 ], [ -97.91537, 32.71701 ], [ -97.99631, 32.68877 ], [ -98.00162, 32.68627 ], [ -98.03207, 32.66588 ], [ -98.03408, 32.65746 ], [ -98.03858, 32.64915 ], [ -98.06437, 32.63724 ], [ -98.06237, 32.71788 ], [ -98.06152, 32.73567 ], [ -98.06183, 32.75013 ], [ -98.05965, 32.83539 ], [ -98.05883, 32.87643 ], [ -98.0573, 32.94094 ], [ -98.05609, 33.00333 ], [ -98.00035, 33.00265 ], [ -97.92164, 33.00128 ], [ -97.9203, 33.10324 ], [ -97.91926, 33.20141 ], [ -97.9187, 33.26031 ], [ -97.91911, 33.30744 ], [ -97.91849, 33.35982 ], [ -97.91819, 33.43387 ], [ -97.97897, 33.43375 ], [ -97.97892, 33.46713 ], [ -98.12638, 33.46622 ], [ -98.24911, 33.46637 ], [ -98.25905, 33.46629 ], [ -98.36091, 33.46649 ], [ -98.37533, 33.46673 ], [ -98.42142, 33.4668 ], [ -98.42067, 33.3962 ], [ -98.50033, 33.39604 ], [ -98.62307, 33.39542 ], [ -98.62533, 33.39559 ], [ -98.75034, 33.39566 ], [ -98.83838, 33.397 ], [ -98.8768, 33.39728 ], [ -98.95394, 33.39753 ], [ -98.9541, 33.36984 ], [ -98.95345, 33.27388 ], [ -98.9527, 33.18349 ], [ -98.95212, 33.11093 ], [ -98.95131, 33.01433 ], [ -98.95088, 32.95692 ], [ -99.00035, 32.95669 ], [ -99.09602, 32.95704 ], [ -99.09601, 32.89038 ], [ -99.09575, 32.75012 ], [ -99.09594, 32.7421 ], [ -99.09598, 32.66387 ], [ -99.09606, 32.58841 ], [ -99.09605, 32.51477 ], [ -99.12534, 32.51499 ], [ -99.18233, 32.51498 ], [ -99.25035, 32.51527 ], [ -99.37536, 32.51495 ], [ -99.39705, 32.51511 ], [ -99.40253, 32.50565 ], [ -99.4097, 32.49989 ], [ -99.41526, 32.48754 ], [ -99.41994, 32.48294 ], [ -99.41878, 32.47931 ], [ -99.4256, 32.47442 ], [ -99.43743, 32.47114 ], [ -99.44179, 32.46767 ], [ -99.44351, 32.46382 ], [ -99.4481, 32.4637 ], [ -99.45136, 32.45836 ], [ -99.45445, 32.45734 ], [ -99.45477, 32.40721 ], [ -99.46463, 32.4085 ], [ -99.49714, 32.40879 ], [ -99.49705, 32.41292 ], [ -99.5083, 32.41516 ], [ -99.62313, 32.43531 ], [ -99.6298, 32.43659 ], [ -99.63, 32.40161 ], [ -99.63084, 32.34135 ], [ -99.63057, 32.31384 ], [ -99.63099, 32.29294 ], [ -99.63113, 32.25736 ], [ -99.63067, 32.24909 ], [ -99.63112, 32.15753 ], [ -99.63151, 32.11243 ], [ -99.63141, 32.08127 ], [ -99.62531, 32.0813 ], [ -99.50035, 32.07987 ], [ -99.49945, 32.08003 ], [ -99.42314, 32.08015 ], [ -99.3376, 32.08007 ], [ -99.25034, 32.08007 ], [ -99.24683, 32.07936 ], [ -99.2106, 32.07912 ], [ -99.15563, 32.07947 ], [ -99.12534, 32.07919 ], [ -99.1201, 32.0796 ], [ -99.00039, 32.07868 ], [ -98.99673, 32.07931 ], [ -98.9244, 32.07802 ], [ -98.86211, 31.98595 ], [ -98.82219, 31.92761 ], [ -98.78606, 31.87515 ], [ -98.7834, 31.87044 ], [ -98.75001, 31.82108 ], [ -98.7018, 31.75015 ], [ -98.66844, 31.70051 ] ] ] } },
{ "type": "Feature", "properties": { "region_id": "CD26" }, "geometry": { "type": "Polygon", "coordinates": [ [ [ -97.92164, 33.00128 ], [ -97.85648, 33.00012 ], [ -97.75031, 32.99778 ], [ -97.72026, 32.99733 ], [ -97.67965, 32.99637 ], [ -97.63896, 32.99573 ], [ -97.54916, 32.99486 ], [ -97.54418, 32.99418 ], [ -97.52013, 32.99411 ], [ -97.46983, 32.99311 ], [ -97.44606, 32.99224 ], [ -97.39846, 32.99173 ], [ -97.29933, 32.99128 ], [ -97.18395, 32.99067 ], [ -97.02885, 32.98967 ], [ -96.93988, 32.98882 ], [ -96.92032, 32.98842 ], [ -96.84412, 32.98744 ], [ -96.84225, 33.07332 ], [ -96.84187, 33.08558 ], [ -96.85575, 33.08133 ], [ -96.85686, 33.09193 ], [ -96.85339, 33.10635 ], [ -96.86065, 33.10826 ], [ -96.86921, 33.10828 ], [ -96.8692, 33.10548 ], [ -96.8819, 33.1054 ], [ -96.88194, 33.10261 ], [ -96.88939, 33.10388 ], [ -96.89147, 33.10736 ], [ -96.89153, 33.12008 ], [ -96.90517, 33.12025 ], [ -96.90507, 33.12874 ], [ -96.91238, 33.13216 ], [ -96.91999, 33.13071 ], [ -96.9228, 33.13379 ], [ -96.92261, 33.14112 ], [ -96.91412, 33.14095 ], [ -96.91181, 33.14675 ], [ -96.91185, 33.15463 ], [ -96.89955, 33.1546 ], [ -96.89942, 33.15157 ], [ -96.89077, 33.15145 ], [ -96.89068, 33.15873 ], [ -96.88657, 33.15875 ], [ -96.88654, 33.16319 ], [ -96.88222, 33.16303 ], [ -96.88194, 33.17834 ], [ -96.88714, 33.17847 ], [ -96.88702, 33.1898 ], [ -96.88103, 33.2011 ], [ -96.88044, 33.2039 ], [ -96.88787, 33.20397 ], [ -96.8878, 33.21134 ], [ -96.8939, 33.21279 ], [ -96.88716, 33.21928 ], [ -96.88034, 33.21906 ], [ -96.88036, 33.22642 ], [ -96.87324, 33.22633 ], [ -96.87147, 33.22918 ], [ -96.86054, 33.22982 ], [ -96.86088, 33.24783 ], [ -96.84352, 33.24778 ], [ -96.84328, 33.25549 ], [ -96.83799, 33.25607 ], [ -96.83538, 33.35345 ], [ -96.83411, 33.4055 ], [ -96.84117, 33.40559 ], [ -96.8411, 33.41338 ], [ -96.87558, 33.4141 ], [ -96.87593, 33.41352 ], [ -96.91935, 33.41496 ], [ -96.94386, 33.41641 ], [ -96.94339, 33.50337 ], [ -96.94334, 33.62274 ], [ -96.94412, 33.74041 ], [ -96.9446, 33.77879 ], [ -96.94487, 33.83918 ], [ -96.94513, 33.84699 ], [ -96.94468, 33.9104 ], [ -96.94461, 33.94922 ], [ -96.95178, 33.94474 ], [ -96.96636, 33.93954 ], [ -96.97381, 33.9357 ], [ -96.97982, 33.94159 ], [ -96.98096, 33.94829 ], [ -96.97935, 33.95513 ], [ -96.98134, 33.95638 ], [ -96.98849, 33.95441 ], [ -96.99429, 33.94921 ], [ -96.99625, 33.94266 ], [ -96.994, 33.92898 ], [ -96.98787, 33.91705 ], [ -96.98494, 33.90487 ], [ -96.98382, 33.89319 ], [ -96.98468, 33.88865 ], [ -96.98804, 33.88601 ], [ -96.99709, 33.87102 ], [ -97.00986, 33.85976 ], [ -97.02144, 33.84638 ], [ -97.03133, 33.84124 ], [ -97.04012, 33.83773 ], [ -97.04613, 33.83956 ], [ -97.05018, 33.84534 ], [ -97.05584, 33.85574 ], [ -97.06379, 33.85997 ], [ -97.06954, 33.86036 ], [ -97.08271, 33.85607 ], [ -97.08725, 33.85345 ], [ -97.09033, 33.84752 ], [ -97.09011, 33.84396 ], [ -97.08345, 33.84046 ], [ -97.07104, 33.83964 ], [ -97.0576, 33.83651 ], [ -97.05195, 33.83299 ], [ -97.04832, 33.82787 ], [ -97.04832, 33.81727 ], [ -97.07484, 33.81348 ], [ -97.08248, 33.8111 ], [ -97.09265, 33.8042 ], [ -97.09536, 33.79765 ], [ -97.09427, 33.78796 ], [ -97.08693, 33.77165 ], [ -97.08519, 33.76474 ], [ -97.08494, 33.75233 ], [ -97.08612, 33.74459 ], [ -97.08959, 33.73723 ], [ -97.09564, 33.72922 ], [ -97.10584, 33.72186 ], [ -97.11106, 33.71937 ], [ -97.12358, 33.71704 ], [ -97.14225, 33.71994 ], [ -97.15437, 33.72409 ], [ -97.16526, 33.73095 ], [ -97.17362, 33.73961 ], [ -97.17463, 33.74503 ], [ -97.18014, 33.75449 ], [ -97.19129, 33.75808 ], [ -97.19297, 33.76078 ], [ -97.18772, 33.76983 ], [ -97.19031, 33.77582 ], [ -97.1904, 33.78115 ], [ -97.20049, 33.7932 ], [ -97.2057, 33.80291 ], [ -97.20505, 33.81805 ], [ -97.1998, 33.8274 ], [ -97.19468, 33.83119 ], [ -97.17994, 33.83167 ], [ -97.17163, 33.83534 ], [ -97.16682, 33.8404 ], [ -97.16663, 33.84731 ], [ -97.16869, 33.85604 ], [ -97.17697, 33.8767 ], [ -97.17961, 33.89225 ], [ -97.18546, 33.9007 ], [ -97.20037, 33.90876 ], [ -97.20614, 33.91428 ], [ -97.2126, 33.9159 ], [ -97.22846, 33.91325 ], [ -97.23159, 33.91022 ], [ -97.23947, 33.90798 ], [ -97.24505, 33.90322 ], [ -97.24687, 33.89736 ], [ -97.24654, 33.8875 ], [ -97.24851, 33.88363 ], [ -97.24921, 33.8751 ], [ -97.25564, 33.8637 ], [ -97.26509, 33.86241 ], [ -97.27098, 33.85867 ], [ -97.27287, 33.86167 ], [ -97.28283, 33.86651 ], [ -97.28781, 33.87005 ], [ -97.30222, 33.88389 ], [ -97.30763, 33.88801 ], [ -97.31119, 33.88709 ], [ -97.30943, 33.87777 ], [ -97.31073, 33.87248 ], [ -97.31398, 33.86753 ], [ -97.3261, 33.85708 ], [ -97.33206, 33.85506 ], [ -97.33462, 33.85723 ], [ -97.33338, 33.86415 ], [ -97.32806, 33.87026 ], [ -97.32422, 33.87663 ], [ -97.32337, 33.88093 ], [ -97.32581, 33.88389 ], [ -97.33188, 33.88448 ], [ -97.33485, 33.8818 ], [ -97.33724, 33.8751 ], [ -97.34005, 33.85984 ], [ -97.34675, 33.84694 ], [ -97.35432, 33.83796 ], [ -97.35733, 33.83137 ], [ -97.3655, 33.82374 ], [ -97.37469, 33.81855 ], [ -97.39513, 33.81996 ], [ -97.40643, 33.81882 ], [ -97.41376, 33.81928 ], [ -97.4268, 33.81864 ], [ -97.4303, 33.82042 ], [ -97.44394, 33.82371 ], [ -97.45306, 33.82854 ], [ -97.45907, 33.83458 ], [ -97.4632, 33.84309 ], [ -97.46149, 33.84956 ], [ -97.45572, 33.8581 ], [ -97.45397, 33.86669 ], [ -97.45218, 33.86896 ], [ -97.4512, 33.87818 ], [ -97.45106, 33.89168 ], [ -97.45834, 33.90189 ], [ -97.47054, 33.90898 ], [ -97.48416, 33.91551 ], [ -97.48444, 33.85515 ], [ -97.48491, 33.75297 ], [ -97.48527, 33.7191 ], [ -97.48501, 33.69568 ], [ -97.48551, 33.62511 ], [ -97.48666, 33.52175 ], [ -97.48665, 33.49925 ], [ -97.48706, 33.43368 ], [ -97.38302, 33.43289 ], [ -97.38309, 33.43045 ], [ -97.33497, 33.4288 ], [ -97.22009, 33.42512 ], [ -97.21909, 33.42453 ], [ -97.21941, 33.40342 ], [ -97.21753, 33.40286 ], [ -97.21869, 33.39101 ], [ -97.21902, 33.37566 ], [ -97.21708, 33.37514 ], [ -97.21729, 33.34884 ], [ -97.22036, 33.34653 ], [ -97.22144, 33.32571 ], [ -97.21446, 33.32551 ], [ -97.21341, 33.31815 ], [ -97.20431, 33.31799 ], [ -97.2012, 33.32191 ], [ -97.18107, 33.32383 ], [ -97.16875, 33.32357 ], [ -97.16089, 33.32983 ], [ -97.15604, 33.32611 ], [ -97.1538, 33.32949 ], [ -97.1479, 33.33125 ], [ -97.13744, 33.32667 ], [ -97.13562, 33.31186 ], [ -97.1299, 33.30597 ], [ -97.12133, 33.30443 ], [ -97.12381, 33.29964 ], [ -97.11519, 33.29342 ], [ -97.10906, 33.28496 ], [ -97.09612, 33.27778 ], [ -97.09367, 33.28084 ], [ -97.08263, 33.28516 ], [ -97.06844, 33.27897 ], [ -97.06499, 33.28031 ], [ -97.05827, 33.27753 ], [ -97.05513, 33.27127 ], [ -97.05744, 33.26548 ], [ -97.05008, 33.26306 ], [ -97.04913, 33.26856 ], [ -97.04492, 33.26865 ], [ -97.03864, 33.26082 ], [ -97.03667, 33.25531 ], [ -97.03607, 33.23719 ], [ -97.03119, 33.22202 ], [ -97.03073, 33.21656 ], [ -97.02647, 33.20998 ], [ -97.02366, 33.20298 ], [ -97.02028, 33.19954 ], [ -97.01982, 33.17741 ], [ -97.04211, 33.18113 ], [ -97.04943, 33.17739 ], [ -97.05206, 33.17804 ], [ -97.06127, 33.17299 ], [ -97.06553, 33.16854 ], [ -97.06478, 33.16305 ], [ -97.08703, 33.16383 ], [ -97.09197, 33.15822 ], [ -97.09028, 33.15207 ], [ -97.09094, 33.14694 ], [ -97.09598, 33.14322 ], [ -97.09643, 33.13214 ], [ -97.11469, 33.13252 ], [ -97.12334, 33.13833 ], [ -97.13142, 33.13962 ], [ -97.13596, 33.14812 ], [ -97.14197, 33.14867 ], [ -97.1462, 33.14721 ], [ -97.14613, 33.15439 ], [ -97.15056, 33.15433 ], [ -97.15055, 33.16478 ], [ -97.15478, 33.17454 ], [ -97.15869, 33.17486 ], [ -97.15927, 33.17936 ], [ -97.16531, 33.17774 ], [ -97.16809, 33.17891 ], [ -97.17316, 33.17527 ], [ -97.17926, 33.17632 ], [ -97.18345, 33.18098 ], [ -97.19154, 33.18315 ], [ -97.19748, 33.18647 ], [ -97.19867, 33.19053 ], [ -97.20645, 33.19214 ], [ -97.21374, 33.19907 ], [ -97.21136, 33.20352 ], [ -97.21518, 33.206 ], [ -97.21511, 33.20981 ], [ -97.2183, 33.21774 ], [ -97.21825, 33.22141 ], [ -97.24534, 33.22174 ], [ -97.25714, 33.22427 ], [ -97.26013, 33.22034 ], [ -97.31742, 33.22074 ], [ -97.31816, 33.22289 ], [ -97.3314, 33.22295 ], [ -97.33767, 33.22415 ], [ -97.35393, 33.22441 ], [ -97.3602, 33.22322 ], [ -97.36095, 33.21678 ], [ -97.37337, 33.21728 ], [ -97.37407, 33.21905 ], [ -97.39161, 33.21894 ], [ -97.39094, 33.24204 ], [ -97.39962, 33.23944 ], [ -97.40692, 33.2411 ], [ -97.40849, 33.2444 ], [ -97.40387, 33.24893 ], [ -97.41365, 33.25087 ], [ -97.43813, 33.24852 ], [ -97.45335, 33.24549 ], [ -97.50569, 33.24439 ], [ -97.52493, 33.24152 ], [ -97.56789, 33.24014 ], [ -97.56986, 33.24044 ], [ -97.56977, 33.24877 ], [ -97.57852, 33.2488 ], [ -97.57909, 33.2534 ], [ -97.57647, 33.25701 ], [ -97.57146, 33.25694 ], [ -97.57137, 33.2631 ], [ -97.57597, 33.26511 ], [ -97.58415, 33.26456 ], [ -97.58208, 33.26159 ], [ -97.58292, 33.2573 ], [ -97.58701, 33.25634 ], [ -97.58638, 33.24892 ], [ -97.60335, 33.24904 ], [ -97.60468, 33.24422 ], [ -97.61276, 33.24433 ], [ -97.61834, 33.24564 ], [ -97.62508, 33.25024 ], [ -97.63319, 33.253 ], [ -97.64147, 33.25338 ], [ -97.64727, 33.25596 ], [ -97.66298, 33.27083 ], [ -97.6687, 33.2736 ], [ -97.69133, 33.27628 ], [ -97.69879, 33.27962 ], [ -97.7167, 33.2844 ], [ -97.72693, 33.29112 ], [ -97.73395, 33.29275 ], [ -97.75125, 33.29261 ], [ -97.75883, 33.29108 ], [ -97.77993, 33.29158 ], [ -97.78913, 33.29305 ], [ -97.78736, 33.30217 ], [ -97.79157, 33.30221 ], [ -97.79055, 33.31991 ], [ -97.80646, 33.31998 ], [ -97.80447, 33.31537 ], [ -97.80928, 33.31543 ], [ -97.8046, 33.29812 ], [ -97.81051, 33.29749 ], [ -97.82149, 33.30044 ], [ -97.84171, 33.30776 ], [ -97.85952, 33.31261 ], [ -97.88301, 33.32113 ], [ -97.89248, 33.31992 ], [ -97.91532, 33.30859 ], [ -97.91911, 33.30744 ], [ -97.9187, 33.26031 ], [ -97.91926, 33.20141 ], [ -97.9203, 33.10324 ], [ -97.92164, 33.00128 ] ] ] } },
{ "type": "Feature", "properties": { "region_id": "CD27" }, "geometry": { "type": "Polygon", "coordinates": [ [ [ -97.1651, 27.5683 ], [ -97.12527, 27.6406 ], [ -97.05022, 27.75031 ], [ -97.03378, 27.77026 ], [ -97.02186, 27.78336 ], [ -97.0089, 27.78679 ], [ -96.99168, 27.79717 ], [ -96.98428, 27.80378 ], [ -96.95949, 27.8753 ], [ -96.93855, 27.9012 ], [ -96.90874, 27.93409 ], [ -96.87526, 27.96992 ], [ -96.8442, 28.0003 ], [ -96.8159, 28.02283 ], [ -96.76437, 28.06457 ], [ -96.74625, 28.07962 ], [ -96.73069, 28.09127 ], [ -96.71508, 28.10227 ], [ -96.66614, 28.13768 ], [ -96.64075, 28.15539 ], [ -96.61878, 28.16952 ], [ -96.59651, 28.183 ], [ -96.55666, 28.20648 ], [ -96.531, 28.22116 ], [ -96.50026, 28.23548 ], [ -96.47281, 28.24772 ], [ -96.45507, 28.25528 ], [ -96.42581, 28.26869 ], [ -96.4024, 28.27806 ], [ -96.39564, 28.27952 ], [ -96.38929, 28.28254 ], [ -96.37525, 28.29076 ], [ -96.36797, 28.29722 ], [ -96.35269, 28.31292 ], [ -96.34473, 28.32599 ], [ -96.34229, 28.33514 ], [ -96.34181, 28.34238 ], [ -96.33795, 28.3443 ], [ -96.32874, 28.35205 ], [ -96.3242, 28.35695 ], [ -96.32076, 28.36287 ], [ -96.30353, 28.36502 ], [ -96.29418, 28.3683 ], [ -96.28231, 28.375 ], [ -96.27177, 28.38293 ], [ -96.2629, 28.3942 ], [ -96.25981, 28.4007 ], [ -96.25819, 28.40787 ], [ -96.23546, 28.42147 ], [ -96.21784, 28.43137 ], [ -96.18224, 28.45204 ], [ -96.14397, 28.4696 ], [ -96.07833, 28.5 ], [ -96.07605, 28.5 ], [ -96.00024, 28.53343 ], [ -96.00024, 28.53207 ], [ -95.87524, 28.58279 ], [ -95.77785, 28.62527 ], [ -95.75024, 28.63842 ], [ -95.62523, 28.70288 ], [ -95.53202, 28.75026 ], [ -95.49565, 28.76484 ], [ -95.50023, 28.78682 ], [ -95.50709, 28.825 ], [ -95.50407, 28.82865 ], [ -95.50401, 28.83752 ], [ -95.50867, 28.83713 ], [ -95.52281, 28.83324 ], [ -95.53047, 28.8291 ], [ -95.53825, 28.83291 ], [ -95.54362, 28.83263 ], [ -95.55022, 28.8288 ], [ -95.55453, 28.83033 ], [ -95.56771, 28.82976 ], [ -95.57367, 28.83277 ], [ -95.57902, 28.83963 ], [ -95.57616, 28.85242 ], [ -95.57924, 28.85961 ], [ -95.58529, 28.86217 ], [ -95.58703, 28.86618 ], [ -95.59388, 28.8716 ], [ -95.60256, 28.87654 ], [ -95.61121, 28.88287 ], [ -95.61648, 28.88505 ], [ -95.62324, 28.89371 ], [ -95.63072, 28.89739 ], [ -95.63351, 28.89747 ], [ -95.6361, 28.90275 ], [ -95.64167, 28.90375 ], [ -95.64545, 28.90972 ], [ -95.64503, 28.91229 ], [ -95.64813, 28.91743 ], [ -95.65107, 28.91925 ], [ -95.6519, 28.92568 ], [ -95.64875, 28.93471 ], [ -95.64582, 28.93889 ], [ -95.64937, 28.94251 ], [ -95.6554, 28.95171 ], [ -95.66939, 28.95671 ], [ -95.67513, 28.96424 ], [ -95.67955, 28.96573 ], [ -95.68445, 28.96055 ], [ -95.69001, 28.96412 ], [ -95.69767, 28.96614 ], [ -95.69913, 28.96954 ], [ -95.70546, 28.96862 ], [ -95.73699, 28.96777 ], [ -95.76494, 28.96736 ], [ -95.77034, 28.97268 ], [ -95.76935, 28.97781 ], [ -95.76558, 28.97973 ], [ -95.77049, 28.98502 ], [ -95.76717, 28.98871 ], [ -95.77215, 28.99442 ], [ -95.77834, 28.99705 ], [ -95.77256, 29.00518 ], [ -95.7791, 29.00874 ], [ -95.78143, 29.02035 ], [ -95.778, 29.02455 ], [ -95.7841, 29.03036 ], [ -95.7794, 29.03414 ], [ -95.78414, 29.03808 ], [ -95.78389, 29.04284 ], [ -95.77697, 29.04569 ], [ -95.77662, 29.05088 ], [ -95.77374, 29.05286 ], [ -95.76755, 29.05325 ], [ -95.76564, 29.06127 ], [ -95.77398, 29.06444 ], [ -95.78088, 29.06559 ], [ -95.79367, 29.07249 ], [ -95.79707, 29.0801 ], [ -95.80084, 29.07971 ], [ -95.8058, 29.09041 ], [ -95.81776, 29.08948 ], [ -95.82213, 29.09068 ], [ -95.82904, 29.08892 ], [ -95.83435, 29.09405 ], [ -95.8415, 29.09862 ], [ -95.84372, 29.10702 ], [ -95.84371, 29.11242 ], [ -95.83754, 29.12991 ], [ -95.83832, 29.13681 ], [ -95.84002, 29.14018 ], [ -95.84813, 29.14823 ], [ -95.8507, 29.15188 ], [ -95.84911, 29.15444 ], [ -95.85019, 29.15994 ], [ -95.84701, 29.16722 ], [ -95.84321, 29.16903 ], [ -95.84171, 29.17352 ], [ -95.83837, 29.17656 ], [ -95.85781, 29.19332 ], [ -95.84467, 29.20468 ], [ -95.87403, 29.2297 ], [ -95.84195, 29.25871 ], [ -95.84975, 29.26422 ], [ -95.85693, 29.26797 ], [ -95.86444, 29.26722 ], [ -95.86893, 29.26924 ], [ -95.87231, 29.26674 ], [ -95.8796, 29.26676 ], [ -95.88019, 29.27077 ], [ -95.88494, 29.27429 ], [ -95.88467, 29.27921 ], [ -95.88975, 29.28751 ], [ -95.89092, 29.29214 ], [ -95.89754, 29.29928 ], [ -95.89615, 29.30673 ], [ -95.89275, 29.31094 ], [ -95.89447, 29.31498 ], [ -95.89826, 29.31438 ], [ -95.91661, 29.31937 ], [ -95.91939, 29.32627 ], [ -95.923, 29.32927 ], [ -95.93159, 29.32848 ], [ -95.94036, 29.33173 ], [ -95.94473, 29.33232 ], [ -95.95064, 29.33658 ], [ -95.94958, 29.34101 ], [ -95.95222, 29.34252 ], [ -95.9526, 29.34759 ], [ -95.94446, 29.35168 ], [ -95.93951, 29.35253 ], [ -95.93746, 29.35895 ], [ -95.94428, 29.36144 ], [ -95.94495, 29.36646 ], [ -95.94966, 29.375 ], [ -95.95463, 29.37941 ], [ -95.96739, 29.38197 ], [ -95.96708, 29.38806 ], [ -95.96924, 29.39233 ], [ -95.96916, 29.39737 ], [ -95.97206, 29.40232 ], [ -95.97076, 29.40843 ], [ -95.97343, 29.41145 ], [ -95.98206, 29.41077 ], [ -95.9838, 29.4149 ], [ -95.98822, 29.41872 ], [ -95.98623, 29.42266 ], [ -95.9878, 29.42753 ], [ -95.99293, 29.43363 ], [ -96.00123, 29.43104 ], [ -96.00385, 29.42887 ], [ -96.00837, 29.42948 ], [ -96.01358, 29.43571 ], [ -96.01894, 29.43735 ], [ -96.02045, 29.44122 ], [ -96.03178, 29.44133 ], [ -96.03659, 29.44569 ], [ -96.02958, 29.44948 ], [ -96.02947, 29.45205 ], [ -96.03824, 29.45319 ], [ -96.03793, 29.45789 ], [ -96.04364, 29.45796 ], [ -96.04361, 29.46149 ], [ -96.04798, 29.46184 ], [ -96.04999, 29.47218 ], [ -96.05622, 29.4722 ], [ -96.06068, 29.47647 ], [ -96.05772, 29.48134 ], [ -96.06001, 29.48369 ], [ -96.05954, 29.49017 ], [ -96.05305, 29.49427 ], [ -96.04721, 29.49126 ], [ -96.03552, 29.49229 ], [ -96.03114, 29.49564 ], [ -96.02607, 29.49533 ], [ -96.02471, 29.50734 ], [ -96.02966, 29.50766 ], [ -96.03652, 29.51083 ], [ -96.03998, 29.50964 ], [ -96.05392, 29.51201 ], [ -96.05577, 29.5183 ], [ -96.05081, 29.52383 ], [ -96.05468, 29.52811 ], [ -96.05515, 29.53986 ], [ -96.05009, 29.54079 ], [ -96.04167, 29.54027 ], [ -96.04327, 29.54348 ], [ -96.04134, 29.54674 ], [ -96.04177, 29.55311 ], [ -96.04491, 29.5579 ], [ -96.0445, 29.56183 ], [ -96.06, 29.56866 ], [ -96.06318, 29.57607 ], [ -96.06276, 29.58372 ], [ -96.05956, 29.58852 ], [ -96.0625, 29.59161 ], [ -96.07135, 29.59246 ], [ -96.07582, 29.59674 ], [ -96.08439, 29.60105 ], [ -96.07618, 29.60201 ], [ -96.02485, 29.60288 ], [ -96.02476, 29.61792 ], [ -96.02272, 29.62444 ], [ -96.01644, 29.6271 ], [ -96.01931, 29.63554 ], [ -96.01508, 29.63934 ], [ -96.01754, 29.64546 ], [ -96.02496, 29.65001 ], [ -96.03185, 29.65557 ], [ -96.03047, 29.66041 ], [ -96.02395, 29.65834 ], [ -96.01818, 29.66034 ], [ -96.01604, 29.66372 ], [ -96.0185, 29.66981 ], [ -96.02966, 29.67522 ], [ -96.03369, 29.67421 ], [ -96.04384, 29.66579 ], [ -96.04866, 29.66656 ], [ -96.05397, 29.67193 ], [ -96.06, 29.67596 ], [ -96.05722, 29.68194 ], [ -96.04059, 29.68753 ], [ -96.03216, 29.68852 ], [ -96.02401, 29.6844 ], [ -96.02144, 29.6789 ], [ -96.01664, 29.68006 ], [ -96.01407, 29.68874 ], [ -96.01452, 29.69359 ], [ -96.01823, 29.69887 ], [ -96.02236, 29.70208 ], [ -96.01985, 29.70529 ], [ -96.01419, 29.70294 ], [ -96.00758, 29.70294 ], [ -96.00452, 29.70823 ], [ -96.00711, 29.71668 ], [ -96.01161, 29.71984 ], [ -96.025, 29.71712 ], [ -96.03239, 29.71748 ], [ -96.03343, 29.71961 ], [ -96.03271, 29.72794 ], [ -96.03439, 29.73186 ], [ -96.03984, 29.73745 ], [ -96.03969, 29.73972 ], [ -96.03206, 29.74498 ], [ -96.02994, 29.74828 ], [ -96.0296, 29.75467 ], [ -96.03737, 29.77372 ], [ -96.04301, 29.77913 ], [ -96.04137, 29.79244 ], [ -96.04224, 29.79531 ], [ -96.04891, 29.80301 ], [ -96.05899, 29.80036 ], [ -96.06082, 29.80457 ], [ -96.0646, 29.80694 ], [ -96.06986, 29.80696 ], [ -96.0743, 29.80514 ], [ -96.08228, 29.80473 ], [ -96.09285, 29.8086 ], [ -96.1025, 29.80967 ], [ -96.10331, 29.81243 ], [ -96.09873, 29.82027 ], [ -96.09899, 29.82738 ], [ -96.10793, 29.82228 ], [ -96.11887, 29.83258 ], [ -96.1214, 29.83665 ], [ -96.12131, 29.84196 ], [ -96.11624, 29.84751 ], [ -96.11045, 29.85002 ], [ -96.10452, 29.85046 ], [ -96.10166, 29.85396 ], [ -96.1102, 29.85867 ], [ -96.1121, 29.86568 ], [ -96.11223, 29.87256 ], [ -96.09581, 29.87668 ], [ -96.09294, 29.87938 ], [ -96.0947, 29.88408 ], [ -96.10112, 29.88277 ], [ -96.10569, 29.88369 ], [ -96.10931, 29.88888 ], [ -96.11735, 29.89089 ], [ -96.12415, 29.89505 ], [ -96.12627, 29.89885 ], [ -96.12613, 29.90323 ], [ -96.12383, 29.90715 ], [ -96.11514, 29.9114 ], [ -96.11317, 29.91436 ], [ -96.11968, 29.92845 ], [ -96.12855, 29.93146 ], [ -96.13165, 29.9375 ], [ -96.12149, 29.94919 ], [ -96.11559, 29.94648 ], [ -96.10844, 29.94063 ], [ -96.10312, 29.94043 ], [ -96.1008, 29.94353 ], [ -96.10351, 29.94659 ], [ -96.10375, 29.9524 ], [ -96.10635, 29.9555 ], [ -96.11946, 29.95502 ], [ -96.12413, 29.95896 ], [ -96.12595, 29.96382 ], [ -96.12275, 29.96855 ], [ -96.11441, 29.96249 ], [ -96.10769, 29.95932 ], [ -96.1035, 29.96135 ], [ -96.09495, 29.95982 ], [ -96.09466, 29.96431 ], [ -96.10288, 29.96776 ], [ -96.0957, 29.97814 ], [ -96.1003, 29.98381 ], [ -96.10452, 29.99638 ], [ -96.10155, 30.00373 ], [ -96.09844, 30.00405 ], [ -96.09157, 29.99822 ], [ -96.08629, 29.99995 ], [ -96.08454, 30.00514 ], [ -96.09052, 30.01404 ], [ -96.09471, 30.02538 ], [ -96.09992, 30.02815 ], [ -96.10297, 30.02569 ], [ -96.10834, 30.02485 ], [ -96.11322, 30.027 ], [ -96.10867, 30.032 ], [ -96.10747, 30.03862 ], [ -96.11205, 30.04626 ], [ -96.11721, 30.05013 ], [ -96.13469, 30.05536 ], [ -96.14063, 30.05823 ], [ -96.14644, 30.06449 ], [ -96.1455, 30.06992 ], [ -96.15001, 30.07173 ], [ -96.14913, 30.07663 ], [ -96.137, 30.067 ], [ -96.13378, 30.07096 ], [ -96.14092, 30.07684 ], [ -96.14165, 30.0832 ], [ -96.1435, 30.08498 ], [ -96.15046, 30.08471 ], [ -96.15435, 30.08652 ], [ -96.15842, 30.09171 ], [ -96.159, 30.09703 ], [ -96.15256, 30.10254 ], [ -96.15499, 30.10852 ], [ -96.16027, 30.10807 ], [ -96.16429, 30.10115 ], [ -96.16814, 30.099 ], [ -96.17282, 30.09934 ], [ -96.17466, 30.1027 ], [ -96.17142, 30.1081 ], [ -96.17505, 30.11244 ], [ -96.18355, 30.10921 ], [ -96.18865, 30.11046 ], [ -96.19171, 30.11523 ], [ -96.18742, 30.11859 ], [ -96.17981, 30.11735 ], [ -96.17987, 30.12299 ], [ -96.18703, 30.12904 ], [ -96.19142, 30.13467 ], [ -96.19178, 30.13842 ], [ -96.1878, 30.14169 ], [ -96.18183, 30.1409 ], [ -96.17592, 30.13773 ], [ -96.17194, 30.14116 ], [ -96.17823, 30.14499 ], [ -96.18315, 30.15071 ], [ -96.18066, 30.15568 ], [ -96.17629, 30.15482 ], [ -96.17261, 30.1516 ], [ -96.15693, 30.1414 ], [ -96.15253, 30.14313 ], [ -96.15013, 30.15544 ], [ -96.15341, 30.15949 ], [ -96.16003, 30.16183 ], [ -96.16201, 30.16492 ], [ -96.16091, 30.16856 ], [ -96.1552, 30.17316 ], [ -96.15456, 30.17712 ], [ -96.15923, 30.18041 ], [ -96.15977, 30.18318 ], [ -96.15709, 30.1905 ], [ -96.15909, 30.19586 ], [ -96.15901, 30.20661 ], [ -96.14988, 30.21302 ], [ -96.14785, 30.21758 ], [ -96.14507, 30.21857 ], [ -96.14019, 30.21222 ], [ -96.13632, 30.21081 ], [ -96.12823, 30.21161 ], [ -96.11802, 30.22421 ], [ -96.1137, 30.2272 ], [ -96.10941, 30.21991 ], [ -96.09894, 30.21453 ], [ -96.09671, 30.21487 ], [ -96.09312, 30.22045 ], [ -96.09317, 30.22519 ], [ -96.09825, 30.23044 ], [ -96.10538, 30.23287 ], [ -96.10315, 30.23868 ], [ -96.09857, 30.24274 ], [ -96.09442, 30.24239 ], [ -96.08767, 30.23777 ], [ -96.08333, 30.23831 ], [ -96.08084, 30.2443 ], [ -96.08458, 30.25125 ], [ -96.08944, 30.25304 ], [ -96.09487, 30.25239 ], [ -96.09912, 30.25517 ], [ -96.09804, 30.26167 ], [ -96.09551, 30.2656 ], [ -96.0938, 30.27432 ], [ -96.09174, 30.27801 ], [ -96.08509, 30.28261 ], [ -96.08589, 30.28898 ], [ -96.09693, 30.289 ], [ -96.09992, 30.29099 ], [ -96.10005, 30.29669 ], [ -96.09364, 30.3052 ], [ -96.0944, 30.30937 ], [ -96.09719, 30.31111 ], [ -96.11506, 30.306 ], [ -96.12048, 30.30569 ], [ -96.12527, 30.31156 ], [ -96.13164, 30.31243 ], [ -96.13655, 30.31475 ], [ -96.13887, 30.32245 ], [ -96.14939, 30.32519 ], [ -96.15279, 30.32801 ], [ -96.1602, 30.33849 ], [ -96.16016, 30.34174 ], [ -96.15263, 30.35031 ], [ -96.15236, 30.35288 ], [ -96.15544, 30.36314 ], [ -96.14987, 30.36879 ], [ -96.15719, 30.37574 ], [ -96.15844, 30.37837 ], [ -96.16419, 30.3775 ], [ -96.17154, 30.37379 ], [ -96.17657, 30.3761 ], [ -96.17327, 30.38645 ], [ -96.17347, 30.38922 ], [ -96.17866, 30.39472 ], [ -96.18381, 30.39428 ], [ -96.19325, 30.39965 ], [ -96.19823, 30.39512 ], [ -96.19954, 30.38291 ], [ -96.20493, 30.38011 ], [ -96.21217, 30.37368 ], [ -96.21804, 30.37669 ], [ -96.22401, 30.37538 ], [ -96.23509, 30.36972 ], [ -96.24321, 30.36972 ], [ -96.25175, 30.36538 ], [ -96.25722, 30.3664 ], [ -96.2623, 30.36466 ], [ -96.26868, 30.35867 ], [ -96.27658, 30.36027 ], [ -96.27944, 30.36447 ], [ -96.28575, 30.36469 ], [ -96.28919, 30.37148 ], [ -96.29455, 30.37622 ], [ -96.29863, 30.37702 ], [ -96.30408, 30.38324 ], [ -96.30783, 30.38173 ], [ -96.3128, 30.3843 ], [ -96.31762, 30.37939 ], [ -96.32448, 30.37907 ], [ -96.32783, 30.37423 ], [ -96.33419, 30.37389 ], [ -96.34048, 30.36792 ], [ -96.34479, 30.36801 ], [ -96.35898, 30.37264 ], [ -96.36051, 30.36784 ], [ -96.3654, 30.36717 ], [ -96.37011, 30.36428 ], [ -96.37489, 30.36357 ], [ -96.37496, 30.35826 ], [ -96.37726, 30.35604 ], [ -96.38508, 30.35714 ], [ -96.40077, 30.35393 ], [ -96.40656, 30.35118 ], [ -96.40927, 30.35674 ], [ -96.41189, 30.35824 ], [ -96.4202, 30.35051 ], [ -96.41859, 30.34697 ], [ -96.42275, 30.34337 ], [ -96.43809, 30.34293 ], [ -96.44048, 30.34144 ], [ -96.4496, 30.34107 ], [ -96.45514, 30.34453 ], [ -96.45661, 30.34062 ], [ -96.46532, 30.33623 ], [ -96.46845, 30.33797 ], [ -96.4754, 30.33358 ], [ -96.48265, 30.33309 ], [ -96.4859, 30.33814 ], [ -96.4905, 30.33562 ], [ -96.49157, 30.33142 ], [ -96.49604, 30.32436 ], [ -96.5, 30.32424 ], [ -96.51029, 30.32163 ], [ -96.5128, 30.32599 ], [ -96.52398, 30.32351 ], [ -96.52985, 30.32023 ], [ -96.54091, 30.31799 ], [ -96.55657, 30.32231 ], [ -96.56847, 30.31694 ], [ -96.56819, 30.31359 ], [ -96.57352, 30.3107 ], [ -96.57696, 30.3111 ], [ -96.58551, 30.30824 ], [ -96.59329, 30.30778 ], [ -96.60001, 30.30884 ], [ -96.6029, 30.30767 ], [ -96.60599, 30.30212 ], [ -96.61638, 30.30111 ], [ -96.623, 30.29823 ], [ -96.63043, 30.30043 ], [ -96.64204, 30.29549 ], [ -96.64568, 30.29143 ], [ -96.6484, 30.29218 ], [ -96.65789, 30.28778 ], [ -96.6615, 30.27875 ], [ -96.6669, 30.27707 ], [ -96.66999, 30.27381 ], [ -96.6721, 30.26736 ], [ -96.67672, 30.26661 ], [ -96.679, 30.26145 ], [ -96.68423, 30.25795 ], [ -96.68425, 30.24998 ], [ -96.69092, 30.24823 ], [ -96.69473, 30.25033 ], [ -96.70142, 30.24857 ], [ -96.70644, 30.24533 ], [ -96.71088, 30.24545 ], [ -96.71504, 30.24974 ], [ -96.71844, 30.25048 ], [ -96.72651, 30.24379 ], [ -96.73165, 30.24389 ], [ -96.73742, 30.23184 ], [ -96.74192, 30.22801 ], [ -96.73906, 30.22261 ], [ -96.74362, 30.21813 ], [ -96.74091, 30.21194 ], [ -96.73991, 30.20315 ], [ -96.74146, 30.19757 ], [ -96.79455, 30.16055 ], [ -96.84586, 30.11603 ], [ -96.86345, 30.10791 ], [ -96.93456, 30.07331 ], [ -97.01111, 30.03617 ], [ -97.01916, 30.032 ], [ -97.04662, 30.13202 ], [ -97.08183, 30.25936 ], [ -97.19958, 30.33783 ], [ -97.25171, 30.36285 ], [ -97.26235, 30.35801 ], [ -97.27954, 30.36572 ], [ -97.28407, 30.36517 ], [ -97.29259, 30.36677 ], [ -97.29823, 30.36957 ], [ -97.30643, 30.36936 ], [ -97.31912, 30.36367 ], [ -97.32863, 30.36149 ], [ -97.34175, 30.36027 ], [ -97.35344, 30.35635 ], [ -97.35801, 30.35344 ], [ -97.36641, 30.35744 ], [ -97.36568, 30.36136 ], [ -97.37559, 30.36544 ], [ -97.37972, 30.36619 ], [ -97.3838, 30.36026 ], [ -97.40147, 30.36856 ], [ -97.39822, 30.37397 ], [ -97.43444, 30.3908 ], [ -97.44284, 30.37721 ], [ -97.44945, 30.37669 ], [ -97.45989, 30.38158 ], [ -97.46614, 30.38135 ], [ -97.46485, 30.38505 ], [ -97.47582, 30.3903 ], [ -97.47706, 30.3898 ], [ -97.49092, 30.39727 ], [ -97.4893, 30.40042 ], [ -97.4999, 30.4054 ], [ -97.50226, 30.40367 ], [ -97.51303, 30.40888 ], [ -97.51993, 30.39792 ], [ -97.51681, 30.39458 ], [ -97.52912, 30.37577 ], [ -97.53168, 30.37062 ], [ -97.53293, 30.35885 ], [ -97.53813, 30.3494 ], [ -97.5006, 30.35057 ], [ -97.51031, 30.33524 ], [ -97.50497, 30.3323 ], [ -97.51457, 30.31703 ], [ -97.51745, 30.30626 ], [ -97.52658, 30.30367 ], [ -97.52981, 30.29967 ], [ -97.53235, 30.29257 ], [ -97.53728, 30.28551 ], [ -97.55974, 30.24974 ], [ -97.55807, 30.24799 ], [ -97.55814, 30.24147 ], [ -97.55258, 30.24302 ], [ -97.54475, 30.2408 ], [ -97.54647, 30.23447 ], [ -97.54157, 30.22587 ], [ -97.54278, 30.21929 ], [ -97.54617, 30.21798 ], [ -97.5565, 30.20773 ], [ -97.56221, 30.20856 ], [ -97.56509, 30.21197 ], [ -97.5765, 30.21427 ], [ -97.57952, 30.21328 ], [ -97.58466, 30.20769 ], [ -97.59142, 30.20474 ], [ -97.59777, 30.20658 ], [ -97.60014, 30.20174 ], [ -97.60839, 30.19922 ], [ -97.61111, 30.20409 ], [ -97.61874, 30.20614 ], [ -97.6198, 30.20165 ], [ -97.61469, 30.19846 ], [ -97.61358, 30.19478 ], [ -97.61663, 30.18989 ], [ -97.6214, 30.18815 ], [ -97.63287, 30.18863 ], [ -97.63273, 30.18546 ], [ -97.6364, 30.18267 ], [ -97.63964, 30.17732 ], [ -97.64656, 30.18062 ], [ -97.65172, 30.173 ], [ -97.66066, 30.1663 ], [ -97.66351, 30.17034 ], [ -97.68027, 30.17635 ], [ -97.68775, 30.183 ], [ -97.69638, 30.15261 ], [ -97.69696, 30.14759 ], [ -97.69493, 30.11232 ], [ -97.69569, 30.11167 ], [ -97.7152, 30.12105 ], [ -97.71953, 30.11397 ], [ -97.74088, 30.12416 ], [ -97.75577, 30.10118 ], [ -97.75824, 30.10136 ], [ -97.78179, 30.11265 ], [ -97.78181, 30.11583 ], [ -97.77535, 30.12634 ], [ -97.77872, 30.1297 ], [ -97.77199, 30.14083 ], [ -97.76594, 30.14524 ], [ -97.76586, 30.15104 ], [ -97.76866, 30.15617 ], [ -97.77842, 30.1574 ], [ -97.78015, 30.15626 ], [ -97.78136, 30.14895 ], [ -97.79017, 30.14769 ], [ -97.78975, 30.15317 ], [ -97.79485, 30.15266 ], [ -97.79639, 30.15495 ], [ -97.80189, 30.15228 ], [ -97.80564, 30.15468 ], [ -97.81132, 30.15353 ], [ -97.81625, 30.14987 ], [ -97.82306, 30.14828 ], [ -97.8332, 30.14983 ], [ -97.84612, 30.14947 ], [ -97.84611, 30.15256 ], [ -97.85178, 30.16029 ], [ -97.85212, 30.16429 ], [ -97.86019, 30.16413 ], [ -97.86035, 30.16742 ], [ -97.85324, 30.17824 ], [ -97.85932, 30.17846 ], [ -97.86389, 30.18363 ], [ -97.86078, 30.18821 ], [ -97.86605, 30.19093 ], [ -97.86554, 30.1947 ], [ -97.86909, 30.1959 ], [ -97.88693, 30.17597 ], [ -97.89059, 30.17408 ], [ -97.89708, 30.17954 ], [ -97.90273, 30.1823 ], [ -97.9028, 30.18567 ], [ -97.89791, 30.18886 ], [ -97.89463, 30.19427 ], [ -97.8898, 30.19698 ], [ -97.8848, 30.1939 ], [ -97.88103, 30.19568 ], [ -97.88337, 30.19997 ], [ -97.89028, 30.20225 ], [ -97.90215, 30.20751 ], [ -97.89888, 30.21063 ], [ -97.8883, 30.22919 ], [ -97.89893, 30.23133 ], [ -97.90029, 30.23511 ], [ -97.90634, 30.23766 ], [ -97.90981, 30.23495 ], [ -97.9358, 30.23027 ], [ -97.95497, 30.22257 ], [ -97.96375, 30.21668 ], [ -97.96934, 30.21067 ], [ -97.92965, 30.1823 ], [ -97.92927, 30.17502 ], [ -97.95289, 30.16177 ], [ -97.95871, 30.16667 ], [ -97.96524, 30.17762 ], [ -97.96995, 30.18722 ], [ -97.97213, 30.195 ], [ -97.97197, 30.20233 ], [ -97.97785, 30.20264 ], [ -97.98452, 30.19774 ], [ -97.99145, 30.19954 ], [ -97.99127, 30.19129 ], [ -98.0001, 30.19004 ], [ -98.00298, 30.17664 ], [ -98.00781, 30.16859 ], [ -98.00878, 30.15347 ], [ -98.01918, 30.15327 ], [ -98.02046, 30.14706 ], [ -98.02275, 30.14358 ], [ -98.02653, 30.14347 ], [ -98.02732, 30.14978 ], [ -98.03106, 30.15098 ], [ -98.03551, 30.14707 ], [ -98.04447, 30.14402 ], [ -98.04436, 30.12523 ], [ -98.03809, 30.12531 ], [ -98.03795, 30.11833 ], [ -98.04425, 30.1167 ], [ -98.04379, 30.11202 ], [ -98.04539, 30.1077 ], [ -98.04555, 30.10142 ], [ -98.04201, 30.10088 ], [ -98.04217, 30.0937 ], [ -98.04661, 30.09078 ], [ -98.04597, 30.07051 ], [ -98.03682, 30.07026 ], [ -98.03597, 30.05685 ], [ -98.02703, 30.05207 ], [ -98.02604, 30.04807 ], [ -98.01555, 30.04666 ], [ -98.01042, 30.04363 ], [ -98.0103, 30.02117 ], [ -98.00786, 30.01486 ], [ -98.00821, 30.01009 ], [ -98.00022, 30.0018 ], [ -98.00388, 29.99586 ], [ -98.00391, 29.98331 ], [ -97.99961, 29.97861 ], [ -97.99684, 29.97811 ], [ -97.98737, 29.96662 ], [ -97.97947, 29.9647 ], [ -97.97196, 29.9576 ], [ -97.96123, 29.94939 ], [ -97.95819, 29.94456 ], [ -97.95824, 29.94036 ], [ -97.95438, 29.93713 ], [ -97.94787, 29.92608 ], [ -97.9435, 29.92311 ], [ -97.93551, 29.92122 ], [ -97.93247, 29.91408 ], [ -97.92868, 29.90943 ], [ -97.9299, 29.90448 ], [ -97.92268, 29.89713 ], [ -97.91827, 29.89969 ], [ -97.91148, 29.90659 ], [ -97.9115, 29.91564 ], [ -97.90656, 29.91951 ], [ -97.90506, 29.92827 ], [ -97.89792, 29.93662 ], [ -97.89398, 29.93552 ], [ -97.89579, 29.92817 ], [ -97.9, 29.92767 ], [ -97.90176, 29.92434 ], [ -97.89995, 29.91944 ], [ -97.89962, 29.91199 ], [ -97.89372, 29.90983 ], [ -97.8973, 29.90515 ], [ -97.8977, 29.90093 ], [ -97.90155, 29.89677 ], [ -97.89987, 29.88944 ], [ -97.90648, 29.88586 ], [ -97.90912, 29.881 ], [ -97.91445, 29.878 ], [ -97.92039, 29.87287 ], [ -97.91564, 29.86843 ], [ -97.92098, 29.86357 ], [ -97.92185, 29.85835 ], [ -97.91506, 29.85942 ], [ -97.91124, 29.85729 ], [ -97.90259, 29.85496 ], [ -97.89561, 29.85733 ], [ -97.88882, 29.85678 ], [ -97.88602, 29.86228 ], [ -97.87601, 29.86056 ], [ -97.87526, 29.85821 ], [ -97.8722, 29.85252 ], [ -97.86889, 29.85136 ], [ -97.86463, 29.85611 ], [ -97.8562, 29.84888 ], [ -97.85553, 29.84391 ], [ -97.84863, 29.84335 ], [ -97.84484, 29.83911 ], [ -97.8439, 29.83284 ], [ -97.83761, 29.8285 ], [ -97.84155, 29.82494 ], [ -97.83975, 29.8204 ], [ -97.84075, 29.81576 ], [ -97.8464, 29.80893 ], [ -97.84241, 29.8083 ], [ -97.84235, 29.79922 ], [ -97.83439, 29.79465 ], [ -97.82948, 29.79349 ], [ -97.83237, 29.7845 ], [ -97.8251, 29.78101 ], [ -97.81957, 29.78943 ], [ -97.81458, 29.78513 ], [ -97.8148, 29.78019 ], [ -97.80821, 29.77964 ], [ -97.80646, 29.77534 ], [ -97.81092, 29.77388 ], [ -97.8049, 29.76724 ], [ -97.80028, 29.76621 ], [ -97.80087, 29.75917 ], [ -97.80398, 29.75491 ], [ -97.79968, 29.7523 ], [ -97.79292, 29.75419 ], [ -97.79268, 29.75939 ], [ -97.78638, 29.76096 ], [ -97.78162, 29.75972 ], [ -97.78124, 29.75271 ], [ -97.77946, 29.74821 ], [ -97.77436, 29.74216 ], [ -97.76888, 29.74179 ], [ -97.77096, 29.7323 ], [ -97.76374, 29.7279 ], [ -97.76019, 29.72372 ], [ -97.76833, 29.72027 ], [ -97.76279, 29.71285 ], [ -97.75655, 29.71782 ], [ -97.74998, 29.71463 ], [ -97.74609, 29.7113 ], [ -97.73837, 29.71291 ], [ -97.73594, 29.70563 ], [ -97.737, 29.70195 ], [ -97.74335, 29.69884 ], [ -97.73799, 29.69625 ], [ -97.73572, 29.6912 ], [ -97.7221, 29.68552 ], [ -97.72185, 29.68209 ], [ -97.7117, 29.6815 ], [ -97.70845, 29.68373 ], [ -97.70456, 29.68261 ], [ -97.70532, 29.67589 ], [ -97.70342, 29.67048 ], [ -97.69836, 29.66909 ], [ -97.69215, 29.67332 ], [ -97.6883, 29.67259 ], [ -97.68519, 29.66745 ], [ -97.6805, 29.66362 ], [ -97.67347, 29.6632 ], [ -97.67086, 29.66706 ], [ -97.66337, 29.66698 ], [ -97.65891, 29.66363 ], [ -97.65325, 29.6678 ], [ -97.65223, 29.66182 ], [ -97.65356, 29.65618 ], [ -97.64771, 29.65419 ], [ -97.64305, 29.65462 ], [ -97.64049, 29.65188 ], [ -97.63553, 29.65405 ], [ -97.63318, 29.64986 ], [ -97.62817, 29.6423 ], [ -97.62314, 29.6426 ], [ -97.61892, 29.64492 ], [ -97.61624, 29.64112 ], [ -97.61884, 29.63555 ], [ -97.61188, 29.63688 ], [ -97.60464, 29.63648 ], [ -97.60373, 29.64179 ], [ -97.59863, 29.63516 ], [ -97.59774, 29.63072 ], [ -97.58392, 29.63853 ], [ -97.47089, 29.70066 ], [ -97.38422, 29.74832 ], [ -97.31789, 29.78466 ], [ -97.27269, 29.75023 ], [ -97.27044, 29.74897 ], [ -97.24579, 29.73028 ], [ -97.20251, 29.69789 ], [ -97.18146, 29.68167 ], [ -97.13052, 29.6433 ], [ -97.14326, 29.62809 ], [ -97.08143, 29.62919 ], [ -97.04942, 29.62955 ], [ -96.99324, 29.63102 ], [ -96.92722, 29.63199 ], [ -96.865, 29.63271 ], [ -96.86597, 29.63063 ], [ -96.85908, 29.62673 ], [ -96.85914, 29.62438 ], [ -96.85099, 29.62151 ], [ -96.84735, 29.61706 ], [ -96.84312, 29.61657 ], [ -96.84234, 29.61283 ], [ -96.84425, 29.60894 ], [ -96.83793, 29.60379 ], [ -96.83715, 29.59899 ], [ -96.83336, 29.5953 ], [ -96.83577, 29.59277 ], [ -96.83875, 29.58305 ], [ -96.83281, 29.57686 ], [ -96.79313, 29.57738 ], [ -96.70688, 29.48757 ], [ -96.68758, 29.4665 ], [ -96.64724, 29.42505 ], [ -96.62525, 29.40269 ], [ -96.56055, 29.33544 ], [ -96.61713, 29.29381 ], [ -96.67717, 29.25025 ], [ -96.74155, 29.20455 ], [ -96.87526, 29.11006 ], [ -96.93859, 29.06324 ], [ -96.97638, 29.10405 ], [ -97.02565, 29.06796 ], [ -97.03319, 29.06433 ], [ -97.12527, 28.99667 ], [ -97.18605, 28.95232 ], [ -97.25027, 28.90532 ], [ -97.30592, 28.86404 ], [ -97.29858, 28.86196 ], [ -97.2997, 28.85676 ], [ -97.29769, 28.85364 ], [ -97.30488, 28.85073 ], [ -97.3034, 28.84537 ], [ -97.30051, 28.84411 ], [ -97.29319, 28.84741 ], [ -97.28682, 28.84512 ], [ -97.28422, 28.84699 ], [ -97.2714, 28.8474 ], [ -97.26706, 28.84869 ], [ -97.26026, 28.84719 ], [ -97.25594, 28.84843 ], [ -97.25445, 28.85727 ], [ -97.25027, 28.85754 ], [ -97.23923, 28.85382 ], [ -97.23317, 28.85662 ], [ -97.23634, 28.86127 ], [ -97.23624, 28.86489 ], [ -97.23197, 28.8653 ], [ -97.22819, 28.86331 ], [ -97.21658, 28.86064 ], [ -97.2107, 28.85568 ], [ -97.205, 28.85504 ], [ -97.19543, 28.83903 ], [ -97.18968, 28.83696 ], [ -97.18624, 28.83293 ], [ -97.18924, 28.82439 ], [ -97.18857, 28.82015 ], [ -97.19065, 28.81615 ], [ -97.19018, 28.81247 ], [ -97.186, 28.80896 ], [ -97.17942, 28.79803 ], [ -97.17632, 28.79073 ], [ -97.16992, 28.78561 ], [ -97.16164, 28.78354 ], [ -97.15893, 28.77616 ], [ -97.16175, 28.77339 ], [ -97.16411, 28.76475 ], [ -97.16786, 28.75888 ], [ -97.16621, 28.75219 ], [ -97.16784, 28.74792 ], [ -97.17571, 28.74211 ], [ -97.17797, 28.73693 ], [ -97.17023, 28.73637 ], [ -97.16773, 28.72785 ], [ -97.17788, 28.64769 ], [ -97.18236, 28.6106 ], [ -97.17962, 28.60381 ], [ -97.17535, 28.59916 ], [ -97.17612, 28.59521 ], [ -97.17156, 28.59364 ], [ -97.16572, 28.58521 ], [ -97.16576, 28.5813 ], [ -97.16244, 28.57135 ], [ -97.15861, 28.57447 ], [ -97.15397, 28.57017 ], [ -97.15464, 28.5674 ], [ -97.16111, 28.56388 ], [ -97.16311, 28.55663 ], [ -97.15504, 28.54811 ], [ -97.15012, 28.55278 ], [ -97.14286, 28.5486 ], [ -97.14026, 28.55383 ], [ -97.13373, 28.55109 ], [ -97.12758, 28.5454 ], [ -97.12647, 28.54867 ], [ -97.11516, 28.54894 ], [ -97.11022, 28.5537 ], [ -97.10517, 28.55481 ], [ -97.10411, 28.55123 ], [ -97.09802, 28.54731 ], [ -97.09492, 28.53843 ], [ -97.09084, 28.53458 ], [ -97.0837, 28.53487 ], [ -97.08152, 28.53265 ], [ -97.07733, 28.53686 ], [ -97.08245, 28.54161 ], [ -97.07967, 28.54547 ], [ -97.07592, 28.54364 ], [ -97.07158, 28.54678 ], [ -97.06224, 28.54077 ], [ -97.06124, 28.54561 ], [ -97.05587, 28.55018 ], [ -97.04819, 28.54737 ], [ -97.04406, 28.54273 ], [ -97.04726, 28.53794 ], [ -97.04467, 28.53184 ], [ -97.03986, 28.53207 ], [ -97.03518, 28.538 ], [ -97.03062, 28.54153 ], [ -97.02658, 28.54008 ], [ -97.02713, 28.53241 ], [ -97.02263, 28.52533 ], [ -97.02418, 28.52407 ], [ -97.0229, 28.51756 ], [ -97.01944, 28.5201 ], [ -97.00934, 28.51485 ], [ -97.00464, 28.50891 ], [ -96.99461, 28.50871 ], [ -96.9945, 28.50483 ], [ -96.99841, 28.49481 ], [ -96.92908, 28.46473 ], [ -96.92224, 28.46253 ], [ -96.90043, 28.45779 ], [ -96.9018, 28.45005 ], [ -96.88883, 28.44744 ], [ -96.89508, 28.42575 ], [ -96.92636, 28.34725 ], [ -96.95272, 28.28088 ], [ -96.95741, 28.27492 ], [ -96.96753, 28.26617 ], [ -96.98539, 28.23036 ], [ -96.99636, 28.17281 ], [ -97.00367, 28.14883 ], [ -97.0046, 28.14289 ], [ -97.00965, 28.13478 ], [ -97.02781, 28.10929 ], [ -97.0372, 28.08983 ], [ -97.04123, 28.07103 ], [ -97.04154, 28.05169 ], [ -97.04249, 28.04738 ], [ -97.04253, 28.03653 ], [ -97.04878, 28.02795 ], [ -97.0535, 28.0273 ], [ -97.05355, 28.02297 ], [ -97.06078, 28.00498 ], [ -97.0653, 28.0042 ], [ -97.07675, 27.99385 ], [ -97.08019, 27.98982 ], [ -97.10493, 27.9579 ], [ -97.12945, 27.92248 ], [ -97.13531, 27.91802 ], [ -97.14066, 27.91037 ], [ -97.1544, 27.92928 ], [ -97.15829, 27.92493 ], [ -97.16239, 27.92318 ], [ -97.16745, 27.92333 ], [ -97.17483, 27.92726 ], [ -97.20933, 27.88143 ], [ -97.21527, 27.88467 ], [ -97.2198, 27.88514 ], [ -97.27792, 27.91562 ], [ -97.2804, 27.91717 ], [ -97.28669, 27.9153 ], [ -97.29488, 27.91458 ], [ -97.30754, 27.89736 ], [ -97.30305, 27.89293 ], [ -97.30342, 27.88349 ], [ -97.30499, 27.87991 ], [ -97.31696, 27.87909 ], [ -97.31913, 27.88206 ], [ -97.32733, 27.88285 ], [ -97.33315, 27.88158 ], [ -97.3367, 27.88427 ], [ -97.34523, 27.88212 ], [ -97.34728, 27.88318 ], [ -97.35649, 27.88113 ], [ -97.37469, 27.87544 ], [ -97.39609, 27.87514 ], [ -97.40658, 27.87384 ], [ -97.41534, 27.86966 ], [ -97.42422, 27.86853 ], [ -97.42953, 27.86985 ], [ -97.44275, 27.86897 ], [ -97.44591, 27.86538 ], [ -97.4517, 27.86867 ], [ -97.45501, 27.87689 ], [ -97.4596, 27.87822 ], [ -97.4612, 27.8752 ], [ -97.45683, 27.8667 ], [ -97.46238, 27.86131 ], [ -97.46779, 27.86962 ], [ -97.47095, 27.86803 ], [ -97.47085, 27.86356 ], [ -97.48117, 27.85979 ], [ -97.48552, 27.8628 ], [ -97.48301, 27.86758 ], [ -97.48443, 27.87307 ], [ -97.48754, 27.87486 ], [ -97.49176, 27.88166 ], [ -97.50792, 27.87764 ], [ -97.50898, 27.87382 ], [ -97.51317, 27.87137 ], [ -97.51774, 27.86604 ], [ -97.51978, 27.8611 ], [ -97.51433, 27.85625 ], [ -97.51419, 27.85163 ], [ -97.50398, 27.85233 ], [ -97.49533, 27.84987 ], [ -97.48722, 27.84307 ], [ -97.49017, 27.83949 ], [ -97.49304, 27.8442 ], [ -97.50282, 27.84616 ], [ -97.49503, 27.8441 ], [ -97.49141, 27.84056 ], [ -97.48881, 27.83445 ], [ -97.48323, 27.829 ], [ -97.47638, 27.8249 ], [ -97.46365, 27.82296 ], [ -97.45304, 27.82393 ], [ -97.44664, 27.82587 ], [ -97.43673, 27.82582 ], [ -97.42714, 27.82212 ], [ -97.42029, 27.81609 ], [ -97.42073, 27.80618 ], [ -97.42469, 27.80194 ], [ -97.43222, 27.80606 ], [ -97.43744, 27.80317 ], [ -97.44317, 27.7971 ], [ -97.44629, 27.79199 ], [ -97.44334, 27.79007 ], [ -97.44477, 27.78597 ], [ -97.4371, 27.78622 ], [ -97.43794, 27.77505 ], [ -97.43382, 27.7747 ], [ -97.43357, 27.76521 ], [ -97.42894, 27.76319 ], [ -97.43176, 27.75854 ], [ -97.43616, 27.76063 ], [ -97.44677, 27.76057 ], [ -97.45125, 27.76179 ], [ -97.46006, 27.75599 ], [ -97.44988, 27.74681 ], [ -97.43766, 27.74047 ], [ -97.41298, 27.72851 ], [ -97.40526, 27.74104 ], [ -97.4146, 27.74952 ], [ -97.40824, 27.75904 ], [ -97.41182, 27.76077 ], [ -97.40651, 27.76945 ], [ -97.40841, 27.77212 ], [ -97.40416, 27.77437 ], [ -97.40693, 27.77845 ], [ -97.40168, 27.78034 ], [ -97.39486, 27.78076 ], [ -97.38835, 27.77319 ], [ -97.38835, 27.7709 ], [ -97.37747, 27.76069 ], [ -97.37545, 27.75017 ], [ -97.36984, 27.7425 ], [ -97.36167, 27.73505 ], [ -97.35406, 27.73024 ], [ -97.34946, 27.7286 ], [ -97.34125, 27.7229 ], [ -97.30692, 27.70951 ], [ -97.28996, 27.70519 ], [ -97.28049, 27.70445 ], [ -97.25386, 27.69674 ], [ -97.24499, 27.69309 ], [ -97.24384, 27.68916 ], [ -97.237, 27.68684 ], [ -97.22597, 27.68721 ], [ -97.22799, 27.67519 ], [ -97.23861, 27.64306 ], [ -97.24051, 27.63529 ], [ -97.22889, 27.63116 ], [ -97.22032, 27.63248 ], [ -97.21641, 27.62672 ], [ -97.21499, 27.61981 ], [ -97.21248, 27.62014 ], [ -97.20817, 27.62523 ], [ -97.19963, 27.62136 ], [ -97.21301, 27.5958 ], [ -97.22226, 27.57636 ], [ -97.1651, 27.5683 ] ] ] } },
{ "type": "Feature", "properties": { "region_id": "CD28" }, "geometry": { "type": "Polygon", "coordinates": [ [ [ -100.50189, 28.66763 ], [ -100.50035, 28.66196 ], [ -100.49727, 28.65907 ], [ -100.48926, 28.658 ], [ -100.47888, 28.65442 ], [ -100.47449, 28.64707 ], [ -100.46207, 28.64111 ], [ -100.44952, 28.64296 ], [ -100.44575, 28.64063 ], [ -100.44756, 28.62116 ], [ -100.44861, 28.61659 ], [ -100.4476, 28.61007 ], [ -100.44498, 28.60781 ], [ -100.43362, 28.60612 ], [ -100.43187, 28.59784 ], [ -100.4266, 28.59514 ], [ -100.41939, 28.59343 ], [ -100.39846, 28.58517 ], [ -100.3968, 28.5804 ], [ -100.3973, 28.57558 ], [ -100.40517, 28.56071 ], [ -100.40889, 28.55728 ], [ -100.41139, 28.55196 ], [ -100.40989, 28.5456 ], [ -100.40506, 28.53578 ], [ -100.39409, 28.5268 ], [ -100.38886, 28.51575 ], [ -100.38696, 28.51402 ], [ -100.37696, 28.51202 ], [ -100.36036, 28.50777 ], [ -100.35798, 28.5056 ], [ -100.34675, 28.50384 ], [ -100.33474, 28.50026 ], [ -100.33368, 28.49788 ], [ -100.33714, 28.49173 ], [ -100.34418, 28.48625 ], [ -100.35508, 28.48211 ], [ -100.36189, 28.4823 ], [ -100.3682, 28.47891 ], [ -100.36777, 28.47502 ], [ -100.3575, 28.46364 ], [ -100.35079, 28.45925 ], [ -100.34153, 28.44957 ], [ -100.3378, 28.44296 ], [ -100.33619, 28.43018 ], [ -100.34268, 28.41248 ], [ -100.34945, 28.40371 ], [ -100.34931, 28.4014 ], [ -100.34187, 28.38495 ], [ -100.32901, 28.37187 ], [ -100.32039, 28.36212 ], [ -100.31725, 28.35738 ], [ -100.3142, 28.34586 ], [ -100.31073, 28.34323 ], [ -100.30912, 28.33867 ], [ -100.30385, 28.33419 ], [ -100.29484, 28.32321 ], [ -100.28864, 28.31698 ], [ -100.28611, 28.31121 ], [ -100.28755, 28.30109 ], [ -100.2943, 28.28438 ], [ -100.29347, 28.27847 ], [ -100.28939, 28.27349 ], [ -100.28318, 28.27063 ], [ -100.27763, 28.26245 ], [ -100.2676, 28.25027 ], [ -100.26091, 28.24483 ], [ -100.25779, 28.24034 ], [ -100.25164, 28.23618 ], [ -100.24621, 28.23409 ], [ -100.23223, 28.23606 ], [ -100.22363, 28.23522 ], [ -100.22029, 28.23221 ], [ -100.21757, 28.22693 ], [ -100.21345, 28.21042 ], [ -100.21361, 28.2047 ], [ -100.21131, 28.1939 ], [ -100.20806, 28.19038 ], [ -100.1965, 28.19022 ], [ -100.18569, 28.18578 ], [ -100.17441, 28.17945 ], [ -100.16844, 28.17154 ], [ -100.15919, 28.16765 ], [ -100.1411, 28.16815 ], [ -100.13438, 28.16374 ], [ -100.12915, 28.16181 ], [ -100.11963, 28.15559 ], [ -100.10909, 28.15359 ], [ -100.0869, 28.14678 ], [ -100.08339, 28.14404 ], [ -100.08255, 28.13974 ], [ -100.07778, 28.12866 ], [ -100.06589, 28.11174 ], [ -100.05881, 28.10729 ], [ -100.05583, 28.10272 ], [ -100.05698, 28.09421 ], [ -100.05312, 28.08473 ], [ -100.04611, 28.07907 ], [ -100.02872, 28.07312 ], [ -100.01895, 28.06644 ], [ -100.01714, 28.06227 ], [ -100.01607, 28.0533 ], [ -100.01309, 28.04382 ], [ -100.01308, 28.03835 ], [ -100.00863, 28.02396 ], [ -100.00615, 28.01842 ], [ -100.00033, 28.01102 ], [ -99.99639, 28.00158 ], [ -99.98976, 27.99288 ], [ -99.98492, 27.99073 ], [ -99.97728, 27.9895 ], [ -99.97011, 27.98588 ], [ -99.96277, 27.98354 ], [ -99.95021, 27.98327 ], [ -99.93181, 27.98097 ], [ -99.93216, 27.96771 ], [ -99.93439, 27.96148 ], [ -99.93854, 27.95406 ], [ -99.93896, 27.94932 ], [ -99.93714, 27.94054 ], [ -99.93287, 27.93727 ], [ -99.92656, 27.9357 ], [ -99.92413, 27.93138 ], [ -99.92604, 27.92748 ], [ -99.91746, 27.91797 ], [ -99.90008, 27.91214 ], [ -99.89346, 27.89921 ], [ -99.89409, 27.89297 ], [ -99.90123, 27.88441 ], [ -99.90438, 27.87528 ], [ -99.90149, 27.86416 ], [ -99.8908, 27.85438 ], [ -99.88133, 27.84955 ], [ -99.8772, 27.84218 ], [ -99.87624, 27.83382 ], [ -99.87805, 27.82761 ], [ -99.87645, 27.8199 ], [ -99.87379, 27.81301 ], [ -99.87802, 27.8005 ], [ -99.87229, 27.79526 ], [ -99.86038, 27.79367 ], [ -99.85434, 27.79469 ], [ -99.84966, 27.79246 ], [ -99.84887, 27.7874 ], [ -99.84474, 27.77881 ], [ -99.84297, 27.76852 ], [ -99.83879, 27.76418 ], [ -99.83305, 27.76289 ], [ -99.82602, 27.76433 ], [ -99.82266, 27.76647 ], [ -99.81909, 27.77602 ], [ -99.81312, 27.774 ], [ -99.80996, 27.76927 ], [ -99.80567, 27.75869 ], [ -99.80165, 27.74177 ], [ -99.79634, 27.73559 ], [ -99.79153, 27.73186 ], [ -99.78537, 27.73036 ], [ -99.7749, 27.73354 ], [ -99.77074, 27.73213 ], [ -99.76162, 27.72206 ], [ -99.75851, 27.71704 ], [ -99.75775, 27.71233 ], [ -99.73846, 27.69311 ], [ -99.7239, 27.67356 ], [ -99.72152, 27.66615 ], [ -99.71151, 27.65837 ], [ -99.7046, 27.65495 ], [ -99.69936, 27.65542 ], [ -99.69706, 27.66248 ], [ -99.69125, 27.66873 ], [ -99.68581, 27.66101 ], [ -99.67895, 27.65898 ], [ -99.66894, 27.65997 ], [ -99.66184, 27.65575 ], [ -99.65807, 27.648 ], [ -99.66116, 27.64313 ], [ -99.66542, 27.64027 ], [ -99.66611, 27.63609 ], [ -99.6543, 27.62978 ], [ -99.65006, 27.63058 ], [ -99.63893, 27.62676 ], [ -99.62686, 27.62996 ], [ -99.62341, 27.63356 ], [ -99.62712, 27.63841 ], [ -99.62476, 27.6438 ], [ -99.6214, 27.64376 ], [ -99.61758, 27.63836 ], [ -99.61425, 27.63795 ], [ -99.60353, 27.64199 ], [ -99.59404, 27.63857 ], [ -99.59235, 27.62861 ], [ -99.58478, 27.62201 ], [ -99.57764, 27.6186 ], [ -99.57718, 27.6113 ], [ -99.58484, 27.6039 ], [ -99.57863, 27.60229 ], [ -99.56906, 27.60588 ], [ -99.56123, 27.60757 ], [ -99.55494, 27.61446 ], [ -99.54189, 27.606 ], [ -99.53972, 27.60328 ], [ -99.5362, 27.59168 ], [ -99.52971, 27.57976 ], [ -99.52544, 27.57661 ], [ -99.5164, 27.57247 ], [ -99.51213, 27.56829 ], [ -99.51105, 27.56451 ], [ -99.51402, 27.55684 ], [ -99.51882, 27.55319 ], [ -99.52192, 27.54409 ], [ -99.52222, 27.53479 ], [ -99.52484, 27.52379 ], [ -99.52532, 27.5104 ], [ -99.52839, 27.49855 ], [ -99.52614, 27.49659 ], [ -99.51985, 27.49676 ], [ -99.51358, 27.49941 ], [ -99.50252, 27.5004 ], [ -99.49683, 27.50011 ], [ -99.48581, 27.49319 ], [ -99.48129, 27.48847 ], [ -99.47925, 27.47863 ], [ -99.48228, 27.47632 ], [ -99.48312, 27.4694 ], [ -99.4854, 27.46407 ], [ -99.4951, 27.45152 ], [ -99.49588, 27.44015 ], [ -99.48776, 27.4134 ], [ -99.48961, 27.39904 ], [ -99.49233, 27.39318 ], [ -99.49214, 27.38052 ], [ -99.49908, 27.37314 ], [ -99.50373, 27.36462 ], [ -99.50798, 27.35301 ], [ -99.50783, 27.34864 ], [ -99.5044, 27.3399 ], [ -99.50902, 27.33386 ], [ -99.52164, 27.32458 ], [ -99.53138, 27.32381 ], [ -99.53803, 27.31709 ], [ -99.53672, 27.31303 ], [ -99.52965, 27.30605 ], [ -99.52191, 27.30383 ], [ -99.51153, 27.30408 ], [ -99.50204, 27.30612 ], [ -99.49502, 27.30394 ], [ -99.48794, 27.29494 ], [ -99.4878, 27.2887 ], [ -99.4965, 27.27339 ], [ -99.49566, 27.26905 ], [ -99.49241, 27.26412 ], [ -99.48601, 27.25985 ], [ -99.48039, 27.26014 ], [ -99.46583, 27.26797 ], [ -99.46051, 27.26784 ], [ -99.45239, 27.26405 ], [ -99.44155, 27.24991 ], [ -99.44141, 27.23676 ], [ -99.44523, 27.22548 ], [ -99.44329, 27.21941 ], [ -99.43259, 27.2097 ], [ -99.43316, 27.20455 ], [ -99.42642, 27.17829 ], [ -99.42644, 27.17521 ], [ -99.42953, 27.16013 ], [ -99.43704, 27.15483 ], [ -99.43984, 27.15158 ], [ -99.43851, 27.14518 ], [ -99.43135, 27.13758 ], [ -99.43067, 27.12531 ], [ -99.43337, 27.11922 ], [ -99.44111, 27.11004 ], [ -99.44204, 27.10597 ], [ -99.43843, 27.10129 ], [ -99.43027, 27.09487 ], [ -99.42921, 27.09098 ], [ -99.43447, 27.07852 ], [ -99.44475, 27.072 ], [ -99.45104, 27.06677 ], [ -99.45232, 27.06096 ], [ -99.44995, 27.05307 ], [ -99.44713, 27.0475 ], [ -99.44428, 27.03839 ], [ -99.44384, 27.03325 ], [ -99.44612, 27.02305 ], [ -99.44456, 27.01979 ], [ -99.43555, 27.01216 ], [ -99.43018, 27.01054 ], [ -99.42223, 27.01571 ], [ -99.41548, 27.01724 ], [ -99.40851, 27.00952 ], [ -99.40369, 26.99736 ], [ -99.39218, 26.98749 ], [ -99.38737, 26.9824 ], [ -99.37843, 26.98003 ], [ -99.37731, 26.97382 ], [ -99.3811, 26.97082 ], [ -99.39019, 26.96635 ], [ -99.39295, 26.9638 ], [ -99.39303, 26.95706 ], [ -99.38825, 26.94422 ], [ -99.37915, 26.93449 ], [ -99.36705, 26.92903 ], [ -99.36114, 26.92892 ], [ -99.35165, 26.92514 ], [ -99.3373, 26.92276 ], [ -99.32468, 26.91597 ], [ -99.32182, 26.90685 ], [ -99.32622, 26.8904 ], [ -99.32657, 26.88478 ], [ -99.3289, 26.88022 ], [ -99.31675, 26.86583 ], [ -99.31023, 26.86498 ], [ -99.29515, 26.86544 ], [ -99.28047, 26.85805 ], [ -99.26861, 26.84321 ], [ -99.26221, 26.81567 ], [ -99.24244, 26.78826 ], [ -99.24002, 26.74585 ], [ -99.20891, 26.72476 ], [ -99.20995, 26.69394 ], [ -99.20024, 26.65582 ], [ -99.17806, 26.62055 ], [ -99.16736, 26.55927 ], [ -99.17138, 26.54925 ], [ -99.17123, 26.54196 ], [ -99.16674, 26.53608 ], [ -99.1428, 26.52777 ], [ -99.12838, 26.5255 ], [ -99.11913, 26.51712 ], [ -99.11229, 26.5077 ], [ -99.10485, 26.50038 ], [ -99.09548, 26.48168 ], [ -99.09196, 26.47791 ], [ -99.09198, 26.47238 ], [ -99.09423, 26.46733 ], [ -99.09813, 26.46335 ], [ -99.10036, 26.45875 ], [ -99.09997, 26.45438 ], [ -99.10236, 26.44798 ], [ -99.10238, 26.44273 ], [ -99.10725, 26.4376 ], [ -99.11269, 26.43546 ], [ -99.11355, 26.43253 ], [ -99.11085, 26.42628 ], [ -99.10572, 26.42322 ], [ -99.09957, 26.41725 ], [ -99.09601, 26.41183 ], [ -99.08941, 26.4081 ], [ -99.08513, 26.39878 ], [ -99.08201, 26.39667 ], [ -99.06904, 26.39764 ], [ -99.06211, 26.39739 ], [ -99.05461, 26.40126 ], [ -99.04547, 26.40982 ], [ -99.03706, 26.4136 ], [ -99.03201, 26.41282 ], [ -99.02193, 26.4079 ], [ -99.01565, 26.39952 ], [ -99.01393, 26.39518 ], [ -99.01064, 26.39214 ], [ -99.00313, 26.39339 ], [ -98.9905, 26.39156 ], [ -98.9872, 26.3922 ], [ -98.97915, 26.39992 ], [ -98.97416, 26.40115 ], [ -98.97008, 26.39919 ], [ -98.96189, 26.39837 ], [ -98.9545, 26.39437 ], [ -98.95297, 26.39093 ], [ -98.95377, 26.38327 ], [ -98.95585, 26.37698 ], [ -98.94669, 26.37 ], [ -98.93917, 26.36993 ], [ -98.93616, 26.37153 ], [ -98.93431, 26.37746 ], [ -98.93564, 26.38505 ], [ -98.92928, 26.39336 ], [ -98.92364, 26.3913 ], [ -98.92397, 26.38328 ], [ -98.92219, 26.37908 ], [ -98.91738, 26.37447 ], [ -98.91106, 26.37177 ], [ -98.90168, 26.37123 ], [ -98.89955, 26.36659 ], [ -98.90089, 26.3594 ], [ -98.89865, 26.35505 ], [ -98.89569, 26.35349 ], [ -98.89089, 26.35636 ], [ -98.87849, 26.36069 ], [ -98.87028, 26.36237 ], [ -98.86191, 26.36599 ], [ -98.85608, 26.36578 ], [ -98.85102, 26.36381 ], [ -98.8457, 26.35893 ], [ -98.84156, 26.35894 ], [ -98.83065, 26.36526 ], [ -98.82686, 26.36962 ], [ -98.82045, 26.371 ], [ -98.81507, 26.36648 ], [ -98.80835, 26.36908 ], [ -98.80395, 26.36722 ], [ -98.79821, 26.36017 ], [ -98.79726, 26.35206 ], [ -98.79307, 26.34351 ], [ -98.78831, 26.33834 ], [ -98.78895, 26.33043 ], [ -98.77703, 26.32573 ], [ -98.77132, 26.32508 ], [ -98.76541, 26.32596 ], [ -98.75652, 26.33073 ], [ -98.7496, 26.3302 ], [ -98.74805, 26.32029 ], [ -98.74507, 26.31593 ], [ -98.73993, 26.31446 ], [ -98.73665, 26.31141 ], [ -98.73653, 26.30641 ], [ -98.73847, 26.3037 ], [ -98.74369, 26.30301 ], [ -98.75035, 26.30766 ], [ -98.75521, 26.30704 ], [ -98.75612, 26.30425 ], [ -98.75097, 26.29632 ], [ -98.74401, 26.29425 ], [ -98.74, 26.29494 ], [ -98.73225, 26.29911 ], [ -98.72777, 26.29877 ], [ -98.72199, 26.29505 ], [ -98.71822, 26.28725 ], [ -98.7148, 26.28608 ], [ -98.70935, 26.28919 ], [ -98.70177, 26.28614 ], [ -98.69994, 26.28001 ], [ -98.70568, 26.27742 ], [ -98.71062, 26.27893 ], [ -98.71779, 26.27762 ], [ -98.72018, 26.27451 ], [ -98.71841, 26.27142 ], [ -98.70074, 26.26597 ], [ -98.68504, 26.26462 ], [ -98.67896, 26.26006 ], [ -98.67781, 26.25478 ], [ -98.67936, 26.24921 ], [ -98.67656, 26.24156 ], [ -98.67297, 26.23842 ], [ -98.66463, 26.23535 ], [ -98.65445, 26.23593 ], [ -98.6424, 26.24183 ], [ -98.63349, 26.24327 ], [ -98.63228, 26.25214 ], [ -98.62476, 26.25922 ], [ -98.6222, 26.25948 ], [ -98.61952, 26.25466 ], [ -98.61821, 26.24756 ], [ -98.61419, 26.24886 ], [ -98.61347, 26.25203 ], [ -98.60836, 26.25339 ], [ -98.59915, 26.25761 ], [ -98.58755, 26.25782 ], [ -98.58082, 26.25474 ], [ -98.57996, 26.24943 ], [ -98.58414, 26.24618 ], [ -98.58472, 26.24346 ], [ -98.57985, 26.23478 ], [ -98.57664, 26.23383 ], [ -98.57411, 26.23859 ], [ -98.56739, 26.24162 ], [ -98.56537, 26.2397 ], [ -98.56455, 26.22688 ], [ -98.55918, 26.22627 ], [ -98.556, 26.2321 ], [ -98.54872, 26.23371 ], [ -98.54655, 26.23551 ], [ -98.5476, 26.24113 ], [ -98.55234, 26.24119 ], [ -98.55856, 26.24425 ], [ -98.55458, 26.24738 ], [ -98.54533, 26.24454 ], [ -98.53524, 26.22568 ], [ -98.52984, 26.22794 ], [ -98.52543, 26.23481 ], [ -98.52179, 26.23253 ], [ -98.52596, 26.22866 ], [ -98.52672, 26.22544 ], [ -98.52428, 26.22124 ], [ -98.51655, 26.22671 ], [ -98.51162, 26.22699 ], [ -98.50108, 26.22135 ], [ -98.50711, 26.21167 ], [ -98.50377, 26.2088 ], [ -98.49014, 26.21318 ], [ -98.48431, 26.21171 ], [ -98.48162, 26.20647 ], [ -98.47849, 26.20829 ], [ -98.4825, 26.21351 ], [ -98.48308, 26.21755 ], [ -98.47987, 26.2201 ], [ -98.47178, 26.22019 ], [ -98.46271, 26.2258 ], [ -98.45672, 26.22288 ], [ -98.45446, 26.21706 ], [ -98.45001, 26.22302 ], [ -98.44522, 26.22457 ], [ -98.44025, 26.21944 ], [ -98.4392, 26.21092 ], [ -98.44468, 26.20278 ], [ -98.44228, 26.19891 ], [ -98.43156, 26.19507 ], [ -98.42517, 26.19154 ], [ -98.41812, 26.18465 ], [ -98.40443, 26.18256 ], [ -98.40225, 26.17952 ], [ -98.40275, 26.17326 ], [ -98.39505, 26.16912 ], [ -98.39145, 26.16586 ], [ -98.38669, 26.15787 ], [ -98.38049, 26.15682 ], [ -98.3686, 26.15709 ], [ -98.36503, 26.15916 ], [ -98.3666, 26.16878 ], [ -98.36065, 26.17254 ], [ -98.35807, 26.17011 ], [ -98.35853, 26.16192 ], [ -98.35681, 26.15645 ], [ -98.35311, 26.15139 ], [ -98.34876, 26.15387 ], [ -98.34753, 26.164 ], [ -98.34292, 26.1669 ], [ -98.33684, 26.16643 ], [ -98.33295, 26.16128 ], [ -98.33453, 26.15678 ], [ -98.33751, 26.15408 ], [ -98.33743, 26.14808 ], [ -98.33504, 26.14605 ], [ -98.32844, 26.14483 ], [ -98.32791, 26.14181 ], [ -98.33528, 26.14045 ], [ -98.3352, 26.13762 ], [ -98.32487, 26.1223 ], [ -98.31805, 26.11666 ], [ -98.31369, 26.11618 ], [ -98.30945, 26.113 ], [ -98.30652, 26.10429 ], [ -98.29957, 26.10215 ], [ -98.30298, 26.11005 ], [ -98.29934, 26.11809 ], [ -98.29213, 26.12077 ], [ -98.27715, 26.11634 ], [ -98.27267, 26.11652 ], [ -98.2669, 26.12087 ], [ -98.26586, 26.11733 ], [ -98.25966, 26.11861 ], [ -98.25545, 26.14358 ], [ -98.2496, 26.14279 ], [ -98.24894, 26.14677 ], [ -98.23986, 26.14554 ], [ -98.23693, 26.15543 ], [ -98.23205, 26.16025 ], [ -98.23004, 26.16869 ], [ -98.23431, 26.17842 ], [ -98.23245, 26.18939 ], [ -98.21935, 26.18761 ], [ -98.21337, 26.18884 ], [ -98.2108, 26.19095 ], [ -98.20549, 26.19027 ], [ -98.2067, 26.18345 ], [ -98.16996, 26.17847 ], [ -98.16346, 26.21661 ], [ -98.20024, 26.22167 ], [ -98.19782, 26.23599 ], [ -98.21951, 26.23872 ], [ -98.22076, 26.2316 ], [ -98.22997, 26.23287 ], [ -98.22835, 26.23991 ], [ -98.24764, 26.24127 ], [ -98.2464, 26.24843 ], [ -98.25438, 26.24951 ], [ -98.25559, 26.24232 ], [ -98.26422, 26.24361 ], [ -98.26302, 26.24688 ], [ -98.25989, 26.26496 ], [ -98.26832, 26.26612 ], [ -98.25867, 26.32303 ], [ -98.26441, 26.32384 ], [ -98.25942, 26.35207 ], [ -98.25811, 26.35189 ], [ -98.24847, 26.40556 ], [ -98.24956, 26.40724 ], [ -98.2592, 26.40831 ], [ -98.36612, 26.42398 ], [ -98.3655, 26.42807 ], [ -98.47517, 26.44319 ], [ -98.49194, 26.44536 ], [ -98.48582, 26.45784 ], [ -98.47827, 26.46981 ], [ -98.46328, 26.50034 ], [ -98.4085, 26.60359 ], [ -98.39676, 26.62534 ], [ -98.34784, 26.72702 ], [ -98.32067, 26.78308 ], [ -98.42262, 26.78353 ], [ -98.42232, 26.79948 ], [ -98.42182, 26.85803 ], [ -98.42117, 26.87703 ], [ -98.41909, 27.00033 ], [ -98.41838, 27.02186 ], [ -98.41788, 27.05529 ], [ -98.46654, 27.05471 ], [ -98.46728, 27.14201 ], [ -98.49291, 27.14206 ], [ -98.49294, 27.23501 ], [ -98.49647, 27.23691 ], [ -98.50617, 27.23873 ], [ -98.5098, 27.24375 ], [ -98.5109, 27.25 ], [ -98.51424, 27.2515 ], [ -98.51935, 27.25023 ], [ -98.52228, 27.25409 ], [ -98.52728, 27.253 ], [ -98.53158, 27.2548 ], [ -98.53411, 27.26189 ], [ -98.53665, 27.2652 ], [ -98.50029, 27.26496 ], [ -98.45624, 27.2644 ], [ -98.37529, 27.26374 ], [ -98.36349, 27.26375 ], [ -98.23246, 27.26249 ], [ -98.23282, 27.36422 ], [ -98.23314, 27.48732 ], [ -98.23353, 27.55123 ], [ -98.23379, 27.62368 ], [ -98.23372, 27.70492 ], [ -98.2343, 27.73014 ], [ -98.23454, 27.80484 ], [ -98.23511, 27.93955 ], [ -98.23542, 27.99582 ], [ -98.2355, 28.05797 ], [ -98.08397, 28.05748 ], [ -98.00903, 28.05704 ], [ -97.90862, 28.05668 ], [ -97.88315, 28.0569 ], [ -97.88404, 28.06003 ], [ -97.88931, 28.06066 ], [ -97.8911, 28.06339 ], [ -97.89534, 28.06118 ], [ -97.90122, 28.06784 ], [ -97.90112, 28.07588 ], [ -97.89544, 28.07587 ], [ -97.89911, 28.08156 ], [ -97.90497, 28.08738 ], [ -97.90819, 28.08793 ], [ -97.90756, 28.09729 ], [ -97.90342, 28.09932 ], [ -97.89812, 28.09945 ], [ -97.89927, 28.10435 ], [ -97.89803, 28.11367 ], [ -97.90408, 28.11423 ], [ -97.87362, 28.13615 ], [ -97.83829, 28.16219 ], [ -97.80877, 28.18342 ], [ -97.82984, 28.21916 ], [ -97.84523, 28.24622 ], [ -97.84821, 28.25028 ], [ -97.87528, 28.29713 ], [ -97.9507, 28.42597 ], [ -97.99132, 28.49673 ], [ -98.01651, 28.53921 ], [ -98.08976, 28.66298 ], [ -98.00525, 28.69024 ], [ -98.05731, 28.74384 ], [ -98.09391, 28.78253 ], [ -98.12528, 28.81424 ], [ -98.16821, 28.86128 ], [ -98.18437, 28.87526 ], [ -98.25029, 28.94587 ], [ -98.2548, 28.95035 ], [ -98.27016, 28.96887 ], [ -98.29987, 29.00025 ], [ -98.30328, 29.00419 ], [ -98.37204, 29.07722 ], [ -98.40734, 29.11443 ], [ -98.5003, 29.14633 ], [ -98.58389, 29.17495 ], [ -98.62532, 29.18927 ], [ -98.7467, 29.23072 ], [ -98.80211, 29.24961 ], [ -98.80476, 29.25069 ], [ -98.80476, 29.17615 ], [ -98.80491, 29.09245 ], [ -98.8048, 29.02459 ], [ -98.80366, 28.92254 ], [ -98.8027, 28.83403 ], [ -98.80179, 28.75026 ], [ -98.80188, 28.7451 ], [ -98.80084, 28.64749 ], [ -98.8753, 28.64702 ], [ -98.98686, 28.64606 ], [ -99.00023, 28.64566 ], [ -99.13717, 28.64439 ], [ -99.21368, 28.64389 ], [ -99.37512, 28.64112 ], [ -99.41235, 28.64051 ], [ -99.45949, 28.64091 ], [ -99.49297, 28.6414 ], [ -99.5039, 28.64128 ], [ -99.52676, 28.64257 ], [ -99.56769, 28.64248 ], [ -99.61872, 28.64283 ], [ -99.65527, 28.64355 ], [ -99.6803, 28.64339 ], [ -99.74947, 28.64386 ], [ -99.87533, 28.64393 ], [ -99.91305, 28.64676 ], [ -99.93594, 28.64646 ], [ -99.9997, 28.64743 ], [ -100.00046, 28.64729 ], [ -100.11434, 28.64812 ], [ -100.11427, 28.62969 ], [ -100.11665, 28.63049 ], [ -100.22738, 28.65362 ], [ -100.30486, 28.66967 ], [ -100.3186, 28.67284 ], [ -100.37096, 28.69008 ], [ -100.38444, 28.69317 ], [ -100.38308, 28.69046 ], [ -100.38855, 28.68347 ], [ -100.39267, 28.68045 ], [ -100.40022, 28.67986 ], [ -100.40282, 28.67813 ], [ -100.40388, 28.67075 ], [ -100.40931, 28.6712 ], [ -100.41411, 28.66823 ], [ -100.41815, 28.66942 ], [ -100.42053, 28.66557 ], [ -100.42707, 28.66721 ], [ -100.43639, 28.67134 ], [ -100.43832, 28.66775 ], [ -100.44424, 28.66754 ], [ -100.44797, 28.66397 ], [ -100.46854, 28.68261 ], [ -100.47155, 28.6844 ], [ -100.48682, 28.67153 ], [ -100.49341, 28.67133 ], [ -100.49474, 28.66943 ], [ -100.50189, 28.66763 ] ] ] } },
{ "type": "Feature", "properties": { "region_id": "CD29" }, "geometry": { "type": "Polygon", "coordinates": [ [ [ -95.45126, 29.79501 ], [ -95.44911, 29.80294 ], [ -95.44352, 29.80789 ], [ -95.43045, 29.81262 ], [ -95.39775, 29.81293 ], [ -95.39313, 29.81383 ], [ -95.37915, 29.81398 ], [ -95.37528, 29.81321 ], [ -95.37358, 29.80869 ], [ -95.37188, 29.79813 ], [ -95.361, 29.79658 ], [ -95.36105, 29.79997 ], [ -95.35332, 29.8 ], [ -95.34786, 29.8031 ], [ -95.35208, 29.81974 ], [ -95.33584, 29.81988 ], [ -95.33068, 29.83154 ], [ -95.29464, 29.92079 ], [ -95.28743, 29.94087 ], [ -95.27872, 29.94117 ], [ -95.27168, 29.9401 ], [ -95.25805, 29.93562 ], [ -95.23639, 29.93436 ], [ -95.21485, 29.9348 ], [ -95.20596, 29.93232 ], [ -95.19378, 29.94488 ], [ -95.21444, 29.95609 ], [ -95.21139, 29.95668 ], [ -95.21036, 29.96435 ], [ -95.21235, 29.97488 ], [ -95.21242, 29.99945 ], [ -95.24022, 29.99927 ], [ -95.24516, 29.99574 ], [ -95.24658, 29.98753 ], [ -95.24999, 29.98725 ], [ -95.24841, 29.97914 ], [ -95.24802, 29.96197 ], [ -95.25381, 29.96168 ], [ -95.26677, 29.95577 ], [ -95.27155, 29.95913 ], [ -95.27181, 29.96512 ], [ -95.28161, 29.96479 ], [ -95.2846, 29.96571 ], [ -95.2786, 29.97865 ], [ -95.26984, 30.0013 ], [ -95.28421, 30.00151 ], [ -95.28422, 30.00504 ], [ -95.26824, 30.00502 ], [ -95.25704, 30.03145 ], [ -95.25326, 30.03074 ], [ -95.24985, 30.04352 ], [ -95.26414, 30.03207 ], [ -95.27099, 30.0324 ], [ -95.28303, 30.03061 ], [ -95.29291, 30.02775 ], [ -95.29993, 30.03219 ], [ -95.30435, 30.0298 ], [ -95.3095, 30.03254 ], [ -95.31732, 30.03435 ], [ -95.32208, 30.03309 ], [ -95.32146, 30.03006 ], [ -95.32718, 30.02849 ], [ -95.33633, 30.03013 ], [ -95.33928, 30.02802 ], [ -95.34767, 30.02814 ], [ -95.35763, 30.03577 ], [ -95.36745, 30.03374 ], [ -95.34639, 30.04528 ], [ -95.35477, 30.05686 ], [ -95.35953, 30.06104 ], [ -95.36642, 30.06386 ], [ -95.37484, 30.07072 ], [ -95.37895, 30.06992 ], [ -95.37553, 30.06514 ], [ -95.37679, 30.06335 ], [ -95.3915, 30.05522 ], [ -95.38304, 30.04203 ], [ -95.38451, 30.03822 ], [ -95.38884, 30.03647 ], [ -95.40015, 30.03596 ], [ -95.40633, 30.03093 ], [ -95.40996, 30.036 ], [ -95.41677, 30.03732 ], [ -95.42382, 30.03444 ], [ -95.42672, 30.03588 ], [ -95.43465, 30.03407 ], [ -95.44123, 30.03417 ], [ -95.44397, 30.0368 ], [ -95.46134, 30.03495 ], [ -95.46454, 30.03253 ], [ -95.46762, 30.02642 ], [ -95.47253, 30.02738 ], [ -95.47637, 30.02437 ], [ -95.46379, 30.00703 ], [ -95.51313, 29.97974 ], [ -95.5105, 29.97665 ], [ -95.50648, 29.9669 ], [ -95.51405, 29.96253 ], [ -95.50942, 29.95634 ], [ -95.52045, 29.95023 ], [ -95.52446, 29.94937 ], [ -95.52988, 29.95061 ], [ -95.50928, 29.91468 ], [ -95.49574, 29.91491 ], [ -95.49384, 29.91999 ], [ -95.47999, 29.9113 ], [ -95.48043, 29.89975 ], [ -95.49569, 29.89968 ], [ -95.49442, 29.88919 ], [ -95.50401, 29.88814 ], [ -95.50693, 29.88638 ], [ -95.507, 29.87415 ], [ -95.51608, 29.87606 ], [ -95.52323, 29.87557 ], [ -95.52471, 29.87382 ], [ -95.53725, 29.87388 ], [ -95.53734, 29.87974 ], [ -95.53918, 29.8819 ], [ -95.54872, 29.88407 ], [ -95.54875, 29.87935 ], [ -95.55191, 29.8751 ], [ -95.56208, 29.8704 ], [ -95.56374, 29.86704 ], [ -95.56367, 29.85029 ], [ -95.5488, 29.85015 ], [ -95.54622, 29.84441 ], [ -95.54616, 29.83223 ], [ -95.50932, 29.83271 ], [ -95.50857, 29.82207 ], [ -95.5174, 29.82113 ], [ -95.52628, 29.82194 ], [ -95.52621, 29.81579 ], [ -95.5175, 29.81738 ], [ -95.51407, 29.81485 ], [ -95.51648, 29.8094 ], [ -95.5164, 29.80352 ], [ -95.48653, 29.80283 ], [ -95.46289, 29.80293 ], [ -95.45126, 29.79501 ] ] ] } },
{ "type": "Feature", "properties": { "region_id": "CD30" }, "geometry": { "type": "Polygon", "coordinates": [ [ [ -97.03553, 32.73926 ], [ -97.06709, 32.7352 ], [ -97.08021, 32.73525 ], [ -97.0803, 32.7209 ], [ -97.12333, 32.72121 ], [ -97.12334, 32.70892 ], [ -97.116, 32.70831 ], [ -97.12867, 32.69123 ], [ -97.1341, 32.68138 ], [ -97.13527, 32.67706 ], [ -97.13405, 32.66696 ], [ -97.13489, 32.65128 ], [ -97.13361, 32.6437 ], [ -97.13594, 32.63273 ], [ -97.13603, 32.6255 ], [ -97.14099, 32.61147 ], [ -97.12548, 32.61145 ], [ -97.12032, 32.61388 ], [ -97.11642, 32.60823 ], [ -97.10582, 32.61335 ], [ -97.09374, 32.5966 ], [ -97.09076, 32.59802 ], [ -97.08373, 32.58755 ], [ -97.07852, 32.59019 ], [ -97.08018, 32.58082 ], [ -97.08469, 32.56486 ], [ -97.08742, 32.56214 ], [ -97.08245, 32.55898 ], [ -97.07934, 32.5545 ], [ -97.07791, 32.54915 ], [ -96.95601, 32.54778 ], [ -96.80474, 32.54713 ], [ -96.74377, 32.54665 ], [ -96.64245, 32.54604 ], [ -96.52941, 32.54528 ], [ -96.54144, 32.54589 ], [ -96.55057, 32.55442 ], [ -96.55653, 32.55181 ], [ -96.56156, 32.55557 ], [ -96.5667, 32.56638 ], [ -96.57443, 32.56887 ], [ -96.57567, 32.57086 ], [ -96.5729, 32.57733 ], [ -96.58034, 32.57704 ], [ -96.58812, 32.59727 ], [ -96.58634, 32.60052 ], [ -96.58918, 32.6063 ], [ -96.59516, 32.60637 ], [ -96.60607, 32.61019 ], [ -96.6075, 32.61278 ], [ -96.61719, 32.61224 ], [ -96.6222, 32.61773 ], [ -96.62995, 32.62026 ], [ -96.62795, 32.62537 ], [ -96.62888, 32.62972 ], [ -96.65137, 32.63919 ], [ -96.6545, 32.63657 ], [ -96.66096, 32.6396 ], [ -96.66909, 32.64095 ], [ -96.67743, 32.64766 ], [ -96.6832, 32.64961 ], [ -96.67797, 32.65335 ], [ -96.6712, 32.67032 ], [ -96.67286, 32.67587 ], [ -96.67763, 32.68098 ], [ -96.6785, 32.6945 ], [ -96.683, 32.69801 ], [ -96.6832, 32.71324 ], [ -96.71097, 32.73188 ], [ -96.72414, 32.74381 ], [ -96.73082, 32.74646 ], [ -96.73922, 32.75425 ], [ -96.73277, 32.75808 ], [ -96.72977, 32.76364 ], [ -96.73091, 32.76654 ], [ -96.72817, 32.77696 ], [ -96.72918, 32.79211 ], [ -96.7591, 32.79096 ], [ -96.76369, 32.78926 ], [ -96.77077, 32.78171 ], [ -96.78047, 32.77985 ], [ -96.78568, 32.77626 ], [ -96.79889, 32.77253 ], [ -96.81038, 32.75805 ], [ -96.80988, 32.74986 ], [ -96.81098, 32.74722 ], [ -96.8238, 32.73883 ], [ -96.82461, 32.73285 ], [ -96.83305, 32.73425 ], [ -96.84262, 32.73227 ], [ -96.85255, 32.728 ], [ -96.86105, 32.7234 ], [ -96.8792, 32.71691 ], [ -96.88738, 32.71269 ], [ -96.89834, 32.70864 ], [ -96.9028, 32.70583 ], [ -96.93357, 32.70556 ], [ -96.94994, 32.70583 ], [ -96.95245, 32.70712 ], [ -96.96263, 32.69722 ], [ -96.96311, 32.68863 ], [ -96.96568, 32.68001 ], [ -96.97024, 32.67083 ], [ -96.97818, 32.67155 ], [ -97.01137, 32.67603 ], [ -97.03657, 32.67621 ], [ -97.03553, 32.73926 ] ] ] } },
{ "type": "Feature", "properties": { "region_id": "CD31" }, "geometry": { "type": "Polygon", "coordinates": [ [ [ -97.90013, 30.56891 ], [ -97.89681, 30.56883 ], [ -97.85985, 30.5806 ], [ -97.85783, 30.58197 ], [ -97.83647, 30.58802 ], [ -97.83513, 30.58425 ], [ -97.8261, 30.58385 ], [ -97.81988, 30.58237 ], [ -97.81347, 30.58548 ], [ -97.81126, 30.59386 ], [ -97.80848, 30.58736 ], [ -97.80458, 30.59054 ], [ -97.79708, 30.5879 ], [ -97.78927, 30.58 ], [ -97.78122, 30.57369 ], [ -97.77182, 30.56134 ], [ -97.76876, 30.55615 ], [ -97.76397, 30.55187 ], [ -97.75792, 30.53916 ], [ -97.74776, 30.53789 ], [ -97.73366, 30.53188 ], [ -97.72405, 30.53137 ], [ -97.72203, 30.52596 ], [ -97.71559, 30.52284 ], [ -97.70997, 30.52291 ], [ -97.70511, 30.5205 ], [ -97.70084, 30.51413 ], [ -97.69294, 30.51227 ], [ -97.68657, 30.51297 ], [ -97.69234, 30.53729 ], [ -97.69267, 30.55817 ], [ -97.68042, 30.56164 ], [ -97.67657, 30.55184 ], [ -97.6675, 30.5551 ], [ -97.66355, 30.54571 ], [ -97.65973, 30.54689 ], [ -97.65504, 30.54519 ], [ -97.65304, 30.54896 ], [ -97.64735, 30.55045 ], [ -97.65035, 30.54302 ], [ -97.65202, 30.53543 ], [ -97.65952, 30.53531 ], [ -97.65942, 30.52813 ], [ -97.65239, 30.52822 ], [ -97.65717, 30.51793 ], [ -97.64576, 30.51959 ], [ -97.64568, 30.51519 ], [ -97.64154, 30.51418 ], [ -97.63816, 30.50932 ], [ -97.62973, 30.50886 ], [ -97.62531, 30.50733 ], [ -97.62047, 30.50818 ], [ -97.60579, 30.50745 ], [ -97.60576, 30.50527 ], [ -97.59816, 30.5042 ], [ -97.59817, 30.50837 ], [ -97.59005, 30.50848 ], [ -97.59015, 30.51809 ], [ -97.59812, 30.51801 ], [ -97.60093, 30.51942 ], [ -97.60125, 30.52926 ], [ -97.58856, 30.53147 ], [ -97.58872, 30.53568 ], [ -97.47131, 30.55603 ], [ -97.43603, 30.56787 ], [ -97.42898, 30.56807 ], [ -97.42933, 30.57754 ], [ -97.43142, 30.5824 ], [ -97.4304, 30.58718 ], [ -97.41313, 30.59263 ], [ -97.41174, 30.58821 ], [ -97.40998, 30.57349 ], [ -97.40546, 30.57292 ], [ -97.4061, 30.57876 ], [ -97.37968, 30.58692 ], [ -97.38108, 30.58927 ], [ -97.32799, 30.60627 ], [ -97.32711, 30.60424 ], [ -97.31286, 30.60864 ], [ -97.31268, 30.61358 ], [ -97.30766, 30.61519 ], [ -97.29916, 30.59647 ], [ -97.2526, 30.61011 ], [ -97.22118, 30.61778 ], [ -97.23685, 30.65472 ], [ -97.23645, 30.65486 ], [ -97.26995, 30.73536 ], [ -97.31548, 30.75236 ], [ -97.29674, 30.79889 ], [ -97.2651, 30.87494 ], [ -97.27003, 30.87749 ], [ -97.27203, 30.87098 ], [ -97.27706, 30.86883 ], [ -97.27949, 30.86486 ], [ -97.28406, 30.87215 ], [ -97.28898, 30.87713 ], [ -97.29602, 30.88236 ], [ -97.30649, 30.88061 ], [ -97.30903, 30.88217 ], [ -97.30965, 30.89371 ], [ -97.31523, 30.89302 ], [ -97.32058, 30.89668 ], [ -97.32321, 30.90976 ], [ -97.32572, 30.91314 ], [ -97.31925, 30.91472 ], [ -97.31804, 30.91831 ], [ -97.32676, 30.92693 ], [ -97.32019, 30.92935 ], [ -97.32753, 30.93384 ], [ -97.32224, 30.93642 ], [ -97.32752, 30.94242 ], [ -97.3209, 30.94276 ], [ -97.31235, 30.94752 ], [ -97.31413, 30.9536 ], [ -97.31703, 30.95716 ], [ -97.31823, 30.9636 ], [ -97.31637, 30.96867 ], [ -97.32043, 30.96944 ], [ -97.32222, 30.97338 ], [ -97.31509, 30.99094 ], [ -97.32629, 30.99396 ], [ -97.32578, 31.00461 ], [ -97.32433, 31.01311 ], [ -97.33303, 31.01541 ], [ -97.33581, 31.01947 ], [ -97.33444, 31.02878 ], [ -97.34819, 31.03284 ], [ -97.33994, 31.05379 ], [ -97.3266, 31.05011 ], [ -97.33285, 31.0572 ], [ -97.35292, 31.07331 ], [ -97.35034, 31.08017 ], [ -97.36389, 31.08391 ], [ -97.36228, 31.08857 ], [ -97.35567, 31.08672 ], [ -97.35318, 31.09337 ], [ -97.36474, 31.09752 ], [ -97.36097, 31.09961 ], [ -97.36117, 31.10326 ], [ -97.37936, 31.11541 ], [ -97.37202, 31.13487 ], [ -97.36438, 31.13282 ], [ -97.35441, 31.15954 ], [ -97.36095, 31.16144 ], [ -97.36508, 31.15968 ], [ -97.36933, 31.16096 ], [ -97.36828, 31.1654 ], [ -97.4127, 31.17772 ], [ -97.39119, 31.23396 ], [ -97.37297, 31.27402 ], [ -97.41861, 31.3202 ], [ -97.46172, 31.38213 ], [ -97.46392, 31.38426 ], [ -97.47595, 31.40254 ], [ -97.50017, 31.43693 ], [ -97.52401, 31.47165 ], [ -97.57153, 31.54013 ], [ -97.59379, 31.57238 ], [ -97.60523, 31.58776 ], [ -97.61828, 31.60637 ], [ -97.6309, 31.62516 ], [ -97.68983, 31.71102 ], [ -97.76643, 31.67246 ], [ -97.7882, 31.70387 ], [ -97.84782, 31.79011 ], [ -97.90515, 31.87275 ], [ -97.95233, 31.94086 ], [ -97.96338, 31.95722 ], [ -98.00546, 32.0179 ], [ -98.02553, 32.0078 ], [ -98.04198, 32.00004 ], [ -98.11768, 31.96262 ], [ -98.20839, 31.91751 ], [ -98.15657, 31.84171 ], [ -98.24006, 31.79895 ], [ -98.25029, 31.79384 ], [ -98.3239, 31.75575 ], [ -98.37532, 31.72963 ], [ -98.46374, 31.68399 ], [ -98.4928, 31.72361 ], [ -98.50032, 31.72323 ], [ -98.52126, 31.7202 ], [ -98.5958, 31.71093 ], [ -98.62532, 31.70644 ], [ -98.66844, 31.70051 ], [ -98.76006, 31.6879 ], [ -98.77637, 31.62516 ], [ -98.77995, 31.61073 ], [ -98.85472, 31.56564 ], [ -98.94087, 31.51322 ], [ -98.96337, 31.50027 ], [ -98.97772, 31.49344 ], [ -98.99162, 31.48473 ], [ -98.98743, 31.48208 ], [ -98.98694, 31.47893 ], [ -98.9944, 31.47225 ], [ -98.99452, 31.466 ], [ -98.98539, 31.4618 ], [ -98.97633, 31.45552 ], [ -98.96637, 31.4539 ], [ -98.96432, 31.45226 ], [ -98.96359, 31.44625 ], [ -98.96686, 31.44432 ], [ -98.9676, 31.43789 ], [ -98.96367, 31.43489 ], [ -98.96027, 31.44003 ], [ -98.95299, 31.44731 ], [ -98.95543, 31.45239 ], [ -98.95022, 31.45697 ], [ -98.94426, 31.45861 ], [ -98.93983, 31.45825 ], [ -98.93579, 31.45574 ], [ -98.93554, 31.4465 ], [ -98.93319, 31.43693 ], [ -98.92519, 31.43399 ], [ -98.91699, 31.43584 ], [ -98.91335, 31.43431 ], [ -98.90194, 31.43602 ], [ -98.89524, 31.4337 ], [ -98.88748, 31.43986 ], [ -98.88545, 31.44291 ], [ -98.8725, 31.4443 ], [ -98.86594, 31.44052 ], [ -98.85929, 31.43496 ], [ -98.85254, 31.41878 ], [ -98.85429, 31.41342 ], [ -98.84638, 31.41048 ], [ -98.83205, 31.41008 ], [ -98.82698, 31.4116 ], [ -98.81898, 31.41645 ], [ -98.815, 31.41632 ], [ -98.81456, 31.4122 ], [ -98.81693, 31.40832 ], [ -98.81356, 31.40472 ], [ -98.80499, 31.40694 ], [ -98.7994, 31.4106 ], [ -98.79147, 31.40789 ], [ -98.78746, 31.40792 ], [ -98.77724, 31.41401 ], [ -98.773, 31.41093 ], [ -98.77466, 31.40294 ], [ -98.77446, 31.39574 ], [ -98.77562, 31.38759 ], [ -98.77948, 31.37916 ], [ -98.77649, 31.37728 ], [ -98.77059, 31.37999 ], [ -98.76751, 31.37599 ], [ -98.76162, 31.37595 ], [ -98.75696, 31.38223 ], [ -98.75141, 31.38761 ], [ -98.75538, 31.39593 ], [ -98.75567, 31.40044 ], [ -98.7511, 31.40361 ], [ -98.7454, 31.40392 ], [ -98.74027, 31.4076 ], [ -98.73673, 31.4173 ], [ -98.73715, 31.42063 ], [ -98.74251, 31.42843 ], [ -98.73811, 31.43036 ], [ -98.73014, 31.42946 ], [ -98.72449, 31.42743 ], [ -98.72558, 31.41581 ], [ -98.72885, 31.41187 ], [ -98.72384, 31.40727 ], [ -98.71813, 31.40403 ], [ -98.70643, 31.40756 ], [ -98.69663, 31.40729 ], [ -98.69547, 31.40556 ], [ -98.69589, 31.39426 ], [ -98.69303, 31.38743 ], [ -98.69952, 31.38479 ], [ -98.70381, 31.38091 ], [ -98.7051, 31.36926 ], [ -98.7028, 31.36544 ], [ -98.70464, 31.3576 ], [ -98.71254, 31.35556 ], [ -98.71313, 31.34883 ], [ -98.70637, 31.3468 ], [ -98.7027, 31.33915 ], [ -98.69535, 31.33996 ], [ -98.69045, 31.3439 ], [ -98.68277, 31.34616 ], [ -98.67528, 31.35281 ], [ -98.67017, 31.35511 ], [ -98.66995, 31.36118 ], [ -98.66335, 31.36394 ], [ -98.65456, 31.37002 ], [ -98.65036, 31.36518 ], [ -98.65446, 31.36036 ], [ -98.64865, 31.35966 ], [ -98.63637, 31.35291 ], [ -98.63838, 31.34655 ], [ -98.64186, 31.34597 ], [ -98.64697, 31.34069 ], [ -98.6449, 31.33544 ], [ -98.63972, 31.33187 ], [ -98.64427, 31.32591 ], [ -98.64853, 31.32347 ], [ -98.6491, 31.31758 ], [ -98.64392, 31.31407 ], [ -98.63962, 31.31717 ], [ -98.63188, 31.32563 ], [ -98.62283, 31.32549 ], [ -98.61914, 31.32436 ], [ -98.62495, 31.31764 ], [ -98.63093, 31.31535 ], [ -98.63104, 31.31043 ], [ -98.62389, 31.30937 ], [ -98.60685, 31.31215 ], [ -98.60307, 31.31369 ], [ -98.59576, 31.32077 ], [ -98.59588, 31.32371 ], [ -98.59231, 31.32694 ], [ -98.58727, 31.32546 ], [ -98.58666, 31.31943 ], [ -98.59437, 31.31149 ], [ -98.59628, 31.30583 ], [ -98.59839, 31.29186 ], [ -98.59819, 31.287 ], [ -98.60444, 31.28407 ], [ -98.61382, 31.28159 ], [ -98.62214, 31.28509 ], [ -98.62693, 31.28118 ], [ -98.62837, 31.27425 ], [ -98.62563, 31.2698 ], [ -98.61313, 31.263 ], [ -98.60745, 31.26131 ], [ -98.59789, 31.25389 ], [ -98.59392, 31.25492 ], [ -98.5944, 31.26303 ], [ -98.59279, 31.26607 ], [ -98.58854, 31.26759 ], [ -98.57981, 31.26539 ], [ -98.57514, 31.25415 ], [ -98.56843, 31.24481 ], [ -98.56566, 31.24304 ], [ -98.56296, 31.23578 ], [ -98.56341, 31.22166 ], [ -98.5674, 31.21189 ], [ -98.56965, 31.20327 ], [ -98.56822, 31.19782 ], [ -98.55956, 31.19298 ], [ -98.55243, 31.19228 ], [ -98.54235, 31.19454 ], [ -98.53536, 31.18677 ], [ -98.54469, 31.17865 ], [ -98.54202, 31.1745 ], [ -98.53206, 31.17392 ], [ -98.52796, 31.17234 ], [ -98.52114, 31.16578 ], [ -98.51559, 31.16464 ], [ -98.50595, 31.16733 ], [ -98.50385, 31.16345 ], [ -98.51034, 31.15567 ], [ -98.51527, 31.15446 ], [ -98.52534, 31.15603 ], [ -98.52939, 31.15242 ], [ -98.52696, 31.14039 ], [ -98.5315, 31.13473 ], [ -98.53913, 31.13144 ], [ -98.54574, 31.12994 ], [ -98.54833, 31.12421 ], [ -98.54465, 31.11943 ], [ -98.53801, 31.11353 ], [ -98.53695, 31.11034 ], [ -98.53101, 31.1027 ], [ -98.52947, 31.09477 ], [ -98.5271, 31.09067 ], [ -98.52346, 31.08889 ], [ -98.51829, 31.0927 ], [ -98.51182, 31.10629 ], [ -98.5043, 31.10986 ], [ -98.50111, 31.11695 ], [ -98.49361, 31.1186 ], [ -98.48741, 31.11421 ], [ -98.482, 31.11918 ], [ -98.47933, 31.11807 ], [ -98.47206, 31.10787 ], [ -98.46581, 31.10757 ], [ -98.46055, 31.11162 ], [ -98.4556, 31.1109 ], [ -98.45526, 31.10815 ], [ -98.46146, 31.10117 ], [ -98.46915, 31.09664 ], [ -98.46862, 31.09211 ], [ -98.45866, 31.08933 ], [ -98.45706, 31.0877 ], [ -98.45603, 31.07961 ], [ -98.46273, 31.07596 ], [ -98.47299, 31.07593 ], [ -98.47667, 31.07018 ], [ -98.48393, 31.06727 ], [ -98.48216, 31.05922 ], [ -98.47578, 31.05335 ], [ -98.46449, 31.04758 ], [ -98.45369, 31.04457 ], [ -98.44486, 31.03855 ], [ -98.44044, 31.03108 ], [ -98.43953, 31.02513 ], [ -98.4456, 31.01805 ], [ -98.45695, 31.01316 ], [ -98.45924, 31.00774 ], [ -98.45315, 30.99957 ], [ -98.44618, 30.9929 ], [ -98.44187, 30.98432 ], [ -98.44323, 30.97974 ], [ -98.4529, 30.96873 ], [ -98.4528, 30.9644 ], [ -98.4471, 30.95176 ], [ -98.44198, 30.94965 ], [ -98.42469, 30.94838 ], [ -98.41603, 30.94485 ], [ -98.41451, 30.94211 ], [ -98.41777, 30.92785 ], [ -98.42233, 30.92426 ], [ -98.43512, 30.9271 ], [ -98.4419, 30.92587 ], [ -98.44576, 30.92143 ], [ -98.44917, 30.90703 ], [ -98.44949, 30.88944 ], [ -98.45644, 30.88309 ], [ -98.45738, 30.8789 ], [ -98.45249, 30.87231 ], [ -98.44833, 30.87059 ], [ -98.43778, 30.87057 ], [ -98.43156, 30.86943 ], [ -98.42368, 30.8654 ], [ -98.41935, 30.85912 ], [ -98.41963, 30.85088 ], [ -98.42221, 30.83923 ], [ -98.42159, 30.835 ], [ -98.41247, 30.83511 ], [ -98.40885, 30.83656 ], [ -98.40498, 30.84382 ], [ -98.39365, 30.84296 ], [ -98.38137, 30.8382 ], [ -98.37688, 30.83489 ], [ -98.37759, 30.82951 ], [ -98.3839, 30.82201 ], [ -98.39005, 30.81844 ], [ -98.40089, 30.8189 ], [ -98.40334, 30.81794 ], [ -98.40816, 30.80901 ], [ -98.40896, 30.80162 ], [ -98.41391, 30.79431 ], [ -98.42504, 30.79566 ], [ -98.432, 30.79044 ], [ -98.4321, 30.78631 ], [ -98.42355, 30.77758 ], [ -98.42253, 30.77504 ], [ -98.43021, 30.76096 ], [ -98.42896, 30.75427 ], [ -98.42405, 30.75051 ], [ -98.4145, 30.75196 ], [ -98.4001, 30.75018 ], [ -98.39632, 30.74722 ], [ -98.39141, 30.74603 ], [ -98.37955, 30.74737 ], [ -98.37524, 30.74657 ], [ -98.37191, 30.74048 ], [ -98.38552, 30.73033 ], [ -98.39265, 30.72123 ], [ -98.40415, 30.72108 ], [ -98.40851, 30.71497 ], [ -98.40907, 30.7104 ], [ -98.41396, 30.70439 ], [ -98.41338, 30.70098 ], [ -98.40774, 30.69456 ], [ -98.40218, 30.68079 ], [ -98.40398, 30.6762 ], [ -98.40778, 30.67502 ], [ -98.41343, 30.67591 ], [ -98.4199, 30.67427 ], [ -98.43011, 30.67514 ], [ -98.43899, 30.67329 ], [ -98.44176, 30.66635 ], [ -98.43909, 30.66251 ], [ -98.42951, 30.66181 ], [ -98.42811, 30.65398 ], [ -98.41859, 30.64593 ], [ -98.4171, 30.63871 ], [ -98.41844, 30.63301 ], [ -98.41759, 30.62727 ], [ -98.41055, 30.61376 ], [ -98.40018, 30.59845 ], [ -98.4007, 30.59464 ], [ -98.41183, 30.58818 ], [ -98.41371, 30.58378 ], [ -98.41115, 30.57464 ], [ -98.40817, 30.56967 ], [ -98.4029, 30.56397 ], [ -98.39876, 30.56373 ], [ -98.3863, 30.56883 ], [ -98.37595, 30.57389 ], [ -98.3689, 30.57413 ], [ -98.36429, 30.57159 ], [ -98.35198, 30.55839 ], [ -98.34253, 30.55573 ], [ -98.33824, 30.55565 ], [ -98.33276, 30.55944 ], [ -98.32586, 30.56608 ], [ -98.32225, 30.56696 ], [ -98.31686, 30.56477 ], [ -98.30933, 30.55893 ], [ -98.3004, 30.5547 ], [ -98.28905, 30.55306 ], [ -98.28502, 30.55673 ], [ -98.28021, 30.56411 ], [ -98.27594, 30.56708 ], [ -98.26878, 30.56819 ], [ -98.2608, 30.56486 ], [ -98.25719, 30.55696 ], [ -98.25209, 30.55449 ], [ -98.24406, 30.55588 ], [ -98.24166, 30.56152 ], [ -98.23758, 30.56478 ], [ -98.23148, 30.56201 ], [ -98.2253, 30.56243 ], [ -98.2168, 30.56926 ], [ -98.21191, 30.5698 ], [ -98.19462, 30.56323 ], [ -98.19353, 30.56672 ], [ -98.18872, 30.56452 ], [ -98.18289, 30.57015 ], [ -98.18262, 30.57592 ], [ -98.1788, 30.57764 ], [ -98.17885, 30.58905 ], [ -98.18555, 30.58691 ], [ -98.1581, 30.6283 ], [ -98.12907, 30.61443 ], [ -98.13097, 30.61054 ], [ -98.12802, 30.60671 ], [ -98.1184, 30.61317 ], [ -98.10778, 30.60798 ], [ -98.0992, 30.59864 ], [ -98.09065, 30.60233 ], [ -98.07815, 30.60464 ], [ -98.07655, 30.59987 ], [ -98.07142, 30.60105 ], [ -98.06656, 30.5931 ], [ -98.04989, 30.62416 ], [ -98.04029, 30.6182 ], [ -98.03649, 30.61173 ], [ -98.0297, 30.61472 ], [ -98.01274, 30.61677 ], [ -98.00628, 30.62752 ], [ -98.00195, 30.62142 ], [ -97.99799, 30.61302 ], [ -97.99102, 30.60985 ], [ -97.97787, 30.62211 ], [ -97.96631, 30.62368 ], [ -97.95673, 30.62825 ], [ -97.95188, 30.62519 ], [ -97.93481, 30.61029 ], [ -97.91706, 30.60487 ], [ -97.9219, 30.59096 ], [ -97.92038, 30.58677 ], [ -97.91512, 30.58057 ], [ -97.92699, 30.56765 ], [ -97.92183, 30.56423 ], [ -97.90246, 30.57133 ], [ -97.90013, 30.56891 ] ] ] } },
{ "type": "Feature", "properties": { "region_id": "CD32" }, "geometry": { "type": "Polygon", "coordinates": [ [ [ -95.59454, 32.68703 ], [ -95.59157, 32.68244 ], [ -95.58584, 32.68292 ], [ -95.58411, 32.67666 ], [ -95.58171, 32.67364 ], [ -95.57539, 32.67592 ], [ -95.56896, 32.67254 ], [ -95.56113, 32.66506 ], [ -95.56057, 32.66228 ], [ -95.54956, 32.65908 ], [ -95.54201, 32.65467 ], [ -95.54369, 32.65114 ], [ -95.54171, 32.64678 ], [ -95.53317, 32.64607 ], [ -95.52428, 32.64367 ], [ -95.51736, 32.63545 ], [ -95.5145, 32.63377 ], [ -95.51267, 32.62814 ], [ -95.51601, 32.62417 ], [ -95.51095, 32.62033 ], [ -95.50228, 32.62022 ], [ -95.49402, 32.61867 ], [ -95.49061, 32.61442 ], [ -95.48261, 32.6116 ], [ -95.47819, 32.61186 ], [ -95.47447, 32.6061 ], [ -95.47074, 32.60904 ], [ -95.45952, 32.60899 ], [ -95.45452, 32.606 ], [ -95.44654, 32.60725 ], [ -95.44381, 32.61167 ], [ -95.43794, 32.61019 ], [ -95.43528, 32.60675 ], [ -95.42937, 32.60655 ], [ -95.41971, 32.60911 ], [ -95.41892, 32.60527 ], [ -95.4126, 32.60681 ], [ -95.40871, 32.60457 ], [ -95.4041, 32.60673 ], [ -95.39643, 32.60493 ], [ -95.39679, 32.60205 ], [ -95.38975, 32.59997 ], [ -95.38251, 32.60085 ], [ -95.37492, 32.59753 ], [ -95.37483, 32.60272 ], [ -95.37048, 32.60473 ], [ -95.36412, 32.60333 ], [ -95.36179, 32.60666 ], [ -95.3535, 32.60531 ], [ -95.35038, 32.6075 ], [ -95.34418, 32.60376 ], [ -95.33216, 32.60425 ], [ -95.32664, 32.59968 ], [ -95.32252, 32.59943 ], [ -95.31901, 32.59556 ], [ -95.31316, 32.59345 ], [ -95.30734, 32.59674 ], [ -95.30589, 32.59223 ], [ -95.30024, 32.59033 ], [ -95.29689, 32.58692 ], [ -95.28969, 32.58513 ], [ -95.29031, 32.58084 ], [ -95.28125, 32.58001 ], [ -95.27889, 32.57386 ], [ -95.27593, 32.57252 ], [ -95.26577, 32.57251 ], [ -95.26392, 32.5752 ], [ -95.25418, 32.57561 ], [ -95.25088, 32.57795 ], [ -95.24621, 32.56943 ], [ -95.23795, 32.56054 ], [ -95.22795, 32.56027 ], [ -95.22266, 32.56585 ], [ -95.21874, 32.56323 ], [ -95.21506, 32.56568 ], [ -95.21412, 32.56912 ], [ -95.20848, 32.56863 ], [ -95.20429, 32.57178 ], [ -95.20221, 32.56387 ], [ -95.20671, 32.55995 ], [ -95.20107, 32.55382 ], [ -95.18913, 32.5466 ], [ -95.19011, 32.54289 ], [ -95.18355, 32.54097 ], [ -95.1822, 32.54637 ], [ -95.17826, 32.54997 ], [ -95.17708, 32.55383 ], [ -95.17331, 32.5536 ], [ -95.17182, 32.5487 ], [ -95.16497, 32.54458 ], [ -95.15962, 32.55045 ], [ -95.16237, 32.55393 ], [ -95.15919, 32.56442 ], [ -95.15647, 32.56859 ], [ -95.15192, 32.57079 ], [ -95.14589, 32.56974 ], [ -95.14431, 32.5638 ], [ -95.14069, 32.55968 ], [ -95.14147, 32.55518 ], [ -95.14009, 32.55016 ], [ -95.13543, 32.54801 ], [ -95.12263, 32.54981 ], [ -95.12, 32.54299 ], [ -95.11469, 32.54532 ], [ -95.11271, 32.55092 ], [ -95.10327, 32.55106 ], [ -95.09901, 32.5524 ], [ -95.09875, 32.55552 ], [ -95.09439, 32.55737 ], [ -95.08746, 32.55619 ], [ -95.08442, 32.55298 ], [ -95.07898, 32.55311 ], [ -95.08355, 32.54645 ], [ -95.08387, 32.54254 ], [ -95.07624, 32.53934 ], [ -95.0705, 32.54064 ], [ -95.06593, 32.53769 ], [ -95.05744, 32.54012 ], [ -95.05074, 32.5382 ], [ -95.04494, 32.53816 ], [ -95.04218, 32.53212 ], [ -95.02482, 32.537 ], [ -95.02806, 32.54069 ], [ -95.0266, 32.54582 ], [ -95.02097, 32.54673 ], [ -95.01707, 32.53954 ], [ -95.0154, 32.53316 ], [ -95.01739, 32.52695 ], [ -95.02236, 32.5217 ], [ -95.01747, 32.51839 ], [ -95.00869, 32.51681 ], [ -95.00478, 32.52091 ], [ -94.99854, 32.52191 ], [ -94.99182, 32.52961 ], [ -94.98834, 32.53676 ], [ -94.98193, 32.53762 ], [ -94.9748, 32.53594 ], [ -94.97221, 32.53743 ], [ -94.94615, 32.54718 ], [ -94.90111, 32.56241 ], [ -94.88565, 32.56816 ], [ -94.87294, 32.5721 ], [ -94.85496, 32.57896 ], [ -94.82915, 32.58792 ], [ -94.82022, 32.59065 ], [ -94.7585, 32.65979 ], [ -94.74794, 32.6611 ], [ -94.74614, 32.66754 ], [ -94.73691, 32.66348 ], [ -94.73196, 32.65796 ], [ -94.72792, 32.65542 ], [ -94.71956, 32.65441 ], [ -94.7144, 32.65758 ], [ -94.70456, 32.65749 ], [ -94.70179, 32.65227 ], [ -94.70218, 32.71408 ], [ -94.70214, 32.82052 ], [ -94.67235, 32.83476 ], [ -94.6871, 32.84276 ], [ -94.69898, 32.84506 ], [ -94.70022, 32.85142 ], [ -94.69833, 32.86016 ], [ -94.7023, 32.86264 ], [ -94.70632, 32.86138 ], [ -94.70799, 32.87513 ], [ -94.70588, 32.87918 ], [ -94.70792, 32.88213 ], [ -94.70486, 32.88973 ], [ -94.70704, 32.89478 ], [ -94.71586, 32.89815 ], [ -94.72314, 32.90315 ], [ -94.72507, 32.91045 ], [ -94.72783, 32.91354 ], [ -94.73387, 32.91364 ], [ -94.73884, 32.91832 ], [ -94.74612, 32.91953 ], [ -94.75156, 32.91787 ], [ -94.75592, 32.91841 ], [ -94.76575, 32.92525 ], [ -94.77092, 32.92744 ], [ -94.77125, 32.93214 ], [ -94.77538, 32.93431 ], [ -94.77644, 32.93817 ], [ -94.77314, 32.94079 ], [ -94.77634, 32.94623 ], [ -94.7815, 32.94966 ], [ -94.78723, 32.95533 ], [ -94.78473, 32.95682 ], [ -94.7903, 32.96224 ], [ -94.79753, 32.96272 ], [ -94.80282, 32.96587 ], [ -94.80466, 32.97172 ], [ -94.8091, 32.97163 ], [ -94.81505, 32.97595 ], [ -94.81936, 32.98289 ], [ -94.83077, 32.98798 ], [ -94.84148, 32.99565 ], [ -94.8459, 32.99554 ], [ -94.84935, 32.99933 ], [ -94.85705, 33.0017 ], [ -94.85995, 33.00391 ], [ -94.85897, 33.00818 ], [ -94.8611, 33.01403 ], [ -94.86522, 33.01536 ], [ -94.86994, 33.01382 ], [ -94.87473, 33.01514 ], [ -94.87698, 33.01961 ], [ -94.89058, 33.02532 ], [ -94.88877, 33.029 ], [ -94.89532, 33.03285 ], [ -94.90039, 33.03741 ], [ -94.90191, 33.0416 ], [ -94.91079, 33.04592 ], [ -94.91692, 33.04535 ], [ -94.92147, 33.05073 ], [ -94.92137, 33.05522 ], [ -94.92638, 33.06383 ], [ -94.92773, 33.0703 ], [ -94.93378, 33.0716 ], [ -94.93915, 33.07451 ], [ -94.94958, 33.07367 ], [ -94.95331, 33.07433 ], [ -94.95947, 33.0723 ], [ -94.97715, 33.07406 ], [ -94.97975, 33.07742 ], [ -94.98575, 33.07611 ], [ -94.98736, 33.07348 ], [ -95.00275, 33.07496 ], [ -95.00722, 33.07115 ], [ -95.01141, 33.07578 ], [ -95.02229, 33.07517 ], [ -95.03103, 33.07169 ], [ -95.04292, 33.07024 ], [ -95.04704, 33.06722 ], [ -95.04856, 33.06291 ], [ -95.05442, 33.06161 ], [ -95.0607, 33.05462 ], [ -95.06978, 33.05474 ], [ -95.07915, 33.05137 ], [ -95.07944, 33.04748 ], [ -95.08525, 33.04379 ], [ -95.09033, 33.04282 ], [ -95.09458, 33.03756 ], [ -95.09698, 33.03817 ], [ -95.10304, 33.03296 ], [ -95.11433, 33.03079 ], [ -95.11504, 33.03408 ], [ -95.12522, 33.03536 ], [ -95.12893, 33.03377 ], [ -95.13188, 33.02981 ], [ -95.13735, 33.02909 ], [ -95.14105, 33.02431 ], [ -95.14745, 33.02087 ], [ -95.14737, 33.0187 ], [ -95.15365, 33.01245 ], [ -95.15109, 33.00626 ], [ -95.1561, 33.00076 ], [ -95.15811, 32.99663 ], [ -95.16268, 32.9927 ], [ -95.162, 32.98296 ], [ -95.16504, 32.97532 ], [ -95.17175, 32.97251 ], [ -95.17524, 32.96551 ], [ -95.17369, 32.96191 ], [ -95.25022, 32.96222 ], [ -95.30573, 32.9626 ], [ -95.47711, 32.96162 ], [ -95.56831, 32.96109 ], [ -95.62299, 32.96063 ], [ -95.66539, 32.96043 ], [ -95.66773, 32.97955 ], [ -95.71239, 32.97954 ], [ -95.75024, 32.98023 ], [ -95.78684, 32.97971 ], [ -95.87524, 32.97946 ], [ -95.92355, 32.9798 ], [ -95.93265, 32.98903 ], [ -95.93192, 33.00357 ], [ -95.93574, 33.00693 ], [ -95.94452, 33.00648 ], [ -95.94728, 33.00818 ], [ -95.9598, 33.01085 ], [ -95.96795, 33.01608 ], [ -95.97338, 33.02188 ], [ -95.97753, 33.02268 ], [ -95.99945, 33.01561 ], [ -96.01889, 33.01104 ], [ -96.02028, 33.01577 ], [ -96.03058, 33.02205 ], [ -96.03584, 33.0297 ], [ -96.04423, 33.02993 ], [ -96.0479, 33.03263 ], [ -96.04861, 33.03705 ], [ -96.05605, 33.03771 ], [ -96.06745, 33.03238 ], [ -96.06773, 33.0367 ], [ -96.09363, 33.03721 ], [ -96.0944, 33.03923 ], [ -96.10783, 33.03936 ], [ -96.10845, 33.04147 ], [ -96.12187, 33.04223 ], [ -96.17882, 33.04306 ], [ -96.18761, 33.03372 ], [ -96.1989, 33.02314 ], [ -96.20338, 33.01977 ], [ -96.24808, 32.99406 ], [ -96.26363, 32.98533 ], [ -96.27532, 32.98142 ], [ -96.2972, 32.98102 ], [ -96.30321, 32.98155 ], [ -96.33767, 32.98194 ], [ -96.39698, 32.98221 ], [ -96.41334, 32.98195 ], [ -96.52134, 32.98293 ], [ -96.61337, 32.98431 ], [ -96.6131, 33.0035 ], [ -96.61471, 33.00493 ], [ -96.62935, 33.0042 ], [ -96.63821, 33.00502 ], [ -96.66482, 33.00411 ], [ -96.66484, 32.99727 ], [ -96.67071, 32.99726 ], [ -96.67379, 32.99982 ], [ -96.68221, 33.00277 ], [ -96.708, 33.00423 ], [ -96.7444, 33.00395 ], [ -96.75686, 33.00042 ], [ -96.75646, 32.9863 ], [ -96.84412, 32.98744 ], [ -96.92032, 32.98842 ], [ -96.93988, 32.98882 ], [ -96.93487, 32.98602 ], [ -96.92361, 32.97487 ], [ -96.91539, 32.96073 ], [ -96.90355, 32.94247 ], [ -96.90273, 32.93917 ], [ -96.89057, 32.93908 ], [ -96.89042, 32.94637 ], [ -96.8719, 32.94635 ], [ -96.87072, 32.95338 ], [ -96.85562, 32.95309 ], [ -96.85576, 32.93346 ], [ -96.84757, 32.93338 ], [ -96.84752, 32.93989 ], [ -96.83902, 32.93986 ], [ -96.83897, 32.95427 ], [ -96.82229, 32.95402 ], [ -96.82366, 32.95054 ], [ -96.82223, 32.94191 ], [ -96.82218, 32.93291 ], [ -96.82075, 32.92607 ], [ -96.80588, 32.92595 ], [ -96.80049, 32.92521 ], [ -96.78097, 32.92435 ], [ -96.77735, 32.92142 ], [ -96.77498, 32.90962 ], [ -96.78138, 32.90975 ], [ -96.78643, 32.90736 ], [ -96.78647, 32.90086 ], [ -96.78026, 32.90161 ], [ -96.77962, 32.895 ], [ -96.77104, 32.89861 ], [ -96.76201, 32.89842 ], [ -96.75367, 32.89375 ], [ -96.74073, 32.89312 ], [ -96.73909, 32.89686 ], [ -96.73408, 32.8969 ], [ -96.73132, 32.90132 ], [ -96.71993, 32.8994 ], [ -96.70865, 32.9078 ], [ -96.70412, 32.909 ], [ -96.6756, 32.90916 ], [ -96.62362, 32.90882 ], [ -96.6184, 32.90806 ], [ -96.61534, 32.91019 ], [ -96.60195, 32.9104 ], [ -96.57556, 32.90752 ], [ -96.53842, 32.90778 ], [ -96.53545, 32.90841 ], [ -96.51791, 32.91723 ], [ -96.51857, 32.86663 ], [ -96.51897, 32.81362 ], [ -96.48864, 32.81323 ], [ -96.38509, 32.81418 ], [ -96.37358, 32.81389 ], [ -96.29738, 32.81419 ], [ -96.29732, 32.84172 ], [ -96.2506, 32.84089 ], [ -96.23468, 32.84115 ], [ -96.15699, 32.83996 ], [ -96.07648, 32.83848 ], [ -96.06175, 32.83846 ], [ -95.93443, 32.83722 ], [ -95.92564, 32.82932 ], [ -95.92754, 32.82276 ], [ -95.92482, 32.82231 ], [ -95.91642, 32.81131 ], [ -95.90652, 32.81036 ], [ -95.90674, 32.80686 ], [ -95.89868, 32.80207 ], [ -95.88907, 32.7948 ], [ -95.8819, 32.79127 ], [ -95.87768, 32.79125 ], [ -95.86996, 32.7834 ], [ -95.86548, 32.78099 ], [ -95.86361, 32.77685 ], [ -95.85895, 32.77705 ], [ -95.85268, 32.77454 ], [ -95.85268, 32.77201 ], [ -95.84707, 32.76959 ], [ -95.83611, 32.77181 ], [ -95.83155, 32.77045 ], [ -95.82958, 32.76697 ], [ -95.81736, 32.76819 ], [ -95.81328, 32.76702 ], [ -95.80788, 32.76794 ], [ -95.80162, 32.77413 ], [ -95.79534, 32.77293 ], [ -95.79439, 32.77578 ], [ -95.78692, 32.77336 ], [ -95.78281, 32.77046 ], [ -95.77952, 32.77363 ], [ -95.77316, 32.77065 ], [ -95.7625, 32.7706 ], [ -95.7629, 32.76024 ], [ -95.75765, 32.75542 ], [ -95.75411, 32.75784 ], [ -95.74638, 32.75398 ], [ -95.74516, 32.75549 ], [ -95.73332, 32.75274 ], [ -95.73138, 32.74814 ], [ -95.72336, 32.74814 ], [ -95.72044, 32.74588 ], [ -95.70344, 32.74186 ], [ -95.69968, 32.7381 ], [ -95.69118, 32.73728 ], [ -95.68537, 32.72759 ], [ -95.68059, 32.72835 ], [ -95.67677, 32.72316 ], [ -95.6713, 32.72165 ], [ -95.67341, 32.71844 ], [ -95.66687, 32.71375 ], [ -95.66408, 32.71566 ], [ -95.6598, 32.7114 ], [ -95.65734, 32.71394 ], [ -95.65286, 32.71379 ], [ -95.64812, 32.71926 ], [ -95.64075, 32.71851 ], [ -95.63672, 32.72439 ], [ -95.63462, 32.71692 ], [ -95.6298, 32.71703 ], [ -95.62681, 32.71408 ], [ -95.62748, 32.71001 ], [ -95.6229, 32.70791 ], [ -95.61576, 32.70809 ], [ -95.61526, 32.70597 ], [ -95.60772, 32.70382 ], [ -95.59516, 32.69038 ], [ -95.59454, 32.68703 ] ] ] } },
{ "type": "Feature", "properties": { "region_id": "CD33" }, "geometry": { "type": "Polygon", "coordinates": [ [ [ -96.6222, 32.61773 ], [ -96.61401, 32.62517 ], [ -96.60823, 32.62746 ], [ -96.59602, 32.63752 ], [ -96.59571, 32.63951 ], [ -96.58588, 32.64735 ], [ -96.58214, 32.65236 ], [ -96.59022, 32.65952 ], [ -96.59116, 32.66742 ], [ -96.59797, 32.67092 ], [ -96.59537, 32.67306 ], [ -96.58836, 32.66978 ], [ -96.57594, 32.67994 ], [ -96.56309, 32.68105 ], [ -96.55662, 32.68745 ], [ -96.55552, 32.69188 ], [ -96.56262, 32.69815 ], [ -96.56342, 32.70123 ], [ -96.57301, 32.7014 ], [ -96.5793, 32.7071 ], [ -96.57601, 32.70978 ], [ -96.57533, 32.71402 ], [ -96.58863, 32.72417 ], [ -96.59464, 32.72597 ], [ -96.59916, 32.7297 ], [ -96.59932, 32.73528 ], [ -96.60229, 32.74006 ], [ -96.59876, 32.74399 ], [ -96.60191, 32.74669 ], [ -96.61204, 32.74599 ], [ -96.61285, 32.73547 ], [ -96.62068, 32.7347 ], [ -96.62066, 32.74014 ], [ -96.62258, 32.74258 ], [ -96.62256, 32.74857 ], [ -96.63927, 32.74859 ], [ -96.63927, 32.75573 ], [ -96.64301, 32.75895 ], [ -96.64424, 32.76326 ], [ -96.66366, 32.77999 ], [ -96.67337, 32.78758 ], [ -96.67337, 32.79173 ], [ -96.68353, 32.79236 ], [ -96.6809, 32.7976 ], [ -96.67429, 32.79851 ], [ -96.67361, 32.80688 ], [ -96.66538, 32.80721 ], [ -96.66542, 32.81539 ], [ -96.66226, 32.81554 ], [ -96.66168, 32.82139 ], [ -96.65805, 32.8214 ], [ -96.65886, 32.83453 ], [ -96.65526, 32.83764 ], [ -96.65256, 32.83532 ], [ -96.63967, 32.83965 ], [ -96.63517, 32.84365 ], [ -96.64693, 32.85428 ], [ -96.67096, 32.86903 ], [ -96.68224, 32.87319 ], [ -96.68959, 32.87881 ], [ -96.70055, 32.87886 ], [ -96.70055, 32.86417 ], [ -96.71224, 32.86413 ], [ -96.72483, 32.85827 ], [ -96.72142, 32.8555 ], [ -96.72416, 32.85138 ], [ -96.72434, 32.84692 ], [ -96.71989, 32.8381 ], [ -96.71978, 32.83443 ], [ -96.72218, 32.82383 ], [ -96.72243, 32.81556 ], [ -96.72949, 32.8111 ], [ -96.73605, 32.8147 ], [ -96.74341, 32.81619 ], [ -96.74397, 32.8118 ], [ -96.75156, 32.81271 ], [ -96.7528, 32.81518 ], [ -96.75289, 32.82559 ], [ -96.75804, 32.82557 ], [ -96.76156, 32.82793 ], [ -96.76151, 32.83246 ], [ -96.77016, 32.83136 ], [ -96.77019, 32.81737 ], [ -96.77471, 32.81819 ], [ -96.77473, 32.81158 ], [ -96.78007, 32.80944 ], [ -96.78706, 32.81512 ], [ -96.79217, 32.81404 ], [ -96.80233, 32.81623 ], [ -96.80451, 32.82317 ], [ -96.81203, 32.8232 ], [ -96.81467, 32.81983 ], [ -96.81846, 32.82314 ], [ -96.81733, 32.82659 ], [ -96.82287, 32.83228 ], [ -96.82173, 32.83816 ], [ -96.82131, 32.85117 ], [ -96.84115, 32.85074 ], [ -96.84984, 32.85825 ], [ -96.84885, 32.87061 ], [ -96.84628, 32.87556 ], [ -96.84633, 32.8803 ], [ -96.85627, 32.88043 ], [ -96.85622, 32.8837 ], [ -96.86244, 32.88319 ], [ -96.87036, 32.8873 ], [ -96.87035, 32.89526 ], [ -96.86228, 32.89524 ], [ -96.864, 32.90276 ], [ -96.864, 32.90972 ], [ -96.84336, 32.90963 ], [ -96.84327, 32.91603 ], [ -96.8466, 32.91634 ], [ -96.84813, 32.92147 ], [ -96.85871, 32.91704 ], [ -96.87097, 32.91366 ], [ -96.89117, 32.90902 ], [ -96.89811, 32.90816 ], [ -96.89815, 32.89606 ], [ -96.90126, 32.89571 ], [ -96.92838, 32.89569 ], [ -96.92666, 32.9036 ], [ -96.93151, 32.9069 ], [ -96.93212, 32.91137 ], [ -96.9385, 32.91399 ], [ -96.93811, 32.92315 ], [ -96.9359, 32.92475 ], [ -96.93632, 32.93003 ], [ -96.93994, 32.93186 ], [ -96.93897, 32.93513 ], [ -96.94167, 32.93913 ], [ -96.94253, 32.94616 ], [ -96.95564, 32.95048 ], [ -96.96162, 32.94913 ], [ -96.96626, 32.95271 ], [ -96.96757, 32.94748 ], [ -96.96771, 32.92534 ], [ -96.97407, 32.92261 ], [ -96.97514, 32.91945 ], [ -96.95872, 32.9157 ], [ -96.95892, 32.89595 ], [ -96.96261, 32.89046 ], [ -96.94737, 32.88176 ], [ -96.93107, 32.87373 ], [ -96.93104, 32.8706 ], [ -96.92244, 32.86071 ], [ -96.9243, 32.85838 ], [ -96.9153, 32.85595 ], [ -96.90848, 32.85609 ], [ -96.89825, 32.85043 ], [ -96.89536, 32.85092 ], [ -96.88967, 32.84412 ], [ -96.88997, 32.83123 ], [ -96.90525, 32.81687 ], [ -96.90616, 32.80965 ], [ -96.90154, 32.80067 ], [ -96.90806, 32.79643 ], [ -96.91117, 32.78811 ], [ -96.91424, 32.78436 ], [ -96.91915, 32.78564 ], [ -96.92608, 32.78208 ], [ -96.92614, 32.76846 ], [ -96.92755, 32.76536 ], [ -96.95162, 32.76206 ], [ -96.96237, 32.76211 ], [ -96.97234, 32.75985 ], [ -96.9901, 32.75871 ], [ -97.00685, 32.75961 ], [ -97.03517, 32.75969 ], [ -97.03553, 32.73926 ], [ -97.03657, 32.67621 ], [ -97.01137, 32.67603 ], [ -96.97818, 32.67155 ], [ -96.97024, 32.67083 ], [ -96.96568, 32.68001 ], [ -96.96311, 32.68863 ], [ -96.96263, 32.69722 ], [ -96.95245, 32.70712 ], [ -96.94994, 32.70583 ], [ -96.93357, 32.70556 ], [ -96.9028, 32.70583 ], [ -96.89834, 32.70864 ], [ -96.88738, 32.71269 ], [ -96.8792, 32.71691 ], [ -96.86105, 32.7234 ], [ -96.85255, 32.728 ], [ -96.84262, 32.73227 ], [ -96.83305, 32.73425 ], [ -96.82461, 32.73285 ], [ -96.8238, 32.73883 ], [ -96.81098, 32.74722 ], [ -96.80988, 32.74986 ], [ -96.81038, 32.75805 ], [ -96.79889, 32.77253 ], [ -96.78568, 32.77626 ], [ -96.78047, 32.77985 ], [ -96.77077, 32.78171 ], [ -96.76369, 32.78926 ], [ -96.7591, 32.79096 ], [ -96.72918, 32.79211 ], [ -96.72817, 32.77696 ], [ -96.73091, 32.76654 ], [ -96.72977, 32.76364 ], [ -96.73277, 32.75808 ], [ -96.73922, 32.75425 ], [ -96.73082, 32.74646 ], [ -96.72414, 32.74381 ], [ -96.71097, 32.73188 ], [ -96.6832, 32.71324 ], [ -96.683, 32.69801 ], [ -96.6785, 32.6945 ], [ -96.67763, 32.68098 ], [ -96.67286, 32.67587 ], [ -96.6712, 32.67032 ], [ -96.67797, 32.65335 ], [ -96.6832, 32.64961 ], [ -96.67743, 32.64766 ], [ -96.66909, 32.64095 ], [ -96.66096, 32.6396 ], [ -96.6545, 32.63657 ], [ -96.65137, 32.63919 ], [ -96.62888, 32.62972 ], [ -96.62795, 32.62537 ], [ -96.62995, 32.62026 ], [ -96.6222, 32.61773 ] ] ] } },
{ "type": "Feature", "properties": { "region_id": "CD34" }, "geometry": { "type": "Polygon", "coordinates": [ [ [ -97.86182, 26.06992 ], [ -97.85933, 26.06696 ], [ -97.86229, 26.06042 ], [ -97.86139, 26.05418 ], [ -97.84959, 26.05211 ], [ -97.84232, 26.05358 ], [ -97.8374, 26.05241 ], [ -97.83466, 26.04601 ], [ -97.82932, 26.04981 ], [ -97.82533, 26.05616 ], [ -97.81882, 26.05651 ], [ -97.81489, 26.05341 ], [ -97.81646, 26.04564 ], [ -97.81339, 26.0442 ], [ -97.81169, 26.05435 ], [ -97.80426, 26.05965 ], [ -97.80033, 26.05937 ], [ -97.79843, 26.05269 ], [ -97.79339, 26.05324 ], [ -97.7899, 26.05117 ], [ -97.79046, 26.0472 ], [ -97.79441, 26.04745 ], [ -97.79755, 26.04302 ], [ -97.79726, 26.03944 ], [ -97.79025, 26.03336 ], [ -97.78369, 26.03417 ], [ -97.77914, 26.02993 ], [ -97.76947, 26.03644 ], [ -97.77635, 26.04051 ], [ -97.77613, 26.04504 ], [ -97.76806, 26.04732 ], [ -97.76262, 26.04062 ], [ -97.76414, 26.02899 ], [ -97.75852, 26.02656 ], [ -97.75406, 26.03083 ], [ -97.74972, 26.03112 ], [ -97.74742, 26.02629 ], [ -97.7424, 26.02981 ], [ -97.73627, 26.02815 ], [ -97.73823, 26.02288 ], [ -97.73619, 26.0215 ], [ -97.7308, 26.02341 ], [ -97.72647, 26.02266 ], [ -97.7277, 26.02799 ], [ -97.7326, 26.02731 ], [ -97.73542, 26.03134 ], [ -97.71976, 26.03104 ], [ -97.71827, 26.02904 ], [ -97.72111, 26.02332 ], [ -97.70951, 26.02636 ], [ -97.7093, 26.03472 ], [ -97.70542, 26.03686 ], [ -97.70285, 26.0316 ], [ -97.69729, 26.03095 ], [ -97.69707, 26.02346 ], [ -97.6931, 26.01925 ], [ -97.69038, 26.02283 ], [ -97.69411, 26.02914 ], [ -97.68528, 26.02662 ], [ -97.67576, 26.02582 ], [ -97.67344, 26.02816 ], [ -97.67521, 26.03241 ], [ -97.67157, 26.0341 ], [ -97.66742, 26.02907 ], [ -97.667, 26.01888 ], [ -97.65975, 26.02019 ], [ -97.65277, 26.0163 ], [ -97.64964, 26.0245 ], [ -97.64522, 26.02776 ], [ -97.64058, 26.02452 ], [ -97.63733, 26.02017 ], [ -97.63712, 26.01499 ], [ -97.63973, 26.01221 ], [ -97.64818, 26.01267 ], [ -97.64561, 26.00684 ], [ -97.64071, 26.00472 ], [ -97.63466, 25.99994 ], [ -97.62998, 26.00549 ], [ -97.6264, 26.00284 ], [ -97.6277, 25.99683 ], [ -97.62382, 25.99708 ], [ -97.61998, 26.00247 ], [ -97.61747, 26.00036 ], [ -97.61897, 25.99411 ], [ -97.62302, 25.99161 ], [ -97.62611, 25.99523 ], [ -97.63238, 25.99569 ], [ -97.63444, 25.99027 ], [ -97.62986, 25.98805 ], [ -97.62289, 25.98952 ], [ -97.6159, 25.97867 ], [ -97.60999, 25.97758 ], [ -97.60777, 25.97275 ], [ -97.61037, 25.96584 ], [ -97.60448, 25.96105 ], [ -97.60259, 25.95773 ], [ -97.59906, 25.95679 ], [ -97.59568, 25.96059 ], [ -97.59176, 25.96186 ], [ -97.58175, 25.9616 ], [ -97.58292, 25.95446 ], [ -97.58005, 25.9445 ], [ -97.57824, 25.94205 ], [ -97.57392, 25.94443 ], [ -97.573, 25.94865 ], [ -97.57467, 25.95278 ], [ -97.56934, 25.95315 ], [ -97.56606, 25.94819 ], [ -97.56611, 25.94541 ], [ -97.58091, 25.93937 ], [ -97.584, 25.93555 ], [ -97.58003, 25.93277 ], [ -97.57545, 25.93498 ], [ -97.56768, 25.93393 ], [ -97.56585, 25.93168 ], [ -97.56756, 25.92725 ], [ -97.55978, 25.92615 ], [ -97.55932, 25.93153 ], [ -97.55522, 25.93729 ], [ -97.54667, 25.93455 ], [ -97.5451, 25.924 ], [ -97.54296, 25.92003 ], [ -97.53973, 25.91919 ], [ -97.53098, 25.92036 ], [ -97.53014, 25.91676 ], [ -97.53376, 25.91192 ], [ -97.53348, 25.90838 ], [ -97.52856, 25.90661 ], [ -97.52734, 25.90261 ], [ -97.52386, 25.89903 ], [ -97.52345, 25.89096 ], [ -97.52081, 25.886 ], [ -97.51116, 25.88743 ], [ -97.50605, 25.89069 ], [ -97.49889, 25.89872 ], [ -97.49643, 25.8958 ], [ -97.49748, 25.88823 ], [ -97.49735, 25.88009 ], [ -97.49281, 25.88081 ], [ -97.48847, 25.88538 ], [ -97.48486, 25.8787 ], [ -97.47709, 25.88309 ], [ -97.47082, 25.88835 ], [ -97.46777, 25.88664 ], [ -97.46942, 25.8827 ], [ -97.47467, 25.87968 ], [ -97.4741, 25.87653 ], [ -97.46951, 25.87554 ], [ -97.46534, 25.88088 ], [ -97.45721, 25.88413 ], [ -97.45469, 25.88042 ], [ -97.45713, 25.86947 ], [ -97.45298, 25.86769 ], [ -97.44804, 25.87204 ], [ -97.44465, 25.86744 ], [ -97.44768, 25.86323 ], [ -97.44841, 25.85927 ], [ -97.45366, 25.85649 ], [ -97.44412, 25.85475 ], [ -97.44585, 25.85137 ], [ -97.44403, 25.84861 ], [ -97.4363, 25.84988 ], [ -97.42679, 25.8413 ], [ -97.42332, 25.8403 ], [ -97.4135, 25.84085 ], [ -97.41458, 25.84773 ], [ -97.41342, 25.85822 ], [ -97.41095, 25.86166 ], [ -97.40821, 25.85435 ], [ -97.41056, 25.84996 ], [ -97.40563, 25.84551 ], [ -97.40359, 25.85101 ], [ -97.39874, 25.85049 ], [ -97.40081, 25.84596 ], [ -97.39965, 25.83921 ], [ -97.39412, 25.83719 ], [ -97.39007, 25.83893 ], [ -97.3862, 25.84355 ], [ -97.38066, 25.83961 ], [ -97.37319, 25.83996 ], [ -97.37195, 25.84778 ], [ -97.36539, 25.85298 ], [ -97.36859, 25.85418 ], [ -97.37556, 25.854 ], [ -97.37577, 25.85644 ], [ -97.36855, 25.8591 ], [ -97.36325, 25.8676 ], [ -97.35919, 25.87243 ], [ -97.35875, 25.87881 ], [ -97.36435, 25.87792 ], [ -97.374, 25.87871 ], [ -97.37212, 25.88211 ], [ -97.36352, 25.88589 ], [ -97.3574, 25.88683 ], [ -97.35805, 25.88946 ], [ -97.36595, 25.89052 ], [ -97.36727, 25.89368 ], [ -97.36568, 25.90106 ], [ -97.36697, 25.90303 ], [ -97.37417, 25.90592 ], [ -97.36764, 25.91568 ], [ -97.3615, 25.91587 ], [ -97.35544, 25.91943 ], [ -97.35039, 25.92524 ], [ -97.34891, 25.93081 ], [ -97.34423, 25.92938 ], [ -97.33644, 25.92896 ], [ -97.33844, 25.92162 ], [ -97.33124, 25.91856 ], [ -97.326, 25.91769 ], [ -97.32395, 25.92595 ], [ -97.32057, 25.9298 ], [ -97.31396, 25.93107 ], [ -97.30974, 25.9264 ], [ -97.30451, 25.92884 ], [ -97.30459, 25.93516 ], [ -97.29988, 25.93702 ], [ -97.29815, 25.93387 ], [ -97.29179, 25.9363 ], [ -97.28005, 25.93507 ], [ -97.27639, 25.93607 ], [ -97.27748, 25.9399 ], [ -97.28104, 25.94346 ], [ -97.2782, 25.94684 ], [ -97.28474, 25.94949 ], [ -97.28924, 25.95544 ], [ -97.28301, 25.95927 ], [ -97.2767, 25.95215 ], [ -97.26086, 25.95093 ], [ -97.25359, 25.94837 ], [ -97.24701, 25.94823 ], [ -97.24357, 25.95279 ], [ -97.23987, 25.95497 ], [ -97.22535, 25.95909 ], [ -97.22092, 25.95727 ], [ -97.20996, 25.96346 ], [ -97.20656, 25.96323 ], [ -97.20606, 25.95865 ], [ -97.19789, 25.95793 ], [ -97.19032, 25.95386 ], [ -97.18708, 25.95848 ], [ -97.17967, 25.96075 ], [ -97.17709, 25.96535 ], [ -97.16695, 25.96022 ], [ -97.15946, 25.96239 ], [ -97.15819, 25.96036 ], [ -97.16046, 25.95098 ], [ -97.15661, 25.94902 ], [ -97.14779, 25.95314 ], [ -97.1461, 25.95666 ], [ -97.14701, 25.97052 ], [ -97.14584, 25.97112 ], [ -97.12525, 25.97259 ], [ -97.09112, 25.97384 ], [ -97.09786, 26.03862 ], [ -97.09414, 26.04304 ], [ -97.09129, 26.0516 ], [ -97.08934, 26.06611 ], [ -97.08999, 26.07534 ], [ -97.09422, 26.08838 ], [ -97.10025, 26.09766 ], [ -97.1083, 26.10451 ], [ -97.10904, 26.12535 ], [ -97.11015, 26.14058 ], [ -97.11259, 26.15796 ], [ -97.11728, 26.19796 ], [ -97.12126, 26.22555 ], [ -97.12525, 26.24828 ], [ -97.12612, 26.25035 ], [ -97.1565, 26.37535 ], [ -97.16737, 26.41311 ], [ -97.18457, 26.47585 ], [ -97.19685, 26.51284 ], [ -97.20181, 26.52906 ], [ -97.21255, 26.56165 ], [ -97.21406, 26.57677 ], [ -97.21734, 26.58467 ], [ -97.22443, 26.59769 ], [ -97.22594, 26.60175 ], [ -97.24356, 26.64239 ], [ -97.25171, 26.66187 ], [ -97.28272, 26.76342 ], [ -97.29237, 26.80326 ], [ -97.29663, 26.81865 ], [ -97.30042, 26.83461 ], [ -97.30253, 26.84856 ], [ -97.31084, 26.89768 ], [ -97.31388, 26.91313 ], [ -97.31595, 26.92929 ], [ -97.32073, 26.98448 ], [ -97.32115, 27.00033 ], [ -97.32322, 27.01026 ], [ -97.3227, 27.03603 ], [ -97.32315, 27.05115 ], [ -97.32185, 27.07931 ], [ -97.31982, 27.11002 ], [ -97.31554, 27.14815 ], [ -97.31356, 27.16969 ], [ -97.30947, 27.19084 ], [ -97.30936, 27.19611 ], [ -97.30467, 27.21693 ], [ -97.29657, 27.25032 ], [ -97.28834, 27.27758 ], [ -97.25673, 27.37532 ], [ -97.25026, 27.39231 ], [ -97.19982, 27.50032 ], [ -97.16738, 27.56282 ], [ -97.1651, 27.5683 ], [ -97.22226, 27.57636 ], [ -97.21301, 27.5958 ], [ -97.19963, 27.62136 ], [ -97.20817, 27.62523 ], [ -97.21248, 27.62014 ], [ -97.21499, 27.61981 ], [ -97.21641, 27.62672 ], [ -97.22032, 27.63248 ], [ -97.22889, 27.63116 ], [ -97.24051, 27.63529 ], [ -97.23861, 27.64306 ], [ -97.22799, 27.67519 ], [ -97.22597, 27.68721 ], [ -97.237, 27.68684 ], [ -97.24384, 27.68916 ], [ -97.24499, 27.69309 ], [ -97.25386, 27.69674 ], [ -97.28049, 27.70445 ], [ -97.28996, 27.70519 ], [ -97.30692, 27.70951 ], [ -97.34125, 27.7229 ], [ -97.34946, 27.7286 ], [ -97.35406, 27.73024 ], [ -97.36167, 27.73505 ], [ -97.36984, 27.7425 ], [ -97.37545, 27.75017 ], [ -97.37747, 27.76069 ], [ -97.38835, 27.7709 ], [ -97.38835, 27.77319 ], [ -97.39486, 27.78076 ], [ -97.40168, 27.78034 ], [ -97.40693, 27.77845 ], [ -97.40416, 27.77437 ], [ -97.40841, 27.77212 ], [ -97.40651, 27.76945 ], [ -97.41182, 27.76077 ], [ -97.40824, 27.75904 ], [ -97.4146, 27.74952 ], [ -97.40526, 27.74104 ], [ -97.41298, 27.72851 ], [ -97.43766, 27.74047 ], [ -97.44988, 27.74681 ], [ -97.46006, 27.75599 ], [ -97.45125, 27.76179 ], [ -97.44677, 27.76057 ], [ -97.43616, 27.76063 ], [ -97.43176, 27.75854 ], [ -97.42894, 27.76319 ], [ -97.43357, 27.76521 ], [ -97.43382, 27.7747 ], [ -97.43794, 27.77505 ], [ -97.4371, 27.78622 ], [ -97.44477, 27.78597 ], [ -97.44334, 27.79007 ], [ -97.44629, 27.79199 ], [ -97.44317, 27.7971 ], [ -97.43744, 27.80317 ], [ -97.43222, 27.80606 ], [ -97.42469, 27.80194 ], [ -97.42073, 27.80618 ], [ -97.42029, 27.81609 ], [ -97.42714, 27.82212 ], [ -97.43673, 27.82582 ], [ -97.44664, 27.82587 ], [ -97.45304, 27.82393 ], [ -97.46365, 27.82296 ], [ -97.47638, 27.8249 ], [ -97.48323, 27.829 ], [ -97.48881, 27.83445 ], [ -97.49141, 27.84056 ], [ -97.49503, 27.8441 ], [ -97.50282, 27.84616 ], [ -97.50688, 27.84302 ], [ -97.51475, 27.84673 ], [ -97.5256, 27.8468 ], [ -97.53531, 27.84768 ], [ -97.53957, 27.8519 ], [ -97.54262, 27.85831 ], [ -97.55509, 27.86072 ], [ -97.56573, 27.85958 ], [ -97.57313, 27.86099 ], [ -97.57845, 27.85997 ], [ -97.5828, 27.85719 ], [ -97.58947, 27.8561 ], [ -97.59377, 27.8588 ], [ -97.59838, 27.8663 ], [ -97.60708, 27.86989 ], [ -97.61039, 27.87599 ], [ -97.60919, 27.8844 ], [ -97.60959, 27.89038 ], [ -97.6144, 27.89299 ], [ -97.62108, 27.8922 ], [ -97.62697, 27.8954 ], [ -97.63211, 27.89339 ], [ -97.62776, 27.88721 ], [ -97.62603, 27.8814 ], [ -97.62706, 27.87571 ], [ -97.63077, 27.8702 ], [ -97.63817, 27.86559 ], [ -97.64085, 27.87073 ], [ -97.64523, 27.87275 ], [ -97.65302, 27.8723 ], [ -97.66474, 27.87628 ], [ -97.67528, 27.88254 ], [ -97.6715, 27.89303 ], [ -97.67599, 27.89518 ], [ -97.68165, 27.90158 ], [ -97.69164, 27.90476 ], [ -97.68744, 27.91066 ], [ -97.69107, 27.91735 ], [ -97.69992, 27.91735 ], [ -97.70298, 27.92111 ], [ -97.70821, 27.92258 ], [ -97.71668, 27.91767 ], [ -97.71503, 27.91333 ], [ -97.71752, 27.91178 ], [ -97.72394, 27.9163 ], [ -97.73127, 27.9163 ], [ -97.72923, 27.92215 ], [ -97.73311, 27.92534 ], [ -97.73874, 27.92559 ], [ -97.74402, 27.92756 ], [ -97.74765, 27.93194 ], [ -97.75607, 27.92864 ], [ -97.75791, 27.92347 ], [ -97.7628, 27.9234 ], [ -97.76685, 27.92818 ], [ -97.76197, 27.93285 ], [ -97.7643, 27.93813 ], [ -97.76891, 27.93599 ], [ -97.7756, 27.93773 ], [ -97.77682, 27.94234 ], [ -97.78277, 27.94717 ], [ -97.78594, 27.94481 ], [ -97.79268, 27.94377 ], [ -97.79576, 27.94193 ], [ -97.79697, 27.93548 ], [ -97.80213, 27.93383 ], [ -97.8058, 27.9358 ], [ -97.80767, 27.93959 ], [ -97.80617, 27.94508 ], [ -97.80867, 27.94587 ], [ -97.8102, 27.9512 ], [ -97.80984, 27.95776 ], [ -97.81201, 27.96439 ], [ -97.81739, 27.96924 ], [ -97.81586, 27.97354 ], [ -97.80654, 27.97414 ], [ -97.80597, 27.97887 ], [ -97.8028, 27.97939 ], [ -97.79862, 27.98944 ], [ -97.79863, 27.99557 ], [ -97.82331, 27.97529 ], [ -97.898, 27.91425 ], [ -97.90246, 27.91128 ], [ -97.93427, 27.8852 ], [ -97.93389, 27.8395 ], [ -97.93366, 27.77644 ], [ -97.93875, 27.68839 ], [ -97.93954, 27.67959 ], [ -97.94215, 27.63593 ], [ -98.00143, 27.63571 ], [ -98.0598, 27.63587 ], [ -98.05921, 27.49601 ], [ -98.05863, 27.36567 ], [ -98.05808, 27.26098 ], [ -98.00995, 27.2605 ], [ -97.98608, 27.26049 ], [ -97.98585, 27.25032 ], [ -97.98586, 27.13916 ], [ -97.9857, 27.07033 ], [ -97.98573, 27.00033 ], [ -97.98572, 26.92106 ], [ -97.98549, 26.84295 ], [ -97.98554, 26.75034 ], [ -97.98539, 26.74414 ], [ -97.9854, 26.62527 ], [ -97.9853, 26.61581 ], [ -97.95741, 26.61177 ], [ -97.96442, 26.56875 ], [ -97.96809, 26.56892 ], [ -97.96884, 26.55136 ], [ -97.96391, 26.5335 ], [ -97.98437, 26.53658 ], [ -97.99229, 26.49131 ], [ -97.99651, 26.49191 ], [ -98.00419, 26.44878 ], [ -97.9083, 26.43491 ], [ -97.90851, 26.43325 ], [ -97.86192, 26.43358 ], [ -97.86182, 26.38601 ], [ -97.86207, 26.32762 ], [ -97.86188, 26.30714 ], [ -97.86193, 26.17948 ], [ -97.86182, 26.06992 ] ] ] } },
{ "type": "Feature", "properties": { "region_id": "CD35" }, "geometry": { "type": "Polygon", "coordinates": [ [ [ -98.00525, 28.69024 ], [ -97.94672, 28.70948 ], [ -97.91814, 28.71916 ], [ -97.91511, 28.71965 ], [ -97.90711, 28.7133 ], [ -97.9022, 28.71301 ], [ -97.89666, 28.70465 ], [ -97.89356, 28.70503 ], [ -97.88908, 28.69991 ], [ -97.87901, 28.69558 ], [ -97.87939, 28.69372 ], [ -97.87067, 28.68952 ], [ -97.86579, 28.68884 ], [ -97.85837, 28.68434 ], [ -97.85475, 28.68531 ], [ -97.84606, 28.68305 ], [ -97.84082, 28.68051 ], [ -97.83542, 28.68015 ], [ -97.82624, 28.67493 ], [ -97.82531, 28.67034 ], [ -97.79523, 28.6734 ], [ -97.79189, 28.67695 ], [ -97.788, 28.67583 ], [ -97.78424, 28.67059 ], [ -97.77853, 28.66803 ], [ -97.70691, 28.7193 ], [ -97.66029, 28.75231 ], [ -97.57464, 28.8133 ], [ -97.62016, 28.86244 ], [ -97.63519, 28.87838 ], [ -97.69543, 28.94311 ], [ -97.75511, 29.00711 ], [ -97.74559, 29.01355 ], [ -97.67549, 29.06521 ], [ -97.66131, 29.07529 ], [ -97.63021, 29.09836 ], [ -97.62496, 29.1008 ], [ -97.61313, 29.10977 ], [ -97.65916, 29.15442 ], [ -97.75026, 29.2429 ], [ -97.7577, 29.25023 ], [ -97.79334, 29.2873 ], [ -97.85878, 29.35289 ], [ -97.78624, 29.44683 ], [ -97.75386, 29.48858 ], [ -97.74659, 29.50034 ], [ -97.7177, 29.53811 ], [ -97.66984, 29.60127 ], [ -97.63318, 29.64986 ], [ -97.63553, 29.65405 ], [ -97.64049, 29.65188 ], [ -97.64305, 29.65462 ], [ -97.64771, 29.65419 ], [ -97.65356, 29.65618 ], [ -97.65223, 29.66182 ], [ -97.65325, 29.6678 ], [ -97.65891, 29.66363 ], [ -97.66337, 29.66698 ], [ -97.67086, 29.66706 ], [ -97.67347, 29.6632 ], [ -97.6805, 29.66362 ], [ -97.68519, 29.66745 ], [ -97.6883, 29.67259 ], [ -97.69215, 29.67332 ], [ -97.69836, 29.66909 ], [ -97.70342, 29.67048 ], [ -97.70532, 29.67589 ], [ -97.70456, 29.68261 ], [ -97.70845, 29.68373 ], [ -97.7117, 29.6815 ], [ -97.72185, 29.68209 ], [ -97.7221, 29.68552 ], [ -97.73572, 29.6912 ], [ -97.73799, 29.69625 ], [ -97.74335, 29.69884 ], [ -97.737, 29.70195 ], [ -97.73594, 29.70563 ], [ -97.73837, 29.71291 ], [ -97.74609, 29.7113 ], [ -97.74998, 29.71463 ], [ -97.75655, 29.71782 ], [ -97.76279, 29.71285 ], [ -97.76833, 29.72027 ], [ -97.76019, 29.72372 ], [ -97.76374, 29.7279 ], [ -97.77096, 29.7323 ], [ -97.76888, 29.74179 ], [ -97.77436, 29.74216 ], [ -97.77946, 29.74821 ], [ -97.78124, 29.75271 ], [ -97.78162, 29.75972 ], [ -97.78638, 29.76096 ], [ -97.79268, 29.75939 ], [ -97.79292, 29.75419 ], [ -97.79968, 29.7523 ], [ -97.80398, 29.75491 ], [ -97.80087, 29.75917 ], [ -97.80028, 29.76621 ], [ -97.8049, 29.76724 ], [ -97.81092, 29.77388 ], [ -97.80646, 29.77534 ], [ -97.80821, 29.77964 ], [ -97.8148, 29.78019 ], [ -97.81458, 29.78513 ], [ -97.81957, 29.78943 ], [ -97.8251, 29.78101 ], [ -97.83237, 29.7845 ], [ -97.82948, 29.79349 ], [ -97.83439, 29.79465 ], [ -97.84235, 29.79922 ], [ -97.84241, 29.8083 ], [ -97.8464, 29.80893 ], [ -97.84075, 29.81576 ], [ -97.83975, 29.8204 ], [ -97.84155, 29.82494 ], [ -97.83761, 29.8285 ], [ -97.8439, 29.83284 ], [ -97.84484, 29.83911 ], [ -97.84863, 29.84335 ], [ -97.85553, 29.84391 ], [ -97.8562, 29.84888 ], [ -97.86463, 29.85611 ], [ -97.86889, 29.85136 ], [ -97.8722, 29.85252 ], [ -97.87526, 29.85821 ], [ -97.92927, 29.81753 ], [ -97.94356, 29.80691 ], [ -97.96652, 29.78431 ], [ -97.99922, 29.75249 ], [ -98.0212, 29.73654 ], [ -98.08928, 29.68393 ], [ -98.11937, 29.67071 ], [ -98.20212, 29.63619 ], [ -98.24253, 29.62144 ], [ -98.26809, 29.61153 ], [ -98.28989, 29.60243 ], [ -98.31093, 29.59447 ], [ -98.31203, 29.60154 ], [ -98.32539, 29.60333 ], [ -98.32865, 29.60823 ], [ -98.35134, 29.60338 ], [ -98.35735, 29.59982 ], [ -98.36294, 29.60297 ], [ -98.39865, 29.60228 ], [ -98.429, 29.60009 ], [ -98.43462, 29.60062 ], [ -98.45051, 29.6044 ], [ -98.4529, 29.59805 ], [ -98.44844, 29.58923 ], [ -98.46053, 29.57685 ], [ -98.4587, 29.57369 ], [ -98.45133, 29.56898 ], [ -98.46789, 29.55264 ], [ -98.4613, 29.54773 ], [ -98.45766, 29.54686 ], [ -98.44297, 29.54723 ], [ -98.43775, 29.54497 ], [ -98.43317, 29.54693 ], [ -98.42844, 29.54507 ], [ -98.43302, 29.54041 ], [ -98.42847, 29.53447 ], [ -98.43286, 29.52882 ], [ -98.44212, 29.52517 ], [ -98.44578, 29.5225 ], [ -98.44599, 29.51638 ], [ -98.43978, 29.51615 ], [ -98.43597, 29.51334 ], [ -98.4346, 29.50925 ], [ -98.43462, 29.49645 ], [ -98.43358, 29.49381 ], [ -98.42118, 29.50036 ], [ -98.41531, 29.50652 ], [ -98.41774, 29.51611 ], [ -98.40297, 29.51639 ], [ -98.39182, 29.52351 ], [ -98.39525, 29.51761 ], [ -98.3971, 29.51027 ], [ -98.37217, 29.51031 ], [ -98.3658, 29.50337 ], [ -98.35934, 29.50177 ], [ -98.35699, 29.51094 ], [ -98.34704, 29.5097 ], [ -98.34607, 29.5129 ], [ -98.34096, 29.51168 ], [ -98.33951, 29.50619 ], [ -98.33497, 29.51039 ], [ -98.32282, 29.51477 ], [ -98.32147, 29.51286 ], [ -98.31279, 29.50884 ], [ -98.31017, 29.50346 ], [ -98.31926, 29.49888 ], [ -98.31412, 29.49606 ], [ -98.30788, 29.48741 ], [ -98.31213, 29.48288 ], [ -98.31933, 29.46135 ], [ -98.3302, 29.45701 ], [ -98.32888, 29.45531 ], [ -98.36073, 29.44522 ], [ -98.36074, 29.42116 ], [ -98.37148, 29.42235 ], [ -98.37266, 29.4192 ], [ -98.37794, 29.41722 ], [ -98.37752, 29.42237 ], [ -98.38939, 29.42337 ], [ -98.38939, 29.3983 ], [ -98.41008, 29.39831 ], [ -98.41728, 29.39944 ], [ -98.43005, 29.39806 ], [ -98.44835, 29.3981 ], [ -98.44832, 29.38984 ], [ -98.46014, 29.39095 ], [ -98.46012, 29.3841 ], [ -98.47834, 29.38409 ], [ -98.48354, 29.38322 ], [ -98.48559, 29.37933 ], [ -98.49113, 29.38013 ], [ -98.49608, 29.38325 ], [ -98.50712, 29.3824 ], [ -98.52752, 29.38229 ], [ -98.52851, 29.38114 ], [ -98.54195, 29.38233 ], [ -98.54369, 29.38361 ], [ -98.55211, 29.38371 ], [ -98.56539, 29.36802 ], [ -98.57501, 29.35491 ], [ -98.57637, 29.35925 ], [ -98.58468, 29.36266 ], [ -98.58582, 29.3657 ], [ -98.59655, 29.36704 ], [ -98.61317, 29.37683 ], [ -98.61727, 29.37505 ], [ -98.6209, 29.36639 ], [ -98.62974, 29.36732 ], [ -98.63677, 29.37107 ], [ -98.63269, 29.36081 ], [ -98.64648, 29.36063 ], [ -98.64638, 29.3472 ], [ -98.66161, 29.34747 ], [ -98.67112, 29.34628 ], [ -98.6712, 29.32816 ], [ -98.68687, 29.32781 ], [ -98.69155, 29.33671 ], [ -98.69936, 29.33891 ], [ -98.7064, 29.3464 ], [ -98.70563, 29.34978 ], [ -98.70926, 29.35154 ], [ -98.71734, 29.34317 ], [ -98.72218, 29.34313 ], [ -98.72823, 29.33946 ], [ -98.73128, 29.34064 ], [ -98.73664, 29.33891 ], [ -98.7353, 29.33286 ], [ -98.74043, 29.33289 ], [ -98.74458, 29.3365 ], [ -98.74935, 29.33659 ], [ -98.75105, 29.33035 ], [ -98.75546, 29.32789 ], [ -98.76212, 29.33151 ], [ -98.76701, 29.33234 ], [ -98.77, 29.32822 ], [ -98.77895, 29.32582 ], [ -98.79143, 29.32871 ], [ -98.79496, 29.32615 ], [ -98.7997, 29.32698 ], [ -98.80459, 29.32334 ], [ -98.80493, 29.31292 ], [ -98.80476, 29.25069 ], [ -98.80211, 29.24961 ], [ -98.7467, 29.23072 ], [ -98.62532, 29.18927 ], [ -98.58389, 29.17495 ], [ -98.5003, 29.14633 ], [ -98.40734, 29.11443 ], [ -98.37204, 29.07722 ], [ -98.30328, 29.00419 ], [ -98.29987, 29.00025 ], [ -98.27016, 28.96887 ], [ -98.2548, 28.95035 ], [ -98.25029, 28.94587 ], [ -98.18437, 28.87526 ], [ -98.16821, 28.86128 ], [ -98.12528, 28.81424 ], [ -98.09391, 28.78253 ], [ -98.05731, 28.74384 ], [ -98.00525, 28.69024 ] ] ] } },
{ "type": "Feature", "properties": { "region_id": "CD36" }, "geometry": { "type": "Polygon", "coordinates": [ [ [ -95.4353, 29.53992 ], [ -95.43127, 29.54038 ], [ -95.37552, 29.54169 ], [ -95.364, 29.5388 ], [ -95.35663, 29.54094 ], [ -95.35723, 29.53741 ], [ -95.35149, 29.53464 ], [ -95.35162, 29.54093 ], [ -95.33071, 29.54125 ], [ -95.3255, 29.54479 ], [ -95.31834, 29.54487 ], [ -95.31322, 29.54642 ], [ -95.3058, 29.54658 ], [ -95.29776, 29.54941 ], [ -95.29769, 29.54529 ], [ -95.29017, 29.54563 ], [ -95.28999, 29.55986 ], [ -95.28582, 29.55995 ], [ -95.28606, 29.56368 ], [ -95.27956, 29.56314 ], [ -95.27397, 29.56017 ], [ -95.26697, 29.56655 ], [ -95.25851, 29.57108 ], [ -95.25249, 29.56079 ], [ -95.25476, 29.55499 ], [ -95.24269, 29.55517 ], [ -95.24161, 29.55971 ], [ -95.23798, 29.56143 ], [ -95.23367, 29.55714 ], [ -95.22825, 29.56003 ], [ -95.22134, 29.55702 ], [ -95.21788, 29.55939 ], [ -95.20392, 29.55885 ], [ -95.20043, 29.56147 ], [ -95.19768, 29.55728 ], [ -95.19984, 29.55224 ], [ -95.19729, 29.54942 ], [ -95.19945, 29.54453 ], [ -95.19308, 29.54105 ], [ -95.194, 29.53655 ], [ -95.18836, 29.53489 ], [ -95.18943, 29.53117 ], [ -95.1831, 29.51902 ], [ -95.16967, 29.51489 ], [ -95.16738, 29.5119 ], [ -95.1713, 29.50945 ], [ -95.16749, 29.50596 ], [ -95.16643, 29.5021 ], [ -95.16292, 29.50134 ], [ -95.16199, 29.49734 ], [ -95.15151, 29.50039 ], [ -95.14888, 29.4987 ], [ -95.14102, 29.50649 ], [ -95.12915, 29.50539 ], [ -95.12868, 29.50822 ], [ -95.12401, 29.51048 ], [ -95.118, 29.50719 ], [ -95.11375, 29.51061 ], [ -95.1081, 29.50965 ], [ -95.10433, 29.51073 ], [ -95.10607, 29.51686 ], [ -95.09923, 29.51841 ], [ -95.09369, 29.52534 ], [ -95.09698, 29.53374 ], [ -95.09452, 29.53574 ], [ -95.08935, 29.53121 ], [ -95.08593, 29.53485 ], [ -95.08011, 29.53367 ], [ -95.07859, 29.53726 ], [ -95.08023, 29.54014 ], [ -95.07851, 29.54503 ], [ -95.07247, 29.55021 ], [ -95.07011, 29.55609 ], [ -95.06314, 29.55889 ], [ -95.05013, 29.55855 ], [ -95.04189, 29.5546 ], [ -95.02878, 29.55227 ], [ -95.02808, 29.54745 ], [ -95.02304, 29.54943 ], [ -95.0182, 29.5546 ], [ -95.01458, 29.53888 ], [ -95.0093, 29.53453 ], [ -95.0031, 29.52606 ], [ -94.99249, 29.51832 ], [ -94.97806, 29.51167 ], [ -94.96736, 29.50851 ], [ -94.95433, 29.50605 ], [ -94.93937, 29.50192 ], [ -94.9144, 29.4965 ], [ -94.90847, 29.49751 ], [ -94.89684, 29.50551 ], [ -94.88631, 29.51082 ], [ -94.8752, 29.51467 ], [ -94.86795, 29.51591 ], [ -94.84845, 29.51709 ], [ -94.83338, 29.51691 ], [ -94.82812, 29.51777 ], [ -94.82294, 29.5204 ], [ -94.81496, 29.5278 ], [ -94.80618, 29.54256 ], [ -94.80299, 29.54572 ], [ -94.79382, 29.55094 ], [ -94.78488, 29.54 ], [ -94.78413, 29.53612 ], [ -94.77947, 29.53023 ], [ -94.77638, 29.52858 ], [ -94.76257, 29.52416 ], [ -94.75582, 29.5245 ], [ -94.7467, 29.52775 ], [ -94.74092, 29.52672 ], [ -94.72006, 29.53425 ], [ -94.71669, 29.53423 ], [ -94.71066, 29.53721 ], [ -94.70315, 29.53857 ], [ -94.70011, 29.53784 ], [ -94.68625, 29.53834 ], [ -94.67873, 29.54115 ], [ -94.66685, 29.54378 ], [ -94.65675, 29.54778 ], [ -94.6377, 29.55025 ], [ -94.62725, 29.55348 ], [ -94.61749, 29.55477 ], [ -94.60153, 29.55943 ], [ -94.57854, 29.56781 ], [ -94.56939, 29.57285 ], [ -94.56432, 29.57401 ], [ -94.55346, 29.57436 ], [ -94.54591, 29.5725 ], [ -94.54164, 29.56858 ], [ -94.53676, 29.56079 ], [ -94.52868, 29.5561 ], [ -94.52288, 29.55037 ], [ -94.5233, 29.54105 ], [ -94.51707, 29.54134 ], [ -94.50913, 29.54337 ], [ -94.49818, 29.54482 ], [ -94.49617, 29.54949 ], [ -94.48663, 29.55385 ], [ -94.4813, 29.55447 ], [ -94.47464, 29.55833 ], [ -94.47097, 29.55696 ], [ -94.46312, 29.56074 ], [ -94.45806, 29.56096 ], [ -94.4478, 29.56405 ], [ -94.44356, 29.56237 ], [ -94.43926, 29.56543 ], [ -94.43624, 29.56431 ], [ -94.42287, 29.56626 ], [ -94.41244, 29.57337 ], [ -94.41655, 29.57923 ], [ -94.41526, 29.58365 ], [ -94.41878, 29.586 ], [ -94.41918, 29.58919 ], [ -94.4143, 29.59022 ], [ -94.40648, 29.59826 ], [ -94.40383, 29.59616 ], [ -94.39806, 29.5968 ], [ -94.38974, 29.59479 ], [ -94.38797, 29.59692 ], [ -94.37948, 29.61705 ], [ -94.36559, 29.61741 ], [ -94.36556, 29.60483 ], [ -94.35395, 29.6115 ], [ -94.35519, 29.70086 ], [ -94.35546, 29.72926 ], [ -94.35652, 29.79072 ], [ -94.35751, 29.85835 ], [ -94.33784, 29.8754 ], [ -94.26884, 29.93164 ], [ -94.24644, 29.94962 ], [ -94.18769, 30.0076 ], [ -94.17591, 30.01958 ], [ -94.14121, 30.05378 ], [ -94.14149, 30.04947 ], [ -94.13529, 30.04386 ], [ -94.1158, 30.03914 ], [ -94.11582, 30.04199 ], [ -94.09277, 30.04231 ], [ -94.09278, 30.04728 ], [ -94.08934, 30.04812 ], [ -94.08799, 30.06047 ], [ -94.10838, 30.08106 ], [ -94.10431, 30.08224 ], [ -94.10205, 30.08811 ], [ -94.09378, 30.08661 ], [ -94.08638, 30.08901 ], [ -94.09104, 30.09474 ], [ -94.08728, 30.10281 ], [ -94.07868, 30.10611 ], [ -94.07438, 30.11211 ], [ -94.07428, 30.11651 ], [ -94.07838, 30.12221 ], [ -94.07958, 30.12711 ], [ -94.08718, 30.13081 ], [ -94.09268, 30.13141 ], [ -94.09858, 30.13623 ], [ -94.10558, 30.1349 ], [ -94.10089, 30.14303 ], [ -94.1035, 30.14512 ], [ -94.10983, 30.1458 ], [ -94.11348, 30.14831 ], [ -94.11358, 30.15514 ], [ -94.11592, 30.16035 ], [ -94.11026, 30.16762 ], [ -94.11477, 30.17264 ], [ -94.1124, 30.1752 ], [ -94.11158, 30.18392 ], [ -94.1101, 30.18834 ], [ -94.10506, 30.18791 ], [ -94.10498, 30.19307 ], [ -94.09939, 30.19209 ], [ -94.09512, 30.19705 ], [ -94.09469, 30.20296 ], [ -94.10279, 30.21159 ], [ -94.1064, 30.2112 ], [ -94.11631, 30.21888 ], [ -94.1157, 30.22251 ], [ -94.11703, 30.24165 ], [ -94.02412, 30.24211 ], [ -93.99893, 30.2421 ], [ -93.87516, 30.2429 ], [ -93.84897, 30.24325 ], [ -93.75028, 30.24383 ], [ -93.71622, 30.24432 ], [ -93.70699, 30.24374 ], [ -93.70944, 30.24549 ], [ -93.70354, 30.25932 ], [ -93.70696, 30.26119 ], [ -93.70862, 30.26867 ], [ -93.70492, 30.28083 ], [ -93.7086, 30.28428 ], [ -93.70525, 30.28618 ], [ -93.70458, 30.28995 ], [ -93.70933, 30.29221 ], [ -93.72281, 30.29491 ], [ -93.72625, 30.29818 ], [ -93.72905, 30.29671 ], [ -93.73964, 30.30351 ], [ -93.74565, 30.31174 ], [ -93.74846, 30.31802 ], [ -93.75604, 30.32571 ], [ -93.75558, 30.3315 ], [ -93.76425, 30.33023 ], [ -93.76238, 30.33915 ], [ -93.7653, 30.34245 ], [ -93.75821, 30.35078 ], [ -93.76068, 30.35667 ], [ -93.75124, 30.36059 ], [ -93.75726, 30.36428 ], [ -93.75536, 30.36896 ], [ -93.75558, 30.38021 ], [ -93.75844, 30.38369 ], [ -93.75741, 30.39081 ], [ -93.7533, 30.39223 ], [ -93.75102, 30.39648 ], [ -93.74597, 30.39648 ], [ -93.73489, 30.40834 ], [ -93.73392, 30.41494 ], [ -93.72772, 30.41516 ], [ -93.72611, 30.43072 ], [ -93.72295, 30.4321 ], [ -93.71706, 30.42311 ], [ -93.71647, 30.42844 ], [ -93.71125, 30.43315 ], [ -93.70825, 30.43025 ], [ -93.70325, 30.42945 ], [ -93.70415, 30.43435 ], [ -93.69814, 30.43888 ], [ -93.69933, 30.4452 ], [ -93.70463, 30.44312 ], [ -93.70684, 30.44649 ], [ -93.7021, 30.44976 ], [ -93.70563, 30.45362 ], [ -93.70634, 30.45814 ], [ -93.70036, 30.45753 ], [ -93.70717, 30.46749 ], [ -93.71223, 30.47063 ], [ -93.7103, 30.47394 ], [ -93.71285, 30.47903 ], [ -93.70955, 30.48509 ], [ -93.7166, 30.49442 ], [ -93.71514, 30.50127 ], [ -93.70651, 30.50991 ], [ -93.70853, 30.511 ], [ -93.71102, 30.51728 ], [ -93.71869, 30.52085 ], [ -93.72139, 30.52457 ], [ -93.72668, 30.52521 ], [ -93.73382, 30.53174 ], [ -93.73221, 30.5358 ], [ -93.73805, 30.53731 ], [ -93.73879, 30.54098 ], [ -93.72918, 30.54485 ], [ -93.73142, 30.55286 ], [ -93.7254, 30.5571 ], [ -93.7243, 30.56201 ], [ -93.72782, 30.56592 ], [ -93.72619, 30.56987 ], [ -93.72747, 30.57472 ], [ -93.72149, 30.58055 ], [ -93.71791, 30.57777 ], [ -93.71403, 30.58028 ], [ -93.71378, 30.58758 ], [ -93.71059, 30.58895 ], [ -93.7033, 30.58877 ], [ -93.70089, 30.59164 ], [ -93.69398, 30.59422 ], [ -93.68507, 30.59209 ], [ -93.67866, 30.5941 ], [ -93.67877, 30.59863 ], [ -93.68208, 30.60326 ], [ -93.68337, 30.60825 ], [ -93.68907, 30.61084 ], [ -93.6857, 30.61642 ], [ -93.68198, 30.61858 ], [ -93.68512, 30.6252 ], [ -93.68471, 30.63081 ], [ -93.68041, 30.63488 ], [ -93.6831, 30.64076 ], [ -93.67476, 30.64768 ], [ -93.67054, 30.65263 ], [ -93.67036, 30.65801 ], [ -93.66575, 30.66158 ], [ -93.66125, 30.6612 ], [ -93.65497, 30.67018 ], [ -93.64685, 30.66873 ], [ -93.64531, 30.67348 ], [ -93.63964, 30.67251 ], [ -93.63605, 30.67632 ], [ -93.63134, 30.67787 ], [ -93.62771, 30.68373 ], [ -93.62723, 30.68741 ], [ -93.62044, 30.69414 ], [ -93.62438, 30.69864 ], [ -93.61965, 30.70894 ], [ -93.61304, 30.71666 ], [ -93.60888, 30.71912 ], [ -93.60913, 30.73004 ], [ -93.61282, 30.73671 ], [ -93.61769, 30.73848 ], [ -93.61913, 30.742 ], [ -93.60995, 30.74465 ], [ -93.60836, 30.74813 ], [ -93.61478, 30.75606 ], [ -93.60918, 30.75726 ], [ -93.6005, 30.76201 ], [ -93.5921, 30.76368 ], [ -93.59156, 30.76726 ], [ -93.59351, 30.77228 ], [ -93.59005, 30.77766 ], [ -93.58382, 30.77705 ], [ -93.58445, 30.78116 ], [ -93.58938, 30.78668 ], [ -93.58369, 30.78776 ], [ -93.58139, 30.79163 ], [ -93.5842, 30.79808 ], [ -93.58223, 30.80312 ], [ -93.57468, 30.80137 ], [ -93.56298, 30.80601 ], [ -93.56071, 30.80964 ], [ -93.56458, 30.8164 ], [ -93.55406, 30.82494 ], [ -93.55732, 30.82842 ], [ -93.55374, 30.83179 ], [ -93.55363, 30.83514 ], [ -93.55802, 30.84008 ], [ -93.56797, 30.84303 ], [ -93.55731, 30.85208 ], [ -93.56191, 30.85833 ], [ -93.5585, 30.8679 ], [ -93.56465, 30.87011 ], [ -93.56323, 30.87487 ], [ -93.5706, 30.87519 ], [ -93.57408, 30.88453 ], [ -93.57353, 30.88654 ], [ -93.56632, 30.89484 ], [ -93.55781, 30.89675 ], [ -93.5492, 30.89744 ], [ -93.54862, 30.89989 ], [ -93.55399, 30.90277 ], [ -93.55303, 30.9081 ], [ -93.55809, 30.9108 ], [ -93.55838, 30.91354 ], [ -93.55208, 30.91812 ], [ -93.54928, 30.92437 ], [ -93.54572, 30.9271 ], [ -93.54207, 30.92585 ], [ -93.54412, 30.92121 ], [ -93.53123, 30.92439 ], [ -93.52747, 30.92803 ], [ -93.52784, 30.93307 ], [ -93.52601, 30.93753 ], [ -93.52981, 30.94217 ], [ -93.53237, 30.94898 ], [ -93.53053, 30.95458 ], [ -93.53176, 30.95822 ], [ -93.53927, 30.95652 ], [ -93.54633, 30.9578 ], [ -93.54731, 30.96475 ], [ -93.55886, 30.97086 ], [ -93.56851, 30.96914 ], [ -93.57354, 30.97121 ], [ -93.57433, 30.97371 ], [ -93.5693, 30.97619 ], [ -93.56686, 30.9794 ], [ -93.56543, 30.99058 ], [ -93.57222, 30.99121 ], [ -93.57821, 30.99999 ], [ -93.57459, 31.00236 ], [ -93.57147, 31.0096 ], [ -93.56563, 31.01316 ], [ -93.56266, 31.00891 ], [ -93.55593, 31.00374 ], [ -93.55147, 31.00924 ], [ -93.54576, 31.01003 ], [ -93.53918, 31.00821 ], [ -93.53343, 31.01897 ], [ -93.53148, 31.02024 ], [ -93.52231, 31.0201 ], [ -93.51574, 31.0252 ], [ -93.50896, 31.02902 ], [ -93.50829, 31.03235 ], [ -93.52474, 31.03901 ], [ -93.51994, 31.04188 ], [ -93.51996, 31.04517 ], [ -93.52774, 31.04832 ], [ -93.53222, 31.05524 ], [ -93.52844, 31.05718 ], [ -93.52114, 31.05728 ], [ -93.51891, 31.06186 ], [ -93.52013, 31.06582 ], [ -93.52513, 31.06655 ], [ -93.52873, 31.06921 ], [ -93.52717, 31.07319 ], [ -93.54013, 31.07794 ], [ -93.5522, 31.07893 ], [ -93.55144, 31.08574 ], [ -93.55664, 31.08743 ], [ -93.55781, 31.09069 ], [ -93.56327, 31.09359 ], [ -93.56318, 31.09699 ], [ -93.55034, 31.09965 ], [ -93.5487, 31.10603 ], [ -93.54594, 31.1112 ], [ -93.53937, 31.11521 ], [ -93.53787, 31.12657 ], [ -93.54473, 31.13607 ], [ -93.5461, 31.14335 ], [ -93.54852, 31.14823 ], [ -93.5487, 31.15584 ], [ -93.54016, 31.15605 ], [ -93.53648, 31.15847 ], [ -93.53898, 31.16515 ], [ -93.5421, 31.16789 ], [ -93.54231, 31.17164 ], [ -93.53281, 31.17427 ], [ -93.53132, 31.17981 ], [ -93.53428, 31.18542 ], [ -93.54237, 31.18319 ], [ -93.54893, 31.1866 ], [ -93.56092, 31.18249 ], [ -93.56956, 31.17757 ], [ -93.57718, 31.16857 ], [ -93.58912, 31.16589 ], [ -93.60031, 31.17616 ], [ -93.71596, 31.16944 ], [ -93.75018, 31.16763 ], [ -93.79896, 31.1646 ], [ -93.91122, 31.15807 ], [ -94.03903, 31.13427 ], [ -94.0378, 31.1294 ], [ -94.04111, 31.12567 ], [ -94.04323, 31.11855 ], [ -94.05091, 31.11461 ], [ -94.05914, 31.11325 ], [ -94.12963, 31.09928 ], [ -94.13022, 31.10417 ], [ -94.13396, 31.10769 ], [ -94.13766, 31.10522 ], [ -94.14388, 31.11476 ], [ -94.15168, 31.11471 ], [ -94.15476, 31.11607 ], [ -94.16155, 31.1224 ], [ -94.17317, 31.12626 ], [ -94.17859, 31.12396 ], [ -94.18174, 31.12977 ], [ -94.18959, 31.13401 ], [ -94.18943, 31.13935 ], [ -94.19458, 31.13958 ], [ -94.20124, 31.14423 ], [ -94.20647, 31.14981 ], [ -94.20283, 31.15325 ], [ -94.20624, 31.15615 ], [ -94.2118, 31.15723 ], [ -94.21956, 31.16442 ], [ -94.219, 31.17326 ], [ -94.2233, 31.1737 ], [ -94.23283, 31.17759 ], [ -94.2384, 31.17835 ], [ -94.24494, 31.17672 ], [ -94.24715, 31.1845 ], [ -94.25611, 31.1821 ], [ -94.26546, 31.18453 ], [ -94.26445, 31.18988 ], [ -94.26986, 31.19624 ], [ -94.28223, 31.20217 ], [ -94.28789, 31.20133 ], [ -94.29337, 31.20817 ], [ -94.29445, 31.21265 ], [ -94.30251, 31.21146 ], [ -94.31252, 31.21866 ], [ -94.31326, 31.22386 ], [ -94.31797, 31.22337 ], [ -94.32756, 31.22555 ], [ -94.33171, 31.22353 ], [ -94.34112, 31.23128 ], [ -94.3437, 31.23662 ], [ -94.34875, 31.2383 ], [ -94.35167, 31.24759 ], [ -94.35559, 31.25039 ], [ -94.35763, 31.25959 ], [ -94.36705, 31.26116 ], [ -94.3697, 31.2646 ], [ -94.37418, 31.26616 ], [ -94.37796, 31.27287 ], [ -94.3833, 31.27668 ], [ -94.38359, 31.28203 ], [ -94.38742, 31.28309 ], [ -94.38539, 31.29001 ], [ -94.38964, 31.29357 ], [ -94.39349, 31.29952 ], [ -94.40479, 31.30358 ], [ -94.41568, 31.30884 ], [ -94.42935, 31.31209 ], [ -94.4327, 31.31468 ], [ -94.43806, 31.31261 ], [ -94.44254, 31.31725 ], [ -94.44942, 31.32134 ], [ -94.44974, 31.32951 ], [ -94.45477, 31.33438 ], [ -94.45357, 31.34075 ], [ -94.45747, 31.33982 ], [ -94.45758, 31.34996 ], [ -94.4615, 31.3568 ], [ -94.46818, 31.36607 ], [ -94.46881, 31.37216 ], [ -94.47146, 31.37368 ], [ -94.46668, 31.37801 ], [ -94.46979, 31.38397 ], [ -94.47438, 31.38746 ], [ -94.47803, 31.38636 ], [ -94.4837, 31.38834 ], [ -94.48946, 31.39378 ], [ -94.48972, 31.399 ], [ -94.49836, 31.40488 ], [ -94.50219, 31.41053 ], [ -94.50743, 31.4109 ], [ -94.51574, 31.40934 ], [ -94.51691, 31.40211 ], [ -94.52133, 31.40255 ], [ -94.52899, 31.39855 ], [ -94.53332, 31.4001 ], [ -94.53706, 31.39861 ], [ -94.54146, 31.40182 ], [ -94.5424, 31.40497 ], [ -94.54041, 31.41055 ], [ -94.5457, 31.42047 ], [ -94.54471, 31.4242 ], [ -94.54866, 31.43012 ], [ -94.55484, 31.43512 ], [ -94.56176, 31.43522 ], [ -94.56604, 31.43304 ], [ -94.57213, 31.43245 ], [ -94.58145, 31.43319 ], [ -94.58469, 31.43506 ], [ -94.58198, 31.43893 ], [ -94.58434, 31.44425 ], [ -94.5873, 31.44267 ], [ -94.593, 31.44472 ], [ -94.59374, 31.4474 ], [ -94.59872, 31.44755 ], [ -94.60221, 31.44538 ], [ -94.60217, 31.44204 ], [ -94.60679, 31.44004 ], [ -94.61087, 31.44228 ], [ -94.61854, 31.43919 ], [ -94.62397, 31.4394 ], [ -94.62736, 31.44281 ], [ -94.63266, 31.44458 ], [ -94.64119, 31.44383 ], [ -94.64921, 31.44818 ], [ -94.66027, 31.45235 ], [ -94.66284, 31.4588 ], [ -94.67659, 31.45503 ], [ -94.67881, 31.45207 ], [ -94.68635, 31.45082 ], [ -94.69396, 31.45339 ], [ -94.69809, 31.45239 ], [ -94.70406, 31.45671 ], [ -94.71663, 31.45751 ], [ -94.72846, 31.45715 ], [ -94.7298, 31.46274 ], [ -94.73381, 31.46534 ], [ -94.73835, 31.4631 ], [ -94.74632, 31.46788 ], [ -94.75301, 31.47028 ], [ -94.75911, 31.47095 ], [ -94.76421, 31.46913 ], [ -94.76948, 31.47581 ], [ -94.77727, 31.48052 ], [ -94.78129, 31.48141 ], [ -94.78751, 31.47937 ], [ -94.79321, 31.48071 ], [ -94.79759, 31.48586 ], [ -94.8082, 31.48881 ], [ -94.81675, 31.48666 ], [ -94.82379, 31.48714 ], [ -94.83005, 31.49352 ], [ -94.83403, 31.49405 ], [ -94.83387, 31.50166 ], [ -94.84822, 31.50795 ], [ -94.85525, 31.51009 ], [ -94.86104, 31.51458 ], [ -94.86426, 31.52048 ], [ -94.86586, 31.52692 ], [ -94.9021, 31.50018 ], [ -95.00335, 31.42571 ], [ -95.00557, 31.42135 ], [ -95.00126, 31.41795 ], [ -94.99383, 31.41422 ], [ -94.98475, 31.41385 ], [ -94.97797, 31.40872 ], [ -94.97607, 31.402 ], [ -94.96937, 31.39695 ], [ -94.96452, 31.39556 ], [ -94.96625, 31.39121 ], [ -94.95941, 31.38888 ], [ -94.95748, 31.38549 ], [ -94.95356, 31.3847 ], [ -94.95731, 31.37914 ], [ -94.95603, 31.37062 ], [ -94.9588, 31.36606 ], [ -94.95819, 31.36296 ], [ -94.95348, 31.36134 ], [ -94.95271, 31.35817 ], [ -94.95706, 31.35362 ], [ -94.96136, 31.35251 ], [ -94.96142, 31.34916 ], [ -94.95639, 31.34787 ], [ -94.95461, 31.34232 ], [ -94.94925, 31.3399 ], [ -94.94339, 31.34076 ], [ -94.9398, 31.34291 ], [ -94.92581, 31.33965 ], [ -94.91789, 31.33607 ], [ -94.9095, 31.33706 ], [ -94.90834, 31.33329 ], [ -94.9046, 31.3327 ], [ -94.90341, 31.329 ], [ -94.89902, 31.32697 ], [ -94.89689, 31.31854 ], [ -94.90095, 31.31174 ], [ -94.89827, 31.3047 ], [ -94.8946, 31.29928 ], [ -94.89468, 31.29171 ], [ -94.88841, 31.29354 ], [ -94.87838, 31.28835 ], [ -94.87671, 31.28339 ], [ -94.88274, 31.27819 ], [ -94.88799, 31.2765 ], [ -94.8924, 31.2681 ], [ -94.8975, 31.26429 ], [ -94.89768, 31.25801 ], [ -94.89091, 31.25385 ], [ -94.88406, 31.2553 ], [ -94.88011, 31.24752 ], [ -94.87455, 31.24965 ], [ -94.87101, 31.24368 ], [ -94.86117, 31.23275 ], [ -94.86446, 31.23214 ], [ -94.86105, 31.2182 ], [ -94.86396, 31.21531 ], [ -94.8663, 31.20973 ], [ -94.85957, 31.1986 ], [ -94.86066, 31.19509 ], [ -94.85757, 31.1902 ], [ -94.85426, 31.18962 ], [ -94.85007, 31.17855 ], [ -94.85123, 31.17454 ], [ -94.85516, 31.17243 ], [ -94.85389, 31.16664 ], [ -94.8508, 31.16303 ], [ -94.84993, 31.15511 ], [ -94.8555, 31.15424 ], [ -94.85611, 31.15094 ], [ -94.85221, 31.14802 ], [ -94.84327, 31.14871 ], [ -94.84165, 31.14324 ], [ -94.83255, 31.14182 ], [ -94.82938, 31.13866 ], [ -94.82267, 31.1384 ], [ -94.81846, 31.13218 ], [ -94.81275, 31.1334 ], [ -94.80265, 31.13007 ], [ -94.79611, 31.13076 ], [ -94.79539, 31.12759 ], [ -94.79084, 31.1251 ], [ -94.78017, 31.12166 ], [ -94.77285, 31.11669 ], [ -94.76948, 31.11716 ], [ -94.76074, 31.11106 ], [ -94.75461, 31.10915 ], [ -94.7527, 31.10645 ], [ -94.74542, 31.10663 ], [ -94.73859, 31.10369 ], [ -94.71862, 31.10699 ], [ -94.70414, 31.09882 ], [ -94.69835, 31.09625 ], [ -94.67927, 31.09604 ], [ -94.67877, 31.09321 ], [ -94.67265, 31.0925 ], [ -94.66364, 31.0865 ], [ -94.6574, 31.08524 ], [ -94.65482, 31.08886 ], [ -94.65505, 31.09376 ], [ -94.65031, 31.09853 ], [ -94.64313, 31.08808 ], [ -94.63993, 31.0869 ], [ -94.63531, 31.08921 ], [ -94.63229, 31.08525 ], [ -94.62821, 31.08377 ], [ -94.62227, 31.0873 ], [ -94.61685, 31.08363 ], [ -94.60949, 31.08186 ], [ -94.61123, 31.07751 ], [ -94.60209, 31.07417 ], [ -94.60275, 31.07146 ], [ -94.59892, 31.06856 ], [ -94.59529, 31.07057 ], [ -94.58949, 31.06609 ], [ -94.57869, 31.06869 ], [ -94.57175, 31.06458 ], [ -94.56224, 31.06367 ], [ -94.56207, 31.05887 ], [ -94.65799, 31.01201 ], [ -94.65548, 30.99973 ], [ -94.65137, 30.98362 ], [ -94.62478, 30.86781 ], [ -94.60191, 30.76899 ], [ -94.60136, 30.7653 ], [ -94.58346, 30.68904 ], [ -94.56839, 30.6252 ], [ -94.56856, 30.62392 ], [ -94.53924, 30.49913 ], [ -94.53793, 30.49106 ], [ -94.67158, 30.49035 ], [ -94.71929, 30.49031 ], [ -94.73273, 30.49007 ], [ -94.69112, 30.37518 ], [ -94.66779, 30.31068 ], [ -94.62899, 30.20176 ], [ -94.62489, 30.19138 ], [ -94.59634, 30.1121 ], [ -94.52053, 30.11185 ], [ -94.44491, 30.11301 ], [ -94.44511, 30.11202 ], [ -94.44413, 30.00022 ], [ -94.44224, 29.88954 ], [ -94.49154, 29.88951 ], [ -94.50019, 29.88994 ], [ -94.58552, 29.88886 ], [ -94.62521, 29.88857 ], [ -94.69633, 29.88765 ], [ -94.73512, 29.88728 ], [ -94.84449, 29.88588 ], [ -94.92123, 29.88512 ], [ -94.95856, 29.88442 ], [ -94.98146, 29.88428 ], [ -94.97633, 29.87699 ], [ -94.97704, 29.86806 ], [ -94.97272, 29.86321 ], [ -94.96595, 29.85808 ], [ -94.95309, 29.8553 ], [ -94.94759, 29.85082 ], [ -94.94518, 29.84472 ], [ -94.9346, 29.83429 ], [ -94.92673, 29.83369 ], [ -94.91287, 29.82946 ], [ -94.90865, 29.82518 ], [ -94.91325, 29.81292 ], [ -94.91244, 29.80903 ], [ -94.91617, 29.80645 ], [ -94.91688, 29.8033 ], [ -94.92244, 29.80301 ], [ -94.92384, 29.79472 ], [ -94.92056, 29.79418 ], [ -94.91783, 29.78821 ], [ -94.92003, 29.781 ], [ -94.9256, 29.78444 ], [ -94.93078, 29.7836 ], [ -94.92843, 29.77222 ], [ -94.93449, 29.77355 ], [ -94.93922, 29.77933 ], [ -94.95705, 29.74866 ], [ -94.94524, 29.75059 ], [ -94.95268, 29.74163 ], [ -94.96267, 29.72114 ], [ -94.98267, 29.71392 ], [ -95.00092, 29.71398 ], [ -95.01231, 29.70741 ], [ -95.02718, 29.69504 ], [ -95.03046, 29.6898 ], [ -95.03041, 29.68015 ], [ -95.02931, 29.67307 ], [ -95.0293, 29.66013 ], [ -95.03006, 29.65233 ], [ -95.05856, 29.65177 ], [ -95.06272, 29.65212 ], [ -95.08371, 29.6517 ], [ -95.08855, 29.65117 ], [ -95.10985, 29.65081 ], [ -95.10996, 29.64455 ], [ -95.11439, 29.64132 ], [ -95.10823, 29.63491 ], [ -95.11588, 29.63359 ], [ -95.13915, 29.6332 ], [ -95.14331, 29.6312 ], [ -95.18233, 29.63034 ], [ -95.18234, 29.62687 ], [ -95.19194, 29.62675 ], [ -95.19801, 29.623 ], [ -95.21102, 29.63698 ], [ -95.22256, 29.62875 ], [ -95.22906, 29.62771 ], [ -95.24458, 29.64203 ], [ -95.26329, 29.6706 ], [ -95.27254, 29.68041 ], [ -95.28812, 29.67759 ], [ -95.28908, 29.67402 ], [ -95.29687, 29.67185 ], [ -95.29703, 29.66873 ], [ -95.30718, 29.66097 ], [ -95.30877, 29.65793 ], [ -95.31489, 29.65495 ], [ -95.30466, 29.62086 ], [ -95.31774, 29.6209 ], [ -95.31789, 29.59799 ], [ -95.32208, 29.59669 ], [ -95.33164, 29.5991 ], [ -95.34009, 29.59356 ], [ -95.34641, 29.58555 ], [ -95.35255, 29.58535 ], [ -95.35622, 29.58698 ], [ -95.36049, 29.58488 ], [ -95.36822, 29.58471 ], [ -95.37541, 29.58828 ], [ -95.38815, 29.58567 ], [ -95.39281, 29.58166 ], [ -95.39604, 29.58271 ], [ -95.40464, 29.58191 ], [ -95.41711, 29.58328 ], [ -95.42429, 29.58031 ], [ -95.4353, 29.53992 ] ] ] } },
{ "type": "Feature", "properties": { "region_id": "CD37" }, "geometry": { "type": "Polygon", "coordinates": [ [ [ -97.90981, 30.23495 ], [ -97.90634, 30.23766 ], [ -97.90029, 30.23511 ], [ -97.89893, 30.23133 ], [ -97.8883, 30.22919 ], [ -97.89888, 30.21063 ], [ -97.90215, 30.20751 ], [ -97.89028, 30.20225 ], [ -97.88337, 30.19997 ], [ -97.88103, 30.19568 ], [ -97.8848, 30.1939 ], [ -97.8898, 30.19698 ], [ -97.89463, 30.19427 ], [ -97.89791, 30.18886 ], [ -97.9028, 30.18567 ], [ -97.90273, 30.1823 ], [ -97.89708, 30.17954 ], [ -97.89059, 30.17408 ], [ -97.88693, 30.17597 ], [ -97.86909, 30.1959 ], [ -97.86554, 30.1947 ], [ -97.86605, 30.19093 ], [ -97.86078, 30.18821 ], [ -97.86389, 30.18363 ], [ -97.85932, 30.17846 ], [ -97.85324, 30.17824 ], [ -97.86035, 30.16742 ], [ -97.86019, 30.16413 ], [ -97.85212, 30.16429 ], [ -97.85178, 30.16029 ], [ -97.84611, 30.15256 ], [ -97.84612, 30.14947 ], [ -97.8332, 30.14983 ], [ -97.82306, 30.14828 ], [ -97.81625, 30.14987 ], [ -97.81132, 30.15353 ], [ -97.80564, 30.15468 ], [ -97.80189, 30.15228 ], [ -97.79639, 30.15495 ], [ -97.79485, 30.15266 ], [ -97.78975, 30.15317 ], [ -97.79017, 30.14769 ], [ -97.78136, 30.14895 ], [ -97.78015, 30.15626 ], [ -97.77842, 30.1574 ], [ -97.76866, 30.15617 ], [ -97.76586, 30.15104 ], [ -97.76594, 30.14524 ], [ -97.77199, 30.14083 ], [ -97.77872, 30.1297 ], [ -97.77535, 30.12634 ], [ -97.78181, 30.11583 ], [ -97.78179, 30.11265 ], [ -97.75824, 30.10136 ], [ -97.75577, 30.10118 ], [ -97.74088, 30.12416 ], [ -97.71953, 30.11397 ], [ -97.7152, 30.12105 ], [ -97.69569, 30.11167 ], [ -97.69493, 30.11232 ], [ -97.69696, 30.14759 ], [ -97.69638, 30.15261 ], [ -97.68775, 30.183 ], [ -97.68027, 30.17635 ], [ -97.66351, 30.17034 ], [ -97.66066, 30.1663 ], [ -97.65172, 30.173 ], [ -97.64656, 30.18062 ], [ -97.63964, 30.17732 ], [ -97.6364, 30.18267 ], [ -97.63273, 30.18546 ], [ -97.63287, 30.18863 ], [ -97.6214, 30.18815 ], [ -97.61663, 30.18989 ], [ -97.61358, 30.19478 ], [ -97.61469, 30.19846 ], [ -97.6198, 30.20165 ], [ -97.61874, 30.20614 ], [ -97.61111, 30.20409 ], [ -97.60839, 30.19922 ], [ -97.60014, 30.20174 ], [ -97.59777, 30.20658 ], [ -97.59142, 30.20474 ], [ -97.58466, 30.20769 ], [ -97.57952, 30.21328 ], [ -97.5765, 30.21427 ], [ -97.56509, 30.21197 ], [ -97.56221, 30.20856 ], [ -97.5565, 30.20773 ], [ -97.54617, 30.21798 ], [ -97.54278, 30.21929 ], [ -97.54157, 30.22587 ], [ -97.54647, 30.23447 ], [ -97.54475, 30.2408 ], [ -97.55258, 30.24302 ], [ -97.55814, 30.24147 ], [ -97.55807, 30.24799 ], [ -97.55974, 30.24974 ], [ -97.53728, 30.28551 ], [ -97.53235, 30.29257 ], [ -97.52981, 30.29967 ], [ -97.52658, 30.30367 ], [ -97.51745, 30.30626 ], [ -97.51457, 30.31703 ], [ -97.50497, 30.3323 ], [ -97.51031, 30.33524 ], [ -97.5006, 30.35057 ], [ -97.53813, 30.3494 ], [ -97.53293, 30.35885 ], [ -97.53168, 30.37062 ], [ -97.52912, 30.37577 ], [ -97.55344, 30.38744 ], [ -97.56392, 30.37157 ], [ -97.56892, 30.37124 ], [ -97.58071, 30.37705 ], [ -97.58262, 30.36961 ], [ -97.58861, 30.37079 ], [ -97.59789, 30.37604 ], [ -97.60918, 30.37853 ], [ -97.61445, 30.37428 ], [ -97.61778, 30.37583 ], [ -97.62181, 30.37061 ], [ -97.6389, 30.37973 ], [ -97.64869, 30.38691 ], [ -97.63926, 30.4041 ], [ -97.64865, 30.40948 ], [ -97.65902, 30.41857 ], [ -97.68475, 30.43089 ], [ -97.68606, 30.43453 ], [ -97.69878, 30.44051 ], [ -97.7028, 30.42611 ], [ -97.71086, 30.43082 ], [ -97.71531, 30.42542 ], [ -97.72893, 30.43244 ], [ -97.73015, 30.42597 ], [ -97.72921, 30.41208 ], [ -97.73159, 30.4125 ], [ -97.74644, 30.4191 ], [ -97.74472, 30.40786 ], [ -97.75325, 30.40767 ], [ -97.75874, 30.40369 ], [ -97.76018, 30.40071 ], [ -97.77171, 30.40076 ], [ -97.77034, 30.39483 ], [ -97.77415, 30.38963 ], [ -97.77141, 30.38276 ], [ -97.77519, 30.38067 ], [ -97.78812, 30.36978 ], [ -97.78988, 30.36713 ], [ -97.79191, 30.35806 ], [ -97.79683, 30.34999 ], [ -97.78703, 30.34323 ], [ -97.78133, 30.33387 ], [ -97.7765, 30.32384 ], [ -97.77588, 30.31361 ], [ -97.76904, 30.31453 ], [ -97.76267, 30.31048 ], [ -97.76431, 30.30303 ], [ -97.75822, 30.29886 ], [ -97.76059, 30.29093 ], [ -97.76508, 30.28384 ], [ -97.75571, 30.27495 ], [ -97.74634, 30.27214 ], [ -97.74119, 30.27634 ], [ -97.73944, 30.28102 ], [ -97.73005, 30.27851 ], [ -97.7373, 30.25826 ], [ -97.73593, 30.25032 ], [ -97.74184, 30.25507 ], [ -97.7425, 30.25848 ], [ -97.75007, 30.25838 ], [ -97.75707, 30.26061 ], [ -97.75459, 30.26482 ], [ -97.76608, 30.26987 ], [ -97.77147, 30.27381 ], [ -97.77433, 30.27044 ], [ -97.78229, 30.26512 ], [ -97.78573, 30.26422 ], [ -97.79861, 30.25734 ], [ -97.80347, 30.24832 ], [ -97.80648, 30.24489 ], [ -97.82368, 30.23687 ], [ -97.83035, 30.23832 ], [ -97.85299, 30.24964 ], [ -97.85837, 30.24205 ], [ -97.86005, 30.2356 ], [ -97.86545, 30.23425 ], [ -97.87637, 30.2399 ], [ -97.88114, 30.24543 ], [ -97.88609, 30.24891 ], [ -97.88859, 30.24708 ], [ -97.89426, 30.24989 ], [ -97.90507, 30.24235 ], [ -97.90981, 30.23495 ] ] ] } },
{ "type": "Feature", "properties": { "region_id": "CD38" }, "geometry": { "type": "Polygon", "coordinates": [ [ [ -95.55772, 29.73686 ], [ -95.53887, 29.73712 ], [ -95.53844, 29.7475 ], [ -95.52859, 29.74593 ], [ -95.52661, 29.74294 ], [ -95.5214, 29.7416 ], [ -95.52117, 29.73733 ], [ -95.51419, 29.73738 ], [ -95.51394, 29.72173 ], [ -95.50104, 29.72279 ], [ -95.5009, 29.73754 ], [ -95.48428, 29.73772 ], [ -95.48603, 29.74994 ], [ -95.4613, 29.75033 ], [ -95.45664, 29.74748 ], [ -95.46044, 29.72895 ], [ -95.45583, 29.73026 ], [ -95.44793, 29.73005 ], [ -95.44816, 29.74163 ], [ -95.43528, 29.74152 ], [ -95.42494, 29.74213 ], [ -95.41917, 29.7447 ], [ -95.41064, 29.74467 ], [ -95.41073, 29.75456 ], [ -95.40884, 29.76061 ], [ -95.41324, 29.76208 ], [ -95.41829, 29.75755 ], [ -95.42467, 29.75683 ], [ -95.42832, 29.76054 ], [ -95.42852, 29.76356 ], [ -95.44054, 29.76548 ], [ -95.44824, 29.76857 ], [ -95.44154, 29.77869 ], [ -95.44948, 29.77875 ], [ -95.454, 29.78075 ], [ -95.45215, 29.78378 ], [ -95.45126, 29.79501 ], [ -95.46289, 29.80293 ], [ -95.48653, 29.80283 ], [ -95.5164, 29.80352 ], [ -95.51648, 29.8094 ], [ -95.51407, 29.81485 ], [ -95.5175, 29.81738 ], [ -95.52621, 29.81579 ], [ -95.52628, 29.82194 ], [ -95.5174, 29.82113 ], [ -95.50857, 29.82207 ], [ -95.50932, 29.83271 ], [ -95.54616, 29.83223 ], [ -95.54622, 29.84441 ], [ -95.5488, 29.85015 ], [ -95.56367, 29.85029 ], [ -95.56374, 29.86704 ], [ -95.56208, 29.8704 ], [ -95.55191, 29.8751 ], [ -95.54875, 29.87935 ], [ -95.54872, 29.88407 ], [ -95.55001, 29.88407 ], [ -95.54978, 29.89963 ], [ -95.55178, 29.90281 ], [ -95.55753, 29.90345 ], [ -95.56297, 29.90809 ], [ -95.56727, 29.90974 ], [ -95.57371, 29.90874 ], [ -95.58456, 29.90997 ], [ -95.58481, 29.94939 ], [ -95.58524, 29.96623 ], [ -95.59118, 29.96723 ], [ -95.59564, 29.97242 ], [ -95.5888, 29.97684 ], [ -95.58447, 29.98408 ], [ -95.57955, 29.98809 ], [ -95.57304, 29.98516 ], [ -95.56679, 29.98448 ], [ -95.55962, 29.98644 ], [ -95.55837, 29.99163 ], [ -95.54977, 29.99311 ], [ -95.54568, 29.98711 ], [ -95.5409, 29.98946 ], [ -95.5198, 30.00588 ], [ -95.51403, 30.00476 ], [ -95.51092, 30.00927 ], [ -95.50346, 30.00933 ], [ -95.49674, 30.01332 ], [ -95.5, 30.01918 ], [ -95.50603, 30.02203 ], [ -95.50845, 30.02629 ], [ -95.50715, 30.03016 ], [ -95.48856, 30.04039 ], [ -95.49602, 30.05849 ], [ -95.49681, 30.06497 ], [ -95.49671, 30.08347 ], [ -95.49962, 30.088 ], [ -95.50394, 30.08798 ], [ -95.50347, 30.09617 ], [ -95.50678, 30.09694 ], [ -95.50676, 30.11879 ], [ -95.50485, 30.13689 ], [ -95.55284, 30.13684 ], [ -95.56276, 30.13662 ], [ -95.56251, 30.13135 ], [ -95.574, 30.13008 ], [ -95.57455, 30.13196 ], [ -95.57463, 30.15178 ], [ -95.58061, 30.14991 ], [ -95.58423, 30.14656 ], [ -95.58546, 30.14201 ], [ -95.59046, 30.13603 ], [ -95.59676, 30.13446 ], [ -95.60113, 30.13278 ], [ -95.61349, 30.13541 ], [ -95.62323, 30.13574 ], [ -95.62803, 30.12785 ], [ -95.63575, 30.12634 ], [ -95.64126, 30.12078 ], [ -95.6441, 30.12031 ], [ -95.65256, 30.11368 ], [ -95.65391, 30.1093 ], [ -95.66162, 30.1114 ], [ -95.66902, 30.10144 ], [ -95.67254, 30.10152 ], [ -95.68365, 30.10733 ], [ -95.68812, 30.10362 ], [ -95.69135, 30.09873 ], [ -95.70128, 30.09848 ], [ -95.70512, 30.10231 ], [ -95.71513, 30.10229 ], [ -95.7173, 30.09936 ], [ -95.72262, 30.10002 ], [ -95.72762, 30.09595 ], [ -95.73394, 30.09354 ], [ -95.74249, 30.09662 ], [ -95.74858, 30.09585 ], [ -95.75938, 30.09023 ], [ -95.77141, 30.08776 ], [ -95.77448, 30.09119 ], [ -95.77738, 30.08965 ], [ -95.78271, 30.09093 ], [ -95.78702, 30.09427 ], [ -95.79121, 30.09151 ], [ -95.80028, 30.09129 ], [ -95.80914, 30.08844 ], [ -95.81322, 30.08443 ], [ -95.81251, 30.06956 ], [ -95.81575, 30.06955 ], [ -95.81533, 30.05143 ], [ -95.81513, 29.99622 ], [ -95.80936, 29.9956 ], [ -95.80834, 29.95012 ], [ -95.79139, 29.95684 ], [ -95.78023, 29.9576 ], [ -95.77553, 29.96136 ], [ -95.76957, 29.96112 ], [ -95.76944, 29.94691 ], [ -95.76397, 29.93644 ], [ -95.76214, 29.92345 ], [ -95.76148, 29.91166 ], [ -95.73237, 29.9121 ], [ -95.7294, 29.90927 ], [ -95.72365, 29.90777 ], [ -95.71754, 29.90429 ], [ -95.70669, 29.90469 ], [ -95.70368, 29.90945 ], [ -95.69951, 29.90771 ], [ -95.686, 29.90852 ], [ -95.68339, 29.89058 ], [ -95.67731, 29.89101 ], [ -95.67525, 29.88744 ], [ -95.66685, 29.89032 ], [ -95.66208, 29.88851 ], [ -95.65199, 29.88748 ], [ -95.64957, 29.87916 ], [ -95.63302, 29.87932 ], [ -95.6329, 29.869 ], [ -95.62396, 29.86959 ], [ -95.62437, 29.86183 ], [ -95.61835, 29.8538 ], [ -95.61882, 29.84789 ], [ -95.62289, 29.84565 ], [ -95.6252, 29.83938 ], [ -95.62562, 29.83084 ], [ -95.62223, 29.82455 ], [ -95.62546, 29.81765 ], [ -95.6342, 29.80756 ], [ -95.63184, 29.80309 ], [ -95.63391, 29.79764 ], [ -95.63303, 29.79443 ], [ -95.62643, 29.78773 ], [ -95.61766, 29.78748 ], [ -95.61727, 29.78096 ], [ -95.62133, 29.77138 ], [ -95.61846, 29.76887 ], [ -95.61852, 29.76374 ], [ -95.6117, 29.76057 ], [ -95.60619, 29.76189 ], [ -95.60599, 29.74723 ], [ -95.60412, 29.74449 ], [ -95.59226, 29.74485 ], [ -95.58857, 29.7436 ], [ -95.58568, 29.74921 ], [ -95.58601, 29.75318 ], [ -95.58937, 29.75992 ], [ -95.5841, 29.76586 ], [ -95.5784, 29.76702 ], [ -95.57083, 29.76261 ], [ -95.5581, 29.76087 ], [ -95.55772, 29.73686 ] ] ] } }
]
}
