region_id,region_label,mean,q05,q95,p_talarico,base_gov18,base_gov22,base_pres16,base_pres20,base_pres24,base_sen18,base_sen20,base_sen24,shift_pres16,shift_sen18,shift_gov18,shift_pres20,shift_sen20,shift_gov22,shift_pres24,shift_sen24,scen_talarico_p95_2p,scen_paxton_p95_2p,confidence
001,Anderson County,0.2527562925420468,0.2110234178106486,0.2978040883481282,0,0.19643835616438357,0.17788495142238064,0.2032579185520362,0.20744820351429322,0.18900790349417637,0.2258571233438055,0.20240192153722977,0.20493278289404043,0.049498373990010586,0.026899169198241285,0.05631793637766322,0.04530808902775357,0.05035437100481702,0.07487134111966615,0.06374838904787042,0.04782350964800636,0.2785787911073135,0.23455726806186689,1
003,Andrews County,0.18245678861712772,0.14000580794732312,0.23015178953221896,0,0.16809395644727185,0.12668606188838932,0.1759764804703906,0.1467334946422399,0.13408750623856264,0.18862421001458435,0.1374625022057526,0.14925628312532058,0.006480308146737113,-0.006167421397456629,0.014362832169855871,0.035723293974887826,0.04499428641137512,0.055770726728738396,0.04836928237856508,0.03320050549180714,0.20520438693183396,0.16297205429127354,1
005,Angelina County,0.29532638120701216,0.25365306746820054,0.3399002564004924,0,0.24537480369249626,0.21278170751768383,0.2581153266675798,0.2671907419854467,0.23822196227518644,0.27114390021296014,0.26001245071591617,0.2511385426653883,0.03721105453943235,0.024182480994052014,0.0499515775145159,0.028135639221565478,0.03531393049109599,0.08254467368932833,0.05710441893182572,0.044187838541623836,0.3205271008886093,0.2752527232222383,1
007,Aransas County,0.2908558700002217,0.23269132478956298,0.35340846587593433,0,0.20254733994589721,0.20241977906365072,0.24154826065654092,0.23990127519539284,0.2191006888011764,0.2517929179740027,0.22898137271354255,0.24214928199463467,0.04930760934368075,0.039062952026218956,0.08830853005432446,0.050954594804828834,0.061874497286679125,0.08843609093657095,0.07175518119904528,0.048706588005587,0.31697056551564023,0.2676569517348544,1
009,Archer County,0.13625371271830283,0.10565103824549685,0.17101454977223104,0,0.09017308766052484,0.08261211644374508,0.09428092845178272,0.09397387273493468,0.10172143974960876,0.10491071428571429,0.10053821313240043,0.11139742319127849,0.04197278426652011,0.031342998432588545,0.04608062505777799,0.04227983998336815,0.03571549958590241,0.05364159627455775,0.03453227296869407,0.024856289527024344,0.14986142747695172,0.12013151467424857,1
011,Armstrong County,0.09034898684182259,0.06751252013327601,0.11682703348711433,0,0.06696935300794551,0.06734006734006734,0.06216505894962487,0.06756756756756757,0.06962025316455696,0.08286674132138858,0.05876951331496786,0.0883424408014572,0.028183927892197723,0.007482245520434014,0.023379633833877075,0.02278141927425502,0.03157947352685473,0.02300891950175525,0.02072873367726563,0.0020065460403653895,0.10187913898008807,0.07914871261785401,1
013,Atascosa County,0.3682026675349032,0.3126456378769702,0.42639662890541047,1.5e-4,0.3041777629826897,0.2964265728675354,0.35051624086215993,0.327993301702484,0.2816616561902159,0.3584609019445594,0.3194238024465531,0.32401761517615174,0.017686426672743283,0.009741765590343843,0.06402490455221349,0.04020936583241924,0.04877886508835011,0.07177609466736784,0.08654101134468734,0.044185052358751475,0.4005428878580703,0.34477288194474104,0.9998
015,Austin County,0.2439411139230369,0.19837844837613772,0.2934770375888847,0,0.17394094993581516,0.16901281357155748,0.19402860249226395,0.20495902208640088,0.18437765992273947,0.20441484994983125,0.19372096297339153,0.20014687228786968,0.049912511430772966,0.03952626397320566,0.07000016398722175,0.038982091836636035,0.05022015094964538,0.07492830035147943,0.059563454000297444,0.043794241635167236,0.2733118538306246,0.22282397684008182,1
017,Bailey County,0.2589021387026132,0.20576394747580798,0.3169384818807126,0,0.21928166351606806,0.16160849772382396,0.22802986789201607,0.22192078133478024,0.1922408801389693,0.2520224019912881,0.2148065058889512,0.1937984496124031,0.030872270810597124,0.00687973671132508,0.03962047518654513,0.03698135736783295,0.044095632813661995,0.09729364097878923,0.06666125856364388,0.06510368909021008,0.2881058567690096,0.2396862426395092,1
019,Bandera County,0.24689074045605017,0.19724590282510934,0.30059928633097216,0,0.1690259877456159,0.17557768539108576,0.17453736474871068,0.19941092182773443,0.1879593200207854,0.19615061001262096,0.187050947093403,0.20708715075338835,0.07235337570733949,0.050740130443429204,0.07786475271043428,0.04747981862831574,0.059839793362647165,0.07131305506496441,0.05893142043526478,0.03980358970266182,0.2727568263320857,0.22271603063561216,1
021,Bastrop County,0.48816024667010544,0.4317819832099304,0.544422846335993,0.36466,0.3889304133343299,0.4181583896357178,0.3929434509424843,0.4299527646568491,0.4069483329091372,0.44502559946959375,0.4240693322828442,0.4295977011494253,0.09521679572762115,0.04313464720051169,0.09922983333577551,0.05820748201325632,0.06409091438726122,0.07000185703438766,0.08121191376096826,0.05856254552068013,0.5220033098655883,0.461163575890967,0.6353
023,Baylor County,0.1436560978478137,0.10839185459625733,0.1843033742213244,0,0.10565110565110565,0.08152173913043478,0.1310013717421125,0.10912343470483005,0.11077481840193705,0.1270358306188925,0.10799267846247712,0.12154696132596685,0.012654726105701203,0.01662026722892118,0.03800499219670804,0.034532663142983644,0.03566341938533657,0.06213435871737891,0.03288127944587664,0.022109136521846845,0.1616307887380767,0.1278794725277939,1
025,Bee County,0.3905167106781317,0.33318587914574993,0.45063180301399947,0.0016,0.31898984198645597,0.31250988454847384,0.42061553492916465,0.3537070913590875,0.2989560628656648,0.39298196560883547,0.3519001701644923,0.3353371051390853,-0.03009882425103294,-0.002465254930703764,0.07152686869167574,0.036809619319044196,0.038616540513639386,0.07800682612965787,0.09156064781246692,0.055179605539046384,0.4199831949570065,0.36004004334312867,0.9984
027,Bell County,0.48852720352310436,0.43796198511770845,0.5389690759388112,0.35528,0.3978695856873823,0.4013360562112769,0.4209512355371441,0.45645159999039286,0.4179611876035746,0.447468958930277,0.44113760367094457,0.4403259496938265,0.06757596798596027,0.041058244592827364,0.09065761783572207,0.032075603532711494,0.04738959985215979,0.08719114731182748,0.07056601591952977,0.04820125382927787,0.5183682543154339,0.4615612452124671,0.6447
029,Bexar County,0.6329730946920855,0.5861670986899051,0.6782782361328357,1,0.53207762024324,0.583515316613385,0.5707442447797129,0.5923520942581267,0.5492994042198645,0.6002319053973221,0.5623667836532349,0.5823786604972699,0.06222884991237265,0.03274118929476344,0.1008954744488455,0.040621000433958776,0.07060631103885062,0.049457778078700554,0.08367369047222106,0.050594434194815574,0.6623835450894656,0.6052371982652026,1
031,Blanco County,0.3125269669359062,0.25145208662821283,0.3775855281872375,1e-5,0.23766737138830163,0.22839135654261705,0.2280058651026393,0.25985858036442755,0.2343230403800475,0.27266399860796936,0.24969063660112745,0.24909790714457541,0.08452110183326692,0.03986296832793684,0.07485959554760457,0.052668386571478654,0.06283633033477876,0.08413561039328915,0.0782039265558587,0.06342905979133079,0.33813078840826327,0.2852707135531377,1
033,Borden County,0.0765659665463256,0.05147876116628451,0.10764386665154957,0,0.05029585798816568,0.02857142857142857,0.08587257617728532,0.0387409200968523,0.04145077720207254,0.06432748538011696,0.04411764705882353,0.03430079155672823,-0.009306609630959722,0.01223848116620864,0.026270108558159914,0.03782504644947329,0.03244831948750206,0.04799453797489703,0.035115189344253055,0.042265174989597365,0.08284881271382105,0.06734626222443228,1
035,Bosque County,0.21755169593491064,0.1731094609639661,0.2668372734001387,0,0.15655133295519003,0.14852022807493892,0.16798210997106025,0.17286821705426356,0.16053934478036447,0.19373942470389172,0.16822851981483572,0.18300374131480493,0.04956958596385039,0.023812271231018922,0.06100036297972061,0.04468347888064708,0.04932317612007492,0.06903146785997172,0.05701235115454617,0.03454795462010571,0.2431431304322302,0.19591224817365532,1
037,Bowie County,0.3240911191622799,0.2797186806279911,0.3706090271618335,0,0.26236543757376346,0.23071651564760526,0.26170578473210054,0.2832693071930057,0.2549719811009779,0.2833647787547613,0.2781243278124328,0.2640074107343364,0.06238533443017935,0.0407263404075186,0.061725681588516434,0.0408218119692742,0.0459667913498471,0.09337460351467464,0.06911913806130199,0.06008370842794347,0.3515460761445485,0.30133494369249825,1
039,Brazoria County,0.46790582862579366,0.41923482543728396,0.5169175607667973,0.14029,0.35971576486002055,0.4003988846004691,0.3724426895190144,0.4076221169781411,0.40024273818684586,0.40774965966769144,0.39313145640421776,0.42646058378845775,0.09546313910677928,0.06015616895810222,0.10819006376577311,0.06028371164765256,0.0747743722215759,0.06750694402532459,0.0676630904389478,0.041445244837335915,0.5011011988931497,0.44062822913301,0.8597
041,Brazos County,0.45190782930716167,0.4013729777533218,0.5027852591421547,0.0599,0.3720793183085132,0.39243430551544906,0.37378342548582144,0.42653393665158373,0.3739048776445893,0.43660626184472257,0.39413064833005895,0.3915529988090155,0.07812440382134023,0.015301567462439103,0.07982851099864846,0.025373892655577934,0.057777180977102716,0.05947352379171261,0.07800295166257237,0.06035483049814616,0.4820576154742889,0.4220077943122239,0.9401
043,Brewster County,0.5287567372567072,0.4587821836619241,0.5979593041154458,0.75185,0.4873928391326273,0.45449620801733476,0.47417721518987344,0.47849120576393306,0.43619849357554275,0.5332836562344759,0.46904761904761905,0.45203619909502263,0.05457952206683381,-0.00452691897776869,0.04136389812407992,0.050265531492774185,0.0597091182090882,0.07426052923937249,0.0925582436811645,0.07672053816168461,0.5655166313927409,0.501481964791956,0.7518
045,Briscoe County,0.13681759897174361,0.10377614959480524,0.17425578113657852,0,0.09446254071661238,0.08333333333333333,0.1270949720670391,0.1087866108786611,0.0975609756097561,0.11093247588424437,0.11221590909090909,0.10851648351648352,0.009722626904704518,0.02588512308749924,0.04235505825513124,0.02803098809308252,0.024601689880834526,0.053484265638410286,0.039256623361987514,0.028301115455260095,0.15275564056246238,0.12321566020572389,1
047,Brooks County,0.6436349430927883,0.5742456989241873,0.709071366427867,0.99959,0.6454741379310345,0.6053293112116641,0.7596078431372549,0.5956239870340356,0.5484276729559748,0.7170401250651381,0.6239054290718039,0.6120727918331114,-0.11597290004446659,-0.0734051819723498,-0.0018391948382461276,0.04801095605875272,0.01972951402098444,0.038305631881124236,0.09520727013681352,0.031562151259676985,0.6730083099479098,0.6169942771268953,0.9996
049,Brown County,0.16847057033429003,0.13397289667734227,0.20666539176781384,0,0.12051578773350967,0.107556944330236,0.11885907024490394,0.13331224296108826,0.12743690946059083,0.13853423976123364,0.12720916682851038,0.14322157434402333,0.049611500089386085,0.02993633057305639,0.04795478260078036,0.035158327373201764,0.04126140350577964,0.06091362600405402,0.041033660873699196,0.0252489959902667,0.18662817025130488,0.15087770894285343,1
051,Burleson County,0.25011692469973845,0.2017001752857245,0.3030166481671248,0,0.19552901546470677,0.1717809867629362,0.21903922432789774,0.2095885593717032,0.18329566246905607,0.21933599754073163,0.2057796508127634,0.19761200569613321,0.03107770037184071,0.03078092715900682,0.05458790923503168,0.04052836532803525,0.04433727388697506,0.07833593793680224,0.06682126223068238,0.05250491900360524,0.2754909512381694,0.22993500079906312,1
053,Burnet County,0.2862386955296735,0.23400164434633447,0.34199310826361484,0,0.2038552364215498,0.20808943479512523,0.2059669107675617,0.2310497418667541,0.21906911748898206,0.24280172649292467,0.22169929196168264,0.23312816403831446,0.0802717847621118,0.043436969036748846,0.08238345910812372,0.05518895366291943,0.06453940356799087,0.07814926073454828,0.06716957804069146,0.05311053149135905,0.31635641972736395,0.2618522517168225,1
055,Caldwell County,0.5141567725194481,0.4589093776558218,0.5692665884033706,0.6648,0.4014423076923077,0.42994345211381385,0.41746473968309245,0.45378494184860235,0.427022841656988,0.45955688412168105,0.44497343545159734,0.45437060618119113,0.09669203283635569,0.05459988839776708,0.11271446482714043,0.06037183067084578,0.06918333706785079,0.08421332040563428,0.08713393086246013,0.05978616633825701,0.5476055582689305,0.4929234528091945,0.6648
057,Calhoun County,0.31226432578995583,0.2610574924380381,0.36664164260645804,0,0.2695493704440027,0.23405797101449274,0.31349911190053287,0.2757735267685197,0.23780800821355236,0.3086297760210804,0.2744326380690017,0.2647946463718672,-0.0012347861105770352,0.0036345497688754502,0.042714955345953154,0.03649079902143615,0.03783168772095413,0.07820635477546309,0.07445631757640347,0.047469679418088606,0.34062667941656594,0.292813205978109,1
059,Callahan County,0.1451321022107548,0.1107622578690187,0.18411164380416964,0,0.09796412013706914,0.08515535097813579,0.10471107839528893,0.1088052179069078,0.10963838063679585,0.12241621513144692,0.10346926354230067,0.12624341720304272,0.04042102381546586,0.02271588707930787,0.04716798207368565,0.03632688430384699,0.04166283866845412,0.059976751232619,0.03549372157395894,0.01888868500771207,0.16064144727940552,0.1301642814748226,1
061,Cameron County,0.586839693815203,0.5189881361380665,0.6524426595430031,0.98232,0.5496348071939056,0.5485603696828468,0.6683755675992383,0.5664529820062779,0.47078933439769544,0.6305595779892429,0.5695712565978331,0.5221041702097189,-0.08153587378403537,-0.043719884174039936,0.037204886621297395,0.02038671180892504,0.017268437217369814,0.03827932413235613,0.11605035941750752,0.06473552360548407,0.6170354165522371,0.5613099978156219,0.9823
063,Camp County,0.3137166975593988,0.2508605770678367,0.3806902174333608,0,0.26742976066597296,0.2187579214195184,0.2824478816408877,0.27768924302788844,0.23042977743668458,0.2892967942088935,0.27421307506053266,0.24403028538147933,0.031268815918511106,0.024419903350505312,0.046286936893425834,0.03602745453151035,0.03950362249886613,0.09495877613988041,0.08328692012271421,0.06968641217791946,0.3417176255954593,0.293764704166475,1
065,Carson County,0.12901612253568018,0.098033377332969407,0.1646754449569022,0,0.0859277708592777,0.07754237288135593,0.08688066992323797,0.09655396618985695,0.09188846641318124,0.10045286125977769,0.09401709401709402,0.10638987998702562,0.04213545261244221,0.028563261275902488,0.04308835167640247,0.03246215634582322,0.03499902851858616,0.05147374965432425,0.03712765612249894,0.022626242548654557,0.1452336310798775,0.11517619470148308,1
067,Cass County,0.2365074928797641,0.19065200547523609,0.2862757129300682,0,0.1850582590815627,0.1478481012658228,0.1979762793398026,0.20212612091408735,0.17065040073764096,0.19897758552890288,0.1983961983961984,0.17633127601550164,0.0385312135399615,0.03752990735086123,0.051449233798201405,0.034381371965676755,0.038111294483565705,0.08865939161394132,0.06585709214212315,0.06017621686426247,0.2627761219369565,0.2159844447307697,1
069,Castro County,0.24804078663292975,0.1990797185961551,0.3007180708558132,0,0.23231058234189106,0.16313993174061434,0.2711340206185567,0.2253384912959381,0.2077534791252485,0.24426534407935524,0.2155688622754491,0.21052631578947367,-0.023093233985626932,0.0037754425535745095,0.01573020429103869,0.02270229533699164,0.03247192435748064,0.08490085489231541,0.04028730750768125,0.03751447084345608,0.2740424105271981,0.22959086425119965,1
071,Chambers County,0.2235496797405612,0.18458391194349835,0.2654948856275804,0,0.1643835616438356,0.16448344840936954,0.18100325412906,0.18687034347031536,0.16921273844164242,0.1941348195329087,0.18154304381245195,0.18946114670609496,0.04254642561150121,0.029414860207652493,0.05916611809672559,0.03667933627024583,0.04200663592810924,0.059066231331191654,0.05433694129891878,0.03408853303446624,0.24640772647501014,0.2008857995281041,1
073,Cherokee County,0.2529325330320984,0.21031739977552885,0.2986585957896107,0,0.1972418432559704,0.1617267591882279,0.21167927752013668,0.21801046035938065,0.18409794955008113,0.21590985763443762,0.2135452297005736,0.19594594594594594,0.04125325551196171,0.03702267539766077,0.05569068977612798,0.03492207267271774,0.03938730333152479,0.09120577384387049,0.06883458348201726,0.05698658708615245,0.27643163207960475,0.23155395784579902,1
075,Childress County,0.16782022934479016,0.12767979948526814,0.21306783827546738,0,0.11663807890222985,0.09396751740139211,0.12311435523114356,0.13759431868619618,0.11668145519077196,0.13303013075611142,0.12753492564218116,0.12931034482758622,0.0447058741136466,0.034790098588678736,0.051182150442560304,0.03022591065859398,0.04028530370260899,0.07385271194339804,0.0511387741540182,0.03850988451720394,0.188391672471007,0.1511819813275792,1
077,Clay County,0.13960855946344544,0.10939362859550349,0.17356160301017046,0,0.10549812030075188,0.08841394825646794,0.10909831060451862,0.10804152736230864,0.0994550408719346,0.12849424477331453,0.11305903398926655,0.11448799861854601,0.030510248858926822,0.011114314690130911,0.03411043916269356,0.0315670321011368,0.026549525474178895,0.051194611206977506,0.04015351859151084,0.02512056084489943,0.15744229372433965,0.12558056238009396,1
079,Cochran County,0.2448797610317686,0.19591256740996102,0.29795050214250285,0,0.18154761904761904,0.15806988352745424,0.2186421173762946,0.1795131845841785,0.16761041902604756,0.2055800293685756,0.1930379746835443,0.1742690058479532,0.026237643655473986,0.03929973166319298,0.06333214198414955,0.06536657644759009,0.051841786348224284,0.08680987750431435,0.07726934200572103,0.07061075518381538,0.2692705960319761,0.227121193641501,1
081,Coke County,0.13372053727585112,0.10023017510030816,0.1721242150240215,0,0.09042145593869731,0.08296943231441048,0.09950248756218906,0.10090702947845805,0.09933407325194228,0.10644910644910645,0.09895833333333333,0.12212885154061624,0.03421804971366206,0.027271430826744672,0.04329908133715381,0.032813507797393074,0.03476220394251779,0.05075110496144064,0.03438646402390884,0.011591685735234877,0.1487350522467288,0.12014970610471254,1
083,Coleman County,0.1417270337569932,0.10804650187525715,0.18042620120019762,0,0.10573823339780787,0.08377452507007163,0.108835904628331,0.11021505376344086,0.10338164251207729,0.11286173633440515,0.1061814556331007,0.1159062885326757,0.0328911291286622,0.028865297422588046,0.03598880035918532,0.03151197999355233,0.03554557812389249,0.05795250868692156,0.0383453912449159,0.025820745224317487,0.16110020221721438,0.12620382199589167,1
085,Collin County,0.5318940190069926,0.47930588939496277,0.5840785379437481,0.84293,0.4007919366450684,0.449303142180108,0.4116169746925108,0.4778867821455398,0.4427697453797376,0.46910964511003034,0.4403621518936179,0.47319585566845346,0.12027704431448183,0.06278437389696229,0.13110208236192422,0.05400723686145281,0.09153186711337474,0.08259087682688465,0.089124273627255,0.05869816333853917,0.5597450682600522,0.49876373510060884,0.8429
087,Collingsworth County,0.16442829467949505,0.12538085977957658,0.20891060032362976,0,0.10836909871244635,0.08152173913043478,0.12854609929078015,0.1288445552784705,0.11240632805995004,0.12189859762675297,0.1231945624468989,0.11949152542372882,0.0358821953887149,0.04252969705274208,0.0560591959670487,0.03558373940102455,0.041233732232596146,0.08290655554906026,0.052021966619545,0.04493676925576623,0.17838177637347186,0.14662227390407653,1
089,Colorado County,0.2805782860150866,0.22786376613381354,0.3367838990584201,0,0.20635761589403973,0.1865222623345367,0.23905197305101059,0.24464213505863325,0.21224325412807088,0.2400052603892688,0.24277931956007812,0.22610388279889357,0.04152631296407602,0.0405730256258178,0.07422067012104688,0.03593615095645336,0.03779896645500849,0.09405602368054991,0.06833503188701573,0.05447440321619304,0.308899002798341,0.2569987554110499,1
091,Comal County,0.33988902807878174,0.2909318869278213,0.39119362100693345,0,0.23272458045409675,0.2604548291676843,0.23980193350624854,0.2835118653358609,0.2702175016595728,0.27631384524454516,0.2619371174373091,0.28887281232037737,0.1000870945725332,0.06357518283423658,0.107164447624685,0.05637716274292082,0.07795191064147267,0.07943419891109743,0.06967152641920893,0.05101621575840437,0.3704575714923035,0.3141590864980458,1
093,Comanche County,0.17707833885693897,0.1387106248940148,0.2197898747827646,0,0.14395267309377738,0.11886792452830189,0.1540413900819992,0.14145936981757878,0.12805158912943343,0.17048679327657718,0.1412304554724677,0.1503829920275129,0.023036948774939753,0.006591545580361791,0.03312566576316159,0.03561896903936018,0.03584788338447126,0.05821041432863708,0.049026749727505536,0.026695346829426064,0.19540851852350008,0.15825971567115746,1
095,Concho County,0.1810844322932552,0.1411032614375059,0.22519461926992437,0,0.14948453608247422,0.11758360302049622,0.14327202323330107,0.15697211155378485,0.12846347607052896,0.16873706004140787,0.1579378068739771,0.15107296137339055,0.037812409059954116,0.012347372251847316,0.031599896210780964,0.02411232073947034,0.02314662541927809,0.06350082927275896,0.05262095622272622,0.03001147091986464,0.2014248231612421,0.16497904833887228,1
097,Cooke County,0.21241677717572263,0.17151185647441242,0.25687921210129117,0,0.14295681294913834,0.15261522184751702,0.15139416575439502,0.17069020525364245,0.16317475967463643,0.1765767015888434,0.1619767755873616,0.18187299035369775,0.061022611421327616,0.03584007558687924,0.06945996422658429,0.04172657192208018,0.05044000158836104,0.05980155532820561,0.0492420175010862,0.030543786822024882,0.2379990033259657,0.19335977065825255,1
099,Coryell County,0.36242090420243084,0.30976325973435054,0.41663824433568636,2e-5,0.28022714221910294,0.2763631846975531,0.2929030019087281,0.3293598812330801,0.2945196756802649,0.3228828139935003,0.3167998571364793,0.31588345455337313,0.06951790229370275,0.039538090208930565,0.0821937619833279,0.03306102296935076,0.04562104706595155,0.08605771950487773,0.06790122852216596,0.046537449649057705,0.39303995595362584,0.342273078215965,1
101,Cottle County,0.19894219169292723,0.15277436985853954,0.2507487458256022,0,0.15913200723327306,0.10650887573964497,0.152428810720268,0.17304747320061256,0.13608562691131498,0.17477477477477477,0.17080745341614906,0.14195583596214512,0.046513380972659224,0.024167416918152468,0.039810184459654174,0.025894718492314672,0.028134738276778176,0.09243331595328226,0.06285656478161225,0.05698635573078212,0.22078831938916416,0.1805133119453356,1
103,Crane County,0.1919740286152474,0.14748895709881374,0.24271516220165773,0,0.18960538979788258,0.1323918799646955,0.2218100890207715,0.16196236559139784,0.13468501086169443,0.20305052430886558,0.15880721220527047,0.14950419527078565,-0.029836060405524112,-0.011076495693618182,0.002368638817364821,0.030011663023849555,0.03316681640997693,0.05958214865055189,0.05728901775355297,0.04246983334446175,0.21202273559468726,0.17511943291868512,1
105,Crockett County,0.30872547972833503,0.23817025964175884,0.38501359038544725,8e-5,0.26555023923444976,0.22258064516129034,0.27514792899408286,0.21994884910485935,0.22907801418439716,0.26813880126182965,0.21506849315068494,0.24550898203592814,0.03357755073425217,0.04058667846650538,0.04317524049388527,0.08877663062347568,0.09365698657765009,0.08614483456704469,0.07964746554393787,0.06321649769240689,0.3350118892526382,0.285585539000229,0.9999
107,Crosby County,0.3213847560893584,0.2581166616642652,0.38919764416495134,1e-5,0.28060128847530424,0.20481927710843373,0.28380836870830806,0.27405096203848156,0.24156400642742368,0.3088339222614841,0.26384364820846906,0.24225663716814158,0.03757638738105035,0.012550833827874308,0.04078346761405416,0.04733379405087684,0.05754110788088934,0.11656547898092467,0.07982074966193473,0.07912811892121682,0.3501776534903904,0.29155877973461647,1
109,Culberson County,0.5469375584270229,0.46215725855862405,0.6303295281303114,0.81882,0.5656836461126006,0.4561891515994437,0.6185286103542235,0.5134818288393904,0.4142857142857143,0.636919315403423,0.511968085106383,0.46321525885558584,-0.07159105192720061,-0.0899817569764001,-0.018746087685577728,0.03345572958763243,0.03496947332063982,0.09074840682757918,0.13265184414130854,0.08372229957143701,0.5760288139219741,0.5203471268876251,0.8188
111,Dallam County,0.14229526734059142,0.10888175844496716,0.1804495418760126,0,0.11579892280071813,0.07528957528957529,0.14969656102494944,0.12421185372005045,0.1057759220598469,0.12533814247069433,0.12746972594008923,0.11391492429704397,-0.007401293684358018,0.01695712486989709,0.02649634453987329,0.018083413620540972,0.014825541400502185,0.06700569205101613,0.03651934528074452,0.028380343043547446,0.16077707934772706,0.12691088973488043,1
113,Dallas County,0.6906324576440942,0.6480661529570103,0.731721699729621,1,0.5998417192505787,0.6360319964750745,0.6368288387831912,0.6609337803041345,0.613113455989538,0.6662712917686822,0.6288636317746065,0.6456428821504289,0.05380361886090301,0.02436116587541204,0.09079073839351548,0.029698677339959678,0.06176882586948773,0.05460046116901973,0.07751900165455616,0.044989575493665335,0.7152501992855724,0.6691250107538462,1
115,Dawson County,0.2610251671476753,0.20899961488658989,0.31752854753568766,0,0.24806982208794898,0.1614457831325301,0.24056467876692597,0.2149933065595716,0.1918320391141789,0.2700632700632701,0.20660457239627433,0.2039122703023118,0.020460488380749348,-0.009038102915594759,0.012955345059726342,0.04603186058810371,0.054420594751400986,0.09957938401514521,0.06919312803349642,0.057112896845363526,0.28896983371869833,0.23692905620525245,1
117,Deafsmith County,0.3195398803435859,0.25795606173756835,0.38620905092923175,1e-5,0.2555407209612817,0.21776406035665294,0.289306640625,0.27721685689201053,0.2396519285042333,0.28476114224713106,0.2600633197648123,0.24770420492991785,0.03023323971858588,0.03477873809645482,0.06399915938230416,0.04232302345157535,0.059476560578773596,0.10177581998693294,0.07988795183935257,0.07183567541366803,0.3501081371270803,0.2957534972993012,1
119,Delta County,0.19828015733479668,0.15500808392886845,0.24631531587670064,0,0.1578395385422129,0.14705882352941177,0.17889087656529518,0.1571150097465887,0.1499811106913487,0.1847599164926931,0.14913341394598953,0.17349674454232095,0.0193892807695015,0.01352024084210357,0.04044061879258379,0.04116514758820797,0.049146743388807146,0.051221333805384905,0.048299046643447974,0.02478341279247573,0.21758816447534346,0.18132082844861275,1
121,Denton County,0.5081788727755727,0.4565808767602455,0.5595381043901282,0.60321,0.3947828500069377,0.4351840920476192,0.3939351955466033,0.45891651973004194,0.43324118147430907,0.45893732979314433,0.42532381115845663,0.4574812950525927,0.11424367722896944,0.04924154298242839,0.11339602276863503,0.04926235304553078,0.08285506161711609,0.07299478072795351,0.07493769130126365,0.05069757772298,0.5395096526738115,0.4774656084348461,0.6032
123,Dewitt County,0.21159847981305635,0.1701862623357379,0.2571638493440991,0,0.15552253590886578,0.1456294576214961,0.17404968572283747,0.18533680684778564,0.16313423249839434,0.1848574237954769,0.17782346139020944,0.18238993710691823,0.037548794090218884,0.02674105601757945,0.05607594390419057,0.02626167296527071,0.033775018422846914,0.06596902219156026,0.04846424731466201,0.029208542706138124,0.2368231034562506,0.19140751746533247,1
125,Dickens County,0.18811463134193568,0.14283445024565838,0.23936831422235372,0,0.1276595744680851,0.12531969309462915,0.144960362400906,0.13224821973550355,0.14747474747474748,0.15106951871657753,0.14133900106269925,0.1533678756476684,0.043154268941029666,0.037045112625358145,0.06045505687385058,0.05586641160643213,0.046775630279236424,0.06279493824730653,0.0406398838671882,0.03474675569426727,0.21120719826406786,0.16554627772401906,1
127,Dimmit County,0.636203667393443,0.5552374378356802,0.7131041862255973,0.99661,0.6318953323903819,0.6193161790623899,0.690498887829679,0.6206140350877193,0.5150088287227781,0.7086805555555555,0.6248527679623086,0.5853269537480064,-0.054295220436236025,-0.07247688816211251,0.004308335003061159,0.015589632305723744,0.011350899431134431,0.016887488331053135,0.12119483867066494,0.050876713645436666,0.6653591196520943,0.6106733612943575,0.9966
129,Donley County,0.14161315722995688,0.10685768295711284,0.18139924262902604,0,0.1060126582278481,0.0821337849280271,0.1348870056497175,0.12102689486552567,0.10320284697508897,0.12667191188040913,0.1131957473420888,0.11671732522796352,0.00672615158023937,0.014941245349547744,0.03560049900210878,0.0205862623644312,0.028417409887868075,0.059479372301929775,0.03841031025486791,0.024895832001993357,0.16146567262002293,0.12741522528381727,1
131,Duval County,0.5497815894915288,0.47793446177230375,0.620806562825778,0.87448,0.6244596999745741,0.5577667219458264,0.6789460844108319,0.5131526504583499,0.4500903342366757,0.6755436110432446,0.5790341578327444,0.5385375494071146,-0.12916449491930315,-0.12576202155171579,-0.07467811048304529,0.036628939033178876,-0.02925256834121559,-0.007985132454297661,0.09969125525485306,0.011244040084414153,0.582112047991336,0.5238505653938549,0.8745
133,Eastland County,0.15190977469375044,0.11722757904282018,0.19136863361587675,0,0.11527189840442853,0.10390036053752869,0.11433623102991013,0.11958637469586375,0.1097737120847376,0.12951270843451515,0.11482649842271293,0.12513801987486198,0.03757354366384032,0.022397066259235293,0.03663787628932191,0.03232339999788669,0.03708327627103751,0.04800941415622176,0.04213606260901284,0.026771754818888466,0.16814410465436602,0.13693316598260438,1
135,Ector County,0.29940497286460743,0.25409256997339913,0.3475240898009036,0,0.2723834798474042,0.23646768937286383,0.2905951402081148,0.25796568627450983,0.23367243373380225,0.3053662409845828,0.2519755620031609,0.25693169742053906,0.008809832656492655,-0.0059612681199753825,0.027021493017203246,0.0414392865900976,0.04742941086144653,0.0629372834917436,0.06573253913080518,0.04247327544406837,0.3259716715756608,0.2739381295307268,1
137,Edwards County,0.210916125256201,0.1599917254360455,0.26802958018152917,0,0.1360544217687075,0.1220715166461159,0.2888465204957102,0.1583411875589067,0.13273453093812376,0.19359145527369825,0.1487603305785124,0.15966386554621848,-0.0779303952395092,0.017324669982502733,0.07486170348749349,0.052574937697294294,0.062155794677688586,0.08884460861008509,0.07818159431807722,0.05125225970998251,0.23451847064479772,0.19156750753609392,1
139,Ellis County,0.4047584658490001,0.35139499181282235,0.45964826384841206,0.00213,0.2667573833282935,0.318944127230875,0.2655979344380168,0.3270567855532617,0.34326103049293705,0.3177554550292709,0.3111347123995269,0.3690088413215449,0.13916053141098328,0.08700301081972922,0.13800108252070659,0.07770168029573843,0.09362375344947321,0.0858143386181251,0.06149743535606306,0.035749624527455226,0.4372289325471341,0.3794002517662873,0.9979
141,Elpaso County,0.6893418345418885,0.6272882211810112,0.7474516615838248,1,0.6813639364241101,0.6462031967258448,0.7270192520469131,0.678686413393432,0.5765909457064604,0.7483364208966283,0.6733196707926451,0.6039697985291049,-0.037677417505024624,-0.058994586354739864,0.007977898117778381,0.010655421148456412,0.016022163749243368,0.04313863781604366,0.11275088883542805,0.08537203601278354,0.715113012198643,0.6633992974261429,1
143,Erath County,0.2130814903174792,0.17444021439064067,0.255716763549878,0,0.16678735216027032,0.1527992576554284,0.16155572176514585,0.17566265060240963,0.15757409440175632,0.1982298062355474,0.16636961465183456,0.1756377121024834,0.051525768552333345,0.014851684081931799,0.04629413815720887,0.03741883971506957,0.04671187566564464,0.060282232662050794,0.055507395915722874,0.03744377821499578,0.23337580067381195,0.19404193725621835,1
145,Falls County,0.36060449187912674,0.3100600550068695,0.4134843834542469,0,0.2777537796976242,0.2512908777969019,0.32858536585365855,0.31254114549045425,0.27482753088400447,0.31008583690987124,0.3006393001345895,0.2905592695255177,0.03201912602546819,0.050518654969255505,0.08285071218150253,0.04806334638867249,0.05996519174453724,0.10931361408222484,0.08577696099512228,0.07004522235360905,0.3874376608340254,0.3394428459726176,1
147,Fannin County,0.2191712463055035,0.17608683931900324,0.2667211320980408,0,0.1663371928833663,0.15843997562461914,0.18209108842953942,0.17907729664103603,0.16038142110119963,0.19735856125889847,0.17777005904828067,0.18281181687589781,0.03708015787596408,0.021812685046605024,0.052834053422137206,0.04009394966446747,0.04140118725722283,0.06073127068088435,0.05878982520430387,0.03635942942960568,0.24102094076328673,0.19777252557881417,1
149,Fayette County,0.2531867205926634,0.20382531427643857,0.30602367348620974,0,0.17165765069551778,0.16812542079445994,0.19740139211136892,0.20683733999375586,0.19032843953382775,0.21083932853717027,0.20702446724546172,0.20287968139695184,0.05578532848129447,0.04234739205549312,0.08152906989714562,0.04634938059890753,0.04616225334720167,0.08506129979820345,0.06285828105883565,0.050307039195711556,0.27913571006428595,0.22653023173792886,1
151,Fisher County,0.2415903011707355,0.18923057788613118,0.29898001850714395,0,0.2107409925220938,0.15195369030390737,0.24160671462829736,0.19555555555555557,0.18161805173362686,0.22988505747126436,0.19841718485019785,0.2013498312710911,-1.641345756187018e-5,0.011705243699471124,0.030849308648641688,0.04603474561517992,0.043173116320537636,0.08963661086682811,0.05997224943710863,0.04024046989964439,0.26598204073686516,0.2193647249707047,1
153,Floyd County,0.24799094493327206,0.19292889579922304,0.3089395726225098,0,0.221505376344086,0.13852515506547208,0.2278679937139864,0.2166172106824926,0.17269657501205982,0.2545454545454545,0.20348539210661198,0.20069204152249134,0.020122951219285673,-0.0065545096121824575,0.026485568589186048,0.03137373425077947,0.04450555282666008,0.10946578986779998,0.07529436992121225,0.04729890341078072,0.2718936551949111,0.22522112034307157,1
155,Foard County,0.23051405384137447,0.17794586966121528,0.2893852320841026,0,0.2337962962962963,0.1324376199616123,0.22782258064516128,0.18198529411764705,0.17037037037037037,0.26036866359447003,0.20939334637964774,0.17669172932330826,0.0026914731962131844,-0.029854609753095562,-0.003282242454921841,0.048528759723727416,0.02112070746172673,0.09807643387976217,0.0601436834710041,0.053822324518066206,0.2531570290939164,0.21171559760679004,1
157,Fortbend County,0.5885262645858644,0.5400800415290216,0.6361192163541929,0.99854,0.4990188703276933,0.5240841840358818,0.5345170392535826,0.5535482775214425,0.5081013992553174,0.5610191393969002,0.5264839202143775,0.5389995987309505,0.05400922533228181,0.027507125188964254,0.08950739425817111,0.0349779870644219,0.062042344371486924,0.06444208054998268,0.08042486533054705,0.04952666585491394,0.6168449266279518,0.5590758888847874,0.9985
159,Franklin County,0.21420061607944132,0.16900206581965702,0.2635748259585439,0,0.13783367556468173,0.13192476165936615,0.1565442561205273,0.1619335347432024,0.15380249716231556,0.16222391469916222,0.1547154304499692,0.16493855606758834,0.05765635995891402,0.0519767013802791,0.07636694051475959,0.05226708133623892,0.05948518562947214,0.08227585442007518,0.060398118917125765,0.04926206001185299,0.23804538026200323,0.19322575032969486,1
161,Freestone County,0.22583230707974805,0.17996683012461948,0.27595752616224245,0,0.17641611359777742,0.15035654680625093,0.19621181806055757,0.1895432413633202,0.1665001665001665,0.1961054891137688,0.18507925157907282,0.1818801089918256,0.029620489019190482,0.029726817965979258,0.04941619348197063,0.03628906571642784,0.040753055500675234,0.07547576027349712,0.059332140579581555,0.043952198087922445,0.2499061254515311,0.20494724961109748,1
163,Frio County,0.48841329108377285,0.4195728630425825,0.5570036884123721,0.39103,0.485347474183645,0.48894348894348894,0.5683720930232559,0.46177311725452813,0.3765281173594132,0.552026286966046,0.4784157585917854,0.44232022593960463,-0.07995880193948302,-0.0636129958822732,0.00306581690012786,0.026640173829244718,0.009997532491987426,-5.301978597160861e-4,0.11188517372435963,0.04609306514416822,0.5160425516145618,0.45782009747955654,0.609
165,Gaines County,0.11833972847046358,0.08998008338924177,0.15082495614582178,0,0.12566137566137567,0.07637524557956778,0.1325488454706927,0.09711684370257967,0.0843524615867043,0.1339425587467363,0.09671726085421814,0.08960229995208434,-0.01420911700022913,-0.015602830276272725,-0.007321647190912092,0.021222884767883907,0.021622467616245436,0.0419644828908958,0.033987266883759276,0.028737428518379238,0.13429636502240075,0.10554818221903098,1
167,Galveston County,0.43621221452722725,0.38713248332479744,0.486140537670011,0.01805,0.3528514243659014,0.36890078953883965,0.3718264276284972,0.3852101104397295,0.3612881861081215,0.3998456160275407,0.36874125733714386,0.38409635433529754,0.06438578689873004,0.03636659849968654,0.08336079016132586,0.051002104087497724,0.06747095719008339,0.0673114249883876,0.07492402841910573,0.05211586019192971,0.46477963636773867,0.4109952344602145,0.982
169,Garza County,0.17653934855156986,0.13651937476058484,0.22139903635391384,0,0.14715189873417722,0.11335012594458438,0.15807560137457044,0.14051094890510948,0.1342155009451796,0.15971675845790717,0.14071294559099437,0.14471122647631407,0.018463747176999418,0.016822590093662687,0.029387449817392636,0.036028399646460374,0.03582640296057549,0.06318922260698548,0.04232384760639027,0.03182812207525579,0.19545042188164835,0.1565228191495755,1
171,Gillespie County,0.25317048228554256,0.20666052024292933,0.3034627789949669,0,0.16396090784266215,0.18310391771290274,0.17967645673001414,0.20247275508253137,0.19313042415352646,0.2063874177499599,0.1927927927927928,0.20374605921988007,0.07349402555552842,0.046783064535582675,0.08920957444288041,0.05069772720301119,0.06037768949274977,0.07006656457263982,0.0600400581320161,0.0494244230656625,0.2806155811851188,0.22977009456202768,1
173,Glasscock County,0.10298235827426501,0.07526806544131429,0.1354383582264472,0,0.06533575317604355,0.04745166959578207,0.05792163543441227,0.06,0.057488653555219364,0.06727272727272728,0.054858934169279,0.05666156202143951,0.04506072283985274,0.035709631001537734,0.03764660509822146,0.04298235827426501,0.04812342410498601,0.05553068867848294,0.045493704719045645,0.0463207962528255,0.12030209262075837,0.0945961899651194,1
175,Goliad County,0.2674171938360213,0.2172337224035991,0.32075820033991315,0,0.20471134704711347,0.1992786293958521,0.2708043417756749,0.22135285209490158,0.19666329625884732,0.2356227407163983,0.21875,0.22047040578960972,-0.003387147939653612,0.031794453119623006,0.06270584678890784,0.04606434174111973,0.048667193836021305,0.06813856444016919,0.07075389757717399,0.046946788046411586,0.2978643736680085,0.24283772239349255,1
177,Gonzales County,0.30058131599209825,0.24637727916971205,0.3582207062193924,0,0.2102803738317757,0.20534739905420152,0.2551152971744073,0.25716171617161715,0.22425421530479897,0.25411007862759116,0.24084335721043384,0.2479881974248927,0.04546601881769097,0.04647123736450709,0.09030094216032256,0.0434195998204811,0.05973795878166441,0.09523391693789673,0.07632710068729928,0.052593118567205555,0.3278078977427915,0.2748775052560267,1
179,Gray County,0.14401281394433307,0.10826472204638407,0.18510804876525125,0,0.09369154905628295,0.0870515388818066,0.09734759061241494,0.10809753553266398,0.11212845010615712,0.1049308991639652,0.10348977135980746,0.11918012759603638,0.04666522333191814,0.03908191478036788,0.050321264888050124,0.035915278411669097,0.04052304258452562,0.056961275062526476,0.03188436383817596,0.02483268634829669,0.16002873882909655,0.13078461782410608,1
181,Grayson County,0.2887645536431095,0.24410121016837913,0.33576139499043967,0,0.23237228600391335,0.2151631521031238,0.22577039407355456,0.24725152976870238,0.22645204724891363,0.2606045034102588,0.24167287985712552,0.24161546038744783,0.06299415956955493,0.028160050232850675,0.056392267639196136,0.04151302387440711,0.04709167378598397,0.07360140153998568,0.06231250639419586,0.04714909325566166,0.316914536203717,0.26460093955738123,1
183,Gregg County,0.3540580812810719,0.30555398618035606,0.4046345559975132,0,0.28153374750513027,0.26340276721909683,0.2887416235998121,0.312884603184673,0.28700345423143353,0.31183126995686516,0.3016648025466747,0.30007468916128466,0.06531645768125982,0.04222681132420675,0.07252433377594164,0.04117347809639893,0.0523932787343972,0.09065531406197508,0.06705462704963838,0.053983392119787255,0.38395434036187504,0.3300550918238282,1
185,Grimes County,0.26219955599445566,0.21722528185343412,0.31026492717988874,0,0.21749325829522806,0.1854588285683692,0.23695863484177557,0.23098247044435385,0.19625296102218076,0.2386203660253402,0.22286950732356858,0.2112163146394756,0.02524092115268009,0.023579189969115455,0.0447062976992276,0.031217085550101803,0.039330048670887074,0.07674072742608645,0.0659465949722749,0.05098324135498006,0.2857245376025002,0.23793267854536218,1
187,Guadalupe County,0.4321817542607174,0.38103916571949825,0.48433807346932545,0.01612,0.322414984406805,0.3441800917529073,0.33424204423604675,0.37723617695591816,0.3509565176113168,0.3717163115315549,0.3559362709152723,0.3780337510524325,0.09793971002467067,0.060465442729162544,0.10976676985391243,0.054945577304799265,0.07624548334544512,0.08800166250781011,0.08122523664940062,0.054148003208284945,0.46895243357306965,0.4099042583541984,0.9839
189,Hale County,0.2752918822272329,0.22973016690886455,0.3241604661600731,0,0.2379115580658493,0.1861319699632529,0.24813983701429077,0.2410109983079526,0.2071630742434139,0.26875852660300137,0.23541621149224382,0.22481572481572482,0.027152045212942122,0.006533355624231518,0.037380324161383593,0.034280883919280275,0.03987567073498907,0.08915991226397998,0.06812880798381898,0.05047615741150807,0.3055341146426568,0.25472103083566994,1
191,Hall County,0.18323654607363923,0.1424099342030987,0.228787660211444,0,0.148380355276907,0.10829493087557604,0.15515610217596973,0.14445399828030955,0.13058720420683612,0.16632231404958678,0.13891362422083706,0.1393884892086331,0.028080443897669505,0.016914232024052456,0.034856190796732245,0.03878254779332968,0.04432292185280218,0.0749416151980632,0.05264934186680312,0.043848056865006146,0.20355232456627673,0.16555237870026013,1
193,Hamilton County,0.19291341271405624,0.14966935591240974,0.24089711835065591,0,0.12243047158403869,0.12590869438790345,0.13534896863520768,0.15038832666509766,0.14095624718087504,0.15354330708661418,0.14182692307692307,0.15509365006852444,0.05756444407884856,0.03937010562744206,0.07048294113001755,0.04252508604895858,0.051086489637133164,0.06700471832615279,0.05195716553318119,0.0378197626455318,0.21725888915217426,0.17268209494117803,1
195,Hansford County,0.09947849811964106,0.07496810095994204,0.12781868564137672,0,0.07082833133253301,0.06026490066225165,0.08995265649658074,0.08242303872889771,0.07344064386317907,0.08165680473372781,0.07915831663326653,0.07542329399692149,0.009525841623060319,0.017821693385913245,0.02865016678710805,0.01705545939074335,0.02032018148637453,0.03921359745738941,0.02603785425646199,0.024055204122719567,0.11147079298778559,0.08951647303841619,1
197,Hardeman County,0.18801581063661088,0.14439964201041436,0.2372768924628429,0,0.13379669852302345,0.11632653061224489,0.17101648351648352,0.1534054742202419,0.13447782546494993,0.15975820379965458,0.15016181229773462,0.1572463768115942,0.01699932712012736,0.0282576068369563,0.05421911211358743,0.034610336416368986,0.03785399833887626,0.07168928002436599,0.053537985171660946,0.03076943382501668,0.21036063517887707,0.16966894592484846,1
199,Hardin County,0.15668638932205242,0.12394621605235526,0.1933655753660644,0,0.11719969780911609,0.10425980165459123,0.12418475833109979,0.12710376115908092,0.11937370711177687,0.13162230988165977,0.12592922985429675,0.1305671317267621,0.03250163099095263,0.025064079440392656,0.03948669151293634,0.029582628162971497,0.030757159467755674,0.052426587667461194,0.03731268221027555,0.026119257595290324,0.17350554156613335,0.14127246066583998,1
201,Harris County,0.6045470649630466,0.5623269287614681,0.6458529024444545,0.99995,0.5290188730993763,0.548526863084922,0.5645837005301192,0.567197896249312,0.5281024848086735,0.5839369795063306,0.543224119268424,0.5582821719698291,0.03996336443292736,0.020610085456715943,0.07552819186367021,0.037349168713734504,0.0613229456946226,0.05602020187812451,0.07644458015437305,0.046264892993217455,0.6337471500022145,0.5800178956764955,1
203,Harrison County,0.309223546804828,0.26297350411907777,0.3582742853099322,0,0.24931641938231208,0.2215500945179584,0.2761003861003861,0.2691194004428547,0.24541246211742765,0.277913755507098,0.26382432526191635,0.2507361651717719,0.03312316070444188,0.03130979129772998,0.059907127422515916,0.04010414636197329,0.04539922154291165,0.0876734522868696,0.06381108468740035,0.05848738163305611,0.33580483058890775,0.28650575476677403,1
205,Hartley County,0.12017466073576677,0.09074670670591398,0.15410147578422811,0,0.07759699624530664,0.061577934573444515,0.09057398630858346,0.09452253999030538,0.08125623130608176,0.09425717852684144,0.08648648648648649,0.08647561588738059,0.02960067442718331,0.025917482208925327,0.04257766449046013,0.025652120745461388,0.03368817424928028,0.058596726162322255,0.038918429429685014,0.03369904484838618,0.1336413415468857,0.10799584965972366,1
207,Haskell County,0.19924529809515634,0.15717975582475172,0.24539922033848582,0,0.16162227602905568,0.11533816425120773,0.18287711124053582,0.16096671226630188,0.1400987876066457,0.18170878459687123,0.16102088167053363,0.16376146788990825,0.01636818685462052,0.01753651349828511,0.03762302206610066,0.03827858582885446,0.03822441642462271,0.08390713384394861,0.059146510488510634,0.03548383020524809,0.2210719474395614,0.1802907397916088,1
209,Hays County,0.6078911879347545,0.5568827121858911,0.6573465789922783,0.99965,0.5103452760257494,0.5561296916699789,0.4955108128262491,0.555240476101638,0.5285965506671184,0.57776700515385,0.5288103028458377,0.5534775368916669,0.1123803751085054,0.03012418278090445,0.09754591190900508,0.05265071183311654,0.07908088508891675,0.05176149626477555,0.07929463726763608,0.054413651043087596,0.6368532148030251,0.5776693042780676,0.9996
211,Hemphill County,0.15864582669264918,0.12125018579338769,0.2007466325769035,0,0.11250925240562547,0.10329341317365269,0.11016433353621424,0.12174940898345153,0.11860174781523096,0.11493411420204978,0.11853188929001203,0.12380952380952381,0.048481493156434935,0.043711712490599394,0.04613657428702371,0.036896417709197646,0.04011393740263715,0.05535241351899649,0.04004407887741822,0.034836302883125364,0.17958953778998135,0.14008732568640977,1
213,Henderson County,0.2375866394482325,0.19398881877802715,0.2846447298822153,0,0.17509565480925862,0.17316923521131844,0.19335584433302636,0.19626921686914459,0.18066217557052588,0.2058465749258724,0.1885331600214756,0.19875196671911252,0.04423079511520614,0.031740064522360084,0.06249098463897387,0.04131742257908791,0.04905347942675689,0.06441740423691406,0.05692446387770661,0.03883467272911997,0.2598847970515557,0.2161275100622572,1
215,Hidalgo County,0.6071898037577572,0.5385566088393687,0.6734200593303639,0.99435,0.6289335547283001,0.592819137493367,0.7095150223050325,0.5861168768230571,0.4855000766454382,0.6918586545278655,0.5811891913379644,0.5337562455475485,-0.10232521854727528,-0.08466885077010833,-0.02174375097054293,0.021072926934700087,0.02600061241979279,0.014370666264390208,0.12168972711231901,0.0734335582102087,0.6362181273986526,0.5812796770867784,0.9944
217,Hill County,0.23414207266140818,0.18990474577101724,0.2825649794560562,0,0.18136821636910022,0.16269559032716926,0.20126432240221256,0.19342621398620316,0.17597058114299494,0.2148636763412489,0.1849583706048304,0.19740307466160348,0.03287775025919562,0.01927839632015929,0.052773856292307963,0.040715858675205024,0.049183702056577794,0.07144648233423892,0.05817149151841325,0.03673899799980471,0.2603104153899894,0.21044811005743289,1
219,Hockley County,0.2262439329532014,0.18258184127914664,0.27375110636105066,0,0.17199263844738163,0.1435354273192111,0.17857650234408295,0.1848341232227488,0.1666456732585968,0.2,0.17668836971786034,0.17389630390143737,0.04766743060911843,0.026243932953201377,0.05425129450581975,0.04140980973045258,0.04955556323534105,0.08270850563399029,0.05959825969460458,0.052347629051764016,0.24878462765294396,0.20514309500439384,1
221,Hood County,0.22216517125993301,0.18155568264761487,0.26628859085354023,0,0.15286236297198538,0.15990630925382013,0.15785742418274912,0.17610354307602014,0.16707162184549118,0.1902458686013704,0.16658781972435108,0.1845179727117362,0.0643077470771839,0.031919302658562604,0.06930280828794763,0.04606162818391288,0.05557735153558194,0.062258862006112886,0.055093549414441834,0.037647198548196814,0.24069938254851406,0.19819818774062567,1
223,Hopkins County,0.24646647853463521,0.2007425938312232,0.2957599472810764,0,0.1887498936260744,0.16355751922762232,0.18990693803434971,0.1932128131937837,0.17497450662827665,0.214749810142604,0.1848010437051533,0.19145694960697093,0.0565595405002855,0.031716668392031216,0.057716584908560825,0.05325366534085152,0.06166543482948192,0.08290895930701289,0.07149197190635856,0.05500952892766428,0.27456663115415164,0.22813752040718333,1
225,Houston County,0.2932095824095515,0.24388984757338167,0.34547530133343907,0,0.22479452054794521,0.19635087719298244,0.24172064035194915,0.246852997653083,0.22175687285223367,0.2419442927362097,0.24202300846537877,0.23027251833205648,0.05148894205760232,0.05126528967334176,0.06841506186160626,0.04635658475646848,0.0511865739441727,0.09685870521656903,0.0714527095573178,0.062937064077495,0.31985769966048644,0.268654705588272,1
227,Howard County,0.23915730291748216,0.19972319842529515,0.2816215482064759,0,0.2118422860283006,0.16713221601489758,0.21040104724503153,0.20438605156574138,0.18368838763575607,0.23052832244008714,0.19950990402287114,0.20413659377356458,0.02875625567245063,0.00862898047739502,0.02731501688918156,0.03477125135174078,0.039647398894611025,0.07202508690258458,0.055468915281726094,0.03502070914391758,0.26233538352515356,0.21937804613099346,1
229,Hudspeth County,0.3692774731483348,0.30369879047525244,0.438510165460168,0.001,0.3829296424452134,0.30660377358490565,0.39177750906892383,0.3248686514886165,0.26692836113837093,0.44395604395604393,0.3565965583173996,0.2874743326488706,-0.022500035920589023,-0.07467857080770912,-0.013652169296878569,0.04440882165971832,0.012680914830935197,0.06267369956342916,0.10234911200996388,0.08180314049946419,0.4051220339208425,0.34772009384379465,0.999
231,Hunt County,0.2807922491666771,0.2360702302220678,0.3286121195615944,0,0.21217527833285754,0.2128886826228204,0.21104731736289845,0.2339436286742494,0.22032837817428638,0.2529894572985212,0.22358695944311555,0.24366991060812893,0.06974493180377866,0.02780279186815593,0.06861697083381957,0.04684862049242772,0.057205289723561564,0.06790356654385671,0.06046387099239073,0.037122338558548185,0.30946603790640304,0.2585691293647189,1
233,Hutchinson County,0.146756317546287,0.1124971963099063,0.18565965397605266,0,0.10470964791952446,0.09034632758909152,0.10815602836879433,0.11161230626879481,0.11153188370388468,0.11397003178447102,0.10619469026548672,0.11835355936444389,0.03860028917749268,0.032786285761816,0.04204666962676255,0.0351440112774922,0.04056162728080029,0.0564099899571955,0.03522443384240233,0.028402758181843124,0.1656200468506112,0.13155657252965616,1
235,Irion County,0.1695259961085841,0.12917600334702692,0.21518641472011144,0,0.11950549450549451,0.10174418604651163,0.12,0.13590033975084936,0.12124711316397228,0.13114754098360656,0.12700228832951946,0.1388235294117647,0.0495259961085841,0.038378455124977534,0.05002050160308959,0.033625656357734734,0.04252370777906464,0.06778181006207247,0.048278882944611815,0.03070246669681939,0.18990619538467027,0.1513099307690098,1
237,Jack County,0.11903642752646759,0.09007596317776775,0.15213716233667432,0,0.08833034111310592,0.07640525075732077,0.0955278369333739,0.08829021072285943,0.08680057388809183,0.10594130279169649,0.08761329305135952,0.10374149659863946,0.023508590593093695,0.013095124734771105,0.030706086413361672,0.03074621680360816,0.03142313447510807,0.04263117676914682,0.032235853638375764,0.015294930927828132,0.13445645868401282,0.10538993216479305,1
239,Jackson County,0.2014317570896323,0.157835230316825,0.25000549021583635,0,0.1511308391460579,0.12053473591935131,0.17485493230174082,0.16491060025542784,0.14431673052362706,0.17541640312038795,0.1649967679379444,0.16055564529155225,0.026576824787891473,0.026015353969244343,0.050300917943574386,0.036521156834204455,0.036434989151687885,0.08089702117028098,0.05711502656600523,0.04087611179808004,0.22369528046810752,0.18076043237213874,1
241,Jasper County,0.24119143768355153,0.19918293701006892,0.28647743981184587,0,0.1697662514929193,0.14165634400990976,0.1962155178964967,0.19062983995869903,0.16574760727641502,0.19361954861700323,0.18802347820352172,0.1738291302110139,0.04497591978705484,0.0475718890665483,0.07142518619063223,0.0505615977248525,0.05316795948002981,0.09953509367364177,0.07544383040713651,0.06736230747253763,0.2495153700372607,0.2095608709953721,1
243,Jeffdavis County,0.4720880465878881,0.39601581490556337,0.54836063167821,0.27495000000000003,0.3614564831261101,0.36847290640394087,0.3781362007168459,0.3898832684824903,0.391644908616188,0.40557006092254133,0.3864,0.3998211091234347,0.09395184587104222,0.06651798566534678,0.11063156346177799,0.08220477810539784,0.08568804658788809,0.10361514018394724,0.08044313797170011,0.0722669374644534,0.5048607132202876,0.4437048418309298,0.725
245,Jefferson County,0.5166365653071586,0.4748915695683146,0.5586047311786007,0.74114,0.4694767838154702,0.43231171531127677,0.4975441064415919,0.492006877182491,0.45522143759060935,0.5025715487644353,0.4845342706502636,0.4745902718751122,0.019092458865566708,0.014065016542723296,0.047159781491688424,0.024629688124667648,0.032102294656895014,0.08432484999588186,0.06141512771654928,0.04204629343204641,0.5429919488209597,0.4951452280515787,0.7411
247,Jimhogg County,0.6374927076568919,0.5653288179542155,0.7064399663716054,0.99903,0.648686030428769,0.5740498034076016,0.7917675544794189,0.5896551724137931,0.5414294750158127,0.7215793056501021,0.6353467561521253,0.6101131071190952,-0.154274846822527,-0.08408659799321017,-0.011193322771877123,0.04783753524309886,0.0021459515047665967,0.06344290424929033,0.09606323264107919,0.027379600537796756,0.667463317834847,0.6105961079826787,0.999
249,Jimwells County,0.5066293377530411,0.4503412413937529,0.5626724462529908,0.57579,0.4756801319043693,0.46355159991523626,0.5527729564426812,0.45085470085470086,0.42208431090592596,0.5411633336717084,0.46410414419966106,0.4653457530786233,-0.04614361868964012,-0.03453399591866735,0.03094920584867178,0.055774636898340224,0.042525193553380025,0.04307773783780483,0.08454502684711512,0.041283584674417784,0.5353764685013991,0.47748151163579616,0.5758
251,Johnson County,0.29555414434377514,0.24883953322702584,0.3452013467791267,0,0.19587129288621827,0.22212966316551974,0.1984468123532599,0.2315872390705002,0.24059050738134227,0.23581553435556757,0.22144625556334702,0.26731105634791935,0.09710733199051524,0.05973860998820757,0.09968285145755687,0.06396690527327495,0.07410788878042812,0.0734244811782554,0.054963636962432866,0.028243087995855787,0.32583463570267107,0.27581888369897245,1
253,Jones County,0.18116324918846397,0.13965662121703248,0.22799087397198042,0,0.15373679935012186,0.11784989858012171,0.16264118158123372,0.1500225259047905,0.13154459753444525,0.16818273701233072,0.14847228619683708,0.15351654846335697,0.01852206760723024,0.012980512176133246,0.02742644983834211,0.031140723283673455,0.03269096299162688,0.06331335060834226,0.049618651654018714,0.027646700725107,0.20068831343584836,0.16358401544991732,1
255,Karnes County,0.274313356901376,0.2265278118224749,0.3251033223451117,0,0.258523424086338,0.20512820512820512,0.27858880778588807,0.2372164552095348,0.2080364212193191,0.2932000974896417,0.23508281780083815,0.23891825945506304,-0.004275450884512089,-0.018886740588265727,0.015789932815037988,0.03709690169184118,0.03923053910053784,0.06918515177317086,0.06627693568205689,0.035395097446312945,0.3004309225767903,0.2558785047871755,1
257,Kaufman County,0.4088968270567797,0.3564610285674937,0.4620434563803718,0.00266,0.27243615191213444,0.33111831059190766,0.25782014298256617,0.32849060308054756,0.3594574556238824,0.31484784889821615,0.31740880411922545,0.3891740342965644,0.15107668407421354,0.09404897815856356,0.13646067514464527,0.08040622397623215,0.09148802293755426,0.07777851646487205,0.04943937143289728,0.019722792760215324,0.44365061281444357,0.38601911109297765,0.9973
259,Kendall County,0.2831197553321641,0.23648829587745973,0.3325118484285654,0,0.1738102579915716,0.20252536640360766,0.18833686604973376,0.2306248323947439,0.2189642697171209,0.2210676446617767,0.20583355839345654,0.23198997703069535,0.09478288928243034,0.062052110670387406,0.1093094973405925,0.052494922937420196,0.07728619693870756,0.08059438892855644,0.0641554856150432,0.051129778301468753,0.31102455062868634,0.2576144542667943,1
261,Kenedy County,0.3456722541352222,0.28392877929784127,0.41054191235749,6e-5,0.3392857142857143,0.2781456953642384,0.5409836065573771,0.3385416666666667,0.26282051282051283,0.4350282485875706,0.3475609756097561,0.34285714285714286,-0.19531135242215492,-0.08935599445234843,0.006386539849507877,0.007130587468555494,-0.0018887214745338943,0.06752655877098379,0.08285174131470935,0.0028151112780793186,0.3742194196155259,0.3182896417492853,0.9999
263,Kent County,0.14656024217195196,0.10990542340916741,0.18864127435459174,0,0.1021021021021021,0.09826589595375723,0.14081145584725538,0.10329670329670329,0.11363636363636363,0.13056379821958458,0.12072892938496584,0.13151927437641722,0.005748786324696581,0.01599644395236738,0.044458140069849855,0.04326353887524867,0.025831312786986124,0.04829434621819473,0.03292387853558833,0.015040967795534738,0.16575602892085683,0.1312554291014561,1
265,Kerr County,0.2918267036274862,0.24237149014701267,0.34463635513217533,0,0.19547494732985252,0.20963377232545552,0.20889860764012852,0.23807612305222056,0.22610096670247046,0.2360581289736603,0.22048353604271728,0.24251235824367548,0.08292809598735768,0.0557685746538259,0.09635175629763368,0.05375058057526563,0.07134316758476891,0.08219293130203068,0.06572573692501574,0.049314345383810715,0.31970685899260237,0.26858465451763797,1
267,Kimble County,0.15844771588194567,0.1219989740770156,0.19931271876216555,0,0.09526627218934912,0.10140237324703344,0.10825013137151865,0.12505504183179217,0.10934227063259322,0.11538461538461539,0.11462093862815885,0.12751390671801455,0.050197584510427024,0.04306310049733028,0.06318144369259655,0.033392674050153504,0.04382677725378682,0.05704534263491223,0.04910544524935245,0.030933809163931125,0.17573041680358498,0.14555527647620944,1
269,King County,0.061168272405072444,0.04120154322791096,0.08547027500052148,0,0.047619047619047616,0.02912621359223301,0.032467532467532464,0.050314465408805034,0.044444444444444446,0.046153846153846156,0.032467532467532464,0.03731343283582089,0.02870073993753998,0.015014426251226287,0.013549224786024827,0.01085380699626741,0.02870073993753998,0.03204205881283943,0.016723827960627997,0.02385483956925155,0.07186030893216924,0.05457492795389049,1
271,Kinney County,0.32640820753322347,0.26190290052575416,0.39467948048826207,6e-5,0.2457627118644068,0.22145922746781116,0.3285509325681492,0.28050314465408804,0.24520255863539445,0.30210970464135023,0.2696245733788396,0.2869757174392936,-0.002142725034925741,0.02429850289187324,0.08064549566881668,0.04590506287913543,0.056783634154383866,0.10494898006541231,0.08120564889782902,0.03943249009392985,0.35459490302273483,0.3006400507262026,0.9999
273,Kleberg County,0.5314911842153515,0.471766951011955,0.591054517119979,0.80591,0.4289598108747045,0.4594666312856574,0.5192244133524292,0.4911464037970062,0.4362887840144593,0.5219632189293663,0.48537901012586354,0.4778697001034126,0.012266770862922272,0.009527965285985207,0.10253137334064699,0.04034478041834527,0.04611217408948792,0.07202455292969406,0.09520240020089216,0.053621484111938844,0.5647527049336271,0.5080888568805382,0.8059
275,Knox County,0.22069090194983687,0.17128668399264554,0.2752302741845018,0,0.20036934441366575,0.1360544217687075,0.18641509433962264,0.18339100346020762,0.1562043795620438,0.21125461254612546,0.18652482269503545,0.18513011152416356,0.03427580761021423,0.009436289403711412,0.020321557536171125,0.03729989848962925,0.03416607925480142,0.08463648018112938,0.06448652238779307,0.03556079042567331,0.24315831008145206,0.19811683500736196,1
277,Lamar County,0.24897760507818711,0.20678758468566286,0.294222073652839,0,0.19736115372813748,0.1752021563342318,0.1974757495590829,0.20930012311771948,0.19310703971973678,0.22648296043406693,0.20617958512644458,0.20886623713818636,0.05150185551910422,0.022494644644120182,0.051616451350049636,0.039677481960467637,0.04279801995174254,0.07377544874395531,0.055870565358450336,0.04011136794000075,0.27487845352850526,0.2307685755603395,1
279,Lamb County,0.24008902225017986,0.19258994796828524,0.2918370987386557,0,0.18424135910954892,0.13751230718739743,0.2020997375328084,0.1926163723916533,0.1766416283014296,0.20319767441860465,0.18777803793022713,0.18161434977578475,0.03798928471737145,0.036891347831575216,0.05584766314063094,0.04747264985852656,0.052310984319952736,0.10257671506278243,0.06344739394875026,0.05847467247439511,0.2646135571719767,0.21666033572831384,1
281,Lampasas County,0.2620365869884334,0.2089717535132796,0.3194889519098905,0,0.18109492988133766,0.18481604528116155,0.18848500254194203,0.2095796676441838,0.19941034575180916,0.21188386225523295,0.19623015873015873,0.2119047619047619,0.07355158444649137,0.050152724733200454,0.08094165710709575,0.05245691934424962,0.06580642825827468,0.07722054170727186,0.06262624123662425,0.050131825083671505,0.2934408372667984,0.24205464265808116,1
283,Lasalle County,0.4936832119518329,0.4236914228969452,0.5633763131240664,0.44224,0.4989676531314522,0.4652143359100492,0.5645,0.4407205697528278,0.39702127659574465,0.5471063257065949,0.48155246765692383,0.46771037181996084,-0.0708167880481671,-0.053423113754762,-0.0052844411796192925,0.052962642199005094,0.012130744294909068,0.02846887604178372,0.09666193535608825,0.025972840131872066,0.5279627479698972,0.4633793859096748,0.5578
285,Lavaca County,0.16535333549637135,0.13000283229736292,0.20482362119599679,0,0.10798855061150144,0.09325469959454478,0.13737231419513912,0.13149847094801223,0.11818181818181818,0.13221746464253276,0.131764943457189,0.1338773924026037,0.02798102130123223,0.033135870853838595,0.057364784884869915,0.03385486454835912,0.033588392039182347,0.07209863590182657,0.04717151731455317,0.03147594309376764,0.18096275005250714,0.14689692465146106,1
287,Lee County,0.2553960446058458,0.20702512881907162,0.3078973084817906,0,0.1953625194670358,0.1765274866999839,0.21541843303501335,0.21861336664584635,0.19607843137254902,0.22757789636770528,0.2137974683544304,0.20902237354085604,0.03997761157083246,0.027818148238140522,0.060033525138809996,0.036782677959999455,0.041598576251415414,0.07886855790586192,0.05931761323329679,0.04637367106498977,0.2825499382492955,0.23422705713492536,1
289,Leon County,0.15809122040468074,0.12434763513035042,0.19573957354715368,0,0.1149724433557869,0.10294985250737464,0.12452054794520548,0.1247236765561373,0.11458679977814754,0.1302162656107219,0.1216712036927447,0.12600293818510566,0.03357067245947526,0.02787495479395885,0.043118777048893844,0.03336754384854344,0.03642001671193604,0.0551413678973061,0.0435044206265332,0.032088282219575076,0.17557980546701019,0.1428526468181532,1
291,Liberty County,0.23990698404553445,0.19864700138031474,0.284101857355173,0,0.18758295236690753,0.17825931415137733,0.20468131683084953,0.19888610031973047,0.19081204116308145,0.21605903626233994,0.19933110367892976,0.21139681704590293,0.035225667214684925,0.023847947783194517,0.052324031678626926,0.04102088372580398,0.0405758803666047,0.061647669894157126,0.049094942882453,0.02851016699963152,0.26251247698542846,0.21846753454765486,1
293,Limestone County,0.29197590441640253,0.24556337793049088,0.3410753269313538,0,0.22359796067006554,0.20219064535227946,0.23475046210720887,0.24583425905354367,0.2133970228838036,0.24291733255847742,0.24087591240875914,0.23065644033385968,0.05722544230919366,0.049058571857925115,0.06837794374633699,0.04614164536285886,0.0510999920076434,0.08978525906412307,0.07857888153259893,0.06131946408254285,0.3214168935059742,0.270824267269319,1
295,Lipscomb County,0.13257947933324352,0.10001812203951337,0.16986008790470988,0,0.10321969696969698,0.07165109034267912,0.10432766615146831,0.09805389221556886,0.0985576923076923,0.10964083175803403,0.0901386748844376,0.10693877551020409,0.028251813181775207,0.022938647575209484,0.02935978236354654,0.03452558711767466,0.04244080444880592,0.060928388990564394,0.03402178702555121,0.02564070382303943,0.14663546241026584,0.11918451327202562,1
297,Liveoak County,0.2134078119079671,0.1698305796209174,0.26120220261048666,0,0.1394257316399779,0.13731418493323255,0.17641464574417498,0.16331408086038637,0.15015785319652722,0.16565767749036875,0.1607324516785351,0.16482855424102666,0.03699316616379211,0.047750134417598344,0.07398208026798919,0.05009373104758072,0.052675360229432006,0.07609362697473454,0.06324995871143987,0.048579257666940434,0.23668578860281098,0.19605362045430144,1
299,Llano County,0.2513175237213519,0.2022086387214861,0.304633115763337,0,0.17443713887228532,0.17619528310544186,0.18026471750296325,0.19650829081632654,0.19334073251942285,0.2107561024012701,0.1883179835191469,0.20014953271028038,0.07105280621838866,0.04056142132008181,0.07688038484906659,0.054809232905025373,0.06299954020220502,0.07512224061591005,0.05797679120192906,0.05116799101107153,0.2769301712105545,0.22908371406245373,1
301,Loving County,0.18243403467804514,0.12689354821841692,0.24652747901907945,0,0.16363636363636364,0.08,0.06557377049180328,0.0625,0.10416666666666667,0.11538461538461539,0.07936507936507936,0.18478260869565216,0.11686026418624186,0.06704941929342975,0.018797671041681507,0.11993403467804514,0.10306895531296578,0.10243403467804514,0.07826736801137847,-0.002348574017607019,0.19644233239147188,0.16330893308285288,1
303,Lubbock County,0.3704292812941718,0.324353599064515,0.4180088695711987,1e-5,0.30621848361990545,0.29635857730462134,0.2991545145931635,0.33662241962347955,0.3003193338453454,0.3529852060584713,0.3136951752491838,0.30989331947229026,0.0712747667010083,0.017444075235700518,0.06421079767426635,0.033806861670692245,0.05673410604498802,0.07407070398955046,0.07010994744882637,0.060535961821881534,0.3991554706482442,0.34389679563538034,1
305,Lynn County,0.23461995842163408,0.18583425506657933,0.28838578117192687,0,0.17954815695600476,0.1154299175500589,0.20677270395074396,0.18799298860648553,0.144602048857368,0.1908983451536643,0.1848362494392104,0.14660743134087237,0.02784725447089012,0.04372161326796978,0.055071801465629316,0.04662696981514855,0.04978370898242368,0.11919004087157518,0.09001790956426609,0.08801252708076171,0.25740742108723436,0.20993576143546072,1
307,Mcculloch County,0.17926237224952496,0.13983476689817562,0.2236238417449162,0,0.1392884178652536,0.12386587771203156,0.15886618325642715,0.14437242192103714,0.13044724770642202,0.15128593040847202,0.13926733272782318,0.14468704512372635,0.020396188993097808,0.02797644184105294,0.03997395438427137,0.03488995032848782,0.039995039521701775,0.0553964945374934,0.04881512454310294,0.03457532712579861,0.20015780198063607,0.163050240880936,1
309,Mclennan County,0.4121949600146393,0.3653430545257912,0.46021525793041884,0.00144,0.334564244072015,0.3317280848687884,0.35929264633644437,0.38124928557325605,0.34389503295453394,0.38289797731034764,0.3577320139074619,0.3647605593432017,0.05290231367819492,0.029296982704291652,0.07763071594262427,0.030945674441383242,0.05446294610717739,0.08046687514585088,0.06829992706010535,0.047434400671437615,0.4442464528843361,0.38847107741586595,0.9986
311,Mcmullen County,0.12468956084544702,0.09111821754961286,0.16398412503442295,0,0.07710280373831775,0.07547169811320754,0.08097165991902834,0.10331384015594541,0.07628865979381444,0.09579439252336448,0.08651911468812877,0.10191082802547771,0.04371790092641868,0.02889516832208254,0.04758675710712927,0.02137572068950161,0.03817044615731825,0.04921786273223948,0.04840090105163258,0.02277873281996931,0.13938000593295757,0.11362522099570636,1
313,Madison County,0.23718530827614284,0.18686689582722416,0.29236318096658626,0,0.18985011832763607,0.1538660460305146,0.2081758034026465,0.20696214571048127,0.17649212742585133,0.2045633359559402,0.20007770007770007,0.18922961854899029,0.02900950487349635,0.03262197232020264,0.04733518994850677,0.03022316256566157,0.037107608198442776,0.08331926224562825,0.06069318085029152,0.047955689727152556,0.2637014773401339,0.21780697512590375,1
315,Marion County,0.31802227104496283,0.26138527389906857,0.37781605788755535,0,0.26890034364261167,0.21492170709241634,0.2808582449373192,0.27843626533582866,0.23535699016673792,0.2937103289094057,0.27405498281786944,0.23882863340563992,0.03716402610764363,0.024311942135557152,0.04912192740235116,0.039586005709134175,0.04396728822709339,0.10310056395254649,0.08266528087822492,0.07919363763932291,0.34588443431164106,0.2941885143133313,1
317,Martin County,0.16556054577104407,0.12661429107883276,0.20987708724210194,0,0.14947780678851175,0.1,0.1545613015688553,0.13426573426573427,0.1192084942084942,0.1577922077922078,0.12680810028929604,0.1306930693069307,0.010999244202188757,0.007768337978836276,0.01608273898253232,0.0312948115053098,0.03875244548174803,0.06556054577104406,0.04635205156254986,0.03486747646411337,0.18268755972532566,0.14886993603411514,1
319,Mason County,0.23719478927681065,0.1840726831607566,0.2957694022007753,0,0.17182662538699692,0.16609505144536993,0.1761194029850746,0.18668300653594772,0.17290836653386454,0.20489296636085627,0.18283120099050765,0.1786871961102107,0.061075386291736034,0.032301822915954376,0.06536816388981373,0.05051178274086293,0.054363588286303,0.07109973783144072,0.0642864227429461,0.05850759316659995,0.2625049577539271,0.2140670766738559,1
321,Matagorda County,0.32303052186444775,0.27123271202450755,0.3777409851237939,0,0.2573082489146165,0.23620492569884652,0.2949603910332041,0.2749300338783326,0.24499545040946316,0.2934027777777778,0.2690559175632672,0.2688155459592844,0.028070130831243656,0.02962774408666996,0.06572227294983124,0.04810048798611516,0.05397460430118056,0.08682559616560123,0.07803507145498459,0.05421497590516333,0.3505991397479977,0.2997070903009705,1
323,Maverick County,0.5437929590713921,0.4513840419791521,0.6348554849375125,0.78188,0.6650694777192142,0.590015932023367,0.7868765609626882,0.5475110146642993,0.4070123898326734,0.7236373852781419,0.5820764387172354,0.48487204863565675,-0.24308360189129607,-0.17984442620674979,-0.12127651864782207,-0.0037180555929071657,-0.03828347964584322,-0.04622297295197486,0.13678056923871873,0.058920910435735385,0.5770671629536374,0.5174249210648603,0.7819
325,Medina County,0.35761585663490036,0.30197192861532024,0.4161317873246576,4e-5,0.24742525435366083,0.26704281060958585,0.2771696871822477,0.3021637296453268,0.28467272876218563,0.2876439464674759,0.28471171047199667,0.3099816084266845,0.08044616945265265,0.06997191016742449,0.11019060228123953,0.05545212698957358,0.0729041461629037,0.09057304602531452,0.07294312787271473,0.04763424820821588,0.38782366928963413,0.33312672967413526,1
327,Menard County,0.22515583478523243,0.17643140065064777,0.2789557930818438,0,0.16752577319587628,0.14304291287386217,0.18421052631578946,0.1931372549019608,0.16488845780795344,0.1866151866151866,0.19168356997971603,0.1905697445972495,0.04094530846944297,0.03854064817004582,0.05763006158935616,0.03201857988327164,0.033472264805516405,0.08211292191137026,0.06026737697727899,0.03458609018798292,0.24718392737054473,0.20024425141133015,1
329,Midland County,0.24546675717245592,0.2072023584957008,0.286441431941974,0,0.19219454329774616,0.1809169764560099,0.2133069492318822,0.21274135937742653,0.19471652800411698,0.22829302653204978,0.19977252843394575,0.20854863088333508,0.032159807940573715,0.017173730640406143,0.05327221387470976,0.03272539779502939,0.04569422873851017,0.06454978071644601,0.050750229168338934,0.036918126289120834,0.2682064335164606,0.22266858179324983,1
331,Milam County,0.2823571694061315,0.22911330868010374,0.33939141069632667,0,0.22793650793650794,0.18837602706621556,0.2437314319667261,0.2381679389312977,0.2114861186717474,0.25217830534158353,0.23488807809880682,0.2277731520029605,0.038625737439405394,0.03017886406454795,0.054420661469623544,0.04418923047483378,0.04746909130732466,0.09398114233991592,0.07087105073438407,0.05458401740317098,0.3092616236524772,0.25695914109377777,1
333,Mills County,0.151993274000087,0.11349931779864596,0.19602617179202456,0,0.10320641282565131,0.09464627151051626,0.11075660893345488,0.10892282958199356,0.11363636363636363,0.11490215755143,0.10294117647058823,0.12802381838481577,0.04123666506663212,0.037091116448656994,0.04878686117443569,0.043070444418093434,0.04905209752949877,0.05734700248957074,0.038356910363723365,0.023969455615271223,0.16943689101771786,0.1377391295854029,1
335,Mitchell County,0.1961406553410418,0.15109067197902992,0.24649534142863672,0,0.15742208135235078,0.10505394662123793,0.16588566073102157,0.1546552395792754,0.14102564102564102,0.16928721174004194,0.14429260450160772,0.15371968762844226,0.030254994610020236,0.026853443600999866,0.038718573988691024,0.0414854157617664,0.051848050839434084,0.09108670871980387,0.05511501431540078,0.04242096771259954,0.2167764132660955,0.17615316929405153,1
337,Montague County,0.14716266162960254,0.11451319892891018,0.1837882400274958,0,0.10439410480349345,0.09846827133479212,0.10521935560575436,0.11295304777594728,0.10948971268014139,0.1277664630006789,0.10974209042497651,0.12479247371333703,0.04194330602384817,0.01939619862892364,0.04276855682610908,0.03420961385365526,0.037420571204626024,0.048694390294810416,0.037672948949461146,0.022370187916265508,0.16552555485016812,0.13127757302669937,1
339,Montgomery County,0.33724250074966755,0.2899547824914452,0.38679836669256495,0,0.22931361476335585,0.2564135029316088,0.2336744005832301,0.27777591042691374,0.27043363649212304,0.27174379714093383,0.25973620719836216,0.2889455759688169,0.10356810016643744,0.06549870360873372,0.1079288859863117,0.05946659032275381,0.0775062935513054,0.08082899781805875,0.06680886425754451,0.048296924780850625,0.3652813961698172,0.3071652944698853,1
341,Moore County,0.21477710493981564,0.1703710793917839,0.2638409457936454,0,0.1866600298656048,0.13455056179775282,0.21635467980295567,0.19590481460985057,0.1617149304249718,0.19504337050805454,0.1880293619424054,0.18560311284046693,-0.00157757486314003,0.019733734431761102,0.02811707507421085,0.01887229032996507,0.02674774299741023,0.08022654314206282,0.05306217451484385,0.029173992099348706,0.2390684529242504,0.1998006324410482,1
343,Morris County,0.31897808653933074,0.26136994366647875,0.38077466602520116,1e-5,0.2772585669781931,0.23245835436648157,0.2927280197206245,0.30227066303360584,0.24278312361213916,0.2987167300380228,0.30479388173848165,0.25475428356241764,0.02625006681870623,0.020261356501307948,0.04171951956113762,0.016707423505724905,0.014184204800849087,0.08651973217284917,0.07619496292719158,0.0642238029769131,0.3436314620056288,0.2952287273046557,1
345,Motley County,0.09408489539009957,0.06913383854739216,0.12354087595688909,0,0.06679389312977099,0.036,0.066006600660066,0.07076923076923076,0.05409582689335394,0.07648183556405354,0.06929133858267716,0.06477093206951026,0.028078294730033565,0.017603059826046027,0.027291002260328573,0.0233156646208688,0.0247935568074224,0.05808489539009957,0.039989068496745626,0.029313963320589304,0.1046937526481804,0.08338810538769224,1
347,Nacogdoches County,0.3663491296868195,0.31864045493359194,0.41578243020742994,3e-5,0.3219629246259528,0.29260999572832125,0.3166951935976315,0.341193418758056,0.3043736394221255,0.35951085693030177,0.3282283327532196,0.3170926837073483,0.049653936089188,0.006838272756517716,0.04438620506086671,0.02515571092876351,0.038120796933599876,0.07373913395849824,0.06197549026469401,0.04925644597947121,0.3944514233933271,0.344656780578165,1
349,Navarro County,0.30332915518590575,0.2565284140145723,0.35261365498920105,0,0.23972169512966476,0.22572572572572572,0.2501875468867217,0.2698799005343633,0.23909400233609263,0.27381368369557624,0.26028506640751536,0.2632796832416311,0.05314160829918407,0.029515471490329515,0.06360746005624099,0.03344925465154247,0.04304408877839039,0.07760342946018003,0.06423515284981313,0.04004947194427466,0.3320079658561589,0.2806044115236316,1
351,Newton County,0.23487488283793848,0.19431598026636493,0.2783223209207043,0,0.1874595992243051,0.15842722464934467,0.21234386480529022,0.19372419488026424,0.16605616605616605,0.2134107027724049,0.19556078695140408,0.1728922091782284,0.02253101803264826,0.021464180065533578,0.04741528361363337,0.04115068795767424,0.039314095886534395,0.07644765818859381,0.06881871678177243,0.06198267365971008,0.2548692444690294,0.21519083890517782,1
353,Nolan County,0.25502549881877357,0.20533797520589508,0.30907428324518715,0,0.2013993003498251,0.17299465240641712,0.2246234446627374,0.21953523521632345,0.20126282557221783,0.2292851842691071,0.2079552037072794,0.22774285134861083,0.030402054156036168,0.025740314549666465,0.05362619846894848,0.03549026360245011,0.04707029511149416,0.08203084641235645,0.05376267324655573,0.027282647470162735,0.28018806559774684,0.2304047088777113,1
355,Nueces County,0.5293469507292422,0.47718126781018727,0.5812439726333458,0.82336,0.4287657332843973,0.4597176315580241,0.4921571765835701,0.48529575759506777,0.4420792202508946,0.5076916484552427,0.46969721861703,0.4717902889484659,0.037189774145672094,0.021655302273999477,0.10058121744484488,0.04405119313417444,0.059649732112212195,0.06962931917121812,0.08726773047834763,0.057556661780776286,0.5631373719518113,0.5029683529305468,0.8234
357,Ochiltree County,0.12388837260874754,0.09279349416604629,0.1597330878834358,0,0.0891130727196301,0.06398104265402843,0.09441764300482426,0.09698137443802184,0.08990641711229946,0.09589614740368509,0.09081999346618752,0.09494743981010512,0.029470729603923274,0.02799222520506245,0.03477529988911744,0.0269069981707257,0.033068379142560014,0.059907329954719105,0.03398195549644807,0.02894093279864242,0.14015294025979808,0.10999469634317356,1
359,Oldham County,0.08748187880071046,0.06625845541427634,0.1119184591091735,0,0.07711442786069651,0.06578947368421052,0.08405172413793104,0.0811623246492986,0.07636738906088751,0.10073710073710074,0.07535641547861507,0.09548793284365163,0.0034301546627794194,-0.013255221936390282,0.010367450940013942,0.00631955415141186,0.012125463322095381,0.021692405116499933,0.011114489739822944,-0.008006054042941177,0.1000733704046957,0.08058254906718086,1
361,Orange County,0.21191498911514528,0.17641346036975575,0.2506532651658518,0,0.16676894752991714,0.1496281407035176,0.18353174603174602,0.1788537827420308,0.16451737879123313,0.19264515144579233,0.17870113529125797,0.17786896844488467,0.028383243083399262,0.019269837669352946,0.04514604158522814,0.03306120637311449,0.03321385382388731,0.06228684841162768,0.047397610323912154,0.03404602067026061,0.2332536533630223,0.19196287010032442,1
363,Palopinto County,0.21685836914095363,0.17695099187316832,0.26017450296450295,0,0.16370449678800855,0.15838840332551696,0.1709367493995196,0.17625637290604515,0.1619069205197945,0.19575873827791987,0.16862060364180595,0.18162887552059231,0.04592161974143402,0.021099630863033764,0.05315387235294508,0.04060199623490848,0.04823776549914768,0.058469965815436675,0.05495144862115914,0.03522949362036132,0.24287828025110367,0.19655782273152478,1
365,Panola County,0.21512635451686857,0.17221745685753723,0.2617733578445195,0,0.17219917012448133,0.1469946679592826,0.17850194552529183,0.1807080734428534,0.16703200350723366,0.1832989217710484,0.18055555555555555,0.17252139800285307,0.036624408991576735,0.03182743274582017,0.04292718439238724,0.03441828107401518,0.034570798961313015,0.06813168655758597,0.04809435100963491,0.042604956514015496,0.23750311637623472,0.19594561049968745,1
367,Parker County,0.21822330579613033,0.1810507548460216,0.2583515534524313,0,0.14975961538461538,0.16159052453468697,0.15221555356914826,0.17341664224241293,0.16517103509551312,0.184278231254743,0.16189014451809192,0.1840564699524914,0.06600775222698207,0.03394507454138734,0.06846369041151495,0.0448066635537174,0.05633316127803842,0.05663278126144336,0.053052270700617216,0.03416683584363894,0.24062665859295096,0.19606131763116685,1
369,Parmer County,0.207238920797617,0.16178699285285053,0.2582694722925414,0,0.1732283464566929,0.11556064073226545,0.20208768267223381,0.18604651162790697,0.14773183460457648,0.18172936003908158,0.17556071152358854,0.15365653245686114,0.0051512381253831785,0.025509560758535416,0.03401057434092408,0.02119240916971002,0.03167820927402845,0.09167828006535154,0.059507086193040515,0.05358238834075585,0.23211468929975587,0.18925318367059765,1
371,Pecos County,0.36537344929666316,0.30261891049223694,0.4305496701253113,4.7e-4,0.3366993652625505,0.290448343079922,0.3863749378418697,0.3006308462040461,0.2732919254658385,0.38257142857142856,0.30872784384114876,0.29977628635346754,-0.02100148854520656,-0.017197979274765407,0.028674084034112646,0.06474260309261703,0.05664560545551439,0.07492510621674114,0.09208152383082463,0.06559716294319562,0.397789459460864,0.3418233139625205,0.9995
373,Polk County,0.24232595440806107,0.19824684240019222,0.2902788297263187,0,0.20462805912284954,0.1944477899554378,0.21623715333367763,0.2248330550918197,0.2035148802122192,0.23131458783946166,0.2279731847466481,0.21542485866171632,0.02608880107438344,0.011011366568599412,0.03769789528521153,0.017492899316241373,0.014352769661412967,0.04787816445262327,0.03881107419584187,0.02690109574634475,0.27779163094672554,0.2322598614094568,1
375,Potter County,0.3395932070770475,0.29198723468051313,0.3894308507563552,0,0.2783965294289409,0.250011658816397,0.2806098141972368,0.3030145688891604,0.275484175720359,0.3106567534076828,0.28784025619289816,0.28777140648154115,0.05898339287981069,0.028936453669364703,0.0611966776481066,0.03657863818788709,0.05175295088414933,0.08958154826065051,0.0641090313566885,0.05182180059550634,0.368603008808169,0.3171116081834003,1
377,Presidio County,0.7381035168380612,0.6777104879391982,0.792831231505283,1,0.7118959107806692,0.6688311688311688,0.7546583850931677,0.6698717948717948,0.6524822695035462,0.738498789346247,0.6785185185185185,0.6570073761854583,-0.016554868255106547,-3.952725081858288e-4,0.02620760605739203,0.06823172196626637,0.05958499831954267,0.06927234800689241,0.08562124733451504,0.08109614065260284,0.7600687308876019,0.7097868789415079,1
379,Rains County,0.18211819539266622,0.1429603464991818,0.22545959142304306,0,0.1293418647166362,0.12077001013171226,0.13664055700609226,0.14040353510088377,0.13332310524700827,0.15537303216974674,0.134894853821166,0.14857053585377286,0.045477638386573954,0.026745163222919477,0.05277633067603002,0.041714660291782446,0.04722334157150021,0.06134818526095395,0.04879509014565794,0.033547659538893354,0.20247326460959417,0.16448532777416963,1
381,Randall County,0.24748138294891173,0.20575731218783108,0.2923086353922681,0,0.16925143228893413,0.17332687324893092,0.16143471801501091,0.20129563822761723,0.19524823016196471,0.19988771521250936,0.18519463130041125,0.20729717779437998,0.08604666493390081,0.04759366773640236,0.07822995065997759,0.0461857447212945,0.06228675164850048,0.0741545096999808,0.05223315278694701,0.04018420515453175,0.2705218645096111,0.22716962764289692,1
383,Reagan County,0.2035785887852833,0.16047283472236346,0.2518909413858633,0,0.154126213592233,0.1274787535410765,0.1906392694063927,0.15439856373429084,0.14984059511158343,0.1642512077294686,0.14708691499522444,0.16956521739130434,0.01293931937889059,0.03932738105581468,0.04945237519305029,0.04918002505099245,0.056491673790058844,0.0760998352442068,0.05373799367369986,0.03401337139397895,0.22776626228890376,0.18354203935599284,1
385,Real County,0.21732198782319676,0.16762018979822157,0.27255596607972205,0,0.13706563706563707,0.14019292604501607,0.15936739659367397,0.163015792154865,0.16237113402061856,0.15745501285347044,0.14958158995815898,0.17591623036649215,0.05795459122952279,0.059866974969726316,0.08025635075755969,0.05430619566833175,0.06774039786503777,0.07712906177818069,0.05495085380257819,0.041405757456704606,0.24301691889941704,0.19590000478598663,1
387,Redriver County,0.2744091183790905,0.22967483740794847,0.3212916342803303,0,0.20639269406392693,0.17993405558172398,0.22640394088669952,0.21620683671698768,0.19066551426101988,0.22113636363636363,0.21105794790005317,0.20332979100247964,0.04800517749239097,0.05327275474272686,0.06801642431516355,0.05820228166210281,0.06335117047903732,0.0944750627973665,0.08374360411807061,0.07107932737661085,0.2993500114703858,0.25163002848409716,1
389,Reeves County,0.4201586914592116,0.3487117462142302,0.494349264206329,0.03824,0.48259561667382894,0.3739495798319328,0.5393368010403121,0.3826516607191875,0.31378299120234604,0.5267143458140513,0.4033182503770739,0.3595717884130982,-0.11917810958110053,-0.10655565435483971,-0.062436925214617356,0.037507030740024094,0.01684044108213767,0.04620911162727881,0.10637570025686555,0.06058690304611336,0.45117323117442837,0.38953658451763096,0.9618
391,Refugio County,0.3918194258769942,0.33536579306265457,0.4499298485671848,0.00149,0.3031893419459023,0.2781889420983892,0.3610335195530726,0.33393610608800484,0.30101539469374383,0.3411196133709223,0.33042635658914726,0.3234301147873059,0.030785906323921586,0.05069981250607192,0.0886300839310919,0.05788331978898936,0.061393069287846935,0.11363048377860502,0.09080403118325037,0.06838931108968832,0.4259783255730513,0.3627120730331316,0.9985
393,Roberts County,0.04527094427040776,0.03206118755034393,0.06127006966068911,0,0.034482758620689655,0.016018306636155607,0.03676470588235294,0.031135531135531136,0.03527336860670194,0.041304347826086954,0.027726432532347505,0.03558718861209965,0.008506238388054817,0.003966596444320805,0.010788185649718104,0.014135413134876623,0.017544511738060254,0.029252637634252152,0.009997575663705821,0.009683755658308112,0.05053766845010078,0.03944652063902093,1
395,Robertson County,0.31315116545047594,0.2635476422356661,0.3658644932547278,0,0.2828331719909648,0.2178234501347709,0.320622907873672,0.29600997506234417,0.2376897445390596,0.3115174847609881,0.28644370691856014,0.25112669003505256,-0.007471742423196037,0.0016336806894878264,0.03031799345951114,0.017141190388131777,0.026707458531915806,0.09532771531570505,0.07546142091141633,0.062024475415423386,0.3387556530831053,0.2885586328394258,1
397,Rockwall County,0.3657411379364242,0.3127367322480861,0.42150803805845094,6e-5,0.2475164035942976,0.28651725196608646,0.25330668700202474,0.3088561857804208,0.2935392802673849,0.3057985014228651,0.2855703613587545,0.3181134788861289,0.11243445093439947,0.05994263651355913,0.1182247343421266,0.05688495215600342,0.08017077657766969,0.07922388597033775,0.0722018576690393,0.04762765905029531,0.39544280860793823,0.336572691637442,0.9999
399,Runnels County,0.15636901188155594,0.12132001795025368,0.1956390636841687,0,0.10681114551083591,0.08653545766947829,0.12233324331623008,0.12663454920853406,0.11210317460317461,0.1193058568329718,0.12154826528203917,0.13274336283185842,0.034035768565325863,0.03706315504858414,0.04955786637072003,0.029734462673021878,0.03482074659951677,0.06983355421207765,0.044265837278381334,0.023625649049697522,0.1764186822068407,0.1415424057328628,1
401,Rusk County,0.2599204850984108,0.2133942818321104,0.3099464705864845,0,0.20086983535259398,0.17442538038200064,0.21144545943041376,0.21873080376128148,0.20089140628627142,0.2227227844976549,0.2139563922773989,0.21235923156998202,0.04847502566799705,0.03719770060075592,0.059050649745816836,0.04118968133712933,0.04596409282101191,0.08549510471641017,0.059029078812139396,0.0475612535284288,0.285692931237672,0.23612863794389943,1
403,Sabine County,0.15354655898021458,0.12043757186356563,0.19109945272331622,0,0.11639135959339263,0.0929951690821256,0.13330438558402083,0.12268476068219329,0.10607695073714492,0.12550607287449392,0.128214685054044,0.11176040905770636,0.020242173396193747,0.028040486105720658,0.03715519938682195,0.030861798298021284,0.02533187392617059,0.060551389898088975,0.04746960824306966,0.04178614992250822,0.17287843904949657,0.14032940638224867,1
405,Sanaugustine County,0.3126309946291124,0.2666806223740251,0.36143515715241603,0,0.2295302013422819,0.1926605504587156,0.2576443941109853,0.2457988462503135,0.21712292002147074,0.24466666666666667,0.24255096706743334,0.22185612300933552,0.05498660051812715,0.06796432796244575,0.08310079328683054,0.06683214837879892,0.07008002756167908,0.11997044417039682,0.09550807460764169,0.0907748716197769,0.3372487939553517,0.29123941741147735,1
407,Sanjacinto County,0.22742752031111835,0.18095942440889898,0.27798113814782444,0,0.16527942925089179,0.16344725111441308,0.2018421313261365,0.1869899183869419,0.17127332860855185,0.19226626454114606,0.1878105332891686,0.18770070648683365,0.02558538898498186,0.03516125576997228,0.06214809106022656,0.04043760192417645,0.03961698702194974,0.06398026919670527,0.0561541917025665,0.039726813824284696,0.25204268341563524,0.20665976069299943,1
409,Sanpatricio County,0.39874972524412555,0.3446171764261581,0.4541044502486451,0.00149,0.32428531779072994,0.3193367664535114,0.3765848523994067,0.35241530740276034,0.3164182635438845,0.37417181978798586,0.3443327387708772,0.3473718312140601,0.022164872844718853,0.024577905456139693,0.07446440745339561,0.046334417841365216,0.05441698647324833,0.07941295879061416,0.08233146170024103,0.05137789403006543,0.42715376319388376,0.3722135820346906,0.9985
411,Sansaba County,0.14523872448776282,0.11214084224068535,0.18290522869809575,0,0.10312805474095797,0.09315323707498836,0.1264020707506471,0.11059730250481696,0.10267857142857142,0.12001943634596696,0.1085209003215434,0.1258027956176804,0.01883665373711571,0.02521928814179586,0.042110669746804844,0.034641421982945855,0.03671782416621941,0.05208548741277445,0.04256015305919139,0.019435928870082414,0.15950859725392583,0.12984205814743338,1
413,Schleicher County,0.2383980333325243,0.1860472785705131,0.2956632569373937,0,0.19788359788359788,0.16012084592145015,0.20233463035019456,0.1833188531711555,0.17486338797814208,0.22139830508474576,0.1708407871198569,0.1903435468895079,0.03606340298232974,0.01699972824777854,0.04051443544892641,0.055079180161368785,0.0675572462126674,0.07827718741107415,0.06353464535438222,0.04805448644301641,0.2643585417736375,0.2161277804659541,1
415,Scurry County,0.17145169169077998,0.134266938041586,0.2130459786002961,0,0.13334874046683615,0.11744555908979691,0.1425238187828116,0.141010170660231,0.12924810706110232,0.147688060731539,0.14185022026431718,0.1476155806334183,0.02892787290796839,0.023763630959240972,0.03810295122394383,0.03044152103054898,0.0296014714264628,0.05400613260098307,0.04220358462967766,0.023836111057361692,0.19130547899542266,0.15516511775524486,1
417,Shackelford County,0.11243957382150997,0.0834505159888019,0.1459919727009106,0,0.06812842599843383,0.06590724165988608,0.06954760297096556,0.080545229244114,0.0853302162478083,0.08065779169929523,0.07232704402515723,0.1021854695806261,0.042891970850544414,0.03178178212221475,0.044311147823076144,0.03189434457739597,0.04011252979635274,0.04653233216162389,0.02710935757370167,0.010254104240883868,0.12459745706939972,0.09858353641055045,1
419,Shelby County,0.2380716027548447,0.19646770558207366,0.28286445303785823,0,0.18218191517738064,0.15164707589609636,0.1967103054716348,0.2059145673603505,0.1757698132256436,0.20201886040642847,0.2044489383215369,0.17958682757210062,0.04136129728320992,0.03605274234841624,0.05588968757746407,0.032157035394494216,0.0336226644333078,0.08642452685874835,0.062301789529201096,0.058484775182744086,0.26215181150329786,0.2182323839765543,1
421,Sherman County,0.12904350344686868,0.09805176853748938,0.16490129961474229,0,0.09548387096774194,0.05,0.10532150776053215,0.0932377049180328,0.07891770011273957,0.1116816431322208,0.09016393442622951,0.09392898052691867,0.02372199568633654,0.017361860314647884,0.033559632479126744,0.03580579852883589,0.038879569020639174,0.07904350344686868,0.05012580333412911,0.035114522919950014,0.14328047413102676,0.11476112313524978,1
423,Smith County,0.33405404608551303,0.29097372265294397,0.3794164785046803,0,0.27017856441026583,0.2489419007310504,0.27452911485904224,0.3000658594660317,0.27249934404244774,0.30129188219697955,0.289764084974326,0.28634261089586466,0.05952493122647079,0.03276216388853348,0.0638754816752472,0.03398818661948133,0.04428996111118705,0.08511214535446263,0.06155470204306529,0.04771143518964838,0.3592250755169887,0.3110167922813546,1
425,Somervell County,0.19660306711074235,0.15147649503455407,0.24670873746448418,0,0.1370502609173304,0.13884007029876977,0.14415376401494928,0.1576031192284014,0.14321128909229597,0.17271487039563438,0.14787123572170302,0.16656971107232887,0.05244930309579307,0.023888196715107973,0.05955280619341194,0.03899994788234096,0.04873183138903933,0.05776299681197258,0.053391778018446384,0.030033356038413478,0.21624946614150808,0.1796213366184756,1
427,Starr County,0.5504569150209203,0.46933192810299434,0.6299961130753327,0.84663,0.6837749975371884,0.5913879981676592,0.8068270650568922,0.5252554407435202,0.41971986054192917,0.7719528178243774,0.5828559152105414,0.4878489801822653,-0.25637015003597186,-0.2214959028034571,-0.1333180825162681,0.02520147427740016,-0.03239900018962105,-0.04093108314673888,0.13073705447899114,0.06260793483865501,0.5838243223874513,0.5196871577517238,0.8466
429,Stephens County,0.13847406788540775,0.10408030572842106,0.178030861628959,0,0.09897959183673469,0.07954545454545454,0.1028976936723832,0.10497091485986251,0.1023454157782516,0.1097932904100305,0.10146500271296799,0.12274959083469722,0.03557637421302455,0.028680777475377256,0.039494476048673066,0.03350315302554524,0.037009065172439765,0.05892861333995321,0.036128652107156156,0.015724477050710534,0.15567807710007434,0.12453269478468182,1
431,Sterling County,0.09454843195888672,0.0708794656782543,0.12219969907521067,0,0.08057851239669421,0.045146726862302484,0.11308562197092084,0.08031496062992126,0.06869009584664537,0.09053497942386832,0.07654723127035831,0.09195402298850575,-0.01853719001203412,0.004013452535018405,0.013969919562192512,0.014233471328965464,0.01800120068852841,0.04940170509658424,0.02585833611224135,0.0025944089703809764,0.10588392838748223,0.0856329303626736,1
433,Stonewall County,0.19723558602518756,0.15271749149523312,0.2471330486513763,0,0.16026711185308848,0.12455516014234876,0.1956521739130435,0.15868673050615595,0.1518987341772152,0.1839080459770115,0.17231638418079095,0.16905444126074498,0.001583412112144078,0.013327540048176073,0.036968474172099086,0.038548855519031616,0.02491920184439661,0.07268042588283881,0.04533685184797237,0.028181144764442584,0.22117401331534747,0.17524895810484756,1
435,Sutton County,0.24236426527547192,0.188130283408136,0.30213800140401015,0,0.20893007582139847,0.15505226480836237,0.2255043227665706,0.20854922279792745,0.16344086021505377,0.22101751459549623,0.20212060967528164,0.17470760233918128,0.016859942508901327,0.021346750679975685,0.03343418945407345,0.033815042477544466,0.040243655600190276,0.08731200046710955,0.07892340506041814,0.06765666293629063,0.269945461077941,0.2215936878484562,1
437,Swisher County,0.24543236682308003,0.19604516422880158,0.2993240855570777,0,0.19795589026358257,0.14538790470372634,0.21659634317862167,0.20576840292724924,0.17967008470798038,0.22328548644338117,0.20540061974324922,0.20146520146520147,0.028836023644458364,0.022146880379698863,0.047476476559497466,0.039663963895830795,0.040031747079830815,0.1000444621193537,0.06576228211509966,0.04396716535787856,0.2705854062116211,0.22321694418359633,1
439,Tarrant County,0.5479970382447498,0.5000714957039584,0.595717873547864,0.95035,0.4457928618177911,0.4792658265625884,0.4546525138220405,0.5011116414304987,0.4740330429143648,0.5034592073693643,0.474731386362931,0.5011320133371753,0.09334452442270924,0.04453783087538543,0.10220417642695867,0.04688539681425108,0.07326565188181877,0.06873121168216134,0.07396399533038495,0.04686502490757449,0.5811210431986988,0.519924048536892,0.9504
441,Taylor County,0.3147404531800588,0.2684177131972954,0.363033396948622,0,0.22182254196642687,0.2285081849068259,0.23272181839160033,0.2694744619931652,0.24851337054467185,0.260272952853598,0.24686089764166083,0.268189227235682,0.08201863478845844,0.05446750032646075,0.09291791121363191,0.04526599118689356,0.06787955553839795,0.08623226827323288,0.06622708263538693,0.04655122594437677,0.34231175791118373,0.2874292938956041,1
443,Terrell County,0.3070725248918737,0.24780451374207776,0.3708705118246421,0,0.3008849557522124,0.22380952380952382,0.32786885245901637,0.26269315673289184,0.22469135802469137,0.2993492407809111,0.2636363636363636,0.2340966921119593,-0.02079632756714267,0.007723284110962625,0.006187569139661286,0.04437936815898186,0.043436161255510086,0.08326300108234988,0.08238116686718233,0.0729758327799144,0.33503571250187303,0.2785827498845583,1
445,Terry County,0.24331432464094063,0.19264735277517508,0.2990394593342643,0,0.1990623873061666,0.14819182389937108,0.23443337484433374,0.21210423087699637,0.17254556143445032,0.2248034310221587,0.20725689404934688,0.18612469437652812,0.00888094979660689,0.018510893618781943,0.04425193733477403,0.031210093763944263,0.03605743059159375,0.09512250074156955,0.07076876320649031,0.05718963026441251,0.26659322052295104,0.22293153723843123,1
447,Throckmorton County,0.11194641253516686,0.08370600389477961,0.1446922960639126,0,0.09156976744186046,0.07692307692307693,0.10513141426783479,0.09234234234234234,0.08147321428571429,0.11095100864553314,0.08796296296296297,0.09080590238365494,0.006814998267332076,9.954038896337197e-4,0.020376645093306403,0.01960407019282452,0.0239834495722039,0.03502333561208994,0.030473198249452577,0.02114051015151193,0.1284125843109065,0.10256272042629869,1
449,Titus County,0.3136974400503199,0.2638243505400938,0.3662891935772277,0,0.256029449098756,0.2121337755666114,0.28513394817742643,0.27393055821983503,0.2244475138121547,0.2849056603773585,0.27010025555337136,0.24025777867284262,0.028563491872893476,0.028791779672961426,0.057667990951563886,0.03976688183048488,0.04359718449694855,0.10156366448370852,0.08924992623816522,0.07343966137747729,0.3446263998103138,0.2940381696611699,1
451,Tomgreen County,0.32056022620250496,0.273189435695958,0.3698395237953793,0,0.245075369530221,0.23944694001083183,0.25017045299588186,0.27417141057084354,0.25753601280455274,0.28219465315394027,0.2598215719101897,0.28015811713389976,0.0703897732066231,0.038365573048564694,0.07548485667228397,0.04638881563166142,0.060738654292315286,0.08111328619167313,0.06302421339795222,0.040402109068605196,0.3498224578255702,0.2955136571548751,1
453,Travis County,0.7675387259591642,0.7311254759080618,0.8019588799221015,1,0.6871971873258157,0.7374167466352795,0.7078804691034264,0.7298429161566451,0.7002522163268387,0.7510113766830184,0.6990697960943757,0.7214769797748031,0.05965825685573778,0.016527349276145742,0.08034153863334847,0.037695809802519076,0.06846892986478847,0.030121979323884718,0.06728650963232552,0.046061746184361096,0.7856792036789197,0.7464394102916524,1
455,Trinity County,0.21839824751734258,0.17510768952877262,0.2657023711196219,0,0.16283151326053041,0.15595463137996218,0.19551446670090739,0.19168356997971603,0.16299740188705045,0.19401244167962675,0.18767715948082947,0.17983310152990264,0.02288378081643519,0.024385805837715824,0.05556673425681216,0.026714677537626547,0.030721088036513106,0.06244361613738039,0.05540084563029213,0.03856514598743993,0.2425632495060897,0.1991583316773752,1
457,Tyler County,0.18060713337632178,0.1434402218248811,0.22168004236300545,0,0.13805811481218994,0.1139823997765051,0.15853658536585366,0.14619151818276543,0.13070257855726067,0.16680743243243243,0.15027908973808501,0.1431464506501812,0.022070548010468122,0.013799700943889354,0.042549018564131846,0.03441561519355635,0.030328043638236768,0.06662473359981669,0.049904554819061114,0.03746068272614059,0.19765906049009943,0.16103543456368313,1
459,Upshur County,0.1901679711660906,0.15168982646592225,0.23255625262816138,0,0.1575823380383641,0.13138892821747133,0.15267175572519084,0.15396553569517285,0.14271977326787794,0.1701576333405312,0.15344204881252052,0.1539727436358961,0.03749621544089976,0.020010337825559416,0.0325856331277265,0.036202435470917754,0.036725922353570084,0.05877904294861927,0.04744819789821267,0.036195227530194496,0.2102196875170403,0.1722742601191238,1
461,Upton County,0.15837612496767206,0.12184833261206554,0.19951124093336453,0,0.14682539682539683,0.11941747572815534,0.2211910286156226,0.1262135922330097,0.11274131274131274,0.1652003910068426,0.12249614791987673,0.1330089213300892,-0.06281490364795053,-0.006824266039170551,0.01155072814227523,0.03216253273466235,0.03587997704779533,0.038958649239516724,0.04563481222635932,0.025367203637582852,0.17887799172215224,0.1449149083504923,1
463,Uvalde County,0.4415838151611866,0.3811980814997872,0.5021901205186388,0.05661,0.39233226837060703,0.3894212341893446,0.4443806021604229,0.3974821899092417,0.3317525773195876,0.44794311833417977,0.39033609153131066,0.3739428326731613,-0.0027967869992363004,-0.006359303172993158,0.04925154679057958,0.04410162525194489,0.05124772362987595,0.05216258097184201,0.10983123784159898,0.0676409824880253,0.4755409461437301,0.41622684310018904,0.9434
465,Valverde County,0.47916153340100154,0.41012155509064036,0.5488414962864904,0.31105,0.4665301762506676,0.4081763698630137,0.5416405760801503,0.44971436163146006,0.3656881750207699,0.5269911504424779,0.44247178640242224,0.41738251642243557,-0.06247904267914872,-0.04782961704147637,0.012631357150333922,0.02944717176954148,0.0366897469985793,0.07098516353798784,0.11347335838023165,0.06177901697856597,0.5079315742202568,0.4547688436841236,0.689
467,Vanzandt County,0.17191014534609753,0.13637947248533294,0.21134133395106658,0,0.12106537530266344,0.12002784407319013,0.13158142158706282,0.1363530597998914,0.1240962555303766,0.14784463403682083,0.1329183737787583,0.1397465773376056,0.04032872375903471,0.0240655113092767,0.05084477004343409,0.035557085546206124,0.03899177156733924,0.0518823012729074,0.04781388981572092,0.03216356800849193,0.19229735401438927,0.15526668802003774,1
469,Victoria County,0.3445474577332264,0.29623579369083325,0.3946881143872257,0,0.2698927134555208,0.25837972047575186,0.294150824458379,0.307664947536902,0.2855918647166362,0.2974381723411334,0.2981987991994663,0.297735385335596,0.05039663327484745,0.047109285392093025,0.07465474427770563,0.036882510196324436,0.046348658533760134,0.08616773725747456,0.0589555930165902,0.04681207239763041,0.3733263723910109,0.31985359080233605,1
471,Walker County,0.37284488761049583,0.3209680325036739,0.4265332425967066,6e-5,0.30410724472333145,0.2831100757134537,0.32100131752305666,0.33896556171804465,0.29872677770659833,0.3490773658371424,0.32384030750414955,0.3153899522507448,0.05184357008743917,0.02376752177335345,0.06873764288716439,0.033879325892451184,0.049004580106346285,0.08973481189704213,0.0741181099038975,0.05745493535975105,0.40249927384019246,0.3520462991129366,0.9999
473,Waller County,0.40811273523007124,0.35637111465016924,0.46106966934497695,0.0026,0.35246500304321365,0.3094472422789879,0.35309294182689355,0.3645131044336295,0.3735509904622157,0.38389286147133683,0.3518044769301051,0.389006973188649,0.0550197934031777,0.02421987375873441,0.05564773218685759,0.043599630796441746,0.05630825829996616,0.09866549295108334,0.03456174476785556,0.019105762041422225,0.45206449160655454,0.397600301887842,0.9974
475,Ward County,0.2238917190100117,0.179090486494283,0.2732163000639608,0,0.23867173988239362,0.16834474426097462,0.23513513513513515,0.19076154806491885,0.16755745590593266,0.27624309392265195,0.18767797048925705,0.19500137324910738,-0.011243416125123445,-0.05235137491264025,-0.014780020872381922,0.03313017094509285,0.03621374852075465,0.05554697474903708,0.056334263104079046,0.028890345760904323,0.24425675550637152,0.20510580593989922,1
477,Washington County,0.2889031824030557,0.24445090793930552,0.33592925312340266,0,0.20585130447896244,0.20480092827616217,0.23605779297829274,0.24744483159117306,0.22447173359884942,0.24356199149063223,0.23622463981182004,0.23785481880399417,0.05284538942476294,0.045341190912423446,0.08305187792409324,0.04145835081188262,0.05267854259123564,0.08410225412689351,0.06443144880420626,0.05104836359906151,0.32210608112812683,0.27110433011438945,1
479,Webb County,0.6226062109284939,0.5451706481932974,0.6961781580613872,0.99514,0.6630879980141492,0.6233444278664065,0.7656821225612626,0.6176305612139462,0.48928784426467664,0.7179262042349867,0.6381632397975127,0.5456894185276688,-0.14307591163276867,-0.09531999330649277,-0.04048178708565531,0.00497564971454767,-0.015557028869018774,-7.382169379126502e-4,0.13331836666381724,0.07691679240082505,0.6514438084882631,0.5942009883164175,0.9951
481,Wharton County,0.30604244855494606,0.2562708457706638,0.3590973410917009,0,0.2602311777569509,0.22379885486681603,0.2945714881490234,0.28243080625752104,0.23915835830937673,0.29432761697835025,0.2761089018048333,0.2583255524431995,0.011470960405922659,0.011714831576595808,0.04581127079799513,0.023611642297425017,0.029933546750112783,0.08224359368813003,0.06688409024556932,0.047716896111746565,0.3299532246414597,0.28230392888968064,1
483,Wheeler County,0.09631195945019401,0.07041877317476171,0.126841038395432,0,0.06969026548672566,0.06160287081339713,0.08505041648399825,0.07219596046411689,0.07471264367816093,0.06929046563192905,0.07352941176470588,0.08660351826792964,0.011261542966195762,0.027021493818264963,0.02662169396346835,0.024115998986077122,0.022782547685488125,0.03470908863679688,0.021599315772033084,0.009708441182264368,0.10892269286853026,0.08552325768361599,1
485,Wichita County,0.33953314673060936,0.29063319593071585,0.3904129446172967,0,0.2576650414286142,0.25115562403698,0.24092744704815802,0.2909794384258236,0.27776642832822607,0.29658823879353935,0.28163543441226574,0.290017569816904,0.09860569968245134,0.04294490793707001,0.08186810530199518,0.04855370830478578,0.05789771231834362,0.08837752269362936,0.06176671840238329,0.04951557691370534,0.36648100765510744,0.31784246520187814,1
487,Wilbarger County,0.2553419145946549,0.20190951255395992,0.31351667524163784,0,0.20105664807748752,0.16554594940762088,0.20352201257861635,0.21339285714285713,0.19430637144148216,0.22723279648609077,0.20105820105820105,0.21311852704257767,0.05181990201603853,0.02810911810856412,0.05428526651716736,0.04194905745179775,0.05428371353645384,0.089795965187034,0.06103554315317272,0.04222338755207722,0.2804421658018212,0.2338291912743917,1
489,Willacy County,0.596340132590279,0.5264150160217315,0.6641030202709399,0.98769,0.5389207258834766,0.5634062747165832,0.6885311871227364,0.5601009190845198,0.4834508952794357,0.6448837209302326,0.5761987963502233,0.5501236446642572,-0.09219105453245746,-0.04854358833995365,0.057419406706802345,0.036239213505759205,0.02014133624005565,0.03293385787369574,0.11288923731084327,0.04621648792602173,0.6251936743709584,0.5629131370053138,0.9877
491,Williamson County,0.5634927224435574,0.5105476394891982,0.6152236742729944,0.97519,0.44507852988883173,0.49719027646236413,0.44776641592849986,0.5066613024964753,0.4875542768150563,0.5145668353531966,0.4839530082400015,0.5077724038490624,0.11572630651505755,0.04892588709036083,0.11841419255472568,0.056831419947082074,0.07953971420355593,0.06630244598119328,0.0759384456285011,0.055720318594495,0.590209253020072,0.5273868304513888,0.9752
493,Wilson County,0.30071747289980993,0.25188230678832246,0.3524951161451264,0,0.21709323583180987,0.2240386112408532,0.25494996806472214,0.25591423850401,0.2301683799417855,0.25960663938153705,0.24487021013597032,0.2558585668610118,0.04576750483508779,0.04111083351827288,0.08362423706800007,0.04480323439579992,0.05584726276383961,0.07667886165895674,0.07054909295802445,0.04485890603879811,0.3270412654079223,0.2768528195128899,1
495,Winkler County,0.20084707472822058,0.1592148911332913,0.2467484415126368,0,0.19804741980474197,0.135424636572303,0.2303894679100384,0.1695878730459498,0.14670813893208917,0.22229916897506924,0.16471734892787523,0.16264090177133655,-0.02954239318181781,-0.021452094246848658,0.0027996549234786117,0.03125920168227078,0.03612972580034535,0.06542243815591758,0.05413893579613141,0.03820617295688403,0.22142277823609471,0.18217404396266185,1
497,Wise County,0.1968198199199401,0.1581448537042799,0.23915716639493542,0,0.13954507603979488,0.13865266293059528,0.14168258450294827,0.15538197156694267,0.1475388260068439,0.17067747842008893,0.14849395664129947,0.16974071103982893,0.05513723541699184,0.026142341499851174,0.057274743880145224,0.041437848352997436,0.048325863278640635,0.058167156989344826,0.049280993913096205,0.02707910888011117,0.22215789508832368,0.1793183251011785,1
499,Wood County,0.19940259063311547,0.15793665650933358,0.24527548639976343,0,0.1389121338912134,0.1294352823588206,0.14348063284233498,0.1555545704406419,0.14926358348116672,0.15852484658885813,0.1503057757644394,0.15728878841162186,0.05592195779078049,0.04087774404425734,0.060490456741902066,0.04384802019247358,0.049096814868676064,0.06996730827429487,0.050139007151948745,0.04211380222149361,0.22285855651237757,0.18150116498280072,1
501,Yoakum County,0.20358720434962022,0.1627243755302503,0.24863628528730503,0,0.16281569048898442,0.11750154607297464,0.19163292847503374,0.16191210485736315,0.14363712725745484,0.1769677760169044,0.15236220472440945,0.1562363238512035,0.011954275874586473,0.026619428332715828,0.040771513860635794,0.04167509949225706,0.051224999625210765,0.08608565827664558,0.05995007709216538,0.04735088049841671,0.22622587368579067,0.18546000490825887,1
503,Young County,0.16133715131887863,0.1237489293733711,0.2039192593472274,0,0.11514670896114194,0.10280678851174935,0.11715928848468637,0.1269646365422397,0.11646489104116223,0.12900691389063482,0.12143664448072335,0.1304134462029199,0.044177862834192255,0.03233023742824381,0.046190442357736686,0.03437251477663894,0.039900506838155284,0.05853036280712928,0.0448722602777164,0.03092370511595874,0.17781000550716144,0.14457708652414952,1
505,Zapata County,0.5074373767459658,0.4272618947977266,0.5880125195751047,0.55889,0.6000928936367859,0.4659024103468548,0.6672056921086675,0.4731795802021249,0.3872498452651124,0.6290103931314958,0.556030534351145,0.4711121810303322,-0.15976831536270175,-0.12157301638552998,-0.09265551689082008,0.03425779654384087,-0.04859315760517924,0.04153496639911097,0.12018753148085337,0.036325195715633585,0.5339361889867279,0.4801003005639796,0.5589
507,Zavala County,0.6799633185682105,0.608507884412105,0.7463973645806993,0.99996,0.7356890459363957,0.6779521056977704,0.7918796992481203,0.6577859439595773,0.5727482678983834,0.7970365265334253,0.68124191461837,0.6312124089901867,-0.11191638067990983,-0.11707320796521481,-0.05572572736818526,0.022177374608633116,-0.001278596050159564,0.002011212870440038,0.10721505066982706,0.04875090957802375,0.7066545374152372,0.6575747811610547,1
