region_id,population,cvap_total,hisp_cvap_share,white_cvap_share,black_cvap_share,ba_plus_share,med_income,registered_2024,voted_2022,dem_pres16,rep_pres16,dem_sen18,rep_sen18,dem_gov18,rep_gov18,dem_pres20,rep_pres20,dem_sen20,rep_sen20,dem_gov22,rep_gov22,dem_pres24,rep_pres24,dem_sen24,rep_sen24,ballots_mean,ballots_q05,ballots_q95,talarico_mean,talarico_q05,talarico_q95,paxton_mean,paxton_q05,paxton_q95,brown_mean,area_sqmi,margin,brown_share,net_votes_per_sqmi
00190650,817,636,0.1576,0.6761,0.1444,0.0756,75480,283,157,21,206,20,184,14,188,24,244,25,239,17,199,22,256,24,253,177,128,235,22,13,33,150,108,199,6,110.002,-0.721,0.0316,-1.2
00191205,7119,6655,0.0574,0.7513,0.1026,0.15,69627,4359,2175,323,2547,312,2153,250,2206,377,2988,363,2948,240,2295,348,3157,413,3048,2467,1874,3177,344,218,507,2036,1550,2621,87,240.697,-0.6858,0.0354,-7
00191390,4641,4052,0.0664,0.8204,0.048,0.1369,75379,3210,1672,291,1840,285,1593,242,1637,340,2089,332,2072,221,1683,357,2259,395,2187,1901,1451,2436,334,215,483,1497,1149,1908,69,189.642,-0.6119,0.0363,-6.1
00192615,16468,11606,0.2259,0.449,0.2767,0.0476,84874,2721,1472,282,1774,277,1539,223,1583,358,1987,340,1971,235,1650,326,2089,342,2048,1644,1284,2061,303,201,433,1286,1011,1603,55,227.717,-0.598,0.0334,-4.3
00192945,28877,22088,0.157,0.5914,0.1932,0.1286,60275,17399,7999,2453,6839,2412,5866,2138,6118,2856,7802,2732,7713,1831,5935,2582,7836,2697,7485,9113,7359,11075,2703,2007,3552,6042,4860,7354,367,309.943,-0.3664,0.0403,-10.8
00390085,14783,9379,0.4593,0.4877,0.0275,0.15310000000000001,78839,8127,3108,674,3274,627,2802,553,2853,698,4017,638,3988,388,2693,653,4204,712,4011,3559,2767,4517,629,419,898,2797,2173,3547,133,1017.123,-0.6091,0.0373,-2.1
00390090,3827,2183,0.6145,0.3632,0.0105,0.1038,69770,1910,676,164,650,149,536,134,547,151,920,141,900,91,609,153,1001,161,965,782,548,1071,129,74,205,627,441,854,26,483.968,-0.6365,0.0336,-1
00591045,9078,6341,0.2948,0.5114,0.1503,0.124,62165,5144,2087,779,1809,744,1634,662,1702,858,2263,826,2246,435,1665,694,2400,717,2283,2381,1866,2972,693,482,955,1581,1246,1966,107,120.492,-0.3731,0.0451,-7.4
00591855,11581,9254,0.0851,0.8654,0.0126,0.099,73714,8383,4349,502,4359,459,3900,401,3940,612,5155,615,5094,367,4071,563,5476,638,5319,4829,3820,5973,651,441,912,4029,3201,4971,148,271.513,-0.6996,0.0307,-12.4
00592325,51745,35129,0.173,0.5961,0.1641,0.1143,63385,30731,13195,5474,10695,5162,9378,4672,9742,6737,11804,6398,11868,3879,9253,6039,12470,6117,11903,14819,12077,17888,5495,4174,7000,8696,7065,10558,628,120.285,-0.216,0.0424,-26.6
00593090,11397,8191,0.0811,0.7961,0.0758,0.1065,70514,7326,3569,666,3802,654,3337,579,3388,813,4551,809,4500,419,3141,716,4302,750,4156,3977,3165,4901,752,520,1026,3077,2444,3797,148,160.218,-0.5846,0.0372,-14.5
00594315,2594,2028,0.007,0.9422,0.007,0.0607,55517,2127,1065,117,1002,111,916,92,929,122,1302,123,1255,75,1012,133,1400,159,1333,1203,871,1604,145,84,228,1023,742,1357,35,192.269,-0.729,0.0294,-4.6
00791420,5981,5170,0.1056,0.8423,0.011,0.2316,82093,5229,3068,712,2497,676,2204,511,2349,849,2885,798,2889,607,2465,848,3019,910,2901,3414,2546,4442,936,599,1358,2338,1735,3049,140,425.655,-0.4105,0.041,-3.3
00793295,17849,15308,0.2678,0.6663,0.018,0.1917,72407,13634,6414,1753,5243,1571,4473,1286,4726,2067,6354,1931,6300,1317,5116,1983,7071,2159,6704,7461,5774,9379,2077,1417,2886,5056,3898,6350,329,102.299,-0.3993,0.0441,-29.1
00990130,3221,2419,0.0831,0.8876,0.0061,0.118,66975,2356,1323,133,1448,129,1187,112,1201,146,1629,149,1579,90,1264,145,1694,167,1641,1482,1137,1875,162,102,238,1261,972,1591,59,329.894,-0.7409,0.0399,-3.3
00991815,5339,4302,0.0588,0.8863,0.0198,0.2072,81708,3926,2211,261,2337,247,2021,211,2058,300,2671,318,2599,225,2234,375,2898,395,2842,2521,1985,3138,351,236,493,2077,1636,2583,94,595.7,-0.6847,0.0371,-2.9
01190740,542,440,0.0728,0.8967,0.0022,0.15,72120,433,258,16,273,16,249,13,248,22,319,18,318,17,255,18,314,24,306,289,229,361,21,13,29,256,202,319,13,323.502,-0.8123,0.0454,-0.7
01190745,1306,976,0.1065,0.8611,0.0103,0.1817,76476,897,581,42,602,58,570,46,574,53,716,46,707,43,576,59,715,73,695,622,491,774,57,37,81,538,426,670,27,590.325,-0.7747,0.0428,-0.8
01390595,407,271,0.4718,0.5705,0,0.2125,60958,204,108,30,129,25,119,20,124,34,171,34,168,24,136,36,181,44,168,124,86,173,27,16,43,92,64,128,5,199.317,-0.5207,0.0418,-0.3
01390695,2533,1920,0.6777,0.3138,0.0042,0.1184,71743,1725,671,332,469,257,440,220,470,336,758,337,710,193,536,260,838,301,764,787,551,1078,251,150,383,497,346,689,39,267.917,-0.3131,0.0492,-0.9
01391955,6293,4647,0.3494,0.5603,0.0129,0.1755,70380,4471,1958,551,1356,524,1196,446,1260,673,1935,655,1897,410,1418,530,2065,621,1907,2251,1704,2909,671,446,959,1490,1124,1929,90,314.549,-0.3638,0.0402,-2.6
01393070,18039,12061,0.489,0.4753,0.0193,0.1341,67843,11203,4897,1633,3870,1478,3427,1204,3670,2017,5146,1872,5154,1246,3758,1758,5339,1967,4922,5563,4376,6923,1802,1278,2417,3519,2734,4412,241,219.278,-0.3086,0.0434,-7.8
01393120,21709,16129,0.755,0.2295,0.0037,0.0802,76545,12964,4705,2105,2795,2047,2570,1765,2837,2817,4029,2691,3977,1835,2954,2568,4719,2806,4212,5739,4580,7026,2378,1757,3082,3108,2459,3830,253,220.409,-0.1272,0.0441,-3.3
01590250,9854,6877,0.0939,0.8164,0.0673,0.251,90492,7073,3935,729,3577,700,3247,578,3350,928,4135,847,4153,611,3354,894,4386,959,4235,4386,3445,5498,937,642,1321,3251,2551,4063,197,195.102,-0.5276,0.0449,-11.9
01591873,3505,2584,0.1,0.8046,0.0825,0.2747,109048,2730,1734,243,1555,269,1410,213,1457,362,1789,328,1786,272,1538,330,1941,351,1891,1870,1457,2356,378,253,530,1417,1104,1785,74,191.988,-0.5557,0.0397,-5.4
01593490,14344,10714,0.2376,0.6354,0.0958,0.1405,78740,9676,4511,1112,3887,1069,3510,933,3615,1392,4726,1324,4722,828,3729,1343,5263,1427,5035,5261,4184,6503,1344,950,1820,3692,2936,4594,224,200.67,-0.4464,0.0427,-11.7
01594070,2464,1797,0.2629,0.5469,0.1635,0.0756,56495,1800,751,236,619,202,556,173,587,269,796,253,793,162,588,249,867,261,821,928,656,1276,260,154,403,628,441,861,40,68.619,-0.3965,0.0429,-5.4
01792685,6554,4010,0.5834,0.3921,0.0102,0.1305,67657,2800,1185,377,1309,392,1178,337,1213,390,1389,366,1360,204,1075,317,1348,310,1309,1305,1011,1645,317,217,435,935,720,1186,53,338.079,-0.4734,0.0406,-1.8
01793670,350,178,0.3281,0.6554,0.0109,0.2229,62714,183,86,20,35,13,24,11,26,19,45,17,40,9,30,15,47,15,43,94,70,125,35,23,51,55,40,73,4,489.579,-0.2161,0.0436,-0
01990195,18457,15609,0.1838,0.7789,0.0068,0.1675,75591,15809,8908,1422,6967,1621,6449,1401,6638,2224,8602,2031,8530,1613,7267,2228,9449,2415,9016,10076,8028,12404,2410,1687,3274,7234,5750,8885,432,320.465,-0.4788,0.0429,-15.1
01992500,2394,2116,0.076,0.8521,0.0638,0.1371,79060,2156,1350,304,1196,244,1194,199,1228,281,1455,260,1427,203,1260,304,1490,320,1456,1511,1138,1963,302,195,440,1146,861,1491,63,477.205,-0.5583,0.0416,-1.8
02190210,29118,22553,0.2928,0.6132,0.059,0.1773,83020,19362,9653,3182,5276,3772,4889,3216,5315,4715,6854,4577,6782,3883,5545,4854,7614,5037,7147,11465,9237,13961,5262,3974,6710,5580,4425,6842,623,216.517,-0.0277,0.0543,-1.5
02190655,36347,24375,0.3938,0.5412,0.0373,0.1437,87210,19957,9413,3633,5279,3997,4822,3444,5265,5289,6522,5151,6542,4158,5369,5828,7923,5971,7368,11064,8957,13480,5215,3974,6641,5230,4152,6447,618,257.645,-0.0014,0.0559,-0.1
02191200,20857,14504,0.3151,0.5113,0.1451,0.153,89875,11993,5454,2497,2931,2866,2784,2535,3016,3700,3651,3615,3674,2628,2852,3590,3889,3667,3634,6633,5269,8173,3411,2552,4396,2828,2179,3560,394,166.692,0.0878,0.0594,3.5
02193600,10894,7916,0.112,0.7854,0.0712,0.1583,80786,7646,4290,1257,2842,1446,2572,1212,2755,1771,3489,1727,3470,1339,2941,1717,3876,1769,3686,4796,3697,6061,1781,1235,2434,2768,2115,3536,247,254.714,-0.2058,0.0515,-3.9
02393525,2946,2297,0.1019,0.8511,0.0191,0.189,44066,1969,1076,162,1076,133,910,110,927,156,1268,151,1241,90,1003,156,1246,169,1213,1187,932,1484,162,106,232,974,768,1214,51,43.004,-0.6845,0.043,-18.9
02393535,519,408,0.1029,0.8507,0.0175,0.191,44340,358,197,29,191,23,162,19,165,27,226,26,221,15,180,27,223,29,218,217,169,272,29,19,42,179,140,224,9,858.064,-0.6913,0.0424,-0.2
02590240,27062,21196,0.5729,0.2893,0.1047,0.0874,70201,12164,4835,2945,3485,2364,3183,1906,3596,2809,4518,2658,4282,1677,3168,2191,4552,2393,4171,5445,4383,6647,2185,1626,2840,3046,2425,3763,214,488.011,-0.1581,0.0393,-1.8
02593025,1712,1168,0.4206,0.5768,0,0.1471,68431,1188,563,214,647,186,582,136,620,189,739,176,700,126,578,170,740,183,704,653,479,854,166,102,246,459,336,599,28,232.411,-0.4474,0.0429,-1.3
02593585,2273,1744,0.5519,0.4337,0.0086,0.1405,48451,1602,721,285,613,261,577,219,611,289,749,268,731,174,601,245,819,269,764,803,593,1047,239,153,346,535,393,698,30,159.912,-0.3686,0.0368,-1.9
02790255,28099,21267,0.2526,0.6403,0.065,0.1932,77295,17388,7893,1751,5108,2108,4909,1715,5237,3030,6973,2814,7100,2121,5605,3417,8011,3635,7564,9267,7311,11490,3242,2331,4305,5536,4353,6933,489,43.791,-0.2476,0.0528,-52.4
02791110,7256,5369,0.1392,0.7912,0.037,0.1676,80633,5237,2599,381,2120,389,2004,319,2052,519,2723,484,2726,370,2254,620,3190,690,3034,2993,2215,3918,648,407,954,2199,1627,2886,146,142.396,-0.5181,0.0488,-10.9
02791365,13381,9571,0.2416,0.4839,0.1881,0.1847,65761,3119,632,615,553,553,377,497,425,984,778,948,786,384,329,696,650,696,590,812,628,1028,474,349,620,297,220,390,41,97.263,0.2185,0.0505,1.8
02792030,196700,136222,0.2295,0.3508,0.3331,0.1675,72574,105917,36788,23525,18439,23031,15681,20765,17549,34936,24083,33615,24439,20270,16596,31342,25386,31691,23412,43531,35728,52242,25963,20508,31964,15458,12256,19058,2110,112.521,0.2413,0.0485,93.4
02792835,16077,11668,0.1342,0.7731,0.0418,0.2402,98407,11875,6598,1197,4834,1413,4559,1162,4758,1988,6096,1852,6197,1441,5143,2100,6811,2244,6520,7303,5639,9275,2175,1489,3031,4776,3683,6071,352,94.657,-0.3561,0.0482,-27.5
02793310,4990,3689,0.2097,0.7478,0.0214,0.1355,82298,3405,1769,285,1511,284,1369,243,1399,376,1922,344,1912,229,1575,362,2130,386,2022,1979,1488,2551,406,261,594,1489,1123,1920,83,150.128,-0.5477,0.0422,-7.2
02793630,11579,8715,0.1196,0.8296,0.0229,0.2411,112506,10320,5920,969,3815,1068,3869,852,4017,1437,5224,1297,5329,1084,4774,1642,6424,1771,6189,6803,5181,8726,1845,1235,2586,4656,3525,5976,303,210.328,-0.4133,0.0445,-13.4
02793680,9295,6590,0.1951,0.4601,0.2396,0.1875,87278,5860,2523,1018,1360,1107,1292,971,1401,1734,1858,1661,1883,1094,1495,1743,2169,1782,2044,2909,2295,3615,1449,1070,1882,1326,1025,1679,134,100.586,0.0421,0.0459,1.2
02793855,83270,62990,0.2281,0.5865,0.1332,0.183,70611,53009,22387,8060,14259,8465,13377,7279,14320,12010,18236,11396,18562,7793,14118,12050,20390,12546,19094,26210,21367,31637,11144,8477,14151,13716,11013,16682,1350,138.603,-0.0981,0.0515,-18.6
02993407,672470,448854,0.7197,0.1959,0.0591,0.1106,58989,354566,135456,118382,44064,111757,39162,100334,48393,145536,59278,134091,62183,95317,38571,118860,64148,121305,54405,151787,126533,179597,106185,86573,127739,38447,30183,47862,7155,181.387,0.4463,0.0471,373.4
02993408,42581,33686,0.4839,0.3872,0.0863,0.1602,80870,32744,13067,4847,6466,4749,5880,4090,6474,7223,8832,6703,8750,5658,7129,9418,12007,9845,10727,16434,13470,19758,7655,5956,9573,8022,6463,9773,756,198.079,-0.0223,0.046,-1.9
02993409,380994,274533,0.3774,0.4987,0.0588,0.3072,111188,251448,140263,60353,79938,66634,73677,56147,82230,90916,94846,81943,99875,67187,72905,85854,96135,88563,90283,154380,128390,182755,81133,64579,99155,66454,54098,80187,6793,220.804,0.0951,0.044,66.5
02993411,278336,199214,0.4206,0.3471,0.169,0.1864,79989,165349,68682,41198,34818,40591,29722,35780,33597,59261,42840,54730,43501,38920,29498,54910,45124,56144,40548,78224,65085,92583,47135,37944,57301,27267,21841,33253,3822,101.558,0.254,0.0489,195.6
02993412,338971,249006,0.5083,0.3543,0.0675,0.2509,96503,218525,107084,56593,48305,61944,44050,53500,50796,84652,62406,77442,64815,61519,45349,80396,68040,82856,61457,120401,100305,142639,71852,57881,87222,43223,34830,52420,5326,189.464,0.2378,0.0442,151.1
02993413,52062,34345,0.7799,0.1903,0.0196,0.0899,63536,28461,8870,5249,3972,5010,3507,4423,4019,7254,6122,6756,5954,4833,4065,7391,7978,7800,6837,11056,9066,13382,6152,4771,7735,4399,3418,5551,505,212.55,0.1585,0.0457,8.2
02993414,243910,173014,0.5712,0.264,0.1073,0.196,92360,157532,62862,32928,22770,35436,21206,30753,25151,53610,34294,49663,35016,37589,24474,54560,44114,56389,39005,76198,63304,90620,47185,37909,57337,25706,20593,31492,3307,152.232,0.2819,0.0434,141.1
03190330,6351,5484,0.1715,0.8019,0.0103,0.2761,94849,6060,3731,702,2401,827,2280,723,2348,1029,3027,987,3041,846,2901,1084,3712,1154,3565,4305,3268,5551,1262,839,1790,2834,2148,3646,209,214.088,-0.3651,0.0485,-7.3
03191950,5023,4409,0.1042,0.8665,0.0099,0.2311,84596,4412,2863,542,1811,740,1900,626,1979,882,2416,829,2416,676,2241,889,2735,917,2678,3167,2450,4013,946,642,1322,2050,1574,2606,171,499.339,-0.3484,0.054,-2.2
03391425,301,214,0.0849,0.9109,0.0161,0.2715,65625,174,115,21,152,13,153,10,152,7,180,6,176,5,150,8,172,6,170,136,106,171,12,7,18,118,92,148,6,292.768,-0.7774,0.0446,-0.4
03391430,330,241,0.1362,0.8385,0.0147,0.2715,65625,221,133,10,178,9,167,7,169,9,217,12,214,4,156,8,198,7,196,166,125,215,10,6,16,148,112,193,7,613.284,-0.8323,0.0444,-0.2
03590760,7577,5793,0.1192,0.828,0.018,0.1565,70219,5337,3136,550,2669,618,2461,489,2565,679,3089,651,3047,470,2610,670,3234,735,3113,3415,2650,4311,735,490,1035,2511,1948,3165,168,222.104,-0.5201,0.0492,-8
03590890,854,790,0.0582,0.9252,2e-4,0.2365,88450,600,363,65,430,74,366,61,378,80,459,77,454,52,432,72,506,81,497,410,288,563,68,39,109,324,228,443,18,111.59,-0.6229,0.0449,-2.3
03591890,901,649,0.063,0.9298,7e-4,0.2145,70534,660,384,62,406,65,372,56,381,63,495,59,492,39,426,51,541,64,526,430,299,593,61,34,98,354,247,486,15,142.499,-0.6828,0.0358,-2.1
03592530,6509,5164,0.1426,0.8239,0.0123,0.0841,63127,4640,2483,429,2018,447,1830,361,1897,522,2509,491,2466,395,2081,526,2737,597,2601,2852,2207,3597,589,388,837,2127,1646,2671,136,416.583,-0.5393,0.0478,-3.7
03593990,2394,1616,0.129,0.843,0.0148,0.1085,63865,1450,745,171,802,170,690,138,726,217,918,212,908,139,723,204,951,235,907,853,612,1145,189,113,292,633,455,850,31,109.767,-0.5204,0.0358,-4
03790950,2343,1585,0.0074,0.9683,5e-4,0.1778,79054,1379,699,76,1040,58,851,53,850,76,1163,85,1124,40,890,68,1277,86,1229,776,579,1010,66,41,101,683,512,888,26,166.666,-0.7947,0.0339,-3.7
03790980,5016,3890,0.096,0.7234,0.1368,0.1302,59890,4096,2032,456,1857,364,1601,346,1608,455,2081,447,2042,232,1630,348,2190,375,2116,2254,1790,2791,527,371,715,1646,1312,2039,81,235.835,-0.4966,0.0361,-4.7
03791830,5187,3723,0.0404,0.7453,0.1704,0.1533,62723,3416,1630,400,1662,380,1331,344,1360,478,1873,470,1847,291,1504,454,1994,474,1915,1810,1336,2389,447,276,677,1308,967,1717,55,122.4,-0.4756,0.0306,-7
03792476,10118,7470,0.0407,0.8284,0.0988,0.1475,67223,6517,3124,587,3598,560,2846,502,2891,704,4005,701,3941,417,2924,657,4140,685,4020,3516,2791,4360,701,488,959,2706,2143,3353,109,172.705,-0.5701,0.031,-11.6
03792725,10659,8286,0.0653,0.7115,0.1889,0.1149,69703,5554,2657,621,2739,554,2226,523,2249,730,3087,716,3038,421,2248,660,3058,668,2962,2909,2252,3667,692,467,970,2119,1637,2673,98,100.077,-0.4904,0.0338,-14.3
03793875,59570,43009,0.0579,0.5975,0.3085,0.156,65327,35531,15955,6691,14016,6044,11276,5567,11667,8248,14845,7925,14856,4659,11010,7095,14463,7116,13977,17787,14476,21538,6638,5073,8464,10454,8489,12771,695,125.243,-0.2145,0.0391,-30.5
03990055,225877,156188,0.2488,0.4353,0.2018,0.2452,119983,147618,69684,30608,40707,33068,36828,28948,40234,46029,51558,43401,52354,32645,36497,47390,54824,49506,51429,79329,65298,95068,40052,31565,49941,35749,29054,43292,3528,438.054,0.0542,0.0445,9.8
03990094,52301,44443,0.2633,0.4963,0.1943,0.1492,103937,35040,14661,4131,10138,4156,9375,3618,9819,5963,12541,5659,12438,4373,9464,7302,13889,7682,13109,18262,14734,22191,7349,5518,9453,10025,8047,12210,888,326.346,-0.1465,0.0486,-8.2
03990410,32923,24665,0.2029,0.6479,0.116,0.1403,76391,21444,10698,2752,9432,2569,8632,2243,8903,3196,11404,3076,11181,2109,8658,2997,12038,3226,11474,11908,9507,14616,3163,2229,4276,8225,6566,10118,520,512.759,-0.4251,0.0437,-9.9
03990415,60930,43168,0.3672,0.5306,0.0761,0.13,85342,35075,14775,5709,12514,5436,10858,4727,11418,7040,14931,6623,14731,4237,10319,6288,15116,6662,14196,16528,13412,19968,5859,4379,7585,9759,7838,11854,909,331.511,-0.2359,0.055,-11.8
04190495,122446,89449,0.2611,0.5443,0.1303,0.1956,46342,50954,20985,12958,14227,14849,12403,12660,14037,18236,16081,16639,16887,11181,9987,16144,17482,16543,16328,23532,19231,28317,12677,9911,15871,9537,7600,11793,1317,31.463,0.1335,0.056,99.8
04192790,19712,15609,0.2069,0.7197,0.06,0.2462,103743,15342,8507,1700,6000,1881,5882,1515,6157,2525,7801,2296,7896,1930,6867,3120,10282,3201,9951,9665,7751,11802,2569,1861,3411,6639,5334,8120,457,258.491,-0.421,0.0473,-15.7
04193635,75429,57520,0.1231,0.7524,0.0572,0.3253,90983,45416,24367,6998,16359,9454,15701,7728,17064,12180,20727,10909,21563,8274,16487,11962,24701,12387,23882,27280,22115,32970,10383,7799,13312,15325,12354,18641,1573,206.579,-0.1812,0.0577,-23.9
04194150,16262,11898,0.2569,0.536,0.1591,0.1916,73605,11514,4744,1464,2148,1692,1985,1459,2166,2408,2917,2254,2996,1718,2427,2618,4207,2719,3992,5757,4559,7147,2629,1945,3435,2810,2205,3528,317,94.706,-0.0314,0.0551,-1.9
04390040,9027,7194,0.3751,0.5897,0.0083,0.2962,63634,6409,3516,1768,1941,2008,1757,1809,1903,2094,2310,2014,2304,1563,1899,1822,2401,1849,2292,3867,3063,4805,1944,1448,2528,1729,1325,2202,194,3495.554,0.0557,0.0501,0.1
04392390,519,314,0.2823,0.7128,2e-4,0.2208,46550,295,186,105,136,139,122,124,130,164,151,153,149,115,115,147,144,149,130,193,137,262,107,70,154,76,51,108,10,2696.727,0.1593,0.0514,0
04593175,461,351,0.2096,0.6958,0.086,0.2657,52113,297,150,25,190,26,169,23,174,22,195,23,184,11,157,25,193,28,189,182,131,245,25,14,40,149,108,200,8,333.202,-0.6808,0.042,-0.4
04593575,974,624,0.1545,0.8154,0.0349,0.1475,46382,621,365,66,435,43,384,35,382,56,444,56,441,38,382,47,473,51,460,401,307,510,51,33,74,335,257,424,15,568.37,-0.7071,0.0382,-0.5
04791245,409,335,0.7251,0.1891,0.0691,0.1943,51725,237,106,103,69,68,57,67,55,92,55,84,51,54,67,74,86,77,74,110,78,149,58,38,84,47,32,67,4,748.87,0.0957,0.0405,0
04791280,6667,4903,0.8827,0.0933,0.0032,0.1269,62863,4464,1959,1834,544,1308,486,1131,603,1378,943,1341,808,1150,718,1234,991,1302,800,2135,1671,2675,1330,991,1731,721,535,939,84,194.771,0.285,0.0394,3.1
04990200,6794,5493,0.1454,0.7954,0.0231,0.1439,64127,4969,2645,264,2559,253,2297,233,2333,339,3020,313,2953,211,2497,344,3353,377,3262,2931,2230,3759,370,232,545,2462,1876,3151,99,233.453,-0.7139,0.0336,-9
04990335,2942,2524,0.1449,0.8212,0.0036,0.1697,71273,2301,1307,112,1292,122,1135,98,1159,153,1528,154,1501,95,1248,155,1582,188,1525,1468,1157,1827,177,116,251,1237,976,1538,54,187.711,-0.7225,0.0371,-5.7
04990485,26232,19786,0.2108,0.7268,0.0437,0.1437,58325,15453,7085,1159,7270,1196,6150,1046,6306,1505,8058,1389,7955,930,6131,1508,8425,1648,8122,7919,6375,9659,1484,1047,2023,6142,4956,7499,293,296.077,-0.5882,0.037,-15.7
04992485,2127,1924,0.1373,0.8181,0.0121,0.1277,57761,1629,998,86,896,100,809,82,842,110,1093,110,1072,73,977,124,1232,146,1197,1078,816,1393,132,82,195,910,691,1172,36,239.712,-0.7218,0.0332,-3.2
05190570,8482,6332,0.1526,0.7445,0.0825,0.1509,71577,6528,3340,649,2619,626,2528,546,2625,772,3313,725,3247,476,2649,718,3645,756,3525,3755,2945,4678,844,573,1171,2757,2168,3438,154,263.073,-0.5096,0.0409,-7.3
05190825,1399,1265,0.1708,0.6488,0.2033,0.1591,84935,1044,586,124,527,128,519,114,540,144,639,142,626,108,543,145,693,150,674,645,502,806,140,95,196,479,373,596,25,99.833,-0.5253,0.0393,-3.4
05192890,3502,3152,0.1647,0.7093,0.1034,0.1641,85373,2481,1184,289,989,288,945,271,960,372,1233,361,1210,234,1048,372,1482,399,1424,1421,1085,1812,355,239,498,1013,770,1299,53,211.251,-0.463,0.0376,-3.1
05193610,4259,3354,0.1337,0.689,0.1563,0.2065,59682,3519,1654,429,1181,386,1087,346,1128,501,1558,481,1513,325,1267,468,1768,499,1703,1918,1429,2494,511,332,728,1326,981,1741,82,102.704,-0.425,0.0427,-7.9
05390275,4673,3835,0.1972,0.7228,0.0115,0.1171,81366,3877,1911,309,1225,353,1151,304,1196,450,1691,449,1637,379,1492,549,2130,589,2015,2269,1696,2965,583,373,852,1563,1163,2049,123,81.8,-0.4316,0.0541,-12
05390450,2282,1784,0.0938,0.8646,0,0.1512,82136,1717,960,141,720,177,679,155,698,221,976,205,971,188,895,260,1245,277,1207,1117,848,1445,249,161,360,813,616,1045,56,226.286,-0.5051,0.0499,-2.5
05390545,16989,14225,0.1117,0.8451,0.0166,0.1907,88723,13546,7845,1253,5469,1468,5343,1252,5542,1853,7327,1774,7278,1422,6533,2003,8709,2108,8451,8811,7072,10784,2100,1475,2854,6287,5024,7691,424,473.031,-0.4752,0.0481,-8.9
05392395,25186,19216,0.1719,0.7944,0.014,0.2025,77366,17571,9841,2094,7223,2446,6686,2002,7061,3115,8773,2895,8800,2348,7585,3302,9712,3426,9383,11052,8795,13671,3331,2381,4495,7121,5637,8806,601,240.657,-0.3429,0.0544,-15.8
05592245,30077,20743,0.4812,0.4525,0.038,0.1398,73559,16210,7225,3218,4029,3628,3723,3104,4134,4626,4765,4459,4808,3430,3744,4677,5400,4848,4932,8660,7008,10488,4607,3560,5791,3611,2867,4456,442,252.297,0.1151,0.051,4
05592330,8659,6509,0.4207,0.4768,0.0854,0.094,73079,5178,2329,782,1774,774,1616,659,1717,988,2124,952,2111,631,1738,943,2299,975,2199,2660,2099,3290,921,659,1221,1597,1252,1990,141,204.076,-0.2542,0.0532,-3.3
05592440,7147,5894,0.5159,0.3789,0.0823,0.1338,69877,5254,1559,795,888,825,808,746,872,1058,1142,1038,1126,728,869,998,1180,1028,1096,2097,1631,2620,1071,785,1404,906,691,1158,120,90.078,0.079,0.0572,1.8
05791975,1403,877,0.3979,0.5557,0.0174,0.1424,91254,839,421,133,380,115,345,100,359,143,440,136,440,87,341,132,468,142,447,462,340,610,129,82,191,314,231,418,18,73.912,-0.4015,0.0394,-2.5
05793085,1287,1049,0.1795,0.7014,0.0369,0.1559,127465,934,490,120,445,107,394,95,407,129,520,123,517,80,420,119,549,133,523,548,409,718,121,78,176,406,299,535,21,184.737,-0.5197,0.0376,-1.5
05793105,14303,9655,0.5454,0.3581,0.0423,0.1162,87776,8194,3181,1663,2573,1434,2279,1249,2426,1624,3122,1569,3060,948,2186,1370,3168,1472,2949,3609,2895,4435,1313,964,1720,2143,1705,2660,152,123.756,-0.23,0.0422,-6.7
05793480,3113,2838,0.1931,0.7785,0,0.1558,107136,2334,1273,202,1240,218,1180,183,1217,252,1559,265,1513,177,1282,232,1754,271,1685,1392,1048,1798,246,157,363,1097,828,1419,48,650.26,-0.6112,0.0347,-1.3
05990180,2215,1859,0.1059,0.8676,0.0045,0.1241,67129,1475,755,101,752,92,677,78,687,126,909,111,896,72,720,124,920,141,888,846,616,1138,124,73,193,685,501,917,37,325.166,-0.6627,0.0442,-1.7
05990765,9587,7747,0.1063,0.8453,0.0067,0.1835,74387,6909,3521,405,3257,460,2907,371,2989,534,4124,495,4027,321,3231,556,4240,630,4090,3895,3088,4823,563,381,793,3185,2531,3940,147,339.815,-0.6732,0.0376,-7.7
05990910,1906,1474,0.0447,0.9299,0,0.2097,59276,1404,831,64,856,57,789,36,799,75,979,75,969,51,820,81,1020,92,995,918,636,1275,91,48,151,805,561,1116,23,236.283,-0.7774,0.0251,-3
06190480,218643,123320,0.9188,0.0651,0.004,0.1653,58829,119437,35341,33370,10381,26168,10218,22723,13176,34126,21366,32911,19811,21245,13357,27499,28313,29723,24104,41052,33664,49186,24753,19353,30759,14415,11055,18238,1883,141.004,0.2518,0.0459,73.3
06191115,19639,12299,0.4912,0.4727,0.0037,0.1787,59309,11630,5581,2863,2560,2532,2497,2172,2782,3288,3559,3154,3443,2525,3013,3066,3946,3234,3611,6086,4793,7577,3056,2269,3978,2752,2103,3515,278,493.746,0.0499,0.0458,0.6
06191720,150693,93427,0.8168,0.1575,0.0112,0.1236,56451,80309,29973,19244,13872,16867,13318,14350,15518,22229,19801,21153,19188,15102,14877,19734,23353,21001,20971,34549,28319,41467,18832,14535,23654,14481,11336,18008,1236,326.294,0.1259,0.0358,13.3
06192295,24859,13730,0.8642,0.1317,6e-4,0.1367,64667,13702,4379,2887,1733,2446,1737,2091,2038,3350,2978,3231,2808,2138,2109,3094,3902,3390,3416,5213,4087,6565,2764,2008,3669,2235,1659,2926,213,130.844,0.1015,0.0409,4
06193245,7183,4743,0.8073,0.1802,7e-4,0.1114,52569,4301,1485,956,886,758,804,655,893,1070,1327,1059,1233,658,934,864,1476,983,1288,1705,1327,2148,781,556,1052,869,652,1124,55,184.543,-0.0517,0.0324,-0.5
06392170,1653,1115,0.1303,0.6525,0.1846,0.1767,53059,1039,510,176,412,162,367,149,378,195,483,189,478,112,416,164,538,171,525,573,426,744,176,116,251,379,278,496,18,44.815,-0.3538,0.0322,-4.5
06393050,10811,7346,0.1551,0.6464,0.1683,0.1597,65648,6957,3384,1084,2789,957,2382,879,2438,1199,3143,1170,3119,751,2666,1037,3473,1086,3369,3943,3082,4922,1204,837,1647,2607,2021,3271,132,158.418,-0.3559,0.0336,-8.9
06592965,3584,2592,0.1054,0.815,0.0126,0.1584,86217,2456,1421,152,1549,157,1285,123,1308,191,1698,176,1698,117,1335,180,1792,211,1716,1582,1212,2025,201,129,294,1312,1007,1676,68,541.078,-0.7022,0.043,-2.1
06594195,2223,1823,0.0816,0.9011,0.0052,0.1691,75278,1519,901,97,1068,87,900,84,894,106,1081,110,1058,66,842,110,1074,117,1039,988,760,1255,116,73,172,834,645,1056,37,383.028,-0.7269,0.0375,-1.9
06790160,13040,10222,0.0265,0.7836,0.1654,0.1393,63656,9390,4432,1083,4392,910,3638,843,3713,1282,4976,1234,4867,655,3753,1112,5222,1130,5130,4965,3920,6137,1138,787,1556,3671,2887,4540,155,204.426,-0.5101,0.0313,-12.4
06790320,2665,1976,0.0117,0.8948,0.0743,0.1422,57619,1997,995,152,999,135,842,122,860,184,1145,177,1120,104,894,175,1225,180,1206,1129,890,1402,195,130,273,895,704,1111,39,110.863,-0.6205,0.0344,-6.3
06791850,5092,3677,0.0417,0.7815,0.1658,0.1369,41901,3383,1607,361,1636,324,1396,299,1442,423,1934,401,1893,220,1453,365,2037,381,1997,1802,1358,2323,393,254,575,1354,1020,1750,55,140.308,-0.5333,0.0304,-6.8
06792215,5161,4025,0.0423,0.7683,0.1557,0.1214,47493,3516,1754,500,1862,400,1582,387,1601,558,2072,524,2023,294,1611,469,2202,476,2153,1953,1420,2605,472,290,702,1423,1034,1896,58,273.415,-0.487,0.0298,-3.5
06792405,2496,1859,0.0103,0.734,0.2403,0.0633,55344,1948,882,290,782,254,690,239,707,348,907,336,892,187,704,286,1007,289,992,999,748,1296,285,187,407,675,503,880,38,231.292,-0.3913,0.0385,-1.7
06991059,5495,3195,0.5284,0.4287,0.0243,0.1593,61466,2406,996,350,1020,273,912,248,918,327,1166,294,1150,165,913,297,1140,275,1113,1147,898,1430,267,182,368,830,650,1035,50,459.237,-0.4913,0.0432,-1.2
06991732,1876,1027,0.6123,0.3585,0.009,0.1059,57870,873,352,176,394,121,307,123,308,139,436,138,422,74,313,121,454,133,417,390,299,498,98,65,141,277,211,353,15,440.055,-0.4566,0.0387,-0.4
07190075,6799,5210,0.1608,0.6584,0.1351,0.0661,75760,5555,2336,714,2060,651,1885,552,1962,767,2634,746,2529,416,1909,711,3056,783,2913,2769,2178,3438,679,468,934,1970,1548,2444,120,585.276,-0.4661,0.0432,-2.2
07192620,33525,25330,0.1777,0.7126,0.0762,0.1925,122149,25139,11288,1768,9515,1882,8821,1559,9064,2732,12740,2566,12585,1821,9606,3051,15467,3362,14868,13221,10629,16144,2687,1934,3590,10005,8069,12211,529,134.501,-0.5536,0.04,-54.4
07194245,6247,4157,0.2642,0.5919,0.1331,0.0972,80968,3640,1575,466,1764,393,1440,349,1479,489,1979,467,1923,312,1433,425,2034,468,1954,1864,1384,2436,415,264,604,1366,1011,1794,83,151.371,-0.5102,0.0445,-6.3
07390045,3173,2270,0.1029,0.6839,0.1831,0.155,73298,2261,1141,334,943,321,889,299,915,408,1084,390,1072,215,909,341,1154,352,1123,1262,940,1646,346,220,505,870,646,1137,46,188.606,-0.4159,0.0363,-2.8
07391910,22308,14297,0.159,0.6562,0.1657,0.125,53019,12997,5575,1844,4864,1595,4356,1485,4499,2110,5364,2022,5330,1056,4196,1784,5734,1839,5530,6331,5046,7749,1818,1322,2405,4281,3398,5255,232,181.923,-0.3892,0.0366,-13.5
07392670,7015,5328,0.0918,0.8672,0.028,0.1526,75448,5277,2569,321,2078,360,1952,310,2001,506,2746,480,2732,341,2358,537,3380,583,3267,3107,2403,3911,604,401,855,2394,1857,2999,109,97.265,-0.576,0.0351,-18.4
07392745,4213,2939,0.1182,0.8205,0.0437,0.1208,72758,1928,941,241,1231,236,1131,209,1159,322,1544,314,1524,176,1253,271,1725,284,1675,1091,853,1367,208,140,291,846,661,1057,38,176.863,-0.5844,0.0348,-3.6
07393370,11947,9242,0.1035,0.6414,0.2269,0.1182,69261,6588,3159,633,3339,607,2891,554,2949,754,3784,744,3722,464,2893,711,4008,746,3900,3629,2851,4535,801,542,1126,2685,2118,3339,142,325.603,-0.5191,0.0392,-5.8
07394135,1756,1208,0.0557,0.8186,0.0843,0.078,62105,617,288,96,464,82,402,75,409,110,580,108,566,65,410,100,592,111,570,347,241,479,67,37,106,266,185,364,15,91.913,-0.5718,0.0428,-2.2
07590700,6606,5119,0.2788,0.5802,0.0902,0.0928,61339,3536,1697,250,1781,231,1507,202,1527,306,1921,279,1914,160,1545,260,1968,282,1897,1887,1473,2353,305,203,428,1509,1180,1876,73,407.838,-0.6379,0.0387,-3
07592777,58,50,0.3153,0.5788,0.0025,0.0847,56147,39,21,3,21,3,18,2,18,4,22,4,22,2,17,3,23,3,22,22,15,30,3,2,6,17,12,24,1,305.878,-0.6435,0.038,-0
07790245,1571,1554,0.0223,0.939,0.0087,0.153,87995,1196,744,69,770,58,667,49,673,69,909,77,890,52,754,68,955,82,929,819,645,1019,73,48,104,711,563,883,34,399.983,-0.7795,0.0416,-1.6
07790560,1998,1446,0.047,0.8964,0.0084,0.1284,73582,1368,747,112,869,112,706,101,722,120,930,128,902,76,735,104,970,123,934,827,650,1032,113,75,158,683,539,850,31,277.499,-0.6898,0.038,-2.1
07791780,6649,5358,0.0697,0.8747,0.0146,0.1779,78748,5122,2821,355,2738,377,2337,299,2412,425,3230,428,3165,265,2562,411,3363,458,3265,3081,2458,3772,445,306,616,2517,2010,3074,119,439.272,-0.6725,0.0386,-4.7
07992650,2033,1164,0.5421,0.4135,0.0364,0.0685,44683,1222,415,148,492,101,374,91,379,145,600,150,561,74,364,113,535,117,511,442,344,557,105,72,146,315,246,397,22,564.789,-0.4756,0.0505,-0.4
07994200,514,325,0.4243,0.5037,0.0819,0.0943,50441,317,44,42,187,39,167,31,171,32,209,33,204,21,142,35,200,32,195,58,39,80,12,6,19,44,30,60,2,210.382,-0.5584,0.0429,-0.2
08190460,1570,1260,0.1883,0.7713,0,0.17,54507,1071,673,76,611,68,573,58,585,89,787,81,785,64,635,93,780,112,753,745,555,963,99,61,148,618,462,799,27,352.892,-0.6973,0.0365,-1.5
08193265,1715,1363,0.195,0.7881,0,0.1535,41724,1238,648,64,656,69,577,60,602,89,799,90,772,50,625,86,843,106,814,752,565,976,90,55,136,632,476,816,30,575.099,-0.7204,0.0403,-0.9
08390780,4680,3559,0.1165,0.8355,0.0235,0.114,49858,3541,1873,218,1945,192,1688,183,1695,254,2216,235,2189,150,1781,242,2269,273,2192,2098,1631,2630,271,175,388,1764,1374,2196,64,311.551,-0.7112,0.0303,-4.8
08392865,668,464,0.0826,0.9115,0.0091,0.1148,51030,548,305,31,303,30,262,28,264,40,341,39,338,24,279,35,340,41,328,342,250,451,44,26,68,290,212,382,9,241.517,-0.719,0.0249,-1
08393450,1602,1318,0.0846,0.8113,0.0785,0.1477,49597,1161,632,107,641,97,562,87,567,117,752,116,731,70,620,115,770,114,744,698,496,950,112,65,178,563,403,762,23,343.321,-0.6454,0.0325,-1.3
08393830,734,567,0.0769,0.8803,0.0225,0.152,51500,522,279,33,288,32,247,30,248,40,332,36,328,25,262,36,334,42,321,309,229,400,41,25,61,259,193,333,9,385.044,-0.7033,0.0305,-0.6
08590100,43703,38460,0.1335,0.6867,0.1194,0.2912,122806,40287,17926,2676,7472,3947,7675,3355,8187,6695,12966,6061,13014,5873,11940,11068,20844,11679,19768,23557,19072,28514,9429,7080,12139,12884,10329,15722,1245,133.251,-0.1466,0.0528,-25.9
08590350,7877,5079,0.1017,0.8427,0.0091,0.175,112353,5531,2838,369,2122,420,2021,338,2090,582,2947,494,2900,416,2363,655,3294,739,3131,3266,2550,4103,669,453,940,2430,1896,3056,167,124.726,-0.5394,0.0512,-14.1
08590665,58199,50362,0.1127,0.6753,0.0843,0.4116,185787,52455,25841,3382,11616,4812,12178,3787,13028,9515,21030,8395,21510,7085,18064,11727,27292,12556,26124,32724,26635,39392,11604,8746,14937,19621,15878,23778,1499,112.453,-0.245,0.0458,-71.3
08591295,12344,9136,0.1542,0.7695,0.0391,0.151,100871,9109,4105,1249,3813,815,2919,667,3037,1041,4075,952,3956,785,3319,1376,5039,1499,4758,5135,3951,6505,1291,851,1832,3593,2753,4552,251,88.576,-0.4482,0.0489,-26
08592360,303333,206768,0.1391,0.5777,0.1233,0.3496,143090,187624,94581,36857,53892,44424,49281,37357,54821,63720,67055,57129,69992,43869,51167,60270,72255,64016,67670,108938,89887,129575,56606,44583,69919,46938,37943,56755,5393,98.826,0.0887,0.0495,97.8
08592720,15119,15186,0.1924,0.647,0.0892,0.2043,118225,12972,5561,964,3476,1188,3293,976,3461,1792,4899,1614,4835,1512,4299,2865,7164,3104,6724,7527,5833,9507,2416,1662,3351,4722,3632,5985,389,64.647,-0.30620000000000003,0.0517,-35.7
08593065,595762,409480,0.1171,0.5863,0.1171,0.3471,131553,370547,201712,93590,114294,107793,105937,90790,119115,143734,133021,128784,140664,99080,102212,127414,133679,135739,126110,223526,185137,264828,120941,95900,148517,91125,73781,110202,11460,198.218,0.1334,0.0513,150.4
08593150,28128,23656,0.2311,0.5462,0.1685,0.2115,97805,24760,8676,1537,4329,2215,4122,1904,4337,3866,6326,3576,6204,3118,4872,6740,9966,7247,9096,12338,9789,15268,5532,4060,7239,6189,4823,7732,617,65.173,-0.0533,0.05,-10.1
08793400,143,96,0.0656,0.8579,0.0131,0.2689,85580,44,18,6,66,10,59,9,59,6,90,6,87,2,73,6,83,6,81,25,18,33,3,2,5,21,15,27,1,443.295,-0.6823,0.0434,-0
08794130,2509,1684,0.276,0.6043,0.0717,0.1652,67126,1685,837,139,917,103,755,92,772,149,958,139,945,73,772,129,983,135,958,900,707,1129,141,93,202,722,569,902,37,476.026,-0.6457,0.0408,-1.2
08990800,9292,6912,0.1621,0.699,0.0933,0.1689,83381,6629,3658,787,3235,792,2932,666,3022,1016,3702,996,3645,625,3044,918,3899,956,3787,4008,3175,4974,1004,696,1388,2853,2267,3552,150,296.971,-0.4614,0.0374,-6.2
08991095,4585,3022,0.4961,0.3271,0.1545,0.1693,77404,2705,1109,628,810,523,744,462,794,733,1014,724,990,381,749,569,1021,595,960,1258,903,1695,510,320,759,699,497,947,48,197.177,-0.1503,0.0386,-1
08991470,1907,1383,0.0942,0.8446,0.0341,0.1233,60926,1222,640,148,705,130,627,107,646,161,804,158,785,85,659,135,849,147,816,712,551,899,139,94,196,547,422,692,27,263.263,-0.5726,0.0377,-1.5
08994120,4773,3898,0.1736,0.6935,0.1252,0.1393,62584,3410,1876,423,1575,380,1476,323,1530,510,1953,485,1947,304,1632,486,2055,510,1991,2093,1498,2827,528,312,817,1496,1074,2014,69,216.276,-0.4625,0.0332,-4.5
09190627,63518,53526,0.2011,0.7445,0.021,0.269,119361,60364,34432,5233,21547,6056,20878,5056,21914,8957,29703,8189,29880,7413,26661,11030,36490,11683,35137,40432,32982,48782,11339,8365,14832,27285,22179,32927,1809,345.382,-0.3944,0.0447,-46.2
09192730,97983,85314,0.2743,0.6598,0.0287,0.2885,105843,78283,39609,9005,23589,10774,23201,9089,24721,15869,33037,14363,33665,11782,27842,16650,38266,17466,36620,47376,38720,57122,17080,12915,21905,27980,22761,33840,2317,229.5,-0.2301,0.0489,-47.5
09390810,7398,4842,0.206,0.7705,0.0049,0.138,62667,5050,2101,375,2332,362,2005,306,2056,405,2767,397,2703,257,2216,407,3025,476,2902,2724,2139,3405,422,280,598,2190,1723,2721,113,421.609,-0.6488,0.0414,-4.2
09390985,4481,3584,0.163,0.801,0.0058,0.1413,61495,3104,1331,317,1432,326,1289,275,1328,349,1788,344,1734,246,1428,323,1902,370,1814,1683,1263,2199,324,206,475,1281,962,1663,78,248.746,-0.5685,0.0462,-3.8
09391665,1715,1294,0.1571,0.8208,0.0033,0.1454,60932,927,499,97,570,92,506,75,523,99,622,90,617,64,559,104,752,116,719,557,434,700,84,56,121,446,349,557,27,277.328,-0.6483,0.0484,-1.3
09591160,2641,1904,0.3058,0.5924,0.0835,0.1034,70144,1066,537,106,541,119,491,110,501,150,654,143,638,76,481,109,638,127,601,601,472,751,118,78,167,457,360,567,26,733.973,-0.563,0.0439,-0.5
09591255,662,733,0.0813,0.8706,0,0.0642,60251,492,288,42,344,44,312,35,324,47,404,50,391,33,337,44,400,49,388,317,239,410,42,26,63,262,198,336,14,259.72,-0.6916,0.0432,-0.8
09790580,6291,4940,0.1295,0.8309,0.008,0.1064,81210,4494,2333,321,2273,323,2025,273,2063,414,2745,414,2678,270,2215,401,3051,442,2943,2629,2019,3366,401,257,585,2122,1636,2713,106,220.281,-0.6544,0.0402,-7.8
09791435,17437,12053,0.1926,0.6966,0.0738,0.1302,59594,9203,3908,1081,3317,1111,2836,953,2974,1436,3839,1344,3829,954,2752,1398,3923,1508,3655,4448,3450,5630,1334,909,1864,2874,2219,3639,240,30.721,-0.3464,0.054,-50.2
09791440,7591,5964,0.0514,0.9149,0.0046,0.2299,103939,6152,3912,487,3244,555,3027,416,3145,687,3917,616,3931,569,3470,760,4405,842,4256,4206,3266,5292,794,529,1116,3212,2501,4041,200,123.715,-0.5751,0.0475,-19.5
09792680,5036,3912,0.0436,0.921,2e-4,0.1948,92011,4022,2553,187,2530,228,2330,158,2386,264,2856,239,2856,191,2426,313,3058,349,2990,2802,2157,3561,330,210,480,2349,1811,2975,123,244.739,-0.7207,0.0441,-8.3
09793995,5313,4123,0.1085,0.8476,0.0065,0.1444,83342,3888,2211,275,1814,329,1649,249,1716,410,2239,386,2221,323,1951,438,2538,479,2440,2483,1931,3144,474,310,678,1903,1482,2411,106,279.047,-0.5756,0.0426,-5.1
09990845,39253,28467,0.1843,0.5775,0.1377,0.1509,76879,23059,8322,3622,5751,3646,4875,3206,5296,5480,7199,5160,7235,3241,5152,5083,7749,5199,7255,9948,7864,12286,4463,3283,5842,4875,3779,6123,610,44.805,-0.0414,0.0613,-9.2
09991270,1582,1208,0.1128,0.7787,0.0414,0.1574,82711,1132,530,105,450,88,421,76,436,115,572,104,572,75,489,129,668,133,645,647,496,823,133,89,186,489,372,623,25,189.44,-0.5503,0.0387,-1.9
09991315,1025,853,0.116,0.6206,0.022,0.1759,106892,554,317,34,347,42,302,32,313,53,418,49,416,43,372,62,479,76,460,360,248,498,57,32,92,282,196,389,20,59.922,-0.6259,0.0549,-3.8
09991370,15768,10397,0.197,0.4903,0.2089,0.1933,65743,3368,561,420,498,366,338,330,370,665,679,641,678,279,333,460,669,474,629,784,592,1003,400,281,539,340,247,448,44,236.171,0.0764,0.0564,0.3
09991480,20180,17955,0.1872,0.6085,0.1322,0.0881,73043,8755,4323,643,3649,704,3370,572,3497,929,4556,868,4475,606,3635,885,4875,1024,4621,4891,3726,6227,1020,666,1457,3654,2783,4653,217,103.913,-0.5387,0.0443,-25.4
09992885,2061,1755,0.1231,0.7612,0.0402,0.1065,77003,1391,737,123,596,101,457,88,472,160,793,139,797,110,701,164,902,178,865,845,631,1099,177,111,259,632,472,823,36,125.597,-0.5388,0.0425,-3.6
09993157,2073,1713,0.1358,0.724,0.0819,0.1276,81184,1128,604,74,526,76,491,63,505,95,658,90,650,65,565,105,764,112,744,675,485,905,117,70,176,539,388,724,19,161.687,-0.6258,0.0287,-2.6
09993965,1151,876,0.1198,0.7721,0.0695,0.1322,67539,694,385,43,406,44,372,26,391,46,485,45,482,32,405,49,513,57,489,444,336,573,59,38,86,367,278,475,18,135.281,-0.694,0.0405,-2.3
10192930,1285,1002,0.424,0.5055,0.0316,0.1499,48769,754,402,85,468,90,425,83,431,106,501,103,496,51,422,84,525,84,506,449,351,564,87,58,122,344,269,433,18,547.831,-0.5732,0.0411,-0.5
10192935,95,83,0.4117,0.5114,0.0156,0.1836,57969,66,34,6,38,7,33,5,34,7,39,7,38,3,31,5,40,6,38,40,30,53,7,4,10,32,24,42,2,353.785,-0.6283,0.0396,-0.1
10390880,1514,787,0.561,0.3412,0.0413,0.0702,57221,683,269,110,224,74,181,66,185,73,312,71,297,50,217,61,286,63,264,307,227,403,71,44,107,221,164,290,15,482.258,-0.4879,0.0478,-0.3
10390885,3161,1664,0.54,0.4023,0.0339,0.1242,71556,1737,862,189,825,139,655,131,657,168,935,158,916,100,766,125,909,133,851,928,705,1180,157,102,227,734,561,934,36,303.466,-0.6217,0.0391,-1.9
10591120,3014,1837,0.5858,0.4098,0.0026,0.0691,101599,2123,1256,363,953,331,901,325,894,336,1184,306,1112,269,936,316,1055,320,978,1366,1041,1746,401,264,571,904,689,1158,62,1669.363,-0.3683,0.0453,-0.3
10594160,84,55,0.5435,0.4407,0.0054,0.063,102551,36,23,9,27,9,27,8,27,8,36,8,34,7,28,7,32,8,30,24,18,31,6,4,8,17,13,23,1,1137.982,-0.4836,0.047,-0
10790905,1926,1352,0.5346,0.4399,0.0155,0.1313,52004,1304,483,182,474,169,393,157,399,204,545,187,528,93,395,177,560,173,546,552,409,722,164,105,238,363,267,475,25,409.231,-0.3599,0.0453,-0.5
10792290,1239,926,0.4876,0.4218,0.0373,0.1478,50437,814,269,108,257,105,216,90,221,130,324,125,314,65,218,116,320,111,305,316,219,431,104,62,158,199,137,274,12,202.57,-0.3022,0.0383,-0.5
10793185,1968,1360,0.4844,0.446,0.0327,0.1368,54866,1270,458,178,450,163,369,146,385,193,527,174,514,97,377,159,536,154,519,515,383,672,158,102,230,339,250,442,18,289.893,-0.3504,0.0358,-0.6
10994010,2040,1401,0.7106,0.2341,0.0047,0.1379,52801,1386,672,429,251,484,271,392,296,408,380,359,334,309,354,295,416,314,365,785,610,984,415,301,548,332,244,432,38,137.123,0.1063,0.0489,0.6
10994015,148,103,0.6543,0.3108,0.0036,0.1192,48034,128,46,25,29,37,26,30,28,30,35,26,33,19,37,24,35,26,29,64,50,81,30,21,40,31,23,41,3,3675.248,-0.0258,0.0502,-0
11190955,6380,3265,0.4668,0.4679,0.0273,0.0542,67817,2292,837,197,1076,125,820,117,834,178,1172,182,1151,71,799,136,1093,140,1044,954,756,1190,133,89,190,783,621,974,37,1239.588,-0.6813,0.0393,-0.5
11193885,735,521,0.1703,0.7686,0,0.2552,77430,294,159,25,185,14,150,12,151,19,217,18,218,7,159,16,192,18,185,164,117,221,19,10,30,137,99,184,9,265.545,-0.7213,0.0521,-0.4
11392792,1610176,991467,0.2529,0.4577,0.2018,0.2284,93731,854328,408961,265769,193516,287440,179307,248148,209455,355574,224251,328713,243594,239912,167268,307137,231404,320656,212273,453974,377419,537843,281752,228542,340196,148716,120112,180252,23506,474.079,0.293,0.0518,280.6
11393682,1003363,589497,0.3251,0.2217,0.3749,0.1798,80948,515631,210822,195311,69429,193955,61819,177060,74204,243002,82825,231890,87257,152722,57416,203890,91064,210455,79224,239556,199168,283827,174926,143436,209232,53403,42283,65760,11228,434.458,0.5073,0.0469,279.7
11592105,10734,7585,0.5264,0.3652,0.0867,0.1016,66483,5636,2099,735,2200,723,1845,663,1889,721,2442,657,2333,351,1700,595,2325,609,2215,2280,1782,2859,581,400,799,1611,1261,2021,88,50.121,-0.4517,0.0384,-20.5
11592110,342,197,0.6266,0.3344,0.0074,0.0953,70500,154,44,21,83,23,72,20,74,19,90,18,87,10,72,15,89,15,86,58,43,75,13,8,19,43,32,56,2,244.085,-0.5204,0.0397,-0.1
11592115,390,200,0.313,0.6412,0.004,0.2622,78067,150,59,27,103,17,80,14,79,12,114,12,111,8,85,17,113,18,109,67,49,88,13,8,19,52,38,68,3,208.836,-0.5849,0.0392,-0.2
11592120,663,373,0.3955,0.4432,0.1191,0.0902,77188,313,132,35,155,35,124,31,127,37,168,31,164,23,138,28,166,33,160,153,113,201,38,24,55,109,80,143,7,195.463,-0.4621,0.0452,-0.4
11592125,327,205,0.2408,0.7818,0.009,0.2305,77794,175,95,17,94,13,72,11,70,14,118,14,116,9,94,12,117,13,116,96,70,127,18,11,27,74,54,98,4,203.624,-0.5823,0.0425,-0.3
11791785,17812,10003,0.6655,0.3074,0.0127,0.087,67983,7996,2791,1137,2791,1022,2570,916,2674,1209,3158,1101,3138,608,2188,976,3101,981,2986,3133,2436,3934,971,678,1320,2051,1581,2600,111,429.297,-0.3446,0.0354,-2.5
11791790,771,434,0.6751,0.298,0.0166,0.0886,67388,352,124,48,120,45,110,41,114,54,135,49,134,27,93,43,132,44,127,138,106,175,44,31,61,89,68,114,5,1069.041,-0.3215,0.035,-0
11990840,3711,2881,0.0622,0.8263,0.0735,0.1007,67896,2732,1402,280,1352,241,1141,203,1170,273,1547,246,1513,204,1265,282,1646,332,1570,1548,1225,1932,280,190,390,1205,954,1506,63,172.721,-0.5976,0.0406,-5.4
11992985,1519,1189,0.0832,0.7944,0.0918,0.1058,78713,1061,510,120,484,113,421,98,436,130,615,124,598,91,446,115,604,121,588,593,445,769,125,80,183,440,330,572,28,105.211,-0.5316,0.0468,-3
12190637,141189,103450,0.1652,0.4943,0.1447,0.3278,117746,82129,41093,21442,21386,24219,19577,20691,22241,34366,26722,31095,28450,22493,19317,29814,27306,31190,25633,46077,37840,55396,26261,20721,32614,17478,13924,21359,2337,34.541,0.1906,0.0507,254.3
12191010,110093,89876,0.1977,0.6163,0.1221,0.2535,74925,67175,32833,18168,14869,22793,13150,20514,14570,26634,17431,24614,18086,20810,12700,28558,19057,29299,17714,37798,30992,45281,23806,18949,29307,11984,9547,14683,2009,82.668,0.3128,0.0531,143
12191970,92170,71184,0.1406,0.7606,0.0418,0.3381,154669,81921,43296,6913,23111,9189,23567,7250,25127,14384,34669,12712,35590,11733,31224,17943,45183,19093,43554,52858,43299,63528,17581,13220,22703,32650,26614,39316,2628,226.802,-0.2851,0.0497,-66.4
12192186,273056,193777,0.1608,0.6512,0.0925,0.3167,126698,173625,94580,34787,59567,41219,53747,34185,59084,55459,70740,49893,73658,38789,55292,52247,72553,54696,69154,105657,86814,125966,49334,38472,61690,50586,41153,61081,5737,130.328,-0.0119,0.0543,-9.6
12193035,154492,118812,0.1535,0.5495,0.1877,0.3203,137664,114544,52639,14649,23915,18704,22225,15924,24338,30591,35743,28121,36663,23439,29167,36747,46330,38649,43727,65044,53395,77811,32072,25041,40089,29782,24100,36134,3189,216.321,0.0352,0.049,10.6
12193425,23667,20038,0.1183,0.8011,0.0434,0.2131,105674,19629,9632,1605,6745,1914,6165,1568,6431,2615,8548,2375,8522,1925,7207,2846,10397,3135,9919,11738,9381,14344,3264,2329,4369,7922,6347,9693,552,215.153,-0.3969,0.047,-21.7
12193892,111755,77350,0.1354,0.622,0.0913,0.372,157285,75691,40060,13326,21010,16611,20312,13676,22680,24645,28628,22174,30056,17199,22109,23347,29696,24613,28277,45255,36988,54454,22332,17300,28079,20735,16712,25288,2189,45.847,0.0353,0.0484,34.8
12390925,9768,7328,0.3683,0.4849,0.1041,0.1233,70496,4895,2354,660,2215,640,2001,542,2079,859,2671,778,2616,501,2024,725,2614,764,2504,2518,1959,3181,646,450,891,1793,1391,2278,79,158.172,-0.4556,0.0314,-7.3
12394170,2185,2059,0.1478,0.7849,0.0406,0.1713,72065,1494,944,90,876,101,803,78,826,126,1035,125,1005,87,853,117,1046,135,1011,976,715,1294,148,93,221,800,585,1055,28,298.528,-0.6675,0.0287,-2.2
12394295,3937,2784,0.2514,0.672,0.0284,0.1156,60420,2065,1125,190,1132,175,958,152,971,241,1293,228,1249,141,1052,210,1344,232,1285,1181,897,1523,217,139,319,928,708,1194,36,178.295,-0.6015,0.0302,-4
12394305,3934,2851,0.3022,0.6434,0.0453,0.0789,59071,2485,1199,223,1297,212,1212,170,1239,267,1568,254,1529,149,1223,218,1511,261,1441,1256,960,1616,209,135,303,1009,770,1299,39,275.495,-0.6363,0.0307,-2.9
12591050,596,437,0.1787,0.7794,0.0141,0.1275,57407,427,260,32,297,31,246,31,242,38,326,42,297,32,277,43,350,46,335,293,224,372,43,27,63,238,182,301,12,636.76,-0.6649,0.0418,-0.3
12593705,1174,878,0.3405,0.6211,0.0146,0.1297,44447,878,463,96,458,82,389,65,414,92,527,91,511,66,407,103,494,102,482,506,390,641,99,64,142,388,298,494,20,268.461,-0.5711,0.0386,-1.1
12790140,979,627,0.9444,0.0191,0,0.0498,31477,840,480,344,149,434,113,403,135,479,198,450,177,386,160,345,213,359,162,495,353,676,338,228,480,142,92,206,15,635.966,0.3964,0.0294,0.3
12790310,544,417,0.9592,0.0384,0,0.026,44688,450,150,150,63,139,59,122,67,147,117,136,98,86,63,101,116,110,89,174,121,239,98,62,142,68,43,98,8,263.63,0.1725,0.0487,0.1
12790635,7092,4830,0.8058,0.1373,0.0186,0.0881,50872,5025,2044,1679,762,1468,667,1262,839,1638,1069,1536,999,1285,857,1304,1319,1366,1049,2202,1715,2767,1325,973,1742,777,559,1030,100,434.916,0.2487,0.0454,1.3
12990730,2736,2173,0.1332,0.7632,0.0692,0.1017,60446,1881,871,158,1007,137,923,109,944,167,1156,149,1144,77,887,151,1259,160,1212,1037,806,1303,145,95,209,850,663,1066,42,672.267,-0.6801,0.0404,-1
12991760,522,451,0.0524,0.9212,0.0038,0.1136,52647,330,201,33,218,24,187,25,186,31,282,32,274,20,197,23,253,32,241,208,153,273,28,16,44,172,127,224,8,260.779,-0.6925,0.0377,-0.6
13190260,1729,1427,0.7985,0.1943,0.0023,0.0461,44989,1465,804,666,189,720,218,642,251,675,402,639,284,517,292,498,331,517,264,857,626,1138,537,373,744,291,197,405,28,542.236,0.2877,0.0331,0.5
13191405,2887,2019,0.7785,0.2219,0,0.045,64996,2251,1236,539,611,607,604,550,629,508,975,509,758,445,684,433,1002,503,795,1323,938,1796,527,330,786,734,504,1015,62,420.178,-0.1566,0.0469,-0.5
13193215,551,228,0.8175,0.1892,0,0.0317,45167,437,242,250,93,218,92,196,91,191,121,184,106,148,109,143,119,148,105,253,196,320,137,99,182,106,79,139,10,492.204,0.1195,0.0383,0.1
13193420,4664,3541,0.7948,0.1374,0.0169,0.0328,40659,3244,1481,1328,423,1219,414,1067,506,1201,945,1125,640,908,515,919,983,1012,704,1638,1234,2137,949,673,1293,620,438,839,69,340.974,0.2012,0.0421,1
13390725,5195,4168,0.1115,0.8536,0.0178,0.096,61468,3509,1746,203,1673,246,1532,212,1559,291,2116,274,2039,198,1511,278,2100,313,2021,1963,1413,2627,302,176,471,1602,1158,2141,59,210.937,-0.6619,0.03,-6.2
13391135,5787,4072,0.1091,0.8451,0.0298,0.1837,62887,4030,2018,254,2025,251,1855,223,1872,328,2442,294,2401,199,1863,303,2525,342,2444,2286,1711,2965,324,201,487,1899,1427,2456,63,155.57,-0.6888,0.0273,-10.1
13391590,2213,1574,0.1304,0.8068,0.0253,0.1234,53448,1515,833,100,788,95,702,83,707,106,953,103,906,87,754,114,960,122,932,925,715,1168,135,88,197,754,585,951,36,211.103,-0.6685,0.0388,-2.9
13393190,2760,2301,0.1764,0.7415,0.0411,0.1195,39467,1764,746,151,838,139,648,129,652,170,913,158,873,93,673,128,935,148,884,858,603,1167,141,79,226,688,485,934,29,165.248,-0.6378,0.0332,-3.3
13393250,1770,1418,0.0694,0.8949,0.0183,0.1272,72499,1195,643,68,687,70,640,61,644,88,813,80,796,59,667,89,877,95,850,733,509,1011,87,48,140,623,434,861,23,189.056,-0.7319,0.031,-2.8
13592875,127126,78767,0.5493,0.3618,0.0559,0.1189,80923,64942,21081,8415,21224,7845,17975,6951,18807,9665,26939,9031,26260,5167,16326,8456,26789,9056,25427,25028,20590,30009,7210,5438,9308,16809,13828,20192,1008,240.83,-0.3835,0.0403,-39.9
13594173,38045,20479,0.5666,0.4022,0.0117,0.1129,71605,16090,3613,1834,3796,1385,3021,1260,3127,1702,5758,1651,5451,783,2886,1444,5678,1582,5339,4330,3466,5310,1138,811,1531,3037,2430,3730,155,660.988,-0.4386,0.0359,-2.9
13793300,1004,621,0.3837,0.5488,0.0145,0.204,41156,845,424,235,467,107,370,75,391,116,572,103,516,66,430,91,544,103,496,481,367,616,104,66,151,357,274,455,20,656.849,-0.5276,0.0411,-0.4
13793305,418,267,0.2083,0.8062,0.0638,0.2465,46324,293,161,68,279,38,234,25,244,52,321,41,308,33,282,42,325,49,304,174,134,222,30,20,44,137,105,174,7,1463.029,-0.6125,0.0381,-0.1
13991250,29459,21510,0.3064,0.5866,0.0921,0.14,80202,17786,7345,2403,5314,2446,4797,2083,5121,3291,6578,3063,6552,2066,5132,3317,7497,3594,6921,8661,6962,10564,3238,2401,4228,4982,3968,6130,440,213.197,-0.2015,0.0509,-8.2
13991310,16495,10762,0.2917,0.5776,0.0932,0.1296,93217,10578,4599,1436,3421,1514,2903,1344,3032,2012,4060,1912,4034,1405,3151,2169,4538,2361,4155,5460,4281,6779,2041,1452,2720,3107,2428,3898,312,112.354,-0.1952,0.0572,-9.5
13991895,4538,3456,0.1521,0.6905,0.1468,0.1353,64840,3131,1484,430,1123,406,1019,358,1064,504,1424,481,1401,327,1125,471,1610,501,1520,1736,1307,2266,535,352,764,1116,838,1456,85,148.206,-0.3345,0.049,-3.9
13992490,7884,6132,0.2374,0.6733,0.0532,0.2175,101504,5905,3142,435,2297,531,2176,423,2266,765,3101,717,3102,569,2767,898,3934,979,3773,3651,2762,4644,931,630,1297,2570,1945,3295,150,90.658,-0.4491,0.0411,-18.1
13992570,31989,25758,0.1657,0.6722,0.1228,0.2451,124613,26012,12925,1974,8619,2704,8015,2103,8510,4157,11308,3830,11428,3577,9263,6142,13282,6497,12596,15595,12544,19063,5372,3928,7068,9502,7568,11752,720,85.477,-0.2649,0.0462,-48.3
13994090,102090,79511,0.1951,0.5778,0.199,0.207,106206,78383,37977,9576,24167,11505,22114,9568,23654,16836,30246,15776,30562,13394,24126,20853,33901,21754,32055,44895,36846,53719,18650,14241,23543,23991,19468,28997,2254,302.063,-0.119,0.0502,-17.7
14191215,517749,336799,0.8011,0.1427,0.0318,0.1655,57733,298966,106172,102816,37288,104483,33399,92765,41493,117686,51516,108305,48869,69677,35068,91413,58730,89560,52198,118138,97317,140475,80139,64090,97753,32275,24533,41042,5724,144.491,0.4052,0.0484,331.3
14191220,231493,143159,0.8639,0.0802,0.0321,0.1521,72282,125939,34556,29227,8655,29427,8557,26282,10578,38333,18533,36252,17194,21679,12074,32270,28943,32904,24824,42066,34509,50238,26947,21144,33219,13131,9852,16825,1988,557.452,0.3284,0.0473,24.8
14191225,14954,9309,0.2357,0.4705,0.1923,0.1959,63527,2679,217,397,346,267,186,230,209,506,538,480,544,144,145,386,524,398,486,410,313,522,235,170,313,154,110,206,21,179.684,0.1973,0.0518,0.4
14191230,101461,65387,0.7062,0.2074,0.0413,0.2381,94399,59890,24119,15404,9224,17305,8801,14903,10469,21600,13744,19894,13415,13656,10286,19087,16927,18963,15488,27564,22495,33182,16759,13154,20822,9447,7338,11801,1358,133.662,0.2653,0.0493,54.7
14391085,5860,3343,0.281,0.6735,0.004,0.1557,66260,3791,1683,268,1482,286,1302,246,1336,347,1768,327,1737,213,1427,365,1931,400,1829,2029,1552,2584,369,238,536,1580,1208,2006,80,177.548,-0.5969,0.0397,-6.8
14391087,1928,1649,0.137,0.8273,8e-4,0.173,75382,1261,714,113,745,105,671,92,686,135,879,130,873,101,747,146,966,161,937,809,600,1057,129,79,193,648,482,849,32,237.325,-0.6421,0.0395,-2.2
14392645,3694,3412,0.0574,0.9318,0,0.2429,101062,2691,1669,193,1521,206,1422,169,1450,253,1992,241,1982,213,1754,278,2350,306,2283,1889,1469,2388,265,172,385,1544,1205,1944,80,316.528,-0.6773,0.0421,-4
14393735,31063,24676,0.1605,0.7895,0.024,0.1756,59599,16849,8448,1586,7461,1889,6660,1566,6884,2180,9045,2009,8972,1450,7028,2082,10102,2259,9623,9513,7736,11530,2116,1542,2790,6926,5621,8374,471,358.405,-0.5056,0.0495,-13.4
14590710,2968,2201,0.2724,0.5894,0.1115,0.1385,85124,1934,897,313,701,252,673,225,693,326,889,298,901,192,776,310,1037,332,1001,1032,778,1338,310,205,443,676,508,876,46,136.204,-0.3544,0.0449,-2.7
14592300,2048,1728,0.1214,0.806,0.0349,0.1808,76545,1477,789,151,716,134,662,113,677,166,864,158,853,94,734,146,969,157,941,892,683,1137,179,117,258,679,522,865,35,116.358,-0.56,0.0394,-4.3
14592425,7734,5562,0.2056,0.3824,0.3886,0.1049,52003,3547,1395,905,790,792,719,721,781,1060,884,1007,885,658,704,933,878,949,830,1575,1229,1970,865,640,1127,643,489,821,66,110.839,0.1414,0.0422,2
14593000,707,725,0.0367,0.884,0.0123,0.2947,87091,490,267,47,270,45,268,37,275,47,341,50,337,36,289,51,354,64,334,298,208,409,58,33,90,230,161,315,11,89.831,-0.5778,0.0357,-1.9
14593210,952,781,0.0738,0.7571,0.0536,0.2476,77267,440,218,59,275,53,251,46,260,76,340,68,341,44,298,63,401,69,390,249,172,344,56,32,88,183,127,254,9,176.715,-0.51,0.0381,-0.7
14593330,2559,1912,0.2496,0.6431,0.095,0.128,49700,1688,810,209,689,169,643,144,658,224,859,206,839,144,679,210,882,212,856,899,663,1187,241,150,359,618,456,815,40,143.924,-0.4202,0.0447,-2.6
14790375,13743,11032,0.1217,0.7259,0.1118,0.1056,68139,7395,3448,807,2861,745,2443,628,2536,971,3518,941,3421,638,2703,911,3827,1009,3668,3985,3109,4981,970,659,1339,2829,2215,3550,186,104.043,-0.4667,0.0467,-17.9
14791070,1694,1272,0.0307,0.9017,0.0149,0.1717,99096,1243,662,133,594,117,536,101,550,140,743,135,718,93,608,124,821,139,787,729,557,936,134,88,193,563,431,722,32,115.619,-0.5883,0.0437,-3.7
14791150,3142,2885,0.0663,0.8978,0.0094,0.1571,74405,2352,1137,132,1069,160,988,117,1027,181,1428,176,1392,143,1112,206,1625,239,1571,1341,1004,1741,209,130,311,1079,813,1399,53,91.298,-0.6488,0.0395,-9.5
14791825,2988,2436,0.0697,0.7971,0.127,0.1725,56213,1887,904,227,737,226,643,200,666,276,943,277,900,196,697,263,1010,290,961,1044,730,1429,274,160,425,720,503,992,50,144.853,-0.4268,0.0483,-3.1
14792075,880,620,0.0378,0.7311,0.1737,0.0679,63564,575,270,97,249,85,213,83,216,124,266,111,264,76,200,122,269,127,252,316,219,437,106,64,163,198,136,274,13,47.162,-0.2902,0.0405,-1.9
14792175,8768,6635,0.0821,0.8694,0.0165,0.1374,84101,6275,3071,456,2565,510,2411,430,2478,653,3436,609,3367,479,2822,691,4049,778,3886,3597,2727,4575,687,444,988,2754,2097,3509,156,156.651,-0.5747,0.0435,-13.2
14793200,4447,3452,0.0424,0.885,0.0274,0.1258,71920,3224,1695,270,1461,264,1334,208,1383,310,1837,309,1775,196,1525,289,2047,345,1960,1931,1500,2438,323,214,455,1531,1192,1929,77,239.256,-0.6261,0.0398,-5.1
14991305,1905,1638,0.0617,0.9193,0.0106,0.2392,77599,1609,1011,158,837,176,873,147,899,202,1005,204,997,146,893,184,1085,187,1065,1100,776,1482,222,130,343,844,598,1135,34,110.981,-0.5654,0.0308,-5.6
14991320,3930,3275,0.2672,0.6702,0.0486,0.1477,72635,3010,1718,327,1398,369,1353,294,1421,434,1698,440,1669,286,1443,446,1847,462,1803,1904,1419,2480,459,292,672,1367,1016,1787,78,264.55,-0.4772,0.0411,-3.4
14992080,7305,5627,0.1433,0.7631,0.0812,0.198,68624,4838,2801,647,2292,644,2161,518,2263,785,2702,768,2683,522,2246,739,2770,775,2692,3041,2369,3808,800,547,1112,2111,1639,2648,130,138.53,-0.4311,0.0428,-9.5
14992085,4481,3386,0.1205,0.8141,0.0463,0.2551,87500,3191,1853,394,1590,388,1491,319,1545,502,1870,495,1848,313,1591,434,1956,469,1883,2025,1561,2560,482,321,681,1458,1122,1843,86,166.577,-0.4819,0.0425,-5.9
14993345,2007,1639,0.0622,0.9062,0.0107,0.2264,90417,1658,1079,199,895,218,897,172,937,230,1085,216,1085,182,922,247,1131,256,1107,1150,814,1561,267,158,412,842,596,1138,41,142.416,-0.5002,0.0354,-4
14993475,4807,3427,0.1514,0.7403,0.0879,0.136,73491,3335,1846,401,1635,402,1453,327,1510,496,1802,500,1765,300,1554,466,1911,499,1858,2040,1511,2674,496,310,739,1470,1090,1919,73,136.756,-0.4776,0.036,-7.1
15192350,217,161,0.2184,0.7061,0.0201,0.1251,65848,155,81,25,77,20,69,19,70,20,89,20,87,12,74,19,96,22,92,90,67,117,19,12,28,67,50,87,4,147.699,-0.5311,0.0419,-0.3
15193275,1721,1316,0.1737,0.784,0.0074,0.1197,70469,1216,666,162,591,138,538,124,548,140,691,141,675,88,603,133,790,143,764,743,559,955,149,95,216,566,427,729,29,506.958,-0.5607,0.0384,-0.8
15193340,1734,1267,0.3482,0.553,0.0663,0.1266,58932,1136,589,216,598,182,532,168,543,192,668,190,655,111,495,178,601,194,564,636,478,828,169,108,246,439,329,572,28,247.097,-0.4251,0.044,-1.1
15391335,3296,1852,0.4861,0.4535,0.0314,0.143,55602,1999,863,265,851,330,843,281,881,270,914,252,895,136,746,226,999,260,928,946,718,1217,247,161,355,659,499,850,40,451.266,-0.4359,0.0426,-0.9
15392250,2106,1627,0.4934,0.4616,0.0116,0.0794,65272,1401,531,170,623,146,551,131,567,168,670,145,659,65,504,132,716,146,689,608,443,815,126,79,191,460,335,616,22,541.256,-0.5491,0.0356,-0.6
15590915,967,741,0.1085,0.8446,0,0.178,61563,662,460,100,331,99,277,89,285,87,385,94,350,60,394,80,389,82,380,481,372,609,106,71,151,353,273,447,21,559.743,-0.5135,0.0439,-0.4
15593890,128,96,0.1105,0.8349,0,0.178,61563,101,66,13,52,14,44,12,46,12,60,13,54,9,58,12,59,12,58,73,54,95,16,10,23,54,40,70,3,147.941,-0.5248,0.0468,-0.3
15791415,203961,134560,0.1952,0.5045,0.1203,0.3935,164607,132893,67664,20814,38332,23998,36973,20120,40313,36875,52732,32984,54390,25919,41926,37786,59085,39805,55807,79611,65111,95901,35407,27147,44629,40816,32939,49699,3389,166.029,-0.068,0.0426,-32.6
15792715,14694,10343,0.3226,0.6284,0.0207,0.189,101061,9991,5088,961,3982,942,3736,809,3849,1253,5080,1160,4991,862,4165,1410,5608,1514,5324,5746,4532,7206,1379,950,1910,4156,3259,5201,212,196.112,-0.4833,0.0368,-14.2
15792915,3511,2516,0.4103,0.4071,0.1378,0.0974,65310,1940,922,520,713,970,847,881,930,606,892,581,876,413,727,573,996,585,943,1040,814,1308,394,284,522,602,464,763,44,125.988,-0.2,0.0427,-1.7
15793337,114160,85933,0.3328,0.3316,0.202,0.2155,104718,74844,32304,15350,16873,16102,15852,14276,17402,22653,22086,20734,22216,14848,16521,22418,24521,23352,22502,37581,30726,45269,19989,15559,24987,15879,12678,19425,1713,212.211,0.1093,0.0456,19.4
15793715,168619,117641,0.1895,0.2103,0.4722,0.2263,110205,113302,50956,41202,14080,41111,13503,37257,16658,53959,19140,50609,19599,36964,13705,52423,22957,53024,20562,58373,48146,69968,42625,34528,51754,13238,10441,16511,2510,85.553,0.5034,0.043,343.5
15793780,317834,207563,0.1735,0.295,0.1824,0.3051,124451,195720,91420,55840,43312,59275,40512,52031,46715,80205,57788,72915,58905,50110,40206,64700,60424,68430,54554,101643,84125,121415,59999,47671,73923,37284,29992,45551,4359,99.356,0.2235,0.0429,228.6
15992675,7821,5573,0.0903,0.8202,0.068,0.1576,80852,4992,2561,519,2764,483,2566,399,2610,616,3188,571,3148,382,2563,632,3403,673,3309,2914,2308,3610,601,410,838,2203,1747,2719,111,242.256,-0.5498,0.0381,-6.6
15994250,2538,2196,0.0446,0.9048,0.0182,0.2136,57446,1568,838,146,819,156,734,138,749,188,973,182,966,130,806,181,1070,186,1040,957,712,1241,189,118,279,732,549,947,36,52.512,-0.5674,0.0379,-10.3
16190555,1538,1507,0.0309,0.7372,0.1687,0.0995,64965,808,364,244,498,206,426,189,439,249,557,228,543,171,479,223,643,230,613,465,362,582,154,107,211,293,227,369,18,199.62,-0.2984,0.0381,-0.7
16191275,7850,5708,0.1068,0.7687,0.1191,0.1448,73651,5422,2611,597,2640,496,2260,449,2286,656,3031,623,2962,376,2352,619,3151,672,3008,2938,2237,3758,625,409,894,2201,1673,2823,113,287.959,-0.5365,0.0383,-5.5
16193850,7784,5677,0.1784,0.6298,0.1684,0.1005,62097,4413,2210,480,2158,440,1916,393,1948,564,2526,542,2467,325,2079,503,2754,534,2654,2512,1927,3202,533,341,778,1876,1450,2379,103,298.545,-0.5347,0.0409,-4.5
16194290,2263,2031,0.0197,0.74,0.2001,0.136,61724,1721,844,149,730,137,640,112,663,166,877,160,866,120,689,154,961,166,931,982,752,1250,187,121,270,749,577,951,47,105.868,-0.5721,0.0482,-5.3
16391055,5732,3728,0.6644,0.1998,0.1033,0.0991,55138,2152,893,473,448,477,459,417,493,467,690,458,587,398,418,401,637,425,538,996,746,1290,472,322,654,484,351,644,40,209.547,-0.0121,0.0401,-0.1
16392635,1836,1461,0.6368,0.2734,0.0887,0.0678,69914,1445,663,178,412,149,374,126,395,204,589,198,573,158,521,226,775,254,706,805,604,1042,230,148,333,534,400,695,41,181.893,-0.3777,0.0511,-1.7
16392980,10817,7305,0.8159,0.1252,0.0411,0.1043,72701,5554,2251,1793,996,1390,803,1196,956,1752,1544,1627,1328,1236,933,1221,1648,1357,1324,2543,2006,3146,1322,975,1723,1104,836,1414,117,742.908,0.0856,0.0459,0.3
16593485,3358,1909,0.5076,0.3466,0.1366,0.0884,75611,1505,576,176,671,140,576,133,572,152,810,137,778,74,581,122,861,134,831,667,491,880,105,63,162,538,399,708,23,438.452,-0.6485,0.0352,-1
16593520,18240,8683,0.3526,0.6133,0.0141,0.0927,83980,8178,3391,421,3236,373,2741,342,2733,424,4545,411,4340,237,3180,416,4979,427,4869,3962,3094,4967,423,279,608,3406,2669,4265,133,1064.399,-0.7527,0.0335,-2.8
16790370,2770,2684,0.0466,0.8692,0.0708,0.1231,69911,1899,1255,239,1010,266,987,229,1019,295,1480,290,1442,221,1140,304,1523,341,1444,1283,965,1659,279,177,406,951,716,1233,52,333.201,-0.5241,0.0405,-2
16791445,54774,42781,0.2216,0.5729,0.1569,0.2069,64138,32525,15367,9769,7681,10242,7478,9136,8247,12349,9956,11593,10057,8255,7112,10514,9908,10782,9253,16917,13679,20470,9579,7441,11981,6449,5074,7994,889,239.03,0.185,0.0526,13.1
16792100,25953,20459,0.2196,0.5121,0.216,0.1512,78338,19243,8266,4167,4864,3928,4515,3591,4821,5030,6420,4842,6330,3283,4751,4610,6780,4793,6411,9632,7748,11761,4548,3461,5775,4674,3702,5761,410,83.709,-0.0131,0.0425,-1.5
16793880,267185,191672,0.21,0.6216,0.1097,0.2443,113114,176251,83449,29482,60202,30629,54660,26358,58017,41167,76055,38369,76488,28470,55819,41304,82084,43400,78006,95512,78909,113932,36856,28591,46209,54163,44433,64812,4493,217.947,-0.1812,0.047,-79.4
16993108,3176,1940,0.4652,0.291,0.1934,0.0477,55217,991,423,103,399,91,343,85,346,103,495,106,474,55,384,91,505,90,485,476,364,604,85,56,122,372,286,470,18,540.514,-0.6036,0.0388,-0.5
16993118,2640,1872,0.3779,0.5611,0.0459,0.111,54941,1429,738,127,826,112,725,101,732,128,918,119,900,80,672,122,869,133,833,791,607,1007,127,83,185,632,487,805,32,355.686,-0.6383,0.0403,-1.4
17191395,17865,14413,0.1674,0.8093,0.0017,0.2331,78318,13808,8481,1648,6695,1692,6075,1323,6381,2278,7886,2132,7920,1704,6616,2231,8117,2321,7903,9352,7481,11498,2440,1731,3295,6462,5179,7956,450,287.463,-0.4301,0.0481,-14
17191725,4578,3572,0.1394,0.8412,4e-4,0.2038,80990,3844,2473,328,1999,475,2144,382,2227,444,2489,430,2485,361,2249,450,2762,474,2707,2786,2165,3526,525,351,749,2155,1675,2732,106,399.525,-0.5852,0.038,-4.1
17193757,4282,3328,0.1789,0.8086,6e-4,0.2118,68346,3290,2174,313,1752,406,1671,324,1743,455,2139,434,2139,356,1936,479,2324,501,2271,2322,1811,2928,503,333,714,1726,1349,2177,94,374.689,-0.5268,0.0403,-3.3
17391455,485,234,0.0317,0.9797,0,0.1638,101904,178,112,13,252,15,227,14,227,19,284,15,281,13,230,13,279,15,270,128,96,166,8,5,13,115,86,149,5,471.179,-0.8339,0.0365,-0.2
17391460,631,485,0.1537,0.8408,0,0.2611,107276,465,324,21,301,22,286,22,288,20,327,20,322,14,312,25,344,22,346,351,264,451,40,24,61,297,225,380,14,429.906,-0.7314,0.0396,-0.6
17591555,4296,3329,0.3238,0.589,0.071,0.1507,61404,3314,1955,644,1546,481,1353,418,1398,586,1794,551,1744,438,1524,520,1817,567,1720,2128,1691,2643,609,425,837,1430,1134,1776,90,251.615,-0.3855,0.0422,-3.3
17591560,889,645,0.508,0.4437,0.0443,0.1356,45337,627,347,220,246,138,214,123,225,162,302,158,281,122,266,123,334,136,305,379,288,483,135,92,188,229,172,295,15,451.744,-0.2493,0.0399,-0.2
17594115,1827,1515,0.0642,0.8986,0.0258,0.1433,89645,1353,890,109,828,98,759,76,775,129,988,132,975,104,874,136,1027,150,991,936,726,1183,139,91,202,759,590,958,38,156.007,-0.6621,0.0403,-4
17790868,1417,948,0.4245,0.5322,0.0415,0.1108,76790,901,451,103,485,88,438,69,457,118,574,112,575,65,436,112,571,125,537,492,384,616,110,75,153,362,282,454,20,194.774,-0.5126,0.0397,-1.3
17791565,9496,6521,0.4015,0.4777,0.1056,0.0995,61563,5849,2493,753,2158,700,1978,581,2080,975,2632,894,2638,547,1963,849,2694,924,2527,2772,2151,3502,837,571,1158,1822,1406,2303,112,205.47,-0.3554,0.0406,-4.8
17791733,2575,1890,0.2072,0.7126,0.1029,0.1055,66392,1637,788,175,729,165,681,132,710,238,881,222,883,143,768,226,1021,236,974,891,697,1120,225,155,313,629,491,788,37,185.028,-0.4535,0.0419,-2.2
17792760,3745,2342,0.4768,0.4206,0.0623,0.0444,51134,2081,774,218,666,192,595,157,627,269,870,247,853,146,653,239,934,259,859,885,664,1149,232,149,338,619,466,804,34,183.313,-0.437,0.0383,-2.1
17793595,891,611,0.4836,0.4647,0.0086,0.0602,39879,658,256,60,248,57,215,42,229,74,314,69,300,36,234,61,348,69,321,302,211,413,63,35,99,226,159,310,13,169.999,-0.5416,0.0432,-1
17794060,1529,1025,0.4699,0.442,0.0345,0.0488,56779,940,443,260,301,219,267,189,291,273,357,237,368,192,315,241,413,236,390,498,344,684,216,132,321,261,176,363,21,131.269,-0.0893,0.042,-0.3
17992172,2576,1818,0.1772,0.6968,0.0995,0.1289,68995,1237,614,53,717,52,564,44,573,64,772,62,752,42,562,62,768,71,746,674,512,866,65,39,101,581,443,742,28,591.803,-0.7649,0.0409,-0.9
17992365,854,557,0.1109,0.8379,0,0.0537,62832,612,323,41,430,39,349,34,359,37,420,33,421,16,330,22,437,22,435,365,253,506,29,15,49,324,226,449,12,129.982,-0.8082,0.0319,-2.3
17992955,17797,11874,0.2083,0.696,0.0595,0.1278,60153,9675,4501,607,5353,524,4333,473,4398,728,5647,679,5532,420,4121,761,5485,785,5308,4953,3862,6216,724,471,1044,4043,3159,5062,186,207.549,-0.67,0.0375,-16
18191125,96769,72586,0.0982,0.7838,0.0677,0.1556,76784,64699,29112,7849,22772,8515,20124,7575,20779,11018,28174,10577,27905,7257,21732,11247,32110,11687,30640,34108,27805,40961,10578,7924,13634,22122,18045,26691,1409,390.55,-0.3384,0.0413,-29.6
18192840,26171,20110,0.0553,0.8815,0.0124,0.1469,81918,20482,10726,1737,8759,1901,8134,1649,8312,2476,11016,2400,10877,1627,9052,2448,12191,2573,11825,12285,9805,15140,2655,1851,3642,9165,7319,11281,465,348.258,-0.5299,0.0379,-18.7
18193685,12603,9501,0.1275,0.8204,0.0235,0.2267,95433,9620,4855,715,3794,741,3397,632,3471,1012,4972,961,4953,696,4164,1105,6255,1193,6039,5701,4482,7046,1138,785,1564,4346,3423,5366,216,240.389,-0.5627,0.038,-13.3
18391520,7688,5092,0.0803,0.7487,0.1028,0.107,70246,4974,2085,470,2053,439,1705,391,1743,572,2406,557,2371,337,1728,538,2495,554,2405,2446,1823,3189,564,353,830,1799,1345,2345,84,43.268,-0.5049,0.0343,-28.5
18392020,10396,6866,0.1408,0.6188,0.1585,0.1581,71956,5826,2480,662,2400,599,1959,554,2012,823,2747,776,2730,477,1973,767,2769,811,2656,2827,2094,3718,794,530,1128,1914,1399,2541,119,17.971,-0.396,0.0422,-62.3
18392093,5219,3906,0.1043,0.4915,0.3547,0.1485,70410,3707,1861,1053,1037,1025,918,980,965,1212,1240,1193,1232,832,1044,1097,1319,1106,1280,2122,1500,2870,1096,705,1591,958,657,1342,68,42.112,0.0651,0.032,3.3
18392193,8856,6064,0.062,0.741,0.1304,0.1076,69706,5417,2493,540,2758,474,2130,440,2167,623,3016,601,2989,383,2239,598,3169,620,3077,2844,2063,3841,625,388,943,2130,1537,2890,89,58.423,-0.5292,0.0313,-25.8
18392270,85684,59709,0.1265,0.6228,0.1993,0.153,70073,49148,21585,8490,18465,8103,16013,7239,16756,10936,20702,10312,20752,6234,15364,9666,20795,9917,20028,24423,19878,29641,8954,6818,11476,14568,11826,17753,900,74.768,-0.2299,0.0369,-75.1
18392275,6396,4995,0.0724,0.812,0.0673,0.2154,96352,4360,2253,462,2051,493,1843,410,1915,630,2382,587,2393,399,1874,629,2479,652,2416,2567,2003,3233,655,447,914,1821,1422,2295,92,39.236,-0.4542,0.0359,-29.7
18590080,9162,6490,0.1144,0.7955,0.0395,0.1737,73474,7832,3973,591,3222,542,3033,478,3110,715,4191,652,4167,483,3591,727,5202,791,5055,4658,3646,5790,816,552,1135,3670,2883,4533,172,518.943,-0.6126,0.0369,-5.5
18592710,20106,15161,0.2204,0.6002,0.1312,0.1296,78643,12188,5203,1603,3843,1492,3457,1377,3564,2118,5241,2026,5171,1249,4016,2007,5995,2109,5775,6207,4979,7585,1918,1393,2530,4042,3245,4938,247,282.658,-0.3421,0.0399,-7.5
18792793,9794,6971,0.4594,0.4872,0.0219,0.1425,77089,5764,2572,892,1734,952,1603,849,1697,1306,2261,1217,2255,828,1828,1191,2474,1232,2326,2897,2278,3607,1114,800,1498,1647,1288,2067,137,213.589,-0.1839,0.0471,-2.5
18793470,98851,74915,0.2845,0.5463,0.1067,0.2434,113784,68098,32591,11479,21102,12874,19310,11050,20840,19016,27332,17604,27973,12799,20302,19262,29829,19920,27897,37876,30944,45629,16823,12855,21388,18977,15300,23067,2076,85.06,-0.0569,0.0548,-25.3
18793500,50037,40696,0.4594,0.4595,0.0556,0.163,75352,35321,14902,5012,9433,5263,8977,4514,9586,7057,12519,6538,12662,4776,10125,7647,16063,8181,14799,18065,14721,21836,7387,5648,9436,9783,7907,11843,895,163.333,-0.1326,0.0495,-14.7
18793643,4701,2747,0.3541,0.6363,0,0.0755,69090,3159,1536,350,1266,314,1127,282,1158,486,1556,477,1541,300,1284,454,1753,500,1637,1715,1190,2366,439,253,680,1211,840,1678,65,108.986,-0.4506,0.0378,-7.1
18793687,9323,7126,0.2367,0.6944,0.0385,0.1615,81305,7328,3820,658,3097,675,2921,571,3003,939,3884,862,3877,653,3343,1018,4572,1148,4312,4472,3531,5568,1054,729,1457,3216,2535,4006,202,143.82,-0.4834,0.0451,-15
18990005,2675,1829,0.3665,0.6245,0.0017,0.1283,68500,1664,716,154,711,145,631,123,639,179,860,166,853,101,628,196,868,193,846,822,607,1084,183,115,271,602,446,796,37,234.4,-0.5102,0.045,-1.8
18991675,2729,1928,0.5857,0.3187,0.079,0.0702,59904,1613,633,212,627,178,525,167,535,175,740,182,715,90,543,145,792,163,754,701,519,923,149,91,227,526,391,690,26,197.786,-0.5368,0.0373,-1.9
18993020,1230,723,0.5214,0.4459,0.0026,0.1283,54743,768,290,140,309,152,325,134,324,127,354,113,337,49,260,84,306,78,305,318,226,436,84,50,129,221,156,303,14,136.033,-0.4293,0.0432,-1
18993060,25888,17434,0.5539,0.3648,0.0576,0.1002,51199,13079,4554,1595,4719,1495,3879,1303,4033,1797,5223,1694,5094,925,3663,1478,5316,1579,5037,5066,4128,6134,1428,1057,1867,3430,2785,4156,209,436.556,-0.3952,0.0412,-4.6
19191260,190,128,0.301,0.5893,0.0548,0.1883,48900,100,47,9,63,11,58,12,57,11,57,12,58,2,46,9,57,9,55,57,40,79,8,4,13,47,33,64,2,337.119,-0.683,0.0418,-0.1
19192095,108,80,0.2519,0.7419,0.0036,0.1847,49091,79,45,8,52,7,45,7,44,9,62,5,59,2,41,8,58,7,56,50,35,68,9,5,14,39,27,52,2,215.489,-0.592,0.0424,-0.1
19192510,2145,1611,0.3022,0.5771,0.0414,0.1539,49863,1307,596,133,594,124,545,110,555,131,693,124,673,76,567,125,677,125,656,680,528,854,133,89,187,518,404,651,28,124.617,-0.5661,0.0415,-3.1
19193960,382,281,0.265,0.7032,0.0106,0.1883,48900,286,144,14,184,19,159,13,159,17,183,15,177,14,120,7,200,14,190,166,115,229,17,9,28,142,99,195,7,226.872,-0.7533,0.0425,-0.6
19391690,5611,4242,0.0815,0.9013,0.0062,0.1963,52862,3772,2151,324,2167,339,1981,281,2049,436,2530,396,2500,297,2078,425,2624,464,2546,2362,1856,2952,427,286,602,1834,1443,2282,101,610.642,-0.5956,0.043,-2.3
19391800,2611,1946,0.084,0.8884,0.0169,0.1907,69741,1773,972,155,893,168,814,124,854,203,1080,194,1070,136,928,200,1185,215,1153,1096,791,1469,207,121,320,848,614,1134,41,225.751,-0.5851,0.0378,-2.8
19591660,1644,1113,0.3514,0.5879,0,0.3065,84989,843,493,52,563,35,524,30,525,46,657,44,650,32,513,40,619,40,613,546,411,700,44,27,67,480,362,614,21,597.805,-0.7982,0.039,-0.7
19593695,3641,1988,0.3812,0.601,0,0.218,74260,1936,945,119,1167,103,1028,88,1023,120,1191,114,1188,59,906,106,1223,107,1189,1056,818,1334,108,70,157,910,705,1147,38,322.603,-0.7592,0.0361,-2.5
19790705,755,517,0.1606,0.6598,0.0973,0.1324,69349,449,208,61,268,40,203,33,208,52,283,49,274,27,199,37,246,41,237,226,157,311,42,24,66,177,124,243,7,181.384,-0.5989,0.0322,-0.7
19791580,132,94,0.2253,0.6763,0.031,0.1292,72795,94,49,10,46,7,38,6,39,10,53,9,53,4,30,8,49,10,47,52,39,68,9,6,14,41,30,53,2,242.015,-0.6025,0.0348,-0.1
19793160,2662,2028,0.2174,0.6821,0.0325,0.1177,67352,1754,858,177,893,138,732,115,750,180,994,174,986,84,637,143,915,166,880,924,718,1164,166,110,237,724,563,912,33,273.472,-0.6043,0.0356,-2
19992055,14118,10856,0.0525,0.8775,0.0502,0.1889,82683,10140,4734,680,4702,658,4051,558,4135,831,5933,827,5802,528,4265,830,6322,910,6142,5311,4165,6656,788,525,1118,4369,3433,5472,154,273.308,-0.6744,0.029,-13.1
19992332,16605,12475,0.0596,0.9134,0.0018,0.1718,101630,12628,6476,592,6468,664,5734,572,5800,890,7839,872,7739,569,5805,913,8003,976,7829,7110,5556,8907,986,643,1404,5922,4644,7411,202,51.395,-0.6942,0.0284,-96
19993460,3098,2404,0.0285,0.9674,3e-4,0.0681,62323,2245,1115,82,1276,71,1074,58,1086,93,1583,99,1543,60,1132,117,1606,141,1554,1259,977,1590,107,68,156,1104,859,1389,49,300.713,-0.7916,0.0388,-3.3
19993570,16676,13018,0.0476,0.79,0.1311,0.1143,69364,11044,4754,1175,4841,1030,4592,955,4553,1380,5804,1331,5758,688,4114,1183,5780,1230,5590,5215,4053,6607,1008,687,1412,4052,3149,5130,155,153.77,-0.5836,0.0297,-19.8
19993625,5734,4089,0.066,0.8973,0.0046,0.193,101925,4477,2291,251,2319,213,1939,183,1954,280,2699,259,2675,182,2116,305,2980,348,2876,2601,1986,3306,328,209,479,2193,1682,2786,80,118.366,-0.7166,0.0309,-15.8
20190225,83471,52245,0.4226,0.3639,0.1748,0.0899,64206,40611,13211,7738,9453,6971,7817,6392,8330,9716,11411,9104,11226,5542,7254,8278,11351,8703,10379,15576,12807,18598,7712,6034,9568,7176,5745,8834,688,60.718,0.0344,0.0442,8.8
20191835,3464066,2065735,0.3342,0.3189,0.2494,0.1962,82588,1783932,760285,564933,323590,552129,300008,497360,346364,713090,422874,663161,438480,461231,290713,614408,434580,636350,397061,856901,717970,1006556,542385,444557,648531,275897,224805,333651,38619,991.359,0.311,0.0451,268.8
20192795,79461,49881,0.2997,0.5572,0.101,0.137,93389,46788,20439,6320,16127,6321,14228,5741,14759,8701,20638,8289,20221,5736,14877,8988,21798,9590,20476,23230,19138,27693,7766,6002,9720,14532,11910,17478,932,162.783,-0.2913,0.0401,-41.6
20192845,862922,577289,0.2368,0.4571,0.1946,0.2558,109978,539924,253083,106289,156339,112439,141762,99399,153177,158332,196374,147101,199522,105046,143917,152107,204952,160236,191906,288868,241797,339802,137058,109657,166658,139237,114696,166692,12573,439.438,-0.0075,0.0435,-5
20192975,144379,77639,0.629,0.2962,0.05,0.0871,67284,62318,21809,13393,15383,12691,13237,11598,14252,15806,19399,14833,19025,9206,12037,12681,19539,13666,17572,24726,20536,29338,11862,9376,14669,11797,9545,14339,1066,38.089,0.0026,0.0431,1.7
20193645,96846,70575,0.269,0.6364,0.0575,0.1879,103447,62983,30680,9241,25064,9649,21850,8313,22937,12548,29934,11669,29755,8891,21463,12309,30475,13239,28633,34150,28270,40609,11979,9281,15012,20596,16942,24765,1576,85.014,-0.2523,0.0461,-101.4
20391685,23470,17265,0.0766,0.7873,0.1092,0.2148,86025,15525,7611,1289,7473,1331,6531,1082,6728,1720,8942,1617,8873,1097,6970,1772,9770,1867,9564,8666,6866,10647,1771,1219,2407,6587,5233,8096,308,240.73,-0.5558,0.0356,-20
20391715,7310,5093,0.0444,0.8746,0.0588,0.104,70985,4838,2521,506,2546,478,2250,422,2296,567,3020,559,2980,382,2429,565,3289,575,3210,2787,2197,3440,545,369,757,2158,1706,2664,84,204.971,-0.5786,0.0301,-7.9
20392430,24679,18521,0.1265,0.443,0.3956,0.1294,56040,14134,5828,3789,4461,3076,3838,2805,4030,3914,4629,3774,4599,2208,3447,3439,4647,3379,4499,6541,5211,7982,3074,2323,3922,3251,2563,4032,216,73.117,-0.0272,0.033,-2.4
20394085,13380,10220,0.0668,0.7582,0.1506,0.1218,70255,9510,4511,1567,4270,1360,3607,1253,3693,1698,4864,1655,4769,1001,3626,1593,4952,1587,4864,5051,3998,6221,1491,1057,1994,3395,2676,4192,166,396.936,-0.3769,0.0328,-4.8
20590690,673,414,0.1825,0.7811,0,0.1022,97011,303,154,21,214,20,196,19,196,22,272,20,268,7,198,17,247,18,240,194,143,252,17,10,26,168,125,219,8,536.218,-0.7821,0.0417,-0.3
20590956,4709,3306,0.2533,0.6057,0.0947,0.1721,74311,2167,1240,151,1513,131,1255,105,1278,173,1596,156,1591,89,1265,146,1596,154,1577,1394,1091,1744,166,108,238,1174,922,1463,54,926.9,-0.7236,0.039,-1.1
20791735,3681,2717,0.1955,0.723,0.0741,0.1291,72075,2189,1072,207,906,207,855,183,876,230,1215,203,1198,128,955,194,1260,226,1199,1196,938,1502,227,153,319,925,727,1157,45,382.2,-0.5831,0.0375,-1.8
20793285,574,497,0.3775,0.5794,0.0477,0.114,47827,362,177,27,176,21,170,17,171,28,224,42,221,11,179,26,233,28,227,201,148,263,26,15,40,167,123,217,8,144.673,-0.7018,0.041,-1
20793360,683,635,0.2397,0.7083,0.0556,0.1263,45629,456,211,45,182,44,181,37,185,59,213,54,209,31,179,65,230,69,217,235,169,316,57,35,87,166,120,222,11,102.763,-0.462,0.0481,-1.1
20793390,260,251,0.1164,0.8335,0.0131,0.128,49409,156,84,15,82,13,94,11,94,16,114,19,113,8,89,13,115,13,115,90,66,120,11,6,17,76,55,101,4,150.163,-0.7178,0.0392,-0.4
20794125,218,192,0.3215,0.5514,0.0016,0.114,49128,112,66,20,57,17,61,18,59,21,73,29,67,12,63,14,76,22,65,69,48,94,19,11,29,47,33,64,3,130.465,-0.3995,0.0433,-0.2
20991075,49929,42106,0.122,0.8325,0.0072,0.3859,146473,42800,27207,7979,12727,10376,13035,8664,14341,13558,17477,12551,18255,11797,15449,14856,20211,15268,19428,30374,24906,36648,14409,11040,18225,14254,11456,17509,1710,359.58,0.0051,0.0563,0.4
20992065,115623,90655,0.4202,0.4971,0.0465,0.2452,110180,82384,39280,13647,13832,18212,13430,15707,15465,26720,20566,25131,21299,21870,16419,31089,26301,32192,24155,47394,39046,56923,27820,21957,34478,16913,13487,20860,2661,185.545,0.2301,0.0561,58.8
20993430,75515,62612,0.375,0.5259,0.0541,0.2333,55324,48139,23188,11597,7267,16702,6633,14871,7846,19247,9637,17915,9985,15303,7216,19584,11926,20015,10853,25600,20856,30998,17031,13497,21107,7094,5548,8925,1474,133.677,0.3882,0.0576,74.3
21190605,2751,1844,0.2366,0.6948,0.0396,0.1826,68268,1681,1008,145,1105,119,894,119,881,155,1118,147,1102,107,894,140,1072,141,1046,1114,874,1388,167,110,239,893,702,1114,54,209.09,-0.6514,0.0483,-3.5
21190615,631,440,0.0334,0.9315,0.0069,0.2741,107006,448,299,36,357,38,315,33,318,51,368,50,363,31,304,50,340,54,334,321,251,401,47,31,68,259,204,323,15,703.067,-0.6583,0.0471,-0.3
21390155,24507,18086,0.1499,0.7034,0.113,0.1255,71343,15854,7757,2065,6616,1816,5852,1554,6106,2406,7759,2210,7801,1537,6258,2233,8386,2386,8021,8767,7061,10715,2237,1605,2979,6141,4945,7509,389,275.122,-0.4453,0.0444,-14.2
21390652,37462,30684,0.0735,0.8658,0.0204,0.1425,67638,25705,11796,2281,10283,2275,9003,1910,9423,2969,12942,2864,12750,2118,9882,3044,14045,3335,13350,13532,10916,16443,3063,2176,4127,9894,7984,12016,575,368.45,-0.5048,0.0425,-18.5
21390687,13280,10058,0.09,0.8418,0.0409,0.1253,63768,9604,5090,798,4455,817,4000,690,4149,1049,5384,979,5372,702,4427,1027,5807,1093,5619,5807,4567,7233,1114,762,1543,4461,3511,5546,232,145.388,-0.5764,0.0399,-23
21392150,6901,5262,0.0353,0.8682,0.0636,0.1693,71818,5398,2765,525,2296,507,2037,468,2097,636,2827,619,2795,441,2341,615,3140,639,3055,3178,2426,4067,663,435,939,2400,1829,3089,114,159.475,-0.5467,0.0359,-10.9
21591155,33613,18745,0.9727,0.0241,0,0.0597,45746,16036,5867,6692,1534,5868,1475,5521,1734,6444,3281,5487,2522,4368,1973,4634,4444,4928,3377,6701,5404,8151,4231,3254,5353,2223,1633,2896,247,111.932,0.2997,0.0369,17.9
21591170,195784,110497,0.8732,0.0925,0.0085,0.1543,63762,95352,33023,23145,11245,22522,11401,19850,13706,28086,20354,26014,19657,19016,13627,24854,26292,26508,23168,38824,31834,46417,22762,17772,28303,14705,11443,18397,1358,181.84,0.2075,0.035,44.3
21591710,2381,799,0.9323,0.0481,0,0.0789,58413,724,217,207,81,189,78,165,95,236,165,224,135,158,108,181,234,183,204,289,226,361,164,119,217,113,82,148,12,62.637,0.1779,0.0416,0.8
21592340,285377,151540,0.8791,0.0982,0.0062,0.1522,58629,145471,47685,43060,16786,36403,15650,32883,18635,44478,30404,40874,28853,28396,18500,36015,36063,37392,31685,55533,45601,66113,33392,26140,41248,19912,15359,24999,2229,137.152,0.2427,0.0401,98.3
21592600,178423,93252,0.8743,0.0997,0.0108,0.1377,58881,85344,25892,20584,9735,17920,9059,16020,10686,23281,18297,21389,17111,14363,11103,18670,22071,19802,19522,30509,25039,36515,17199,13348,21598,12200,9495,15225,1110,183.384,0.1639,0.0364,27.3
21593155,1602,737,0.8331,0.1454,0.0048,0.1228,57430,591,226,159,136,152,139,131,160,171,214,159,211,115,173,154,252,160,236,254,198,317,114,82,153,130,99,167,10,551.101,-0.0641,0.0378,-0
21593650,136119,72807,0.8833,0.1032,0.0101,0.1005,52714,69780,22182,19541,7533,16460,7152,14720,8641,20490,13355,18498,12483,12950,8921,16701,17295,17675,14541,26087,21338,31284,15302,11882,19129,9711,7457,12290,1074,185.496,0.2143,0.0412,30.1
21593785,37482,18111,0.8514,0.1409,0,0.0787,52340,16941,6138,5420,1593,4902,1552,4647,1763,5012,4457,4315,3312,3305,2378,3307,4109,3491,3475,7209,5834,8763,4153,3165,5270,2740,2086,3507,316,169.282,0.196,0.0439,8.3
21790355,4674,3444,0.0898,0.8823,0.0116,0.1124,63947,3380,1618,315,1661,306,1492,253,1534,330,2032,310,2020,238,1584,343,2287,366,2230,1871,1399,2422,344,217,509,1453,1090,1883,73,155.812,-0.5929,0.039,-7.1
21791810,13269,9760,0.2355,0.6509,0.0882,0.1102,66570,8138,3376,1002,2994,975,2581,835,2698,1198,3488,1112,3482,693,2671,1147,3867,1262,3662,3903,3094,4804,1073,762,1439,2667,2115,3287,164,333.029,-0.4083,0.0419,-4.8
21791845,2659,2091,0.1267,0.7021,0.1001,0.1383,53816,2114,970,233,792,236,691,201,727,221,864,222,852,170,712,263,1016,285,973,1133,794,1558,288,166,447,799,558,1097,46,97.053,-0.4516,0.0404,-5.3
21791900,4236,3284,0.2368,0.6882,0.0507,0.1122,78919,2774,1084,299,1033,285,965,242,994,353,1322,350,1299,206,955,349,1539,394,1462,1272,917,1689,302,181,454,922,668,1221,49,137.89,-0.4876,0.0382,-4.5
21792380,1284,1045,0.143,0.7917,0.0575,0.1216,66448,763,336,85,403,77,346,62,358,88,458,81,456,61,389,99,559,106,540,392,282,527,75,45,116,298,214,400,18,102.681,-0.5688,0.0461,-2.2
21794210,9752,7619,0.0976,0.8674,0.0128,0.1255,57480,7626,3506,613,3226,565,2852,459,2951,670,3762,613,3736,462,3107,718,4401,810,4236,4068,3161,5107,740,492,1046,3143,2436,3941,185,159.24,-0.5908,0.0454,-15.1
21990115,1209,941,0.3426,0.5307,0.0822,0.1466,60945,826,375,121,377,105,316,93,323,129,411,123,407,69,332,99,425,102,410,421,296,574,105,62,162,297,208,405,19,82.687,-0.4556,0.0446,-2.3
21992180,17174,11159,0.4501,0.5046,0.0343,0.1056,63082,9941,3994,1000,4395,984,3714,817,3821,1174,4996,1101,4930,627,3505,1052,4891,1076,4761,4514,3609,5547,1013,713,1375,3335,2675,4091,166,557.591,-0.5147,0.0367,-4.2
21993320,1595,1246,0.2913,0.6607,0.0432,0.1864,97473,1195,578,55,509,64,452,58,452,103,642,93,640,51,535,89,823,91,807,666,479,892,108,63,168,536,387,715,22,138.471,-0.6436,0.0335,-3.1
21993800,1559,1259,0.4093,0.5274,0.0169,0.1951,76626,849,325,81,501,59,361,60,353,75,487,67,472,39,318,83,478,86,459,361,259,487,68,41,104,278,199,376,15,129.816,-0.5828,0.0411,-1.6
22191605,51209,42231,0.0919,0.8722,0.0121,0.2371,92451,40862,23145,3329,17545,3951,16690,3136,17347,4912,22577,4513,22428,3718,19349,5247,25366,5692,24503,26040,21062,31674,5548,4008,7398,19248,15621,23370,1245,184.647,-0.5261,0.0478,-74.2
22191610,10389,8499,0.0856,0.8696,0.003,0.1553,76759,7872,3850,679,3837,769,3400,629,3518,789,4095,769,3997,583,3247,804,4801,894,4604,4538,3525,5721,850,565,1207,3459,2691,4352,229,252.172,-0.5748,0.0504,-10.3
22390930,4493,3736,0.0445,0.9187,0.0248,0.1761,82895,3179,1655,238,1565,267,1404,222,1435,285,1958,262,1915,200,1577,307,2216,328,2155,1901,1480,2377,342,226,483,1482,1159,1845,77,165.317,-0.6002,0.0404,-6.9
22392815,3075,2442,0.0516,0.8827,0.0185,0.1161,72816,2148,1178,185,1112,178,984,158,992,211,1333,203,1293,150,1108,217,1467,239,1427,1308,1000,1675,220,142,318,1038,797,1329,50,200.241,-0.6255,0.0385,-4.1
22393030,4810,3008,0.1937,0.7748,0.0087,0.1192,65396,2670,1260,241,1344,224,1146,195,1173,301,1652,297,1597,176,1310,263,1798,289,1739,1493,1159,1868,258,172,363,1176,916,1472,59,173.581,-0.6147,0.0397,-5.3
22393522,3006,2347,0.0922,0.8294,0.0644,0.1102,73130,1740,966,197,999,177,848,150,864,222,1166,215,1138,154,998,232,1305,253,1263,1064,819,1343,206,138,290,816,626,1035,42,79.793,-0.5735,0.0391,-7.6
22393790,21403,14760,0.0973,0.7659,0.1049,0.1493,72969,13639,6703,1649,5688,1699,4923,1492,5070,2026,6612,1856,6555,1320,5229,1898,6968,2033,6685,7555,6081,9233,2129,1527,2845,5118,4104,6261,308,173.839,-0.3955,0.0408,-17.2
22590900,9833,7623,0.0946,0.5863,0.2816,0.1187,51141,6513,3192,996,3092,1085,2250,1008,2314,1436,2720,1369,2716,855,2187,1230,2812,1240,2719,3603,2836,4484,1304,942,1737,2161,1689,2718,137,279.454,-0.2377,0.0382,-3.1
22591635,4688,3703,0.0595,0.817,0.1014,0.0767,60848,3356,1903,445,1404,323,1483,298,1506,414,2021,417,1980,247,1704,377,2117,395,2064,2109,1630,2682,420,280,597,1621,1253,2062,68,347.974,-0.5696,0.0321,-3.5
22592000,1343,897,0.0055,0.7029,0.127,0.1144,58820,1028,581,144,458,120,422,111,428,163,578,154,571,107,479,165,597,169,575,643,474,839,165,105,239,457,336,598,22,178.653,-0.4544,0.0335,-1.6
22592310,4887,3916,0.1827,0.5219,0.2265,0.0867,92915,1283,656,248,799,119,968,111,971,146,1215,145,1197,109,941,164,1219,166,1186,808,622,1022,128,85,183,651,503,822,29,250.142,-0.6472,0.0361,-2.1
22593100,1315,902,0.0594,0.7676,0.1176,0.1137,44820,882,458,145,452,125,429,112,440,156,525,144,520,81,415,130,502,133,489,504,378,656,140,90,206,343,258,451,20,180.353,-0.4038,0.0407,-1.1
22790300,30380,19566,0.4267,0.4785,0.0627,0.0968,81841,13693,5248,1591,5197,1505,4576,1369,4648,1868,6362,1757,6198,967,4181,1585,6166,1709,5800,5974,4846,7230,1483,1083,1941,4216,3413,5099,275,347.877,-0.4575,0.046,-7.9
22790305,2350,1715,0.2464,0.7264,0.0082,0.1331,92113,1268,566,101,705,115,414,108,422,107,853,101,829,51,570,93,772,98,742,619,485,776,94,62,133,499,391,621,26,398.4,-0.6539,0.0426,-1
22790770,2130,1368,0.2491,0.7075,0.027,0.1604,72048,1248,628,76,733,74,661,65,667,94,839,96,812,58,616,81,879,89,845,678,520,858,86,55,126,561,433,709,30,157.928,-0.7011,0.0445,-3
22990990,615,317,0.2712,0.7835,0.0367,0.2023,51024,367,175,79,126,82,134,66,139,82,203,79,180,77,169,71,222,74,210,196,144,259,62,39,90,125,90,166,9,941.205,-0.3218,0.0482,-0.1
22991360,1213,1227,0.7416,0.1864,0.0082,0.0621,48705,854,318,151,230,218,193,178,215,191,309,199,267,141,183,146,295,149,270,371,286,468,162,114,220,191,145,245,17,1375.899,-0.0783,0.0467,-0
22993565,1374,553,0.4887,0.4624,0.044,0.0644,55568,390,225,94,146,104,179,88,180,98,258,94,226,41,235,55,230,57,215,219,156,295,56,33,86,149,106,202,13,2254.268,-0.4259,0.0615,-0
23190565,12450,9811,0.1827,0.7157,0.0676,0.1717,99484,9975,3891,464,2830,614,2480,526,2557,891,3888,853,3841,790,3297,1754,6265,1941,5925,5090,3834,6556,1267,810,1838,3609,2719,4660,213,79.693,-0.4601,0.0418,-29.4
23190660,4602,3251,0.0907,0.8726,0.0082,0.1431,76547,3448,1634,288,1460,251,1318,202,1358,329,1800,298,1775,244,1561,357,2297,393,2213,1985,1542,2505,355,236,506,1551,1207,1957,79,105.011,-0.6028,0.04,-11.4
23190820,11340,9039,0.1772,0.6129,0.1658,0.171,59549,5288,2306,1017,1594,1246,1416,1071,1533,1306,1855,1222,1860,870,1433,1177,2011,1221,1916,2632,2010,3352,1126,778,1539,1388,1045,1785,118,112.129,-0.0997,0.045,-2.3
23191640,39521,30128,0.1583,0.695,0.1122,0.1534,73923,25375,11291,2995,8878,3309,7908,2766,8339,4162,10208,3840,10186,2829,8357,4286,11982,4581,11352,13292,10754,16138,4184,3110,5437,8477,6856,10310,632,219.909,-0.323,0.0475,-19.5
23192260,6091,4645,0.0749,0.8826,0.02,0.1334,85559,4967,2541,343,2182,383,1915,297,1990,466,2585,441,2544,378,2189,519,3065,589,2928,2942,2272,3714,550,366,776,2252,1739,2847,140,138.122,-0.5785,0.0478,-12.3
23193170,23472,18338,0.1119,0.8269,0.0187,0.142,82382,16308,7061,1163,6190,1228,5372,986,5581,1577,7857,1505,7724,1206,6171,1963,9444,2167,8993,8526,6842,10413,1804,1262,2468,6358,5108,7752,363,177.841,-0.5341,0.0426,-25.6
23194270,2480,1718,0.0923,0.8376,0.0454,0.1116,67018,1727,825,127,775,120,706,98,722,174,970,159,958,105,736,155,1074,177,1024,968,698,1299,163,96,251,755,544,1009,50,49.319,-0.6125,0.0516,-12
23390385,18159,12975,0.1957,0.7409,0.0252,0.1166,78084,10711,4952,759,6012,678,5007,610,5028,851,6487,789,6405,485,4588,825,6145,843,5956,5515,4366,6827,796,532,1110,4488,3554,5543,230,309.325,-0.6695,0.0417,-11.9
23393750,2458,1392,0.095,0.8681,0.0036,0.1482,58457,1513,815,95,1030,75,847,77,846,114,1194,111,1170,55,849,88,1128,103,1091,906,641,1230,97,55,156,769,545,1042,40,585.627,-0.741,0.0442,-1.1
23592540,120,68,0.1667,0.7407,0,0.2012,79490,75,47,7,71,10,61,8,63,11,78,10,79,6,65,10,79,11,77,52,36,72,8,4,12,42,29,58,2,524.239,-0.6659,0.04,-0.1
23592545,1393,977,0.2535,0.6966,0,0.221,76099,1056,613,83,589,86,575,79,578,109,685,101,684,64,553,95,682,107,655,662,515,839,108,71,153,524,409,663,31,527.373,-0.6291,0.0461,-0.8
23790500,1118,982,0.0417,0.9568,0,0.1497,68174,828,443,42,564,42,486,35,495,47,631,47,612,30,487,47,668,58,646,507,376,662,44,27,66,441,329,574,22,173.78,-0.783,0.0435,-2.3
23791905,5865,4579,0.1582,0.7562,0.048,0.0945,74475,3317,1728,216,1860,196,1514,161,1542,217,2091,211,2030,151,1671,241,2275,281,2191,2001,1558,2504,245,160,351,1686,1315,2107,70,576.106,-0.7202,0.0349,-2.5
23792995,1489,986,0.0492,0.9431,0,0.1174,79626,1114,564,56,548,58,498,50,501,67,696,60,680,46,586,75,876,88,852,667,466,919,71,39,116,572,400,781,24,170.239,-0.7514,0.0363,-2.9
23991175,8117,6400,0.2676,0.6118,0.1011,0.1382,68877,4788,2054,533,2047,503,1942,440,1996,616,2525,601,2498,308,1931,504,2563,546,2487,2312,1768,2951,499,331,716,1739,1331,2224,75,271.076,-0.5363,0.0322,-4.6
23991450,3219,2068,0.3072,0.6203,0.0653,0.0644,75025,1963,637,163,969,136,823,119,841,164,1149,175,1119,100,836,161,1116,179,1075,729,509,1002,124,68,195,586,411,804,19,123.18,-0.6346,0.0266,-3.8
23992165,2310,1764,0.2035,0.7381,0,0.0914,81426,1467,709,131,843,123,765,100,785,165,1043,166,1033,98,852,161,1155,179,1123,824,630,1051,135,89,193,655,501,834,34,270.779,-0.6313,0.0413,-1.9
23994005,1342,768,0.3153,0.6623,0.0206,0.3767,72559,807,396,78,407,70,381,56,394,88,514,79,517,45,394,78,526,90,511,436,326,567,78,49,114,342,255,446,17,191.836,-0.6055,0.038,-1.4
24190520,10190,7364,0.0568,0.9139,0.0026,0.0869,64211,7304,3448,416,3903,346,3450,289,3493,438,4783,443,4663,265,3643,449,5075,494,4943,4133,3219,5195,513,334,734,3502,2732,4386,119,284.755,-0.7231,0.0287,-10.5
24191920,16190,12532,0.0457,0.6727,0.2581,0.1065,60649,11369,5225,1759,4600,1586,4245,1407,4378,2058,5314,1958,5256,1062,4165,1724,5502,1740,5378,5924,4777,7194,1771,1293,2332,3950,3185,4812,202,449.61,-0.3679,0.0341,-4.8
24192040,6600,4776,0.0398,0.8505,0.0867,0.0627,63531,4533,2151,406,2074,350,1810,293,1861,458,2445,450,2394,274,1893,442,2585,467,2521,2451,1866,3139,470,302,679,1911,1455,2447,71,235.333,-0.5879,0.029,-6.1
24391355,1792,1287,0.2323,0.717,0,0.1993,60364,1377,958,394,646,438,628,383,658,467,717,452,700,352,584,422,639,419,610,1007,790,1268,449,321,599,499,380,641,59,1317.188,-0.0502,0.059,-0
24393985,204,168,0.4356,0.4889,0,0.2479,61406,96,59,28,48,28,55,24,61,34,67,31,67,22,57,28,60,28,61,64,45,88,23,14,36,37,25,52,3,947.447,-0.2194,0.0464,-0
24590230,115008,77328,0.1205,0.3422,0.4835,0.1606,66640,65973,28641,25724,14866,22857,12972,21471,14174,28189,15849,27082,16049,16519,11722,23778,15063,23924,14123,31624,25942,37857,20247,16120,24702,10210,8209,12516,1167,78.865,0.3174,0.0369,127.3
24592070,11458,9225,0.2126,0.5282,0.2219,0.0846,80463,4921,2632,577,2489,544,2198,488,2248,643,2728,627,2656,435,2240,613,2980,643,2877,2873,2277,3541,666,462,905,2106,1672,2607,100,133.137,-0.5011,0.035,-10.8
24592770,10664,7053,0.1055,0.7102,0.1516,0.1463,100746,7248,3697,1287,3546,1134,2862,1027,2961,1514,3952,1462,3898,909,2988,1479,4085,1537,3929,4237,3361,5221,1340,957,1781,2744,2172,3414,153,233.23,-0.3315,0.0361,-6
24593097,117296,79166,0.1855,0.5009,0.2646,0.1141,68278,60136,26237,14724,21156,12378,17949,11351,18841,15574,24029,14792,23345,8669,17326,12938,23543,13395,22074,28997,23728,34862,11728,9147,14515,16189,13237,19544,1080,129.034,-0.1539,0.0372,-34.6
24593385,2100,1613,0.1241,0.8305,0.0325,0.0805,96463,1312,621,131,805,122,676,101,692,153,1013,149,980,86,676,128,925,144,885,758,540,1023,126,74,194,608,433,822,25,538.385,-0.6358,0.033,-0.9
24792820,4725,3106,0.8951,0.0968,0.0043,0.1275,45025,3298,1619,1600,418,1031,397,911,493,1165,811,1108,634,852,630,832,706,893,570,1722,1348,2159,1053,785,1374,601,445,781,68,338.494,0.2627,0.0393,1.3
24793660,113,80,0.9085,0.0908,0.007,0.1325,45360,80,39,35,12,29,12,27,15,32,22,28,18,24,20,24,19,24,16,49,38,63,30,22,40,17,12,23,2,797.715,0.2625,0.0396,0
24990035,27326,19241,0.829,0.1485,0.004,0.096,56406,17390,6291,5181,3030,4165,2457,3616,2900,4695,4226,4604,3898,3482,2675,4347,4357,4588,3738,6944,5578,8481,3931,3012,4957,2758,2150,3445,254,395.19,0.169,0.0366,3
24992910,8183,6143,0.5516,0.4234,0.0106,0.1591,70023,5534,2324,823,1899,606,1654,515,1724,815,2503,808,2442,531,1880,755,2616,791,2481,2633,1984,3387,722,481,1028,1822,1374,2348,89,323.545,-0.4178,0.0339,-3.4
24993140,3382,2142,0.9202,0.0798,0,0.1002,53249,2053,860,684,482,560,409,485,464,609,724,613,617,362,508,475,663,516,554,935,701,1222,445,306,619,450,328,603,40,149.809,-0.0062,0.043,-0
25190050,49726,35214,0.2338,0.6536,0.0795,0.1737,100394,33526,14070,2943,10763,3189,9733,2730,10210,5017,13555,4731,13506,3876,10547,6754,15389,7233,14530,17124,13823,20889,5603,4125,7350,10734,8637,13091,786,169.302,-0.2996,0.0459,-30.3
25190535,67932,52664,0.1646,0.7604,0.0454,0.2162,91889,47550,22174,4209,18465,4862,16218,4006,17015,6404,22014,5973,21984,4894,17212,7060,23705,7705,22380,25873,21058,31358,7260,5340,9474,17431,14150,21059,1183,111.069,-0.3931,0.0457,-91.6
25190750,48727,38089,0.2254,0.6778,0.0485,0.1434,74482,30158,13035,3209,11191,3452,9906,2804,10438,4144,13370,3917,13272,2751,10141,4177,14089,4557,13261,15044,12129,18335,4169,3017,5517,10124,8157,12332,751,217.585,-0.3959,0.0499,-27.4
25191540,5661,5853,0.182,0.8023,0.0035,0.177,107260,6325,2692,220,1379,275,1382,217,1430,381,2330,367,2318,351,2285,706,3743,802,3546,3648,2705,4813,741,464,1104,2747,2032,3601,160,135.266,-0.5497,0.0439,-14.8
25191625,7881,6441,0.1037,0.869,0.0157,0.1191,77423,6239,3170,406,2585,433,2332,347,2393,517,3359,486,3324,395,2768,550,3827,638,3665,3684,2844,4687,666,435,947,2872,2223,3643,146,100.915,-0.5987,0.0395,-21.9
25390110,3496,2614,0.2344,0.7197,0.0223,0.1276,60031,2341,1104,228,1076,204,913,187,923,247,1280,238,1256,143,1008,216,1392,247,1327,1240,937,1606,230,148,336,970,733,1257,40,201.225,-0.5966,0.0319,-3.7
25391695,2123,1694,0.3542,0.6296,0.0292,0.1238,57165,1212,509,151,544,117,444,113,447,158,624,152,607,86,427,130,583,135,569,566,395,780,123,71,194,421,294,581,22,159.573,-0.5271,0.0386,-1.9
25391745,10003,9028,0.2463,0.5199,0.1871,0.0758,67683,4317,2139,282,2072,270,1807,231,1837,314,2452,315,2401,197,1928,326,2706,381,2605,2416,1798,3159,346,216,512,1982,1478,2575,88,318.081,-0.677,0.0365,-5.1
25392320,791,658,0.2545,0.5333,0.1507,0.1021,62282,377,182,36,184,32,158,30,159,37,213,35,209,21,163,34,221,40,209,204,152,265,35,22,53,161,121,209,7,121.524,-0.6167,0.0362,-1
25393720,3250,2336,0.262,0.6307,0.0425,0.1426,55096,1965,919,239,943,208,794,196,800,243,1091,227,1072,133,822,202,1086,236,1019,1020,731,1372,211,125,324,774,555,1043,35,136.735,-0.5525,0.0342,-4.1
25591285,1360,1086,0.181,0.8117,9e-4,0.1457,97675,1062,649,68,684,57,623,41,639,84,809,76,801,46,682,65,834,77,806,716,546,919,81,51,120,610,465,779,26,116.041,-0.7383,0.0356,-4.6
25591510,549,503,0.0711,0.8633,0,0.2335,87670,428,287,28,325,42,307,28,324,35,361,34,356,23,327,40,374,49,359,283,221,355,36,24,52,236,185,296,11,195.03,-0.7064,0.0399,-1
25591980,4832,3243,0.5708,0.3253,0.0683,0.1053,81755,2766,1196,398,809,493,887,454,914,421,1213,408,1133,279,879,350,1183,403,1087,1370,1035,1762,419,277,598,898,679,1153,54,141.185,-0.3497,0.0393,-3.4
25591995,6649,5812,0.5002,0.2891,0.1871,0.0537,64019,2846,1192,505,857,478,804,416,849,550,1195,524,1167,343,850,456,1195,494,1117,1319,1023,1658,435,304,595,829,639,1045,55,187.482,-0.2989,0.0418,-2.1
25593365,1320,1128,0.6378,0.324,0.039,0.1818,42280,930,361,145,289,133,279,115,297,143,390,136,377,84,268,140,415,152,374,412,296,559,123,76,188,273,194,374,15,113.811,-0.3648,0.0372,-1.3
25790653,9668,7615,0.1288,0.8395,0.0171,0.0971,69683,6547,2774,406,2633,442,2253,371,2309,561,3185,541,3148,391,2479,610,3691,684,3541,3480,2656,4443,700,452,1003,2628,2006,3345,152,98.105,-0.5541,0.0438,-19.7
25790875,11793,9393,0.1687,0.7202,0.0798,0.1494,103453,7868,3788,652,3476,695,3054,577,3153,931,4268,878,4236,690,3112,1075,4503,1205,4246,4283,3358,5341,1111,758,1544,2983,2327,3718,189,102.921,-0.437,0.0442,-18.2
25791350,66382,54620,0.1945,0.4828,0.2688,0.2502,105585,55073,20955,4713,11501,6394,10357,5479,11064,10991,15547,10460,15737,9033,11539,17079,19711,17943,18225,27024,22048,32721,13065,9972,16620,12699,10125,15654,1260,91.235,0.0136,0.0466,4
25791985,16410,12225,0.2134,0.6937,0.0638,0.148,80276,9797,4258,955,3757,1010,3171,844,3310,1330,4555,1276,4505,897,3397,1266,5164,1441,4864,4998,3980,6182,1324,923,1806,3452,2743,4255,222,167.625,-0.4258,0.0445,-12.7
25793865,26070,19041,0.2267,0.5467,0.1921,0.1089,74252,15350,6304,2650,4572,2507,4097,2247,4319,3293,5595,3132,5562,2048,4165,3152,5921,3319,5514,7392,5931,9041,2914,2167,3772,4109,3248,5093,370,170.355,-0.1616,0.0501,-7
25793870,14987,10851,0.2893,0.6144,0.0637,0.1301,85802,10355,4590,902,3648,954,3187,776,3337,1298,4474,1219,4460,942,3594,1544,5071,1643,4787,5494,4366,6769,1575,1117,2122,3657,2908,4518,261,177.379,-0.379,0.0476,-11.7
25990360,37663,30443,0.1836,0.774,0.0074,0.3388,125981,32098,18591,3065,13287,3686,13021,2857,13689,5167,17183,4565,17635,3877,15201,5563,19598,5825,19101,21731,17567,26303,5850,4264,7697,14845,12035,17961,1036,254.72,-0.4139,0.0477,-35.3
25990815,6616,5126,0.1893,0.7793,0.0051,0.2512,104753,5404,3324,578,2413,654,2271,525,2387,853,2900,770,2949,614,2483,792,3070,841,2967,3668,2824,4640,963,654,1350,2533,1961,3211,171,408.311,-0.428,0.0466,-3.8
26193465,350,83,0.8675,0.1325,0,0.0407,38882,230,130,99,84,77,100,57,111,65,127,57,107,42,109,41,115,48,92,167,131,209,55,38,74,105,82,132,7,1945.796,-0.3009,0.0444,-0
26391925,258,216,0.1656,0.8062,0.0029,0.1752,72889,195,116,18,125,13,96,10,100,15,141,16,133,10,110,14,147,16,145,128,97,164,16,10,24,106,81,135,6,332.646,-0.699,0.0443,-0.3
26391930,495,423,0.1755,0.7774,0.0198,0.1752,72889,345,202,41,235,31,197,24,199,32,267,37,253,24,202,36,243,42,238,215,168,268,31,20,44,175,137,217,9,570.273,-0.6707,0.0435,-0.3
26590675,4309,2997,0.3295,0.645,3e-4,0.1861,97150,2740,1512,304,1336,302,1258,262,1293,410,1637,371,1645,279,1318,376,1700,419,1618,1682,1261,2165,387,249,558,1231,923,1587,65,129.916,-0.5016,0.0388,-6.5
26591875,11801,9308,0.1506,0.8071,0.0103,0.1851,81703,9164,5691,1010,4693,1080,4470,892,4620,1350,5532,1240,5547,1009,4755,1338,5734,1421,5587,6214,4908,7708,1484,1022,2050,4471,3535,5536,259,756.744,-0.4807,0.0417,-3.9
26592015,36488,29678,0.2071,0.7457,0.0238,0.1881,70112,25909,14958,3367,11698,3816,11093,3113,11653,4765,13710,4336,13830,3360,11451,4601,14181,4832,13635,16435,13262,20014,4864,3552,6411,10819,8704,13161,752,220.623,-0.3623,0.0458,-27
26791960,1097,1061,0.1798,0.7723,0.0028,0.2242,83466,716,424,50,436,48,395,40,402,67,528,58,524,49,445,61,560,70,540,459,359,575,63,42,89,376,295,470,20,703.86,-0.6816,0.0446,-0.4
26791965,3189,2430,0.2059,0.7562,0.0107,0.1532,72486,2116,1163,156,1261,147,1100,121,1127,217,1459,196,1438,139,1221,200,1566,228,1499,1307,1023,1619,205,137,288,1046,820,1294,56,547.315,-0.6432,0.0427,-1.5
26991670,265,183,0.1311,0.7486,0,0.3389,46645,129,73,5,149,6,124,6,120,8,151,5,149,3,100,6,129,5,129,84,65,105,5,3,8,75,58,95,4,913.343,-0.8402,0.0442,-0.1
27190400,3129,2603,0.4864,0.4806,0,0.0905,70810,1927,1082,458,936,358,827,290,890,446,1144,395,1070,258,907,345,1062,390,969,1114,867,1392,345,239,466,712,550,895,57,1365.122,-0.3301,0.0514,-0.3
27392035,29024,20563,0.7135,0.2228,0.0353,0.1446,64673,15864,6801,4415,3815,4139,3551,3378,4243,5045,4899,4798,4778,3229,3534,4031,4936,4290,4418,7531,6109,9153,3961,3053,5010,3276,2590,4053,293,872.936,0.091,0.039,0.8
27393260,2016,1616,0.5244,0.4276,0.0136,0.1864,93528,1518,751,298,549,317,530,251,588,336,676,331,660,234,540,314,678,331,631,830,610,1095,324,213,460,476,343,641,29,217.266,-0.1832,0.0349,-0.7
27590265,349,233,0.1009,0.8463,0.0093,0.1508,56685,212,132,18,170,23,132,18,139,27,137,27,126,11,140,8,136,13,126,134,98,178,20,12,31,108,79,143,5,617.218,-0.6574,0.0407,-0.1
27591585,235,165,0.3278,0.594,0.0616,0.09,63051,134,56,20,62,21,46,20,47,19,80,19,79,10,52,18,81,20,77,64,45,88,16,9,25,45,32,63,3,73.626,-0.454,0.0411,-0.4
27592045,1265,843,0.2281,0.6698,0.0559,0.1178,50129,837,399,91,417,74,349,72,351,100,451,98,440,51,352,76,416,87,400,437,324,565,87,54,129,334,248,433,16,64.895,-0.5642,0.0368,-3.8
27592695,1504,1107,0.3199,0.5891,0.052,0.0904,60537,930,408,118,429,112,328,107,329,119,512,119,503,68,345,112,523,129,494,458,348,585,110,72,158,328,248,420,20,99.742,-0.4757,0.0441,-2.2
27790285,1362,1035,0.0435,0.9367,0.0114,0.2076,96477,665,377,55,561,67,511,54,516,81,718,76,701,52,569,83,755,95,736,396,305,503,53,34,76,328,254,417,15,84.486,-0.6941,0.0382,-3.3
27790345,4356,3171,0.0592,0.8783,0.0113,0.1946,79224,2909,1557,192,1686,213,1500,169,1536,240,2196,242,2139,153,1590,231,2180,255,2127,1755,1348,2222,234,150,340,1456,1121,1842,66,129.233,-0.6962,0.0377,-9.5
27791020,2051,1895,0.1576,0.8175,0.013,0.1128,65061,1411,727,102,837,97,749,82,761,97,978,96,955,60,732,107,996,133,955,825,591,1106,108,62,171,692,499,926,24,102.243,-0.7077,0.0295,-5.7
27791840,916,786,0.0541,0.8995,0.0488,0.1297,84357,556,279,58,320,66,305,58,313,70,416,74,398,49,316,77,435,84,423,307,231,397,60,38,87,233,175,301,14,60.341,-0.5643,0.0459,-2.9
27792970,30397,22490,0.0673,0.686,0.1869,0.1453,58102,17668,7638,2660,7171,2704,6035,2399,6270,3333,7873,3196,7779,1913,5599,2976,7754,3122,7435,8534,6842,10451,2754,2001,3621,5431,4332,6678,350,96.898,-0.3137,0.041,-27.6
27793130,4639,3635,0.0352,0.8973,0.0388,0.1391,86304,3210,1759,223,1704,244,1547,207,1581,245,1823,239,1795,197,1551,266,2068,288,2003,1940,1478,2480,300,191,438,1563,1195,2003,76,100.016,-0.651,0.0394,-12.6
27793355,1285,951,0.0401,0.8432,0.0793,0.1629,81371,758,403,100,427,101,385,83,401,104,528,104,511,71,431,98,554,109,532,434,322,571,88,54,131,330,245,433,17,103.12,-0.557,0.0388,-2.3
27793795,5082,3595,0.0477,0.8769,0.0428,0.1115,86593,3181,1730,192,1856,223,1657,164,1702,251,2165,237,2138,171,1759,241,2301,260,2242,1954,1535,2429,254,170,356,1632,1284,2025,69,256.767,-0.7047,0.0351,-5.4
27991105,1518,869,0.5392,0.4185,0.0401,0.0716,55480,753,327,67,411,63,343,53,348,75,457,74,445,33,330,62,435,55,428,362,263,481,68,42,104,282,204,373,12,172.319,-0.5888,0.034,-1.2
27992220,6796,4362,0.4406,0.4918,0.0478,0.0927,59360,4083,1512,451,1523,420,1375,374,1410,522,1718,497,1689,287,1300,437,1692,441,1626,1692,1297,2147,447,304,623,1179,897,1507,65,272.18,-0.4327,0.0384,-2.7
27992900,2552,1538,0.6002,0.3769,0.0167,0.0724,56206,1229,449,147,499,130,486,122,493,131,683,120,675,43,454,132,608,129,591,494,363,651,97,59,146,375,276,493,22,208.362,-0.5634,0.0448,-1.3
27993775,2179,1386,0.4729,0.4623,0.0144,0.1043,67565,1080,538,105,607,86,536,80,534,113,663,111,660,56,544,98,663,104,640,579,438,747,107,69,156,450,341,578,22,364.855,-0.5926,0.0381,-0.9
28190015,1127,1003,0.1102,0.8156,0.0086,0.2471,94422,836,491,63,457,74,434,61,447,109,586,107,589,78,545,126,705,127,689,533,415,669,103,69,146,405,316,507,25,232.342,-0.5675,0.0473,-1.3
28192130,18971,15069,0.1803,0.7288,0.0484,0.1679,78623,13711,6848,1339,5411,1405,4908,1208,5115,1925,6842,1767,6863,1353,5474,1977,7477,2049,7161,7934,6285,9867,2055,1423,2840,5464,4315,6767,415,234.674,-0.4297,0.0523,-14.5
28192255,1529,1330,0.1152,0.842,0.007,0.1923,75737,1187,665,81,517,91,494,75,510,110,657,104,650,71,606,129,779,138,756,745,561,970,130,81,193,581,439,756,35,246.575,-0.6052,0.0467,-1.8
28390870,5247,3710,0.7157,0.2043,0.0676,0.0728,71328,3353,1318,991,774,677,615,616,654,913,1182,871,956,563,685,814,1254,826,974,1423,1113,1784,664,481,882,704,538,894,55,1136.581,-0.0279,0.0386,-0
28391240,1417,1342,0.7175,0.2205,0.0604,0.0471,50730,575,178,138,97,136,58,109,74,139,153,134,126,99,76,119,163,130,114,197,137,271,104,66,151,85,55,120,9,357.654,0.0974,0.0437,0.1
28591680,7473,5676,0.0807,0.8293,0.0701,0.1447,75552,5634,3429,467,2990,403,2735,346,2785,552,3557,545,3477,330,3049,494,3750,549,3634,3760,2934,4695,606,403,855,3041,2380,3795,114,499.219,-0.6476,0.0302,-4.9
28592655,2509,1761,0.0897,0.8223,0.0251,0.1724,64460,1726,1076,145,1015,141,955,111,985,150,1188,155,1148,92,1026,162,1246,189,1200,1139,847,1490,175,108,262,923,689,1206,41,131.838,-0.6564,0.0363,-5.7
28593560,3801,2880,0.0546,0.8736,0.0241,0.2633,90926,2889,1655,257,1444,219,1313,165,1360,279,1872,268,1834,135,1494,246,1928,281,1859,1825,1365,2378,286,178,424,1460,1097,1896,79,79.938,-0.6432,0.0435,-14.7
28594300,6554,4687,0.2519,0.6992,0.0347,0.0953,53680,3607,1887,301,1898,256,1685,208,1726,352,2187,337,2140,202,1811,333,2291,359,2222,2135,1634,2730,345,220,505,1722,1320,2191,68,259.441,-0.6447,0.0319,-5.3
28791505,9203,7655,0.2567,0.5965,0.1269,0.1721,80968,5605,2781,625,2429,586,2167,506,2240,792,2921,757,2892,480,2328,740,3079,776,2977,3179,2474,3998,781,529,1089,2280,1779,2860,118,186.274,-0.4713,0.037,-8
28792190,5344,4029,0.0987,0.8609,0.0313,0.1581,119698,3737,2120,413,1660,438,1494,360,1551,535,2148,524,2127,223,1312,333,1673,349,1626,2341,1818,2953,524,349,735,1702,1324,2150,115,208.599,-0.5032,0.0492,-5.6
28792205,2931,1786,0.1358,0.6676,0.1517,0.1355,72436,2254,1229,333,909,297,826,263,859,423,1186,408,1192,392,1468,567,1972,594,1902,1375,1091,1699,385,273,517,933,737,1158,58,239.233,-0.3989,0.0419,-2.3
28990510,4755,3141,0.1382,0.7322,0.0687,0.0971,51310,3219,1624,211,1614,191,1375,170,1389,239,1897,229,1875,151,1490,259,1982,281,1913,1871,1460,2347,274,180,394,1526,1195,1912,71,155.59,-0.6692,0.0379,-8
28990680,4610,3925,0.0681,0.8476,0.0867,0.1186,75986,3513,1905,280,1973,260,1761,218,1789,348,2292,319,2260,207,1842,313,2445,331,2377,2168,1673,2756,326,212,473,1767,1372,2240,74,392.713,-0.6649,0.0343,-3.7
28992427,1646,1225,0.0942,0.8563,0.0167,0.1463,69406,1494,789,70,737,73,630,65,633,79,869,82,849,46,687,84,912,97,878,914,690,1184,97,61,144,785,593,1018,32,186.423,-0.7532,0.0347,-3.7
28992775,3522,2648,0.0966,0.8379,0.0521,0.1328,66242,2660,1644,203,1629,208,1548,185,1565,238,1963,229,1941,177,1600,232,2040,246,1987,1801,1385,2293,259,168,375,1477,1138,1874,65,177.31,-0.6765,0.036,-6.9
28992870,1186,952,0.0376,0.757,0.1658,0.145,32947,1076,600,145,438,123,396,113,405,167,502,170,497,116,462,145,604,161,578,699,503,943,170,101,259,498,358,670,31,168.584,-0.4694,0.0447,-1.9
29190755,38207,23279,0.285,0.5832,0.0976,0.0663,68374,20726,6601,1623,6280,1525,5239,1371,5360,2070,7767,2032,7519,1265,5306,2404,8916,2598,8369,8318,6624,10256,1872,1340,2496,6096,4833,7512,351,356.191,-0.5078,0.0422,-11.9
29190945,3242,2210,0.1196,0.8031,0.041,0.0864,63742,1898,895,184,1086,172,903,141,931,202,1336,202,1300,125,968,185,1299,209,1251,1006,780,1262,167,113,235,805,624,1015,34,138.01,-0.6339,0.0335,-4.6
29191705,5169,3872,0.1226,0.8206,0.0095,0.0809,62989,2928,1334,238,1702,218,1400,162,1450,277,2066,278,2029,181,1445,285,2087,322,2008,1536,1176,1952,239,154,343,1242,957,1577,56,176.95,-0.6531,0.0362,-5.7
29192195,45010,31352,0.1888,0.6746,0.1108,0.0907,74486,26320,10418,2816,9824,2506,8498,2142,8785,3236,12133,3151,11896,1917,8359,3078,12938,3300,12355,12315,9839,14984,3030,2159,4041,8815,7057,10747,471,505.202,-0.4697,0.0382,-11.4
29390835,1142,617,0.2612,0.4761,0.216,0.1173,52296,757,363,131,212,111,199,102,206,149,276,141,277,97,233,146,299,149,282,416,304,548,159,103,227,239,173,319,18,102.508,-0.1927,0.0441,-0.8
29391650,5546,4213,0.1216,0.6642,0.1834,0.1316,77454,3451,1683,413,1473,412,1270,381,1297,500,1660,481,1599,330,1323,464,1705,488,1647,1877,1418,2412,501,324,713,1296,978,1669,79,169.185,-0.4234,0.0422,-4.7
29392050,920,820,0.0317,0.8771,0.0775,0.1805,57329,749,395,59,368,69,356,67,361,69,442,64,441,54,358,62,482,73,466,446,310,607,74,42,118,348,242,474,24,108.094,-0.6137,0.0532,-2.5
29392550,9995,6685,0.1656,0.5542,0.2718,0.1145,53407,5611,2360,907,1864,821,1650,743,1717,1165,2140,1108,2110,663,1614,918,2207,990,2083,2698,2154,3319,1008,738,1315,1567,1242,1941,123,116.891,-0.2073,0.0456,-4.8
29393015,1719,1366,0.0393,0.9142,0.0097,0.1596,68654,1070,598,95,790,89,715,81,719,121,925,119,908,81,747,138,978,139,965,653,513,814,103,68,144,521,411,649,29,129.767,-0.6404,0.0446,-3.2
29393135,813,495,0.2298,0.7832,0.0303,0.1209,72452,398,232,54,265,57,242,52,248,79,325,70,326,50,259,62,330,72,319,247,174,338,54,31,84,182,128,248,11,140.879,-0.5155,0.0457,-0.9
29393900,2011,1610,0.0347,0.8841,0.0341,0.1638,71048,1519,915,119,825,114,778,110,781,130,1022,128,995,90,856,131,1079,135,1059,1003,759,1293,155,100,226,808,614,1038,40,165.84,-0.6506,0.0398,-3.9
29590380,1979,1048,0.2985,0.6446,0.005,0.1658,71366,902,484,64,662,49,511,48,514,72,674,57,667,32,511,72,626,70,622,539,416,681,68,44,99,446,347,564,24,274.842,-0.703,0.0452,-1.4
29591345,512,336,0.1161,0.756,0,0.2126,80682,364,225,26,265,25,229,24,232,26,278,26,270,16,215,22,262,28,252,237,164,328,23,12,38,205,142,282,9,265.821,-0.7666,0.0381,-0.7
29591805,568,365,0.1015,0.8179,0.0021,0.2051,79189,345,180,45,232,42,202,37,201,33,253,34,244,21,168,29,237,33,220,204,145,275,32,18,51,164,117,221,8,391.666,-0.6477,0.0386,-0.3
29791500,6796,5490,0.2987,0.5924,0.0036,0.0962,64442,4562,2375,495,2312,423,2025,365,2069,566,2814,548,2763,386,2275,530,2887,560,2802,2590,2050,3198,555,381,768,1950,1554,2404,84,609.272,-0.5384,0.0326,-2.3
29793905,4539,3007,0.4519,0.4621,0.065,0.0671,53404,2402,1250,247,1152,179,1007,140,1048,254,1387,242,1362,159,1149,231,1420,262,1363,1358,1052,1713,257,166,373,1048,815,1318,53,469.606,-0.5823,0.0387,-1.7
29992230,11632,9300,0.1149,0.8466,0.0038,0.1389,66468,8225,4585,882,3850,998,3535,823,3698,1107,4653,1074,4589,777,3868,1081,4897,1106,4781,5118,3984,6407,1159,786,1627,3730,2908,4674,229,436.21,-0.5024,0.0448,-5.9
29992235,9611,8974,0.0406,0.932,0.0029,0.2957,86119,9323,6247,943,4449,1126,4419,928,4589,1358,5426,1257,5458,1143,5109,1532,6005,1571,5917,6927,5369,8726,1700,1163,2368,4919,3805,6177,308,529.646,-0.4646,0.0444,-6.1
30192525,64,43,0,0.7674,0,0,51250,95,75,4,57,6,46,9,46,4,60,5,58,6,69,10,86,17,75,80,62,101,14,9,21,62,48,79,4,676.533,-0.6038,0.0453,-0.1
30391865,3929,2967,0.361,0.6121,0.015,0.1796,67591,2740,1406,299,1285,283,1174,247,1188,359,1539,319,1535,169,1283,331,1695,323,1681,1604,1155,2165,339,204,522,1206,868,1623,59,166.349,-0.5402,0.0368,-5.2
30392315,290005,219676,0.3211,0.5751,0.0663,0.2,74746,173174,76349,26569,59685,30618,53372,26018,56264,38191,71650,34634,72307,23500,52492,35422,78776,35839,76063,87303,71881,104209,31683,24466,39879,51610,42306,61885,4009,447.089,-0.2283,0.0459,-44.6
30393540,7133,4517,0.2533,0.7114,0.0015,0.1533,92840,4941,2530,335,2314,384,2146,311,2185,479,2890,440,2860,309,2301,504,3220,505,3128,2899,2177,3760,534,337,789,2237,1681,2896,127,136.064,-0.5873,0.0439,-12.5
30393590,9572,6498,0.4064,0.5555,0.0279,0.1471,60508,6393,2641,820,2367,783,2088,690,2139,987,2782,926,2756,519,2087,892,2856,893,2771,3182,2484,4004,902,630,1239,2148,1668,2707,132,151.2,-0.3914,0.0414,-8.2
30592880,847,598,0.5054,0.4766,0,0.0317,66467,508,132,79,232,51,214,51,210,69,264,74,246,33,211,49,291,50,272,165,118,223,35,21,53,124,89,167,6,201.297,-0.5374,0.0378,-0.4
30593820,3949,2799,0.3655,0.5906,0.0229,0.1652,72497,3132,919,279,1072,227,964,202,985,301,1326,283,1312,134,1096,267,1605,265,1574,1081,855,1342,243,167,336,790,625,980,48,569.843,-0.5066,0.0445,-1
30594230,800,620,0.3833,0.5886,0.0046,0.2784,92891,376,113,45,242,45,191,49,184,59,263,55,259,29,194,51,275,48,268,132,93,180,29,17,46,95,66,130,7,122.336,-0.4973,0.0566,-0.5
30790405,6469,4549,0.2747,0.689,0.0143,0.1416,62194,4152,1923,418,1981,343,1725,315,1750,417,2252,391,2209,261,1671,386,2347,415,2278,2176,1698,2719,402,271,564,1686,1320,2106,88,393.554,-0.5902,0.0405,-3.3
30792505,610,508,0.163,0.8053,0.0019,0.145,62163,442,248,35,290,24,250,22,253,35,326,32,319,23,270,33,342,37,334,271,207,349,32,21,47,229,175,294,10,418.508,-0.7253,0.0367,-0.5
30793280,551,495,0.0512,0.9247,0,0.1378,49119,466,283,29,281,33,270,30,270,38,326,37,315,30,280,36,344,45,326,314,234,413,41,26,63,261,195,342,12,261.371,-0.6984,0.0379,-0.8
30990175,4348,3564,0.0669,0.8574,0.0274,0.1356,87318,3122,1747,240,1419,245,1389,178,1452,319,1816,318,1783,219,1495,324,1998,387,1912,1932,1473,2495,357,232,522,1486,1131,1914,89,107.413,-0.5845,0.046,-10.5
30990715,5900,4555,0.0561,0.9333,2e-4,0.1708,112010,4413,2483,340,1964,366,1909,311,1976,534,2437,467,2460,413,2104,566,2686,630,2595,2898,2014,3965,617,351,970,2154,1492,2954,127,52.867,-0.5301,0.0439,-29.1
30990895,5483,4407,0.0959,0.877,0.0146,0.1844,119292,4347,2601,334,2051,346,1963,281,2031,437,2513,405,2498,302,2245,446,2769,495,2702,2870,2165,3708,519,339,747,2239,1684,2905,112,170.841,-0.5992,0.0389,-10.1
30991210,6673,4991,0.1262,0.8148,0.0349,0.1599,84095,4112,2204,554,1785,553,1632,463,1726,706,2106,660,2079,459,1737,711,2133,751,2075,2411,1843,3078,697,463,988,1608,1227,2051,106,45.734,-0.3779,0.0439,-19.9
30992355,10454,8391,0.1307,0.7875,0.0439,0.2568,111389,6955,4005,941,2726,1043,2720,847,2894,1355,3514,1203,3594,985,3039,1327,3824,1448,3700,4399,3365,5597,1392,947,1933,2800,2130,3593,207,82.016,-0.3201,0.0471,-17.2
30992435,5690,4000,0.0983,0.7682,0.1128,0.1534,73015,3921,1901,455,1513,444,1490,379,1561,599,1856,569,1814,405,1499,561,2030,619,1935,2175,1701,2729,585,402,806,1501,1175,1883,89,98.555,-0.4209,0.0408,-9.3
30992631,13255,9621,0.1401,0.819,0.0136,0.1645,92364,10439,5186,883,3918,961,3716,791,3867,1246,4967,1181,4934,864,4062,1331,5497,1468,5260,6135,4780,7708,1458,995,2021,4415,3427,5554,262,135.368,-0.482,0.0427,-21.8
30994055,201011,142360,0.2176,0.5725,0.1721,0.1777,67832,108638,49077,22833,30606,24017,28825,21089,31390,30907,37298,28083,37895,19739,29090,28033,40329,29192,38670,55188,45374,65987,25736,20107,31998,26874,21866,32499,2578,263.239,-0.0206,0.0467,-4.3
30994140,7765,5280,0.1046,0.8473,0.0399,0.1456,80491,5375,3000,482,2277,477,2212,396,2299,585,3036,554,2979,377,2604,562,3340,641,3206,3321,2518,4256,645,414,939,2554,1938,3259,123,104.211,-0.5748,0.0369,-18.3
31193920,600,384,0.5495,0.4505,0,0.1928,43875,550,320,40,454,41,387,33,395,53,460,43,454,28,343,37,448,48,423,341,266,428,41,27,60,286,223,358,14,1156.782,-0.7171,0.041,-0.2
31392370,7258,5326,0.1768,0.5767,0.1999,0.1506,75081,4408,2054,530,1781,462,1598,432,1621,652,2201,616,2177,352,1726,565,2372,587,2286,2338,1830,2924,575,391,806,1678,1313,2098,85,184.331,-0.4716,0.0362,-6
31392575,3447,2630,0.2271,0.5073,0.1795,0.1313,77767,1538,747,170,636,155,574,147,580,191,798,180,781,107,619,164,850,176,817,833,624,1088,185,117,274,615,461,803,33,111.317,-0.5166,0.0401,-3.9
31392860,2750,1873,0.1261,0.7161,0.1494,0.1711,76238,2104,1018,181,934,163,862,144,880,245,1171,233,1160,137,927,234,1276,250,1234,1172,860,1547,232,149,344,897,655,1187,43,176.786,-0.5671,0.0365,-3.8
31591937,4149,3354,0.0148,0.6656,0.293,0.1482,49327,3346,1447,622,1256,542,1037,499,1087,707,1458,668,1412,371,1048,598,1519,590,1489,1653,1303,2039,590,418,790,999,782,1245,63,211.348,-0.2477,0.0384,-1.9
31592092,5576,4678,0.058,0.7719,0.1508,0.1127,56850,3957,1734,543,1727,476,1411,440,1466,632,2012,608,1968,329,1509,503,2058,511,2020,1991,1584,2454,529,373,715,1380,1092,1716,83,208.974,-0.4275,0.0416,-4.1
31793725,3716,2344,0.4355,0.5096,0.0285,0.1783,107344,2181,977,205,982,186,867,176,873,215,1267,198,1225,112,872,178,1212,190,1161,1106,855,1403,181,118,258,883,684,1118,43,151.001,-0.6346,0.039,-4.7
31793835,1521,1027,0.3312,0.5593,0.0771,0.2313,104451,608,283,61,473,57,430,53,430,73,590,65,586,37,469,69,613,74,595,332,263,414,47,31,66,273,216,338,12,764.7,-0.6798,0.0373,-0.3
31992445,3129,2343,0.1652,0.8229,0,0.2236,59973,2472,1545,281,1313,317,1206,261,1242,363,1576,351,1567,268,1322,345,1628,351,1588,1702,1317,2139,387,257,546,1243,968,1560,72,357.021,-0.5029,0.0421,-2.4
31992450,824,712,0.1079,0.8835,0,0.255,66374,613,403,73,343,85,354,72,363,94,415,92,413,71,380,89,448,90,439,436,334,553,95,62,136,322,247,407,19,575.195,-0.5203,0.0429,-0.4
32190220,23530,14516,0.3847,0.436,0.1573,0.1243,58624,13405,5744,2484,4808,2096,4101,1866,4315,2600,5477,2450,5378,1555,3943,2204,5412,2349,5130,6551,5173,8143,2276,1648,3020,3990,3120,4982,285,275.021,-0.2617,0.0435,-6.2
32192465,3047,3194,0.0818,0.8161,0.0443,0.1984,61969,1705,999,289,1232,300,1183,245,1251,372,1470,354,1438,238,1279,355,1664,387,1616,1113,854,1416,255,168,363,811,621,1032,46,704.841,-0.5,0.0417,-0.8
32192940,5501,4429,0.512,0.3996,0.009,0.1487,66176,3017,1131,451,1019,399,874,352,920,475,1302,460,1274,291,950,422,1310,456,1235,1321,987,1718,391,252,570,877,652,1143,53,321.86,-0.3681,0.04,-1.5
32193915,4177,2496,0.2357,0.7211,0.0016,0.1396,71681,2418,1171,276,1307,247,1168,204,1212,286,1596,287,1557,189,1178,250,1571,294,1501,1347,1034,1728,268,176,383,1030,789,1321,50,310.79,-0.5655,0.0368,-2.5
32391100,56565,30773,0.9307,0.0419,0.0035,0.0947,50179,33817,9689,10162,2641,7563,2809,6798,3334,8146,6625,7786,5466,5448,3672,6261,9077,6723,7144,11196,9023,13611,5953,4403,7715,4745,3521,6128,498,495.042,0.1079,0.0445,2.4
32393165,1322,445,0.9597,0.0129,0.009,0.0807,49460,827,297,235,175,164,142,142,161,180,256,164,242,107,188,112,208,136,143,358,262,472,137,87,200,206,145,282,15,796.737,-0.1937,0.0415,-0.1
32590645,17919,14064,0.4353,0.4899,0.0395,0.2017,102576,14072,7074,1599,4757,1747,4653,1466,4911,2785,6325,2526,6406,2080,5275,3300,7371,3461,7025,8271,6584,10222,2996,2184,3977,4943,3887,6174,332,202.904,-0.2355,0.0401,-9.6
32591030,17891,13868,0.5445,0.425,0.023,0.1214,64593,11798,4978,1627,3720,1519,3430,1303,3638,2213,4911,2070,4819,1369,3769,2084,5388,2249,5034,5734,4514,7140,1961,1401,2651,3539,2779,4428,233,199.192,-0.2752,0.0406,-7.9
32591040,1686,901,0.249,0.7085,0.0348,0.2381,72181,1288,815,165,652,178,619,151,647,250,776,229,767,160,724,191,885,224,842,878,627,1190,242,145,373,607,432,826,30,443.496,-0.4151,0.0337,-0.8
32591820,13252,11263,0.4548,0.4714,0.0506,0.1094,75792,8026,3683,1243,2957,1177,2742,1044,2861,1524,3630,1382,3602,982,2833,1374,3820,1483,3607,4179,3229,5312,1353,936,1873,2659,2041,3405,167,488.941,-0.3125,0.04,-2.7
32792515,282,237,0.0993,0.9017,0,0.1649,91946,184,115,16,143,17,124,15,126,26,151,25,146,19,132,25,168,29,164,133,101,171,22,14,32,106,80,136,6,378.636,-0.6267,0.0417,-0.2
32792520,1680,1214,0.2648,0.6921,0.0074,0.1668,65270,1222,620,138,539,128,508,115,520,171,672,164,651,91,527,145,693,165,660,717,557,899,160,108,223,526,407,660,31,523.627,-0.5097,0.0427,-0.7
32992560,145451,95028,0.3933,0.4972,0.0741,0.2225,100146,78671,34938,9049,32250,8998,28797,7460,29941,11378,39428,10481,39641,6725,28221,10527,40272,10947,38681,39616,32447,47451,9764,7297,12651,28082,23082,33664,1771,172.493,-0.4624,0.0447,-106.2
32992566,24532,17654,0.4093,0.5452,0.0285,0.1083,110665,13047,4585,976,4723,725,4070,641,4108,951,6196,936,6092,429,4168,824,6672,919,6351,5499,4304,6854,783,522,1107,4534,3557,5636,182,729.507,-0.6821,0.0331,-5.1
33190505,1085,832,0.2032,0.7678,0.0244,0.1302,62866,662,323,62,305,66,282,57,290,85,372,84,358,51,305,91,422,97,406,371,272,490,83,52,123,269,197,357,18,93.828,-0.5008,0.0496,-2
33190540,1173,853,0.1615,0.6396,0.2243,0.111,72160,730,374,107,320,101,332,93,339,124,402,120,391,72,340,112,445,118,427,402,297,535,102,65,151,285,210,381,14,227.241,-0.4565,0.0356,-0.8
33190590,6879,4886,0.3183,0.5414,0.1229,0.118,70323,4064,1896,558,1533,519,1448,449,1510,700,1882,641,1837,378,1564,620,1946,666,1839,2124,1580,2761,594,386,856,1433,1061,1867,98,100.838,-0.395,0.0459,-8.3
33190960,1386,1071,0.1904,0.779,0.0185,0.1537,63070,880,440,83,398,89,369,78,379,110,500,111,481,71,415,119,579,125,558,502,372,658,113,72,166,364,269,480,25,128.83,-0.4999,0.0491,-1.9
33191485,2780,2561,0.0698,0.7681,0.13,0.1275,61435,2095,1168,212,1004,196,908,189,908,249,1195,242,1163,180,1049,250,1331,271,1297,1297,980,1686,281,184,405,972,729,1264,44,215.193,-0.5324,0.034,-3.2
33193290,8431,6531,0.1635,0.7624,0.0473,0.13,77226,5401,2575,777,1935,755,1755,695,1797,930,2416,884,2353,584,1979,848,2599,879,2496,2891,2213,3685,897,605,1250,1875,1430,2394,119,131.263,-0.3383,0.0412,-7.5
33193895,3020,2241,0.2183,0.6924,0.0498,0.2314,69871,2208,1228,252,870,271,828,235,857,298,1216,301,1176,224,1065,290,1369,307,1324,1356,953,1844,343,204,523,952,666,1304,61,123.732,-0.4495,0.0452,-4.9
33391550,2704,2044,0.1839,0.7885,0.0025,0.18,72533,2065,1175,152,1176,141,1045,127,1058,163,1334,154,1317,108,1027,171,1316,190,1271,1312,1018,1660,187,121,274,1066,828,1350,58,232.778,-0.6703,0.0441,-3.8
33392690,1752,1422,0.0845,0.8765,0.0055,0.2009,65271,1142,660,91,775,88,719,79,732,108,883,98,879,90,867,139,1102,154,1072,763,591,965,109,70,159,622,483,784,32,517,-0.672,0.0415,-1
33590795,7041,5370,0.3519,0.4822,0.0922,0.0644,63675,3255,1328,253,1303,230,1146,214,1150,291,1583,264,1557,138,1150,265,1568,276,1509,1471,1144,1840,281,187,393,1131,882,1411,59,147.504,-0.578,0.0404,-5.8
33592285,970,729,0.3528,0.5517,0.0336,0.0754,53716,596,243,57,278,52,264,48,269,55,330,50,318,23,239,38,319,47,303,271,197,361,44,26,68,217,158,288,9,261.114,-0.6378,0.0348,-0.7
33594155,979,836,0.3603,0.5029,0.0542,0.0713,64875,453,170,45,199,41,175,36,176,51,257,45,254,24,187,49,257,51,247,191,140,251,37,23,55,145,106,192,8,507.294,-0.5666,0.0428,-0.2
33790390,11058,8786,0.0915,0.8704,2e-4,0.1066,66418,8417,4125,435,4108,478,3509,393,3580,591,4704,558,4647,423,3768,665,5419,754,5226,4797,3823,5932,661,442,929,3957,3171,4884,179,278.624,-0.6872,0.0373,-11.8
33792610,1998,1739,0.0689,0.9083,0.0021,0.1618,81046,1626,931,103,848,105,775,82,792,126,1006,130,983,99,865,133,1146,146,1113,1046,788,1352,147,92,218,860,650,1108,39,200.858,-0.6809,0.0374,-3.5
33792765,4600,3455,0.0763,0.8962,3e-4,0.1393,53714,3087,1565,229,1576,230,1259,189,1286,246,1763,236,1760,154,1362,261,1981,289,1905,1753,1376,2191,265,174,377,1417,1111,1767,71,260.42,-0.6572,0.0406,-4.4
33793395,2309,1811,0.0496,0.9029,3e-4,0.1731,65303,1929,1086,119,993,127,881,101,904,134,1142,127,1136,90,1009,149,1279,163,1245,1244,949,1588,164,104,241,1032,790,1315,48,198.373,-0.6978,0.0383,-4.4
33992375,66135,51253,0.1734,0.7657,0.0297,0.2381,116092,51195,24954,3383,19725,3770,17728,3107,18353,5382,25376,4941,25259,3796,20381,6504,29880,7048,28861,29732,24070,36130,6735,4832,8971,21929,17736,26543,1068,123.509,-0.511,0.0359,-123
33992625,83300,66545,0.0934,0.8313,0.0333,0.3137,117917,70659,39081,5169,27944,5924,26939,4788,27979,8679,37457,7894,37517,6432,32404,10048,45289,10745,44100,45367,36990,54939,10542,7702,13904,33130,27097,39974,1695,337.483,-0.4979,0.0374,-66.9
33993655,428794,301796,0.2217,0.643,0.0791,0.2469,110801,279431,128695,34630,90629,38756,81678,32691,86908,56284,114771,51650,116243,39584,87471,60905,127530,63956,122245,151266,124192,180565,56108,42678,71249,88570,72496,106256,6587,487.345,-0.2146,0.0435,-66.6
33994220,42214,33486,0.1447,0.7679,0.0497,0.1633,91172,32306,15220,2653,12016,2819,11050,2458,11425,4032,15778,3769,15510,2842,12438,4820,19265,5130,18591,18226,14575,22348,4388,3097,5945,13083,10461,16046,755,128.548,-0.4771,0.0414,-67.6
34191090,19500,9413,0.4796,0.4272,0.0252,0.0864,64680,8507,3058,1008,3455,724,2823,694,2845,985,3768,913,3733,445,2660,799,3880,886,3626,3485,2739,4352,757,527,1041,2593,2041,3237,135,661.918,-0.5269,0.0387,-2.8
34193805,1858,1154,0.3493,0.6469,4e-4,0.1876,69413,972,452,90,522,63,425,56,423,77,591,86,581,34,421,61,578,68,560,491,342,673,75,42,120,398,280,546,17,247.703,-0.6588,0.0343,-1.3
34390940,7583,5842,0.0689,0.6414,0.2543,0.1066,65880,4888,2280,951,2053,858,1757,785,1812,1135,2267,1108,2204,655,1795,876,2389,912,2299,2553,1989,3210,860,612,1153,1606,1236,2038,88,121.495,-0.2922,0.0343,-6.1
34392705,4390,3066,0.0433,0.7536,0.1733,0.0933,52061,3315,1480,474,1390,399,1194,372,1204,529,1574,526,1523,266,1246,436,1703,441,1659,1717,1327,2179,462,313,649,1193,914,1517,62,137.205,-0.4254,0.0359,-5.3
34592454,903,892,0.0869,0.8202,0.0643,0.1295,57982,690,400,33,474,30,394,27,401,39,499,37,490,12,399,30,520,36,503,456,357,569,39,25,57,398,312,496,19,508.028,-0.7883,0.0411,-0.7
34592822,160,137,0.1352,0.8132,0.0414,0.1402,46708,104,73,7,92,10,89,8,88,7,105,7,101,6,83,5,92,5,89,86,65,112,10,6,16,73,55,94,3,481.787,-0.7217,0.0391,-0.1
34790720,4771,3427,0.0657,0.8404,0.0654,0.1572,62699,3301,1831,268,1754,290,1636,249,1658,364,2169,352,2143,241,1684,353,2160,375,2112,2017,1570,2527,372,248,524,1578,1233,1975,68,277.409,-0.5981,0.0335,-4.3
34790935,5123,3432,0.0778,0.888,0.0336,0.17,70454,3629,2062,362,1821,340,1677,291,1708,422,2183,408,2156,306,1815,417,2286,435,2240,2287,1739,2938,468,307,677,1731,1317,2229,87,225.006,-0.5524,0.0379,-5.6
34791465,2553,1977,0.0849,0.7679,0.1168,0.1231,64403,1688,807,141,795,141,717,129,719,181,928,172,904,102,695,157,983,166,962,914,672,1212,176,110,262,704,516,933,34,88.925,-0.5779,0.0375,-5.9
34792700,52206,37959,0.1426,0.6251,0.2021,0.1713,57171,29076,13884,6076,10401,6961,9746,6174,10326,8032,12097,7555,12167,4831,9055,6763,12146,6952,11758,15277,12372,18524,6154,4675,7857,8465,6809,10285,658,389.629,-0.1513,0.0431,-5.9
34990340,4671,3497,0.1209,0.7834,0.0216,0.1025,87176,3311,1656,345,1616,237,1383,195,1413,316,1850,290,1831,218,1501,329,2027,366,1965,1878,1445,2396,344,222,500,1464,1131,1870,69,163.539,-0.5966,0.0368,-6.9
34990865,36115,23920,0.2148,0.609,0.119,0.1265,65502,20542,8927,2654,7022,2855,6423,2488,6737,3734,8462,3504,8450,2250,6561,3332,9123,3608,8689,10168,8285,12298,3241,2418,4200,6440,5237,7821,487,358.617,-0.3147,0.0479,-8.9
34990965,3561,2789,0.1166,0.738,0.104,0.1538,56111,2221,1020,298,1239,204,971,178,993,261,1324,261,1291,165,1025,256,1401,285,1343,1170,892,1496,227,146,332,897,689,1140,47,238.315,-0.5719,0.0398,-2.8
34992005,3506,2575,0.0916,0.7089,0.1755,0.1387,74603,2730,1298,394,1104,340,872,298,907,450,1160,436,1137,299,976,460,1292,499,1238,1466,1038,1980,442,265,666,960,676,1299,65,183.456,-0.353,0.0443,-2.8
34993225,4771,2867,0.2843,0.5807,0.0645,0.1202,74770,2200,875,311,1013,282,742,253,768,339,1005,330,992,224,766,331,1141,362,1092,1066,813,1365,303,198,431,717,547,916,47,142.074,-0.3881,0.0442,-2.9
35190530,1806,1564,0.104,0.7753,0.1232,0.0491,52592,1533,842,190,795,177,700,159,719,178,891,170,878,124,713,141,892,143,873,920,711,1168,211,143,293,676,519,861,34,304.658,-0.5057,0.0366,-1.5
35190575,2495,1980,0.0463,0.6968,0.2313,0.0288,39067,1463,615,241,759,213,643,179,674,277,918,273,898,149,671,248,913,248,895,715,563,887,212,147,288,475,375,591,28,188.253,-0.3676,0.0398,-1.4
35191035,2867,1766,0.0302,0.9324,0.0194,0.0428,53434,1333,506,127,1139,105,960,84,983,126,1240,135,1208,57,889,110,1266,121,1218,631,486,797,71,46,102,538,416,679,22,114.598,-0.7404,0.0354,-4.1
35192750,5049,4381,0.0076,0.7364,0.213,0.0423,39924,3282,1574,597,1595,497,1356,448,1396,592,1833,585,1801,359,1388,454,1710,461,1664,1695,1323,2116,397,277,539,1235,962,1546,63,332.219,-0.4942,0.0371,-2.5
35390325,557,353,0.0973,0.8639,0,0.2126,73978,434,299,37,308,37,271,34,271,40,329,35,325,29,285,35,317,35,308,291,219,376,39,25,57,239,179,310,14,294.76,-0.6866,0.0473,-0.7
35393325,2046,1502,0.3528,0.5926,0.0217,0.1494,57950,1175,566,130,585,111,531,93,544,145,654,134,650,73,506,125,644,142,610,593,431,790,119,72,179,450,327,600,25,414.146,-0.5578,0.0417,-0.8
35393810,12135,8683,0.3461,0.5854,0.0311,0.0916,59291,6492,2832,862,2659,780,2313,680,2382,977,3148,908,3127,545,2302,860,3087,946,2890,2992,2355,3713,783,545,1070,2080,1637,2600,128,205.042,-0.4335,0.0428,-6.3
35590315,7308,4456,0.6868,0.2425,0.0512,0.1059,64768,3978,1638,1074,903,912,809,769,933,1124,1165,1066,1127,734,881,979,1312,1034,1176,1833,1430,2308,932,680,1226,838,634,1082,63,176.507,0.0511,0.0343,0.5
35590850,304018,217662,0.5993,0.3234,0.0437,0.1491,71705,173698,72176,41741,40036,40645,35899,34115,41849,52733,50795,49379,51026,34840,36616,46185,53131,47993,48780,81325,66957,97200,43027,33797,53414,34824,28194,42145,3474,354.139,0.1009,0.0427,23.2
35590855,14354,9673,0.4262,0.5549,0.0022,0.1908,114485,8769,4698,1486,3814,1433,3613,1153,3861,1826,4781,1724,4730,1289,3782,1703,4836,1814,4612,5111,3996,6438,1692,1198,2306,3234,2516,4084,185,165.524,-0.3018,0.0362,-9.3
35591080,2679,1671,0.726,0.265,0.0037,0.1437,64232,1377,544,367,369,304,349,262,389,381,502,371,473,234,394,343,566,365,507,617,487,770,272,199,359,321,248,403,25,153.312,-0.0787,0.0399,-0.3
35593095,13399,10858,0.1472,0.8063,0.0027,0.2607,117018,10753,6893,1737,4946,1866,4617,1475,4958,2349,6155,2179,6163,1778,5133,2151,6123,2276,5941,7337,5686,9306,2419,1680,3333,4565,3502,5800,353,304.613,-0.2925,0.0481,-7
35593270,11420,9034,0.9293,0.0646,0.0033,0.0564,48390,7812,2807,2792,699,2232,669,1946,928,2511,1219,2462,1039,1599,762,1887,1233,1951,1046,3147,2521,3894,2142,1654,2721,882,661,1141,123,11.348,0.4004,0.0391,111
35793005,9376,4853,0.3733,0.5843,0.0012,0.1308,68248,4391,1890,257,2438,214,2000,198,2008,281,2610,259,2582,125,1829,251,2528,261,2478,2118,1634,2662,251,165,363,1794,1386,2248,72,466.746,-0.7285,0.0341,-3.3
35793010,639,378,0.3264,0.6306,0,0.1617,72470,313,150,17,190,15,159,14,159,21,202,19,201,10,146,18,195,19,191,166,123,216,20,12,31,140,104,182,5,451.453,-0.722,0.0315,-0.3
35990017,213,139,0.0483,0.9931,0,0.234,76875,140,89,10,102,4,99,3,99,9,122,6,122,4,93,7,104,10,101,91,63,125,6,3,11,81,57,110,4,619.941,-0.8236,0.0394,-0.1
35994018,1545,1159,0.2065,0.7713,0.0173,0.1703,79086,1065,610,68,748,78,633,59,643,72,795,68,786,46,617,67,791,81,761,707,553,885,62,41,88,615,482,768,30,881.486,-0.7819,0.0423,-0.6
36190440,18615,13418,0.0976,0.8534,0.0044,0.1672,97979,11674,5905,843,6165,794,5201,664,5299,949,7427,939,7307,608,5438,935,7747,1011,7493,6511,5157,8042,1007,689,1393,5317,4231,6549,187,100.731,-0.6621,0.0287,-42.8
36192480,10514,8237,0.0516,0.9111,0.0191,0.1286,85272,7247,3680,547,3864,553,3267,455,3345,654,4376,653,4316,413,3310,643,4626,694,4473,4107,3256,5077,653,444,918,3331,2645,4100,123,74.656,-0.6519,0.0299,-35.9
36192905,28386,19999,0.0761,0.6594,0.2322,0.1194,65016,16766,7197,3223,6418,2666,5304,2375,5555,3533,6993,3438,6917,1927,5071,3085,7117,3174,6776,8125,6581,9806,2768,2074,3548,5055,4097,6151,302,66.926,-0.2815,0.0371,-34.2
36194050,27293,20757,0.0535,0.9165,0.0051,0.0995,77347,17897,8063,1122,9067,1037,7392,854,7525,1221,10389,1218,10179,774,7334,1282,10701,1406,10308,9173,7408,11144,1270,875,1746,7619,6169,9214,284,137.216,-0.6922,0.031,-46.3
36391595,2740,1909,0.0516,0.9237,0.0043,0.173,76188,2218,1189,140,1095,153,988,121,1010,184,1349,170,1328,125,1095,186,1524,212,1476,1344,1026,1715,203,129,299,1088,836,1381,52,258.456,-0.6587,0.0386,-3.4
36392595,19801,14819,0.1816,0.7649,0.0351,0.0956,63544,12236,5181,1207,4677,1248,4239,1055,4414,1456,5810,1350,5711,957,4163,1399,6057,1535,5728,5898,4764,7146,1387,997,1831,4232,3427,5113,279,122.625,-0.4823,0.0473,-23.2
36392950,3894,2919,0.0569,0.8872,0,0.2002,96447,3215,1947,199,1685,253,1562,204,1602,316,2024,304,1975,227,1805,330,2375,367,2304,2189,1669,2792,344,226,492,1762,1342,2242,83,290.711,-0.6479,0.0381,-4.9
36393770,1974,1844,0.0797,0.8928,0,0.1821,79057,1672,977,162,827,183,758,149,785,222,996,204,985,177,833,228,1137,241,1103,1097,853,1380,243,163,340,803,624,1005,51,313.716,-0.5102,0.0469,-1.8
36590235,2916,2159,0.094,0.7618,0.0877,0.1116,85038,2067,1056,248,1096,223,946,210,954,257,1262,255,1237,157,971,231,1331,246,1300,1197,902,1551,243,156,359,916,694,1180,37,157.219,-0.5619,0.0312,-4.3
36590640,10764,7898,0.08,0.6979,0.1473,0.1122,59920,7718,3489,920,3684,809,2995,753,3028,1052,3946,1017,3884,610,2850,977,3900,989,3799,3909,3051,4889,937,640,1297,2857,2231,3570,115,126.939,-0.4911,0.0295,-15.1
36590970,4212,3248,0.0276,0.8094,0.1289,0.0936,62704,3228,1583,387,1744,298,1467,277,1478,402,1907,403,1864,225,1482,366,1987,361,1949,1788,1423,2197,345,241,476,1377,1094,1689,66,292.614,-0.5773,0.0368,-3.5
36591475,2186,1655,0.0476,0.8318,0.0479,0.1147,63016,1762,880,112,852,105,736,100,737,133,982,134,946,89,744,140,983,140,965,982,767,1238,149,99,212,801,627,1007,32,129.483,-0.6641,0.0325,-5
36592265,2413,2063,0.0178,0.8544,0.0858,0.1149,75231,1842,1020,168,1068,164,976,154,985,213,1229,207,1214,132,992,192,1299,199,1268,1149,815,1559,196,113,309,918,654,1246,34,115.065,-0.6287,0.0299,-6.3
36793701,47272,38950,0.1116,0.8493,0.0149,0.1468,101709,38792,18761,2536,14030,2842,13191,2364,13736,3804,19185,3554,18914,2944,15987,4469,23362,4953,22410,22346,18184,27067,4399,3157,5900,16894,13800,20424,1053,196.827,-0.5592,0.0471,-63.5
36794095,46366,36856,0.1225,0.8254,0.0182,0.2266,91540,33342,17293,2518,14097,3022,12933,2525,13445,3673,18126,3412,17926,2708,14679,3902,21141,4311,20354,19488,15824,23674,3879,2824,5139,14600,11893,17666,1009,308.101,-0.5501,0.0518,-34.8
36794100,14396,12478,0.1079,0.8375,0.0035,0.1761,101646,13119,6654,693,4791,815,4703,666,4869,929,6568,891,6471,724,5952,1096,8927,1211,8671,8126,6450,10097,1217,826,1712,6545,5214,8102,364,240.53,-0.6557,0.0448,-22.2
36794105,40188,32084,0.0918,0.873,0.0073,0.3064,148688,35952,19973,2597,13555,3278,13245,2545,13931,4611,18167,4062,18395,3747,15905,5406,21737,5874,21042,23644,19181,28785,5592,4046,7422,16841,13681,20421,1211,164.637,-0.4758,0.0512,-68.3
36991300,4928,2235,0.4757,0.4955,0.0045,0.1485,73285,2190,938,247,1060,195,919,186,919,253,1210,236,1205,110,903,175,1232,182,1196,1040,787,1340,199,128,289,800,607,1029,41,528.295,-0.5779,0.0398,-1.1
36991410,4941,3227,0.5661,0.3903,0.0065,0.1249,78209,2079,769,237,851,177,756,166,761,235,925,218,927,92,643,193,891,192,864,863,650,1122,187,120,274,639,481,830,36,356.909,-0.5239,0.042,-1.3
37191375,13100,9346,0.6722,0.2373,0.0517,0.0829,80132,6720,3079,1399,1813,1212,1560,1046,1695,1261,2454,1246,2360,973,2037,1052,2396,1105,2208,3406,2659,4271,1279,906,1725,1954,1503,2467,172,3409.855,-0.1981,0.0506,-0.2
37191870,735,417,0.5575,0.3793,0.0073,0.0399,73166,351,189,75,158,56,143,52,147,55,226,55,216,39,165,44,196,49,183,190,145,244,42,29,59,138,104,177,10,791.462,-0.5022,0.0521,-0.1
37191885,1358,603,0.3818,0.5806,0.0271,0.1817,46647,701,324,80,498,71,458,69,457,66,535,75,505,31,346,47,450,52,426,349,257,462,50,30,78,285,211,375,14,563.496,-0.6723,0.0397,-0.4
37390860,4501,4233,0.1687,0.6325,0.136,0.0763,57429,2954,1196,461,1060,361,898,332,919,507,1276,468,1215,275,957,412,1372,436,1305,1377,1015,1813,405,255,595,922,683,1216,50,298.838,-0.3756,0.0365,-1.7
37392226,45622,36637,0.1087,0.768,0.0733,0.1129,64079,30244,12319,3726,14116,3489,11896,3046,12211,4880,17297,4769,16520,2954,12420,4498,17844,4670,17291,15402,12468,18637,3651,2646,4819,11148,9046,13520,603,810.822,-0.4867,0.0391,-9.2
37590065,112098,71441,0.3249,0.5171,0.1038,0.1184,60847,51960,19036,7394,17225,7214,14500,6426,15075,9530,19862,8810,19735,5097,13580,8303,19644,8476,18800,21826,17737,26385,7571,5692,9705,13262,10729,16096,993,121.426,-0.2608,0.0455,-46.9
37590610,6427,4444,0.1295,0.8349,0.0171,0.1857,114702,4497,2478,263,2405,307,2189,248,2224,391,2958,358,2948,264,2502,445,3363,457,3309,2806,2107,3653,421,268,625,2284,1715,2978,101,800.551,-0.6641,0.0361,-2.3
37792400,2289,1950,0.5462,0.4339,0,0.3328,45179,1671,1043,632,336,710,308,658,342,826,347,790,346,674,351,717,304,718,286,1098,788,1481,792,549,1100,260,173,371,46,2624.719,0.485,0.0417,0.2
37793145,3842,1325,0.9594,0.0255,0,0.1244,38390,2427,786,826,138,510,124,491,123,637,374,584,305,459,210,571,382,529,365,951,717,1224,643,468,851,265,187,358,43,1231.218,0.3972,0.0452,0.3
37991235,7317,6226,0.0868,0.8439,0.0308,0.1585,66793,5255,2984,383,2439,416,2318,346,2384,512,3157,467,3108,372,2738,510,3468,555,3358,3349,2657,4143,578,394,811,2642,2101,3248,129,142.258,-0.6163,0.0385,-14.5
37993075,4847,3856,0.0573,0.8923,0.0206,0.1705,71589,3507,1787,245,1529,265,1384,220,1426,330,1998,322,1952,224,1601,359,2181,396,2092,2069,1627,2577,361,242,509,1612,1268,2003,96,116.569,-0.6048,0.0464,-10.7
38190070,122789,93874,0.2198,0.713,0.0243,0.2117,92308,82411,40832,7331,38138,8333,33489,7000,34480,11230,44135,10197,44412,7220,34122,11441,46239,12023,45071,46214,37834,55531,10987,8065,14367,33475,27402,40138,1752,345.268,-0.4866,0.0379,-65.1
38190625,17964,14572,0.1568,0.791,0.0226,0.2632,80059,11579,6151,1036,5324,1280,4990,1065,5106,1572,6661,1421,6704,1008,5121,1494,7075,1573,6920,6907,5521,8481,1515,1065,2044,5103,4094,6248,289,577.174,-0.5196,0.0419,-6.2
38390290,3385,1845,0.6331,0.3176,0.0287,0.0832,66075,1731,698,167,709,136,692,127,697,172,942,154,893,90,616,141,800,156,764,774,608,973,151,104,210,591,465,742,32,1176.006,-0.5685,0.0409,-0.4
38590600,2758,2109,0.1508,0.8345,0.0057,0.1846,49991,2451,1389,262,1382,245,1311,213,1341,320,1643,286,1626,218,1337,315,1625,336,1574,1614,1261,2008,332,224,464,1221,955,1521,61,700.065,-0.5505,0.0375,-1.3
38790105,2174,1881,0.0613,0.7932,0.1055,0.0919,46366,1743,931,202,952,185,794,169,811,221,1084,211,1061,140,828,193,1098,207,1058,1029,821,1271,212,151,285,775,618,961,42,315.242,-0.5467,0.0406,-1.8
38790365,2648,2035,0.0415,0.9081,0.0133,0.107,58064,1628,841,121,1075,100,942,93,941,133,1230,129,1210,83,890,154,1262,170,1221,926,675,1227,119,71,184,772,565,1022,35,210.552,-0.7053,0.0376,-3.1
38790735,4367,3133,0.028,0.5779,0.3778,0.0816,43850,2913,1370,698,1097,559,986,535,1001,738,1226,704,1224,445,1000,627,1291,630,1236,1509,1184,1909,652,467,882,792,613,1008,65,221.777,-0.0924,0.0431,-0.6
38791025,1657,1318,0.0182,0.8884,0.0621,0.1007,66296,1162,565,64,518,78,438,66,446,97,630,92,617,59,492,82,688,89,655,637,479,823,108,67,160,504,381,648,25,102.699,-0.6218,0.0396,-3.9
38792385,741,665,0.0127,0.9454,0.0281,0.0746,63763,361,182,63,284,51,267,40,277,56,347,56,339,36,273,46,343,52,328,212,164,268,35,23,49,168,130,213,8,206.467,-0.6318,0.0394,-0.6
38990190,859,467,0.6959,0.3041,0,0.0616,66250,536,182,153,147,137,108,120,120,113,215,106,188,48,134,75,212,79,187,208,152,277,71,46,105,127,92,170,9,797.595,-0.267,0.0444,-0.1
38992990,13889,7692,0.8216,0.1418,0.0282,0.0517,71771,6908,2034,1506,1270,1115,1017,1003,1084,1281,2034,1231,1790,753,1207,995,2128,1063,1847,2342,1856,2908,962,689,1287,1284,996,1614,96,1844.476,-0.1378,0.0409,-0.2
39190170,777,609,0.4853,0.4994,0.0132,0.1494,66849,601,340,151,174,153,211,142,219,169,251,155,230,123,223,145,255,146,245,367,275,475,163,110,226,189,138,249,15,429.778,-0.0723,0.0406,-0.1
39193220,3483,2616,0.4602,0.3726,0.1278,0.0807,54138,2322,1014,503,811,378,696,340,734,520,969,481,922,266,687,447,927,469,874,1148,897,1436,448,322,596,656,507,832,44,186.271,-0.1813,0.0381,-1.1
39194275,2481,1969,0.4416,0.5338,0.007,0.1348,70926,1807,920,379,845,316,729,269,773,419,990,387,921,250,748,326,951,343,885,997,764,1262,335,232,457,625,473,800,37,202.192,-0.2902,0.0373,-1.4
39392555,827,609,0.0755,0.8949,0,0.1742,67868,682,426,20,524,19,441,16,448,17,529,15,526,7,430,20,547,20,542,485,377,609,20,13,30,443,345,555,22,924.192,-0.8719,0.0444,-0.5
39590430,1910,1441,0.0337,0.8511,0.1037,0.1527,75811,1414,732,223,740,208,639,186,667,240,804,230,791,116,659,186,858,191,834,813,570,1120,207,121,323,577,404,796,30,144.717,-0.4555,0.0363,-2.6
39590585,1232,737,0.0966,0.6209,0.2288,0.1497,67088,951,465,268,330,271,313,245,330,295,427,263,428,133,350,205,445,204,436,501,350,685,203,124,304,278,192,385,20,91.605,-0.15,0.04,-0.8
39591385,6008,4603,0.1017,0.7937,0.0711,0.1887,94322,4813,2600,440,2290,422,2128,360,2180,542,2827,511,2790,323,2386,507,3198,557,3125,3000,2374,3716,581,401,805,2300,1821,2843,119,470.979,-0.5727,0.0397,-3.6
39591750,7607,5725,0.2445,0.4431,0.2787,0.1224,62751,4607,1946,1271,1308,1041,1212,962,1268,1297,1588,1240,1580,721,1248,1028,1675,1055,1587,2203,1721,2758,961,698,1275,1138,878,1445,104,158.407,-0.0807,0.0474,-1.1
39792800,30709,25929,0.27,0.5988,0.0892,0.2309,128110,26112,10382,1983,5760,2566,5278,2168,5643,4101,8688,3839,8760,3271,7238,5663,12357,6135,11705,14325,11421,17662,5103,3709,6752,8516,6752,10567,706,39.73,-0.2382,0.0493,-85.9
39792855,40203,30525,0.128,0.7252,0.0887,0.3023,128908,30368,16520,4156,12037,4987,11156,3911,12047,6628,14512,6005,14938,4824,11630,6733,15502,7170,14922,19058,15211,23310,6705,4940,8812,11383,8997,14010,970,33.036,-0.2454,0.0509,-141.6
39793665,36907,30327,0.1353,0.7289,0.0952,0.3054,150468,27574,15169,3495,10599,4161,10156,3314,10866,5683,13526,5179,13886,4037,11343,5697,15682,6161,15098,17173,13753,21025,5599,4099,7344,10785,8595,13233,788,76.167,-0.302,0.0459,-68.1
39990185,4592,3715,0.2689,0.6464,0.063,0.1028,61495,2858,1374,206,1477,192,1311,178,1325,273,1719,257,1677,129,1281,210,1570,248,1499,1505,1154,1910,241,156,349,1213,930,1534,51,345.403,-0.646,0.034,-2.8
39992585,1186,805,0.4666,0.5646,0.0076,0.1493,70402,758,408,74,400,52,381,42,395,69,498,73,481,37,400,63,500,71,480,447,313,609,62,35,99,370,259,499,15,107.406,-0.6884,0.0346,-2.9
39993350,707,489,0.2422,0.6853,0.0327,0.1308,67775,538,314,29,299,25,284,21,289,28,358,24,355,14,287,24,335,30,326,330,241,442,33,20,51,284,208,378,13,131.289,-0.7599,0.0397,-1.9
39994265,3415,2321,0.3167,0.6717,0.0078,0.1489,55142,2028,960,144,1074,116,866,105,876,182,1232,162,1209,97,956,155,1176,177,1124,1036,783,1345,164,103,245,833,633,1075,39,472.998,-0.6458,0.038,-1.4
40191775,22480,17302,0.1629,0.6183,0.1841,0.1071,67703,12376,5678,1562,5269,1436,4620,1289,4735,1860,5804,1789,5741,1034,4415,1705,5858,1757,5644,6385,5164,7738,1715,1243,2245,4431,3584,5385,239,182.928,-0.4253,0.0375,-14.8
40192025,9188,6162,0.0892,0.7094,0.1365,0.116,70221,5490,2595,621,2910,587,2321,499,2374,734,3206,721,3173,459,2410,722,3292,763,3179,2977,2285,3797,692,452,984,2192,1684,2792,94,72.389,-0.5038,0.0314,-20.7
40192135,2866,2264,0.1063,0.7034,0.1591,0.1063,59184,1712,868,267,898,251,835,232,841,292,1079,279,1069,191,906,283,1206,292,1169,978,716,1308,229,145,338,711,520,953,38,200.72,-0.49370000000000003,0.0386,-2.4
40192660,2528,1977,0.0174,0.6812,0.206,0.0876,55172,2167,1007,337,798,251,681,232,697,322,900,301,900,160,744,277,994,284,972,1148,841,1519,274,175,401,828,601,1100,45,135.111,-0.4827,0.0396,-4.1
40192925,4985,3864,0.0902,0.7151,0.1143,0.1203,62020,2968,1326,273,1383,244,1137,220,1149,350,1523,342,1502,229,1183,350,1632,373,1574,1568,1178,2033,345,221,502,1162,874,1502,61,50.681,-0.5206,0.0391,-16.1
40193040,2326,1731,0.08,0.837,0.0472,0.1456,66150,1570,790,127,853,101,727,93,734,158,975,153,959,94,758,150,1044,160,1011,893,693,1124,156,104,219,704,546,885,34,126.411,-0.6133,0.038,-4.3
40193148,2306,1386,0.1652,0.6675,0.1382,0.1074,65544,1224,518,150,572,146,514,129,525,182,683,170,675,103,509,173,752,173,729,596,435,798,141,87,214,433,316,578,22,64.765,-0.4904,0.0366,-4.5
40193840,5535,4381,0.1322,0.6982,0.1145,0.1579,87789,4043,2029,597,1991,595,1760,540,1807,730,2363,699,2347,424,1826,668,2434,687,2367,2284,1708,2970,634,411,908,1566,1161,2040,85,105.564,-0.408,0.0372,-8.8
40391765,4651,3905,0.0149,0.8582,0.0892,0.1087,64765,3790,2080,284,1762,241,1791,221,1797,320,2355,331,2303,178,1941,278,2489,281,2446,2295,1745,2931,327,216,464,1906,1447,2427,62,262.941,-0.688,0.027,-6
40392580,2243,1812,0.0136,0.8649,0.0446,0.0692,56024,1693,908,129,935,124,834,112,844,157,1124,153,1116,96,898,139,1159,137,1137,990,700,1350,150,86,237,818,580,1112,23,168.876,-0.675,0.0228,-4
40393045,3000,2514,0.0148,0.8909,0.0576,0.1066,62221,2225,1001,201,1295,131,831,124,836,192,1305,204,1259,111,916,173,1324,194,1281,1135,877,1430,186,121,265,912,704,1151,37,144.811,-0.6398,0.0323,-5
40590455,2432,1982,0.0062,0.9508,0.0181,0.0788,66343,1482,778,113,1098,98,933,86,945,128,1280,130,1212,86,955,123,1252,124,1222,868,654,1119,114,72,168,725,547,932,29,291.594,-0.7029,0.0339,-2.1
40593415,5486,4042,0.0304,0.6355,0.3224,0.0825,41116,3835,1770,797,1524,636,1333,598,1351,852,1727,798,1686,460,1333,686,1665,684,1612,1932,1547,2376,723,533,944,1129,893,1394,80,300.704,-0.2098,0.0415,-1.3
40790775,4989,4376,0.0505,0.7724,0.13,0.0961,64981,4104,2077,455,1732,421,1645,346,1718,547,2163,510,2088,338,1720,464,2135,496,2060,2298,1708,3003,516,324,763,1686,1254,2205,96,104.051,-0.5094,0.0416,-11.2
40793080,5340,4424,0.051,0.8225,0.098,0.1333,56646,4308,2371,609,1904,541,1807,457,1883,676,2375,676,2301,482,2052,647,2669,687,2584,2612,1996,3337,659,435,943,1862,1422,2376,90,167.538,-0.4606,0.0345,-7.2
40793555,17073,12177,0.162,0.7455,0.0754,0.0712,70859,10886,4650,974,4423,823,4046,726,4121,1114,5623,1082,5419,720,4110,1064,5720,1155,5474,5333,4224,6629,1042,709,1455,4085,3247,5059,207,356.322,-0.5705,0.0387,-8.5
40990125,18987,13401,0.3436,0.6134,0.0161,0.1341,79201,11644,4936,1409,4123,1303,3524,1115,3698,1809,5105,1717,4967,1198,3760,1698,5350,1844,5027,5501,4276,6921,1680,1170,2300,3614,2802,4553,207,33.846,-0.3515,0.0376,-57.1
40992470,7648,5911,0.6369,0.3571,0.0029,0.0881,48677,5386,1814,1534,1052,1131,959,1017,1065,1400,1566,1347,1451,759,1004,1224,1642,1317,1455,2061,1563,2660,1006,705,1380,977,720,1280,78,163.143,0.014,0.0377,0.2
40993103,22919,14908,0.4336,0.4984,0.0257,0.1498,80100,13326,6067,2087,4911,1942,4238,1584,4549,2654,5880,2458,5917,1810,4322,2538,6056,2722,5700,6856,5419,8488,2422,1750,3216,4131,3241,5151,303,93.605,-0.2492,0.0442,-18.3
40993580,14392,10997,0.706,0.26,0.0281,0.0745,66641,9193,3661,2019,2255,1785,2009,1577,2192,2292,3087,2198,2978,1350,2255,1883,3273,1982,3006,4097,3199,5153,1835,1317,2465,2111,1623,2684,151,241.814,-0.0674,0.0368,-1.1
40993815,4809,3475,0.7194,0.2713,0.0112,0.0852,75175,3254,1207,821,688,615,604,549,669,833,877,774,861,526,688,683,1016,713,929,1357,1027,1741,659,459,897,649,474,857,50,175.538,0.007,0.0365,0.1
41193231,1259,1016,0.1631,0.7512,0.0049,0.1662,73162,890,548,73,531,60,491,52,500,82,620,78,601,57,529,67,715,82,694,600,446,785,74,45,112,506,377,663,20,382.343,-0.7198,0.0329,-1.1
41193439,4471,3235,0.2288,0.6973,0.0408,0.1521,57095,2636,1533,220,1494,187,1320,159,1335,205,1688,192,1617,143,1418,209,1697,251,1620,1632,1295,2008,235,159,328,1334,1062,1635,63,756.174,-0.6733,0.0387,-1.5
41391185,1280,843,0.5676,0.3908,0.0068,0.1477,80039,827,460,115,372,114,337,100,353,125,432,110,427,76,338,110,429,118,412,507,389,645,128,86,182,357,273,455,21,730.044,-0.4518,0.0423,-0.3
41391190,1171,945,0.4132,0.5371,0.0077,0.1585,91085,806,496,93,448,95,398,87,405,86,508,81,500,83,496,82,477,87,460,546,414,706,111,72,162,413,312,535,22,580.631,-0.5524,0.0395,-0.5
41591339,1334,829,0.3198,0.6403,0.0039,0.1642,83891,911,530,62,553,56,489,48,489,56,637,61,623,38,514,77,643,78,633,553,426,703,70,45,102,462,355,587,21,320.544,-0.7088,0.0386,-1.2
41591795,793,561,0.2362,0.7206,0.0119,0.2047,80435,523,295,41,305,44,253,41,256,51,322,46,315,46,271,54,351,62,328,328,232,440,61,36,95,254,181,342,13,129.456,-0.5869,0.0381,-1.5
41593605,14805,10579,0.3808,0.5418,0.042,0.1017,73219,7429,3223,630,3552,542,2963,488,3005,711,4025,698,3932,396,2822,603,3951,672,3722,3553,2813,4387,596,408,826,2827,2240,3491,130,457.544,-0.6279,0.0366,-4.9
41790030,2705,2209,0.151,0.8033,0.0027,0.2577,73058,2042,976,95,1230,96,1049,79,1061,121,1313,106,1304,72,1017,129,1389,155,1349,1077,847,1341,114,74,164,922,727,1143,41,798.048,-0.7498,0.0381,-1
41792640,400,298,0.0284,0.9685,0,0.287,77578,277,61,8,148,7,125,8,129,9,171,9,171,9,131,17,176,18,171,84,58,115,8,5,13,72,51,99,4,117.5,-0.7641,0.0431,-0.5
41990020,2694,2164,0.0603,0.8501,0.0458,0.106,51638,1972,934,123,1000,122,834,104,848,158,1113,161,1105,97,819,153,1144,163,1120,1045,790,1346,179,114,262,833,633,1073,33,148.663,-0.6254,0.0312,-4.4
41990670,10307,5877,0.1646,0.579,0.205,0.1203,42455,5748,2333,784,2394,715,2024,651,2069,979,2627,933,2617,507,1837,777,2582,778,2530,2634,2077,3285,783,554,1061,1768,1395,2196,83,144.182,-0.3737,0.0315,-6.8
41993550,2810,2229,0,0.8237,0.1638,0.1338,81319,1968,1056,309,1052,223,908,206,921,320,1235,318,1211,163,964,252,1273,257,1257,1140,879,1446,244,163,344,857,661,1088,38,239.854,-0.5377,0.0334,-2.6
41993860,4819,3900,0.1519,0.6548,0.1562,0.1028,48777,3280,1401,283,1610,246,1267,220,1294,329,1751,335,1715,156,1272,309,1857,306,1836,1604,1182,2097,302,194,441,1254,920,1646,48,150.983,-0.5939,0.0296,-6.3
41993925,3392,2589,0.0784,0.6747,0.173,0.108,44570,2418,1042,258,1123,214,975,184,1000,281,1249,275,1220,121,953,251,1307,251,1279,1181,901,1515,237,155,340,905,690,1157,39,150.934,-0.5655,0.0327,-4.4
42193759,2186,1120,0.3168,0.684,0,0.1891,51919,1021,523,82,600,75,521,65,530,75,664,72,667,27,504,59,624,71,600,608,478,760,79,52,111,502,396,625,27,380.771,-0.6974,0.0439,-1.1
42193883,596,379,0.2959,0.7016,0,0.2227,71232,173,91,13,207,12,171,9,171,16,221,16,221,8,161,11,193,11,191,105,78,137,9,5,14,91,68,119,4,542.253,-0.7908,0.042,-0.2
42390515,37207,29058,0.075,0.7703,0.1297,0.2719,98228,28161,16136,2626,13059,2826,12076,2349,12432,3844,15580,3635,15704,2684,13541,4328,17657,4526,17184,18140,14569,22056,4408,3169,5862,13038,10442,15843,695,102.131,-0.4757,0.0383,-84.5
42392210,25121,19042,0.0457,0.8743,0.0435,0.1777,91759,19230,10762,1297,8994,1437,8460,1213,8639,1835,10827,1726,10872,1314,9510,2063,12556,2204,12203,12150,9709,14927,2244,1541,3073,9498,7614,11633,408,209.449,-0.5971,0.0336,-34.6
42393950,10068,7798,0.0721,0.7948,0.1048,0.157,75545,7440,3638,667,3359,667,3017,603,3071,942,3953,918,3930,539,3091,835,4239,887,4101,4233,3251,5357,919,614,1301,3164,2427,4004,150,117.589,-0.5303,0.0355,-19.1
42393970,103449,71626,0.2112,0.4867,0.2733,0.147,65961,57471,24655,13125,16764,13346,15308,12150,16197,16545,19496,15940,19744,9973,14542,14163,19520,14489,18530,27987,22850,33559,13253,10364,16491,13524,10935,16358,1210,167.101,-0.0097,0.0432,-1.6
42393975,20901,16132,0.156,0.6771,0.1355,0.1455,74953,14041,6805,2065,5455,2165,4754,1941,4931,2721,6272,2634,6306,1764,5076,2722,6505,2800,6271,7661,6112,9388,2591,1887,3406,4772,3780,5876,298,148.867,-0.2848,0.0389,-14.7
42394205,30858,23625,0.0655,0.7895,0.1017,0.2645,101983,22201,11574,1993,9609,2273,8695,1928,8958,3146,10994,2951,11085,2115,9260,3370,12175,3489,11792,13260,10556,16254,3434,2443,4599,9332,7421,11422,494,73.009,-0.4448,0.0373,-80.8
42394260,5875,4424,0.103,0.7045,0.1514,0.1227,61261,4060,1929,526,1690,467,1450,440,1480,583,1958,581,1933,374,1589,560,2210,576,2125,2228,1741,2781,584,404,799,1558,1214,1951,86,131.575,-0.4373,0.0387,-7.4
42591535,9205,7072,0.1188,0.8377,0.0083,0.2256,81210,6836,3789,540,3206,633,3032,499,3142,768,4105,712,4103,553,3430,751,4493,859,4298,4285,3360,5356,801,534,1122,3300,2590,4110,184,191.864,-0.5833,0.043,-13
42792090,11788,6398,0.9578,0.0265,0.0111,0.0872,46551,4464,1268,1566,333,1103,305,979,401,1482,1434,1297,967,858,656,1090,1735,1102,1246,1588,1215,2014,809,569,1089,717,522,947,63,192.566,0.0579,0.0398,0.5
42793239,33997,17482,0.9472,0.0468,0.0029,0.0873,43645,18821,6927,4686,1334,3592,1296,3068,1672,4399,4096,4021,3137,3263,2623,3578,4986,3629,3827,7983,6357,9833,4052,2970,5299,3467,2610,4459,464,725.635,0.0733,0.0581,0.8
42793315,20135,9334,0.9753,0.0244,0,0.1151,29240,10539,3834,3037,557,3551,834,2895,1137,3218,2693,2821,1721,2334,1181,2194,2767,2014,2008,4343,3326,5523,2451,1754,3269,1689,1209,2246,203,310.903,0.1755,0.0467,2.5
42990420,7888,6121,0.1999,0.739,0.0314,0.1074,61177,4470,2162,292,2442,270,2097,242,2113,334,2732,316,2671,177,1995,317,2705,371,2577,2412,1884,3020,323,211,463,2013,1577,2511,76,460.665,-0.7007,0.0315,-3.7
42990425,1213,950,0.1405,0.7858,0.04,0.1356,61649,805,439,56,592,54,530,49,536,63,653,58,641,40,516,67,663,79,639,476,361,613,60,37,90,402,305,514,15,460.824,-0.7177,0.0305,-0.7
43193745,1372,863,0.2885,0.7068,0,0.1481,64954,819,430,70,549,44,442,39,445,51,584,47,567,20,423,43,583,56,553,499,391,625,45,30,65,432,340,540,21,923.514,-0.7761,0.042,-0.4
43390145,250,187,0.1052,0.8947,0.0068,0.1009,62955,180,107,26,123,23,112,20,113,23,137,24,133,16,110,25,135,28,128,117,89,150,22,14,32,91,70,117,4,485.603,-0.5963,0.0348,-0.1
43390150,995,720,0.1366,0.8579,0.0038,0.1064,64134,735,436,109,432,89,385,76,390,93,478,98,453,54,382,83,468,90,452,473,369,593,90,60,127,366,286,458,18,434.64,-0.5832,0.038,-0.6
43593615,3045,2106,0.5809,0.3826,0.0033,0.1411,91210,2016,1010,285,961,239,833,224,837,291,1094,276,1078,161,865,206,1041,217,1007,1124,878,1410,265,180,369,812,632,1019,47,182.235,-0.4871,0.0415,-3
43593620,327,224,0.5029,0.4567,0.0046,0.1665,98816,233,124,28,114,26,101,24,102,31,128,29,126,17,105,22,126,22,122,136,104,174,30,20,43,100,76,129,6,1272.193,-0.5169,0.0426,-0.1
43791700,732,485,0.1077,0.8675,0.002,0.1235,47178,445,218,39,291,41,214,34,222,40,305,38,297,24,234,42,335,49,319,270,190,371,45,26,71,211,149,291,14,220.984,-0.6166,0.0505,-0.8
43792060,1118,778,0.5406,0.4325,0.015,0.0863,51492,650,279,101,275,85,244,78,250,88,325,87,316,43,251,81,316,90,303,313,237,404,71,46,102,227,172,293,15,316.104,-0.4974,0.0472,-0.5
43793955,5121,3888,0.4308,0.4339,0.113,0.1274,39716,2575,1098,323,1105,294,1003,256,1019,349,1215,339,1183,171,914,280,1190,301,1122,1222,950,1534,304,208,421,863,671,1087,56,363.604,-0.4575,0.0458,-1.5
43990135,555122,366143,0.2134,0.4421,0.251,0.2243,92975,311146,146447,84819,82932,90088,73032,79230,81560,117773,94427,110701,97144,78354,67662,107170,93961,111719,87530,163846,136066,194035,93779,75432,114127,62503,50922,75612,7565,181.698,0.1909,0.0462,172.1
43991380,938512,631990,0.2667,0.4706,0.2047,0.1761,83245,534831,231880,128748,120273,136407,107997,122097,119151,178786,150256,166952,155144,119707,110000,167979,165058,175051,152990,266527,221757,315666,147102,118539,178686,106045,86950,127660,13381,505.174,0.154,0.0502,81.3
43992805,617006,426014,0.1586,0.6569,0.0876,0.2822,120665,386327,207793,74825,142716,87002,128160,72487,139693,115007,165058,104755,170829,81363,125937,109352,167607,114973,159407,228868,190295,271458,101672,80102,125596,114921,94416,137924,12275,216.939,-0.0579,0.0536,-61.1
44190010,128207,94413,0.2281,0.657,0.0756,0.1797,72964,72456,32796,9382,28053,9771,24939,8280,26178,13609,32761,12186,33146,8214,24301,12573,33403,13281,31988,37320,30483,44981,12129,9161,15580,23449,19132,28268,1742,190.66,-0.3033,0.0467,-59.4
44191945,9421,6973,0.0912,0.8591,0.0182,0.2161,103790,7804,4486,410,3433,453,3325,354,3410,627,4599,565,4588,450,4038,707,5488,781,5337,5138,4038,6404,809,551,1136,4153,3274,5174,176,457.563,-0.6508,0.0343,-7.3
44192535,5580,4103,0.1245,0.8179,0.0223,0.1185,75011,3862,1854,293,1764,266,1548,246,1564,352,2187,324,2153,214,1635,344,2307,418,2183,2118,1598,2746,382,240,566,1651,1247,2134,85,271.082,-0.5995,0.04,-4.7
44391140,75,73,0.0494,1.0639,0,0.1925,44886,37,21,6,18,7,23,7,23,10,33,10,28,5,36,10,33,10,34,28,21,36,6,4,8,21,16,26,1,1758.067,-0.5349,0.0424,-0
44394175,685,617,0.4559,0.5308,0,0.1925,44886,521,381,134,269,131,300,129,293,109,301,106,296,89,290,81,281,82,267,386,301,483,115,80,157,254,197,318,17,599.991,-0.3599,0.045,-0.2
44590470,10912,7119,0.4915,0.4342,0.0384,0.0692,50373,5469,2333,686,2209,559,1971,494,2013,677,2536,633,2467,334,1944,526,2531,547,2396,2565,2003,3209,603,411,836,1852,1445,2317,110,633.689,-0.4872,0.0428,-2
44592495,919,466,0.6386,0.3435,0.0063,0.0926,65037,511,222,67,250,70,198,58,208,80,276,81,264,43,223,61,284,62,267,255,182,342,60,36,89,183,130,246,12,257.252,-0.4834,0.0483,-0.5
44793910,1052,871,0.0931,0.8713,0,0.1226,59556,762,456,58,546,49,481,43,483,55,599,46,591,36,452,43,595,49,580,476,370,600,44,29,64,414,322,521,17,757.583,-0.7771,0.0367,-0.5
44794280,388,384,0.0259,0.9142,0,0.1927,73059,327,156,26,169,28,136,20,142,27,207,30,197,15,160,30,228,31,221,187,132,257,29,16,47,150,106,205,8,157.898,-0.6489,0.0414,-0.8
44990830,5463,3785,0.1715,0.7276,0.0852,0.1091,78825,2977,1388,354,1555,300,1358,261,1384,377,1777,381,1728,202,1417,315,1887,344,1827,1557,1215,1959,310,212,435,1187,924,1497,60,107.485,-0.5637,0.0383,-8.2
44992665,21171,12129,0.3258,0.4931,0.1647,0.1056,57208,11547,4508,1929,3633,1705,3186,1528,3316,2130,4253,2034,4198,1134,3091,1678,4355,1736,4152,5126,4111,6284,1876,1387,2460,3067,2435,3809,183,115.572,-0.2323,0.0358,-10.3
44993825,2106,1295,0.1196,0.8597,0.0384,0.097,51336,1112,485,143,623,126,518,109,524,164,694,160,673,97,508,141,744,151,717,544,420,684,116,77,163,408,317,512,20,123.708,-0.5379,0.037,-2.4
44994235,2507,1550,0.2715,0.6651,0.0109,0.1843,69789,1306,636,171,701,134,623,119,636,185,846,174,827,102,685,142,876,155,849,693,536,875,137,91,196,527,408,662,29,78.878,-0.5617,0.0418,-4.9
45191145,5653,3855,0.2114,0.7704,0.0091,0.2264,94173,3839,2181,227,2170,274,1990,236,2015,304,2534,287,2516,204,2067,307,2713,340,2639,2374,1843,3001,363,243,513,1944,1510,2461,67,656.028,-0.6662,0.0282,-2.4
45193405,82953,60720,0.4203,0.504,0.0427,0.1409,66448,42354,17543,6973,15343,7167,13322,6232,14156,8898,17822,8313,17819,5340,12115,8225,17507,8723,16341,19742,16082,23829,7259,5442,9351,11574,9358,14070,910,59.432,-0.2186,0.0461,-72.6
45194180,31397,23258,0.2208,0.7319,0.0286,0.224,84071,21945,11851,1972,9982,2249,9336,1905,9621,2983,11901,2729,11939,1972,9691,3053,13179,3269,12707,13265,10600,16264,3175,2260,4268,9530,7639,11644,561,825.104,-0.4791,0.0423,-7.7
45390165,912409,663167,0.2773,0.5551,0.0832,0.3429,105363,568969,316682,241486,70993,279995,65323,251356,84082,327928,87029,308479,97615,254213,62336,295236,92681,301309,83459,344630,285984,408492,269142,220638,322767,59097,46517,73185,16391,473.695,0.6095,0.0476,443.4
45392807,169422,120893,0.3156,0.3975,0.1749,0.2859,111522,100236,46497,25443,13935,31035,13212,28002,15460,44997,20751,42496,21111,32854,13914,43901,23126,44726,20842,53123,43874,63419,36745,29700,44642,13674,10788,16895,2705,143.697,0.4343,0.0509,160.6
45392857,123306,90999,0.127,0.7109,0.0348,0.3941,162089,86855,52260,26130,23672,29869,22136,25358,25456,38771,28996,35534,31154,29792,22993,36389,29135,37189,27981,57474,47278,68706,34242,27248,41955,20170,16094,24720,3062,224.251,0.2448,0.0533,62.7
45393688,85051,61622,0.1119,0.7825,0.0271,0.4207,156527,64004,39589,15201,18609,18873,18607,15834,20912,24164,24561,22019,25980,18951,20334,23441,25839,23974,24916,43795,35958,52466,23172,18205,28651,18303,14591,22364,2320,183.384,0.1112,0.053,26.6
45590120,2422,1911,0.0384,0.8807,0.0656,0.1253,60095,1811,949,207,1023,186,863,161,889,230,1006,219,985,145,871,212,1089,232,1046,1035,811,1284,210,143,292,787,616,978,37,318.426,-0.5573,0.0362,-1.8
45591530,1695,1435,0.0818,0.7428,0.1422,0.1136,62689,1201,586,147,625,123,559,102,578,184,777,173,766,103,628,158,841,172,812,620,485,777,126,86,176,469,367,588,24,154.332,-0.5533,0.0392,-2.2
45591655,3627,2730,0.0541,0.8833,0.0422,0.1598,51982,2881,1308,261,1168,220,1039,182,1075,294,1448,281,1403,187,1170,285,1618,306,1566,1501,1189,1872,305,209,425,1137,901,1414,59,207.667,-0.5543,0.0391,-4
45593945,5858,4921,0.0911,0.7839,0.1088,0.0936,51470,5275,2201,526,1882,469,1685,390,1750,615,2347,584,2291,390,1797,537,2572,583,2473,2547,1988,3198,553,378,774,1887,1474,2374,107,33.548,-0.5235,0.0421,-39.7
45790785,2709,2197,0.0111,0.9376,0.0237,0.0979,52436,2364,1344,141,1252,130,1116,98,1147,165,1514,170,1465,131,1052,149,1592,168,1547,1489,1134,1901,200,126,295,1230,941,1566,58,286.362,-0.692,0.0388,-3.6
45793710,4672,3755,0.0315,0.9239,0.0254,0.0623,58708,2944,1363,221,1723,194,1531,153,1565,225,2165,226,2109,212,1578,214,2210,242,2140,1585,1222,2003,217,142,315,1302,1006,1640,66,262.863,-0.6843,0.0418,-4.1
45794075,3071,1915,0.0662,0.9147,0.0037,0.173,57305,2152,1112,150,1198,156,1046,130,1062,190,1524,193,1479,141,1059,172,1548,176,1512,1243,945,1597,184,116,272,1005,764,1288,54,152.456,-0.6601,0.0437,-5.4
45794285,9346,8177,0.0873,0.6688,0.2142,0.0763,61815,5802,2902,736,2451,705,2226,594,2307,824,2991,810,2862,332,2655,716,2977,758,2839,3185,2533,3916,686,475,934,2380,1900,2922,120,233.943,-0.5318,0.0376,-7.2
45990280,3750,3035,0.0776,0.8209,0.0606,0.1198,66350,2637,1307,288,1180,271,1056,249,1072,319,1437,309,1425,214,1129,291,1594,301,1553,1462,1147,1810,302,205,421,1102,866,1365,59,141.71,-0.5472,0.0403,-5.6
45990295,5619,3950,0.0544,0.8547,0.0858,0.0969,62745,4027,1910,300,1965,319,1653,286,1672,382,2274,380,2218,230,1767,364,2431,386,2380,2205,1700,2787,363,234,526,1751,1360,2208,91,108.071,-0.6298,0.0414,-12.8
45991515,13312,10170,0.078,0.7939,0.0911,0.1217,55778,9518,4471,815,4278,794,3809,739,3845,1002,5261,969,5142,617,3898,963,5386,1017,5219,5195,4128,6409,974,664,1349,4034,3217,4980,187,131.89,-0.589,0.0359,-23.2
45991525,9349,7120,0.0575,0.8619,0.0382,0.126,70108,6161,3035,430,3020,452,2641,414,2656,537,3432,522,3352,371,2752,599,3764,643,3656,3386,2631,4258,570,378,803,2692,2093,3380,124,69.328,-0.6269,0.0366,-30.6
45992920,8862,7108,0.0629,0.8193,0.0837,0.1442,75071,6165,3039,548,2766,527,2370,489,2393,637,3405,624,3332,423,2724,602,3764,648,3643,3501,2700,4420,649,423,922,2726,2105,3443,126,141.586,-0.5932,0.0359,-14.7
46192345,2219,1356,0.5944,0.3606,0.0221,0.0268,38078,1255,631,206,588,121,499,107,498,120,678,110,665,97,505,106,645,118,590,691,532,873,122,81,176,535,411,675,34,412.495,-0.5968,0.0491,-1
46193195,1089,955,0.3675,0.6105,0.0136,0.1192,71038,710,406,80,419,48,355,41,362,49,492,49,474,26,402,40,504,46,479,436,325,567,48,29,74,367,275,474,21,829.007,-0.7305,0.0487,-0.4
46393375,2614,1514,0.33,0.6445,0.0104,0.1477,55819,2278,1141,371,1112,344,1062,285,1122,365,1304,341,1290,257,1054,316,1313,344,1260,1284,977,1645,322,204,467,909,694,1161,53,424.746,-0.4571,0.0415,-1.4
46393980,21950,15569,0.6875,0.283,0.0041,0.1215,54996,14348,6596,3496,3723,3184,3286,2785,3633,3708,4870,3480,4678,2791,3725,2902,5169,3149,4588,7233,5795,8867,3302,2481,4263,3601,2835,4494,330,1133.888,-0.0413,0.0457,-0.3
46590995,46968,29431,0.7698,0.1925,0.0158,0.1322,67789,26837,9071,6860,5518,5892,5062,5187,5696,6708,7946,6368,7768,3763,5421,5221,8776,5712,7696,10274,8315,12545,4788,3581,6185,5025,3956,6271,461,214.956,-0.0231,0.0449,-1.1
46591000,228,173,0.2259,0.8504,8e-4,0.1381,63181,112,60,26,118,24,103,17,113,23,124,21,124,19,38,23,144,27,139,66,48,87,19,12,28,43,31,58,3,1421,-0.3609,0.0488,-0
46591005,390,317,0.0706,0.8938,0,0.1749,66875,297,219,34,220,39,180,37,185,39,214,41,210,32,70,38,243,43,236,192,139,256,60,38,89,123,89,165,8,1596.714,-0.3295,0.0435,-0
46790270,8209,7031,0.0684,0.8547,0.0563,0.1113,76943,5507,2878,461,2821,412,2352,351,2401,594,3270,574,3234,430,2655,575,3575,623,3477,3249,2450,4182,562,356,834,2516,1908,3232,170,142.861,-0.6014,0.0523,-13.7
46790620,13370,10268,0.0412,0.8962,0.0214,0.1297,71720,9176,4634,682,4695,648,3802,519,3908,751,5134,717,5079,500,4051,717,5604,820,5433,5244,4081,6594,788,524,1124,4207,3274,5293,249,129.465,-0.6518,0.0475,-26.4
46790654,7113,5884,0.1132,0.8649,0.0095,0.1246,61009,4167,2230,346,2629,321,2219,242,2295,360,3039,357,2997,255,2501,353,3424,394,3335,2523,1935,3219,338,215,495,2072,1591,2638,112,155.321,-0.6877,0.0445,-11.2
46791165,5112,4183,0.0587,0.8858,0.0211,0.1271,87650,3464,1710,344,1661,294,1318,246,1358,302,2028,282,2004,209,1582,301,2254,334,2189,1969,1485,2561,346,221,509,1521,1148,1970,102,69.726,-0.5965,0.0519,-16.8
46791620,8637,6425,0.049,0.9094,0.0114,0.0961,59976,5741,2767,347,2472,351,2046,291,2101,456,3129,431,3098,288,2375,461,3295,514,3192,3115,2357,4043,463,290,686,2532,1916,3290,120,129.391,-0.6644,0.0386,-16
46794000,6175,4565,0.1085,0.8574,0.0106,0.193,69583,4075,2059,286,1670,267,1329,220,1379,309,2391,284,2383,227,1875,344,2627,382,2554,2286,1753,2930,367,239,531,1812,1396,2313,108,82.97,-0.6322,0.0471,-17.4
46794225,10925,8190,0.1387,0.797,0.043,0.1385,79150,7065,3215,333,2525,340,2118,280,2167,745,3279,728,3215,505,2658,699,3573,771,3446,3715,2834,4778,731,472,1061,2765,2116,3541,219,149.883,-0.5476,0.0588,-13.6
46994035,74374,52620,0.4439,0.4662,0.0621,0.1456,71049,43370,19246,7400,15945,6859,14243,6177,14755,8824,17340,8336,17238,5545,13652,8512,18634,8657,17824,21647,17613,26081,7870,5977,10020,12911,10471,15574,866,350.868,-0.2329,0.04,-14.4
46994040,6050,4097,0.417,0.4845,0.0924,0.0793,78771,3998,1555,726,1384,496,1197,463,1214,660,1650,621,1586,333,1253,591,1823,598,1741,1783,1399,2216,510,357,690,1211,948,1515,62,220.072,-0.3937,0.0346,-3.2
46994045,10895,8336,0.2896,0.6683,0.0277,0.115,92073,7944,4217,740,3946,691,3565,604,3630,896,4368,877,4320,574,3613,894,4553,922,4437,4656,3597,5934,973,640,1388,3539,2732,4499,143,317.895,-0.5511,0.0307,-8.1
47191860,52387,44848,0.1744,0.5688,0.21,0.1474,53621,24077,10843,4555,7569,4698,6761,4075,7249,5911,8892,5553,9032,3620,7117,5647,10488,5772,10060,12612,10203,15336,5168,3890,6629,6867,5517,8425,577,405.995,-0.1346,0.0458,-4.2
47192755,7162,6195,0.1074,0.7019,0.1387,0.1602,55635,4960,2544,644,2204,611,2005,511,2078,777,2662,738,2644,498,2190,732,2927,778,2822,2947,2263,3774,783,532,1094,2058,1573,2649,106,137.118,-0.4327,0.036,-9.3
47193255,16851,14395,0.2098,0.5409,0.1965,0.101,65891,8112,3715,891,3111,877,2770,745,2872,1196,3820,1123,3805,743,3002,1083,4100,1178,3893,4401,3403,5596,1170,809,1622,3051,2344,3893,181,258.386,-0.4274,0.041,-7.3
47390465,20984,15242,0.3076,0.4819,0.1508,0.2298,100785,15175,5880,1562,3308,1740,3481,1543,3659,2823,5254,2635,5295,2090,4436,4258,7185,4448,6852,7882,6243,9771,3292,2421,4322,4246,3305,5296,344,176.148,-0.1211,0.0437,-5.4
47391770,9216,6199,0.2392,0.4158,0.3227,0.1017,70616,6558,2955,1000,2015,964,1930,886,2006,1392,2522,1286,2508,761,2037,1199,2785,1257,2654,3284,2560,4109,1281,897,1737,1872,1445,2365,131,152.877,-0.1797,0.04,-3.9
47393137,26594,20429,0.1536,0.4259,0.3815,0.2182,81809,17203,6704,3186,5209,3631,4756,3362,4974,3949,6457,3780,6386,2249,4908,4726,7107,4727,6878,8033,6413,9875,3168,2378,4062,4529,3570,5628,336,188.838,-0.1695,0.0419,-7.2
47590205,411,237,0.5558,0.4377,0,0.0841,61673,299,95,73,102,85,87,80,94,72,115,67,108,35,79,72,129,77,115,119,89,158,49,32,70,66,48,87,5,390.009,-0.1443,0.0434,-0
47591615,477,316,0.439,0.5045,1e-4,0.0791,69201,304,132,20,148,15,135,16,134,27,201,23,195,23,113,26,147,31,136,134,93,185,21,12,34,107,75,148,6,116.026,-0.6403,0.0441,-0.7
47592605,10756,6659,0.5077,0.4226,0.0511,0.0887,69978,5871,2245,690,2297,700,1874,594,1973,665,2926,635,2835,361,1873,530,2840,603,2680,2518,1981,3165,528,364,733,1886,1485,2375,104,329.808,-0.5394,0.0413,-4.1
47790435,23656,17875,0.1514,0.6346,0.1644,0.2285,75771,15103,8159,2293,6243,2204,5755,1848,6021,2871,7359,2707,7407,1884,6073,2718,7931,2854,7629,9124,7362,11139,2893,2141,3782,5815,4683,7098,417,100.632,-0.3202,0.0457,-29
47790550,3290,2633,0.1062,0.815,0.0582,0.1586,91726,2774,1679,226,1461,251,1337,198,1377,317,1703,308,1691,229,1462,335,1795,354,1748,1859,1428,2379,369,243,533,1410,1083,1800,79,175.299,-0.5598,0.0428,-5.9
47791490,3666,2859,0.0919,0.8114,0.0268,0.2097,101014,2707,1641,270,1468,266,1352,220,1386,359,1727,330,1721,218,1481,332,1869,347,1825,1787,1388,2237,353,238,495,1354,1051,1702,80,143.324,-0.5604,0.0446,-7
47794080,5193,5720,0.1131,0.652,0.2016,0.1582,90977,4069,2339,592,1774,543,1689,464,1748,713,2170,673,2169,493,1949,674,2425,685,2384,2640,2032,3361,700,467,992,1821,1397,2328,118,202.496,-0.4249,0.0448,-5.5
47992145,148763,76688,0.9255,0.0606,0.0074,0.1422,58605,80970,26274,26132,7762,21199,8179,19350,9641,25204,14435,24489,12938,16046,9225,18490,16878,19200,14383,29582,24299,35534,18158,14194,22661,9968,7499,12767,1457,33.677,0.2769,0.0493,243.2
47992146,40180,24312,0.9087,0.0712,0.0086,0.2464,101568,24081,8838,6275,3000,5752,3036,5099,3593,7435,5855,7241,5615,4976,3873,6182,7917,6735,6909,10372,8264,12741,5719,4262,7408,4217,3151,5443,435,2235.629,0.1448,0.042,0.7
47992147,78171,41493,0.956,0.0362,0.0016,0.101,65282,39112,10300,9900,2185,8208,2599,7606,3053,9203,5615,9115,4606,6135,3311,7325,8602,7859,6843,12133,9897,14671,7215,5538,9133,4189,3088,5445,729,1106.285,0.2495,0.0601,2.7
48190368,3767,2576,0.3492,0.5214,0.0895,0.1624,72934,2367,1077,373,919,323,811,276,852,392,1103,385,1091,238,750,323,1039,351,992,1205,856,1631,366,223,548,806,567,1100,33,135.231,-0.3654,0.0277,-3.3
48191112,5678,3791,0.2094,0.5865,0.1619,0.1944,79183,4338,2176,759,1780,672,1625,575,1712,811,2138,780,2098,471,1735,695,2296,707,2240,2418,1785,3177,684,472,947,1651,1193,2205,83,271.265,-0.3997,0.0342,-3.6
48191180,17562,12135,0.407,0.5044,0.0797,0.1271,73833,9661,4384,1342,3892,1154,3447,1013,3552,1502,4582,1433,4556,829,3521,1222,4823,1340,4574,4875,3852,6051,1273,891,1731,3448,2711,4284,154,300.386,-0.4461,0.0316,-7.2
48192305,2309,1905,0.1977,0.7205,0.0457,0.131,81723,1450,852,106,928,110,804,92,819,128,1047,129,1035,73,852,117,1064,138,1035,914,650,1226,132,78,206,758,539,1013,25,289.539,-0.6846,0.0269,-2.2
48194185,12254,8916,0.3476,0.4353,0.1718,0.1657,64272,7552,3493,1658,2630,1533,2406,1376,2536,1860,3056,1786,3052,1087,2496,1552,3217,1615,3074,3834,2947,4863,1478,1038,2004,2228,1690,2854,128,97.949,-0.1954,0.0334,-7.6
48393545,2281,1553,0.1267,0.7981,0.0291,0.121,52159,1453,686,89,981,57,749,56,754,94,982,86,938,51,644,95,955,106,915,770,576,997,79,48,121,663,498,859,28,308.231,-0.7577,0.0361,-1.9
48394190,2709,1771,0.1328,0.8173,0.0106,0.1651,69697,1578,903,105,1106,68,930,70,928,74,1177,79,1141,52,925,74,1138,86,1110,974,736,1246,81,49,122,861,655,1098,32,607.25,-0.8011,0.0331,-1.3
48590525,11635,9080,0.1072,0.8351,0.0189,0.1484,78836,7325,3393,593,3289,630,2761,550,2835,910,3909,866,3784,570,2847,854,3917,909,3754,3789,2837,4950,871,557,1277,2783,2081,3620,135,91.032,-0.5047,0.0356,-21
48591195,3467,2421,0.1171,0.8091,0.0446,0.1338,79302,2208,1079,182,1055,164,913,139,942,229,1251,228,1202,127,974,197,1262,214,1214,1187,916,1504,214,140,306,921,712,1163,52,246.769,-0.5959,0.0442,-2.9
48591880,7586,5838,0.0696,0.9035,1e-4,0.1796,78420,5273,2585,296,2600,313,2187,279,2220,399,3093,393,3020,246,2311,410,3271,456,3164,2875,2141,3785,476,293,711,2304,1717,3029,95,98.873,-0.636,0.033,-18.5
48594215,106662,78245,0.1738,0.6533,0.1233,0.1787,67740,57758,24099,7699,20687,8864,17787,7645,18820,11624,23817,10911,23620,6880,17196,10776,23369,10966,22579,27116,22206,32698,9773,7408,12487,16121,13082,19570,1223,196.187,-0.2341,0.0451,-32.4
48791290,560,444,0.2068,0.6131,0.1254,0.1053,60364,362,177,42,132,38,112,36,116,53,154,47,147,24,111,44,148,46,142,179,135,230,46,30,67,125,94,162,7,278.373,-0.4409,0.0398,-0.3
48791730,413,258,0.3316,0.6051,0.0185,0.1389,45739,230,70,23,71,22,57,19,60,24,89,22,88,14,56,25,85,27,81,79,57,104,22,13,32,54,40,72,3,384.909,-0.4127,0.0359,-0.1
48792240,1149,933,0.199,0.6854,0.0482,0.1421,73376,606,306,46,351,45,287,39,291,62,358,58,352,34,293,57,380,60,370,338,236,466,60,34,96,269,189,370,9,277.604,-0.6188,0.0259,-0.8
48794030,10765,7875,0.2573,0.6144,0.0667,0.1175,58220,6304,2564,698,2612,671,2184,591,2255,817,2923,746,2886,445,2147,734,2954,793,2827,2848,2224,3584,718,489,990,2035,1582,2563,95,37.088,-0.4625,0.0333,-35.5
48992155,1346,1210,0.9556,0.0479,0,0.1685,53241,812,303,305,109,228,94,195,111,263,164,247,140,186,112,239,235,254,200,349,246,475,208,137,296,126,84,180,15,116.791,0.2332,0.042,0.7
48992335,3089,1895,0.8724,0.1282,0,0.1487,58756,1918,623,611,275,477,277,384,359,565,443,531,405,378,310,499,529,555,432,716,542,930,406,285,550,282,200,381,28,77.444,0.1725,0.0394,1.6
48993205,12313,8776,0.8284,0.1167,0.0354,0.088,56018,6022,1903,1839,723,1411,733,1234,937,1632,1210,1558,1072,1156,753,1404,1384,1515,1111,2139,1705,2642,1280,969,1638,760,573,982,100,62.99,0.2428,0.0466,8.2
48993435,1053,653,0.6009,0.3809,1e-4,0.1799,70546,507,237,191,243,253,248,136,274,173,310,172,287,137,235,165,330,170,297,279,208,365,101,69,141,165,119,219,13,472.036,-0.2285,0.0455,-0.1
48993495,2363,1547,0.9269,0.0625,0,0.0844,42318,1279,434,475,199,404,174,308,250,475,314,460,279,280,245,367,379,397,325,477,329,657,271,173,396,185,120,267,22,55.507,0.1812,0.0453,1.6
49190657,163717,119582,0.1944,0.6307,0.0611,0.3286,131134,106657,57723,21755,26777,28157,25237,23868,28525,38698,35905,35907,36610,30266,27642,39498,38702,40498,36335,65478,53702,78340,35662,27903,44273,26113,20898,31976,3703,118.883,0.1458,0.0566,80.3
49191325,20984,16029,0.1406,0.8163,0.0114,0.2641,116093,19712,10878,2126,6177,2578,6042,2096,6455,3399,8389,3124,8404,2864,7761,4333,10566,4435,10209,13342,10611,16475,4532,3275,6033,8121,6427,10058,689,203.908,-0.269,0.0516,-17.6
49191630,3794,2747,0.2719,0.6249,0.0799,0.1129,86125,2510,1384,377,963,426,876,366,924,503,1181,497,1143,337,1027,500,1316,503,1267,1539,1129,2035,509,329,744,945,686,1260,85,129.274,-0.2832,0.0552,-3.4
49191915,16393,13842,0.2837,0.6115,0.0569,0.1772,102050,13554,5259,964,2660,1277,2530,1065,2693,1989,4040,1854,3955,1699,3421,3186,6025,3351,5539,7039,5497,8805,2689,1898,3634,3908,3032,4921,442,112.643,-0.1731,0.0628,-10.8
49193343,315802,235905,0.2057,0.6194,0.0775,0.3197,123145,211388,117752,49177,53702,60433,51935,51475,58886,79058,69363,73484,71426,60659,55977,79288,75360,80769,71475,132822,109359,158775,72908,57445,89890,52721,42486,64228,7193,187.577,0.152,0.0542,107.6
49193845,88327,70314,0.2597,0.586,0.0851,0.2556,121120,62405,30128,10069,13895,12980,13237,11133,14731,18661,19688,17575,19686,14418,15660,20961,23341,21520,21626,35460,28834,42646,18328,14204,22935,15090,12060,18416,2041,379.599,0.0913,0.0576,8.5
49391330,28884,23290,0.4428,0.5207,0.0243,0.1982,100118,21345,10960,3471,7465,3263,7025,2762,7482,4518,9974,4233,9917,3140,7922,4340,11170,4647,10503,12323,9886,15071,4240,3135,5545,7625,6104,9337,457,311.425,-0.2747,0.0371,-10.9
49392160,12860,9880,0.2304,0.7225,0.0091,0.1677,102127,10034,5209,695,3982,738,3651,581,3778,1104,5327,1027,5270,733,4466,1198,6204,1344,5935,6000,4623,7601,1253,823,1765,4531,3505,5733,216,114.887,-0.5464,0.036,-28.5
49393125,3774,2904,0.2973,0.6996,0.0015,0.1338,75720,2405,1248,369,1250,319,1156,256,1211,393,1550,368,1541,231,1261,346,1662,389,1591,1386,982,1879,324,195,497,1019,718,1381,43,168.279,-0.5014,0.0312,-4.1
49393755,4235,3228,0.3424,0.6218,0.0277,0.1347,61625,2946,1425,254,1301,248,1193,201,1232,335,1612,315,1599,213,1303,364,1858,423,1755,1630,1157,2202,330,193,513,1246,882,1685,54,213.819,-0.5616,0.033,-4.3
49592010,6848,3811,0.6145,0.3508,0.0328,0.0806,86524,3147,971,369,1058,278,813,244,837,321,1329,302,1300,161,826,250,1242,266,1174,1106,859,1389,234,159,326,826,644,1036,46,662.058,-0.5353,0.0416,-0.9
49594240,943,754,0.2533,0.7149,0.008,0.1467,93398,655,319,51,345,43,310,40,313,37,424,36,414,16,304,33,404,37,386,352,246,488,47,26,76,294,206,406,11,179.219,-0.7001,0.0323,-1.4
49790060,3194,2315,0.0377,0.9291,0.0082,0.1792,79749,2666,1375,129,1260,149,1068,114,1094,189,1522,178,1497,134,1248,187,1740,221,1688,1601,1138,2190,210,122,332,1319,938,1790,72,80.331,-0.6929,0.045,-13.8
49790395,22289,16979,0.1401,0.8101,0.0204,0.1539,92874,17134,7396,1099,6334,1274,5751,1025,5949,1658,8328,1555,8204,1233,6678,2165,10508,2452,10003,9387,7501,11524,1934,1348,2627,6979,5588,8546,474,164.6,-0.5375,0.0505,-30.7
49790445,23456,17781,0.1347,0.8083,0.021,0.1503,91019,16721,8346,1090,7002,1204,6318,1001,6496,1470,9045,1381,8869,1023,7400,1556,10583,1775,10178,9651,7748,11753,1612,1128,2192,7617,6136,9241,423,374.309,-0.6222,0.0438,-16
49790975,19693,16075,0.1513,0.8209,0.0076,0.1506,98018,15437,7831,1094,6074,1288,5886,1044,6095,1656,8138,1530,8060,1148,6653,1696,9554,1902,9192,9051,7245,11109,1782,1232,2432,6851,5480,8394,418,303.315,-0.5601,0.0462,-16.7
49990025,4757,3975,0.0599,0.89,0.0047,0.1099,74850,3710,2019,236,1752,239,1615,218,1644,326,2253,316,2206,232,1884,357,2439,359,2410,2296,1720,2983,387,240,577,1836,1380,2373,74,72.46,-0.6308,0.0321,-20
49991740,8431,7647,0.0636,0.8261,0.0953,0.1562,65925,6684,3592,617,3221,634,2933,554,3027,828,3811,780,3777,522,3164,855,4008,876,3918,4019,2981,5188,837,528,1232,3026,2249,3906,155,148.177,-0.5448,0.0386,-14.8
49992590,10740,8480,0.0776,0.8705,0.041,0.1425,61178,7839,3907,652,3403,659,2985,569,3100,868,4075,815,4016,567,3307,882,4548,916,4417,4585,3482,5911,969,618,1413,3467,2638,4459,148,87.751,-0.5448,0.0323,-28.5
49993180,12136,10348,0.0706,0.8768,0.0174,0.1283,59441,9701,5282,694,4518,688,4055,604,4173,902,5490,865,5395,627,4631,948,6022,1002,5870,6072,4765,7569,1085,722,1524,4807,3789,5980,180,236.001,-0.6129,0.0296,-15.8
49994255,8779,6430,0.0773,0.8464,0.0243,0.1102,64462,5879,2974,431,2806,415,2399,380,2463,585,3420,542,3363,383,2691,575,3604,604,3514,3406,2561,4424,622,387,921,2675,2017,3453,110,151.33,-0.6029,0.0322,-13.6
50191015,5817,3130,0.6206,0.3711,0.0044,0.1616,108514,3072,1064,300,1240,238,1061,216,1060,311,1523,285,1511,146,957,247,1417,258,1333,1244,966,1557,243,167,336,951,739,1187,50,191.697,-0.5687,0.0405,-3.7
50193055,1877,987,0.3117,0.4898,0.0011,0.1131,79814,1037,489,126,557,97,497,87,498,109,651,102,642,44,470,95,622,99,595,527,399,675,102,65,149,404,306,517,22,608.031,-0.5728,0.0411,-0.5
50391600,12716,9214,0.1636,0.7936,0.0099,0.1701,74608,8646,3752,635,4857,612,4011,530,4048,741,5094,703,5050,485,3938,727,5222,786,5080,4276,3305,5423,675,441,976,3445,2674,4368,156,407.144,-0.6477,0.0365,-6.8
50391935,618,503,0.0127,0.9604,0,0.2007,78177,397,208,17,281,17,248,15,248,23,318,20,306,12,280,23,375,31,364,234,163,324,20,10,33,204,142,281,11,151.558,-0.787,0.0456,-1.2
50392735,976,836,0.0443,0.9329,0,0.1253,69572,619,265,42,383,38,353,34,358,41,473,40,460,17,342,27,464,31,452,320,236,418,31,18,48,276,205,361,13,236.113,-0.7657,0.0408,-1
50392895,3557,2568,0.0977,0.8571,0.0035,0.0929,43906,2290,952,182,1079,154,931,147,926,229,1225,204,1180,116,938,185,1237,214,1193,1092,758,1500,188,104,299,864,602,1184,41,136.043,-0.6191,0.0371,-5
50593455,594,310,0.9839,0,0.0161,0.1039,33375,490,342,168,71,102,60,103,57,155,133,138,92,137,170,150,205,143,169,351,246,488,170,107,254,166,110,237,15,234.259,0.0137,0.044,0
50594310,13295,6875,0.9028,0.0826,0.0041,0.0968,49261,7277,3407,1895,958,1290,761,1189,804,1671,1900,1683,1362,1448,1647,1727,2765,1814,2028,3848,3033,4800,1886,1366,2512,1815,1371,2339,146,823.757,0.0186,0.0381,0.1
50790215,855,539,0.9761,0.0544,0,0.09,28883,665,205,237,72,175,67,150,83,223,114,183,107,151,80,174,126,173,98,234,164,320,144,94,208,81,52,117,9,431.319,0.2722,0.0374,0.1
50790920,7332,4860,0.9287,0.0635,0.0015,0.1136,37920,5526,1862,2044,429,1774,332,1613,443,2286,1029,2126,842,1234,464,1528,990,1530,770,2071,1592,2618,1437,1067,1870,563,400,753,71,641.504,0.4221,0.0344,1.4
50792140,1483,916,0.839,0.0796,0.0434,0.1163,39668,1226,489,352,191,364,190,319,221,355,347,324,283,257,236,282,364,291,297,523,363,721,280,177,410,218,141,314,25,228.911,0.119,0.0487,0.3
