region_id,region_label,mean,q05,q95,p_talarico,base_pres16,base_sen18,base_gov18,base_pres20,base_sen20,base_gov22,base_pres24,base_sen24,shift_pres16,shift_sen18,shift_gov18,shift_pres20,shift_sen20,shift_gov22,shift_pres24,shift_sen24,scen_talarico_p95_2p,scen_paxton_p95_2p,confidence
PUMA00100,Panhandle Regional Planning Commission--Outside Potter & Randall Counties PUMA,0.1655213670572399,0.14110988801642863,0.19180162751911428,0,0.14118622538988074,0.14051958935679865,0.12760449551711076,0.13721447738726356,0.13089967421268064,0.09981801009007349,0.12419447349775634,0.13414360444037773,0.024335141667359173,0.025001777700441263,0.037916871540129155,0.028306889669976354,0.034621692844559265,0.06570335696716642,0.041326893559483574,0.031377762616862176,0.18320298810622151,0.14829977032310146,1
PUMA00200,Panhandle Regional Planning Commission (Potter County)--Amarillo City (North) PUMA,0.3395078735953003,0.290055833643989,0.3904913120306811,0,0.2806098141972368,0.3106567534076828,0.2783965294289409,0.3030145688891604,0.28784025619289816,0.250011658816397,0.275484175720359,0.28777140648154115,0.05889805939806353,0.02885112018761754,0.06111134416635944,0.03649330470613993,0.051667617402402166,0.08949621477890335,0.06402369787494133,0.05173646711375918,0.3652892495100074,0.3116002038270009,1
PUMA00300,Panhandle Regional Planning Commission (Randall County)--Amarillo City (South) PUMA,0.24474650746262225,0.20286337593585024,0.2898146078760409,0,0.16143471801501091,0.19988771521250936,0.16925143228893413,0.20129563822761723,0.18519463130041125,0.17332687324893092,0.19524823016196471,0.20729717779437998,0.08331178944761133,0.04485879225011288,0.07549507517368811,0.04345086923500502,0.059551876162211,0.07141963421369132,0.049498277300657534,0.03744932966824227,0.26784384124428173,0.22185166389456834,1
PUMA00400,South Plains Association of Governments--Outside Lubbock County PUMA,0.2419073153124173,0.20908967776696513,0.2758535159519578,0,0.21139409442251014,0.22214097224430102,0.19705920123282394,0.20185230921215114,0.19605848696757788,0.14914486921529174,0.1757763031254749,0.18634364672512946,0.030513220889907156,0.019766343068116282,0.044848114079593354,0.04005500610026616,0.045848828344839415,0.09276244609712556,0.0661310121869424,0.05556366858728784,0.26513678258307194,0.2185176828874455,1
PUMA00501,"South Plains Association of Governments--Lubbock County, Lubbock City (Central) PUMA",0.46202971934758674,0.4052473943200735,0.5176252140821233,0.1277,0.3663607764398303,0.44177235076537746,0.38782137091860025,0.4246090609150902,0.39916140452594917,0.39871725320388574,0.38421352627322036,0.39763694331644683,0.09566894290775646,0.02025736858220928,0.07420834842898649,0.037420658432496534,0.06286831482163757,0.06331246614370101,0.07781619307436638,0.06439277603113991,0.49360174227874415,0.4299613790187517,0.8723
PUMA00502,"South Plains Association of Governments--Lubbock County, Lubbock City (Outer) PUMA",0.30710211093001993,0.2620456786552927,0.3534895782679497,0,0.24106713750965894,0.27751951604631403,0.2372925142361509,0.26798020526437016,0.24761480154900561,0.2266649745267872,0.24333388478616313,0.2506279875601297,0.06603497342036099,0.029582594883705904,0.06980959669386905,0.03912190566564977,0.05948730938101432,0.08043713640323275,0.0637682261438568,0.05647412336989022,0.33409725260653095,0.2798994714682835,1
PUMA00600,North Texas Regional Planning Commission--Outside Wichita County & Wise County PUMA,0.17536836061651018,0.1458127788630266,0.20706212311783534,0,0.13044703386318807,0.15201878281446424,0.12723591581997512,0.13824625842881422,0.13421878502577897,0.11788931337843048,0.1313379109703029,0.14952112676056337,0.04492132675332211,0.02334957780204594,0.04813244479653506,0.03712210218769596,0.04114957559073121,0.0574790472380797,0.04403044964620728,0.02584723385594681,0.19586257092947112,0.15725094551596747,1
PUMA00700,North Texas Regional Planning Commission (Wichita County)--Wichita Falls City PUMA,0.33868449271691226,0.2877596976357618,0.39021920759580087,0,0.24092744704815802,0.29658823879353935,0.2576650414286142,0.2909794384258236,0.28163543441226574,0.25115562403698,0.27776642832822607,0.290017569816904,0.09775704566875423,0.042096253923372906,0.08101945128829807,0.04770505429108868,0.057049058304646516,0.08752886867993226,0.06091806438868619,0.048666922900008236,0.3616009501666053,0.3117612195326894,1
PUMA00800,"Texoma COG--Grayson, Cooke & Fannin Counties PUMA",0.26102796339592793,0.22239979876017385,0.3008063491209799,0,0.2029142747273876,0.23282425884743965,0.2029387755102041,0.220701834216314,0.2152280229182076,0.19270723513122198,0.20331514485357619,0.22028196090996474,0.05811368866854033,0.02820370454848828,0.05808918788572384,0.04032612917961392,0.04579994047772032,0.06832072826470595,0.057712818542351746,0.04074600248596319,0.28679396506870974,0.23612207962724185,1
PUMA00900,"Hunt & Rockwall Counties--Rockwall, Greenville & Dallas (Far Northeast) Cities PUMA",0.3277877301347973,0.2852070191844674,0.37037750566442307,0,0.23456501060949733,0.28337514458681967,0.2325042062661998,0.277588342999989,0.25989266706749503,0.25588547628570246,0.26211533296907846,0.2863990244817559,0.09322271952529995,0.04441258554797761,0.09528352386859748,0.05019938713480826,0.06789506306730225,0.07190225384909482,0.06567239716571882,0.04138870565304137,0.3568801338860454,0.30014996580249753,1
PUMA01000,Ark-Tex COG (West) PUMA,0.2619617817021888,0.22726904505430168,0.29805651937872596,0,0.21669361642294713,0.23186689561252888,0.2058472553699284,0.21841862435143025,0.21372236081627594,0.17822574030022148,0.19232834218218697,0.20761271921839916,0.045268165279241684,0.030094886089659934,0.05611452633226041,0.04354315735075856,0.048239420885912876,0.08373604140196733,0.06963343952000184,0.05434906248378965,0.28626261264298075,0.23969857556635638,1
PUMA01100,Ark-Tex COG (East)--Bowie & Cass Counties PUMA,0.3002008432762726,0.259514047778601,0.34169361804393966,0,0.24492915001855856,0.26093092543710633,0.24168282076806202,0.26151280708898067,0.2569285432293723,0.20807393265266594,0.2314317961309229,0.23935590621090438,0.055271693257714055,0.03926991783916628,0.05851802250821059,0.03868803618729194,0.0432723000469003,0.09212691062360667,0.0687690471453497,0.060844937065368226,0.3250397250236537,0.2750933879355805,1
PUMA01200,"East Texas COG (Northeast)--Harrison, Upshur & Marion Counties PUMA",0.26523042366095384,0.22704220612981535,0.3047763995196745,0,0.23437123386725683,0.2417022344966106,0.21905290791599355,0.22925260170293282,0.22577092511013216,0.18794593051916042,0.20729289071680376,0.21460820895522387,0.030859189793697006,0.02352818916434324,0.04617751574496029,0.03597782195802102,0.039459498550821676,0.07728449314179342,0.05793753294415008,0.05062221470572997,0.2879538265294317,0.24219352791917034,1
PUMA01300,"East Texas COG (Northwest)--Van Zandt, Wood, Camp & Rains Counties PUMA",0.19514466122084864,0.16162670711376118,0.23027689627472672,0,0.15037300396637826,0.16559300990887582,0.14207778220047296,0.15601152271693536,0.15172319099272277,0.131997191549116,0.14329622079347656,0.1558456010937649,0.04477165725447038,0.02955165131197282,0.053066879020375685,0.039133138503913284,0.04342147022812587,0.06314746967173265,0.05184844042737208,0.03929906012708373,0.21644361266628606,0.17636834767775064,1
PUMA01400,Kaufman County PUMA,0.41199536929410746,0.35728675472020643,0.4668468859475162,0.0032,0.25782014298256617,0.31484784889821615,0.27243615191213444,0.32849060308054756,0.31740880411922545,0.33111831059190766,0.3594574556238824,0.3891740342965644,0.1541752263115413,0.097147520395891307,0.13955921738197302,0.0835047662135599,0.09458656517488201,0.0808770587021998,0.052537913670225034,0.022821334997543075,0.4395496018696729,0.380165903921972,0.9968
PUMA01501,East Texas COG (Central)--Smith County (Outside Tyler City) PUMA,0.25238272361462466,0.2081537087214842,0.2990008323021479,0,0.19013829702535134,0.20954449288539734,0.18641729524633016,0.21026430347302894,0.2038674287257846,0.1725189986833372,0.19567141133322136,0.20767272231286465,0.062244426589273316,0.04283823072922732,0.0659654283682945,0.042118420141595725,0.04851529488884007,0.07986372493128746,0.0567113122814033,0.044710001301760005,0.2744878149158248,0.2285301578314697,1
PUMA01502,East Texas COG (Central)--Smith County (West) (Tyler City) PUMA,0.43391416151348977,0.3849790173179096,0.482545846901777,0.0131,0.36797623178232985,0.3987047926073411,0.35961710759294957,0.39927478159800395,0.3847561494264516,0.34201188089360546,0.36843612256985264,0.3845365565283076,0.06593792973115992,0.035209368906148675,0.0742970539205402,0.034639379915485824,0.04915801208703818,0.09190228061988431,0.06547803894363713,0.04937760498518218,0.4598775720541334,0.4060278660231145,0.9869
PUMA01600,East Texas COG (Central)--Gregg County (Longview City) PUMA,0.35364900393020154,0.30325333120714837,0.4044961402984767,0,0.2887416235998121,0.31183126995686516,0.28153374750513027,0.312884603184673,0.3016648025466747,0.26340276721909683,0.28700345423143353,0.30007468916128466,0.06490738033038945,0.04181773397333638,0.07211525642507127,0.04076440074552856,0.05198420138352683,0.09024623671110471,0.06664554969876801,0.053574314768916886,0.3803423490218629,0.3264709736692542,1
PUMA01700,"East Texas COG (Southeast)--Rusk, Cherokee & Panola Counties PUMA",0.24664541643340274,0.20923270688102075,0.28541059207067443,0,0.2040505322673263,0.21153410663513073,0.19323342415985467,0.21011628131206972,0.20649210552123173,0.1636870333368388,0.18723372309078284,0.19755398433021212,0.04259488416607643,0.03511130979827201,0.053411992273548065,0.03652913512133302,0.040153310912171,0.08295838309656395,0.05941169334261989,0.04909143210319061,0.26918387511698305,0.22358869903171846,1
PUMA01800,East Texas COG (Southwest)--Henderson & Anderson Counties PUMA,0.24129543757965927,0.20231744490930548,0.2826623196232219,0,0.1969320608358391,0.21300185601250365,0.18269629485084274,0.2001417254160913,0.19333382602911833,0.17477507497500833,0.1834521119415957,0.20082279715567536,0.044363376743820154,0.028293581567155612,0.05859914272881653,0.041153712163567974,0.047961611550540934,0.06652036260465094,0.057843325638063575,0.04047264042398391,0.26369298146944975,0.2190563404577002,1
PUMA01901,"Collin County (Southwest)--Dallas (North), Plano (South) & Richardson (North) Cities PUMA",0.6126236523693976,0.5580900904856219,0.6652205276872294,0.9996,0.48695099976666767,0.5383124478742591,0.46276934762864275,0.5615787707286737,0.518936202608943,0.53777574994882,0.5374103618964279,0.563485684461895,0.12567265260272997,0.0743112044951385,0.1498543047407549,0.05104488164072396,0.09368744976045462,0.0748479024205776,0.07521329047296976,0.04913796790750269,0.644384999552647,0.5815004236026796,0.9996
PUMA01902,Collin County (Southwest)--Plano City (West) PUMA,0.5977311683230846,0.5398707800254668,0.6535683212464842,0.9973,0.4879427623893466,0.5355810661871213,0.4543626595369215,0.5499263981874446,0.4997847347452575,0.5141667122955921,0.5104958255714933,0.5371933561425011,0.10978840593373801,0.06215010213596328,0.14336850878616308,0.047804770135639996,0.09794643357782712,0.08356445602749252,0.08723534275159128,0.06053781218058352,0.6294762396101315,0.5670735826763337,0.9973
PUMA01903,Collin County (Southwest)--Plano City (Central) PUMA,0.6129087848820783,0.5583752767396506,0.6653565223467888,0.9998,0.4859037667330591,0.542633011324852,0.47462306848876723,0.5549126619429252,0.5174598209207104,0.5357411421825942,0.5338472175341117,0.5631157583769598,0.12700501814901927,0.07027577355722636,0.1382857163933111,0.05799612293915313,0.09544896396136793,0.07716764269948417,0.07906156734796665,0.04979302650511852,0.6447836701687795,0.5820297617266524,0.9998
PUMA01904,"Collin County (South Central)--Allen, Murphy, Plano (East) & Parker Cities PUMA",0.5490851381129255,0.49175019516921026,0.605324968320997,0.9213,0.4292431770520527,0.48670888044479677,0.41783057219620057,0.5029456565522628,0.46324728380163077,0.4751255009924476,0.46698519403045474,0.5038840704453752,0.11984196106087275,0.06237625766812871,0.1312545659167249,0.04613948156066272,0.0858378543112947,0.07395963712047787,0.08209994408247073,0.045201067667550276,0.582046767319196,0.5172670509442658,0.9213
PUMA01905,Collin County (Central)--McKinney City PUMA,0.5294077572415355,0.47265251075762665,0.5849630741441507,0.7987,0.3820381558327515,0.44687827344295644,0.3808878724481535,0.4613106664209025,0.42319573064504257,0.43365470388085964,0.4390278242401304,0.4640061861008257,0.14736960140878402,0.0825294837985791,0.14851988479338207,0.06809709082063303,0.10621202659649298,0.09575305336067591,0.09037993300140512,0.06540157114070982,0.5637248443535325,0.4971418558438698,0.7987
PUMA01907,Collin County (East) PUMA,0.4239113609892653,0.36956881534992936,0.47826796867192223,0.0105,0.286297519505674,0.34532188962634763,0.2918230406111036,0.3535386392410971,0.32744586791961855,0.33802682771900966,0.3496332256689471,0.3792223548743348,0.1376138414835913,0.07858947136291766,0.1320883203781617,0.07037272174816822,0.09646549306964675,0.08588453327025564,0.07427813532031818,0.044689006114930485,0.45595049778411867,0.3927025022289516,0.9895
PUMA01908,Collin County (Northwest)--Celina City & Prosper Town PUMA,0.4289177609889237,0.37234345563992377,0.4857039353553875,0.0199,0.31167064753544577,0.37516134185994254,0.31294042459131294,0.3877403411830714,0.35570020296009036,0.3517998974218345,0.3544212856989175,0.38299984758132377,0.11724711345347794,0.05375641912898116,0.11597733639761076,0.04117741980585232,0.07321755802883334,0.07711786356708922,0.07449647529000619,0.04591791340759993,0.46003017875974644,0.3977551309841172,0.9801
PUMA01909,Collin County (Northwest)--Frisco City (East) PUMA,0.5650679896070834,0.506112776693573,0.6219985193120097,0.9648,0.43392488162222587,0.5022762220591411,0.42863292377457285,0.5129621190906015,0.47385636321905605,0.49283803853067015,0.4710355407738008,0.5094449997242685,0.1311431079848575,0.06279176754794225,0.13643506583251053,0.052105870516481856,0.09121162638802732,0.07222995107641322,0.0940324488332826,0.05562298988281489,0.5974931536151628,0.5328620281026669,0.9648
PUMA02001,Denton County (Far Southeast)--Carrollton (North) & Dallas (North) Cities PUMA,0.5979148040012159,0.5422882747141434,0.6514901788338195,0.9978,0.4960138372688315,0.5487972387562375,0.4776615421420161,0.5589163242057794,0.5182411090411564,0.53479051783767,0.5200346894419695,0.5466590534250403,0.10190096673238436,0.049117565244978345,0.12025326185919977,0.03899847979543647,0.0796736949600595,0.06312428616354593,0.07788011455924637,0.051255750576175596,0.6288500105442445,0.566398443478345,0.9978
PUMA02002,Denton County (Southeast)--Lewisville City PUMA,0.5945457212556094,0.539584539734072,0.6480756979622813,0.997,0.483231081558526,0.5510290400397413,0.48673181963559997,0.5544364005002658,0.5233054480557181,0.5280714368024378,0.5155189027618732,0.5430824176414091,0.11131463969708344,0.04351668121586816,0.10781390162000948,0.04010932075534368,0.07124027319989135,0.0664742844531716,0.07902681849373627,0.05146330361420037,0.6259392150014907,0.5636507260292924,0.997
PUMA02003,Denton County (South Central)--Flower Mound Town & Highland Village City PUMA,0.418925005601512,0.3631341332987036,0.47573977282834545,0.01,0.29518716307799947,0.3506656318921095,0.27924534306192134,0.36003376053389086,0.3201767013689253,0.3385351133528166,0.3486680468514292,0.3675547569881429,0.12373784252351255,0.06825937370940255,0.1396796625395907,0.05889124506762117,0.09874830423258674,0.08038989224869542,0.07025695875008281,0.05137024861336914,0.451539134928453,0.38690635043071603,0.99
PUMA02004,"Denton County (East Central)--Frisco (West), The Colony & Little Elm Cities PUMA",0.5360890934686733,0.47863868967192846,0.5916110795202598,0.845,0.4090792275497467,0.47584062803946087,0.403340277532573,0.4835920334538238,0.4484439671296352,0.4588655448666388,0.4568915365462034,0.4828435952536672,0.1270098659189266,0.06024846542921242,0.13274881593610027,0.052497060014849495,0.08764512633903809,0.07722354860203451,0.07919755692246988,0.05324549821500607,0.5683112949828026,0.5030157743462232,0.845
PUMA02005,Denton County (Central)--Denton (Central) & Corinth Cities PUMA,0.6285680280852749,0.577984040522672,0.6772972531452868,1,0.5070506931829769,0.5921606692748355,0.5408542101523426,0.5638538681058513,0.5358887087580845,0.5765031473700579,0.5630064228162268,0.5867891418248161,0.12151733490229799,0.03640735881043944,0.08771381793293231,0.06471415997942365,0.09267931932719042,0.05206488071521698,0.06556160526904808,0.04177888626045878,0.6577669598365792,0.6004347092821393,1
PUMA02006,Denton County (North & West)--Denton City (Outer) PUMA,0.41854532838113,0.3666660304580229,0.4701879753593814,0.0063,0.27494103592697794,0.3441609436160222,0.2937337769448626,0.3548437118320906,0.33116947780666733,0.3388660226798198,0.3504015411824146,0.37571549724615866,0.14360429245415207,0.07438438476510784,0.12481155143626743,0.06370161654903939,0.08737585057446268,0.07967930570131021,0.06814378719871539,0.04282983113497135,0.4494044100409052,0.3875197628060981,0.9937
PUMA02101,Ellis County PUMA,0.40464025649499313,0.3495602235143561,0.45933866040506127,0.002,0.2655979344380168,0.3177554550292709,0.2667573833282935,0.3270567855532617,0.3111347123995269,0.318944127230875,0.34326103049293705,0.3690088413215449,0.1390423220569763,0.08688480146572225,0.13788287316669962,0.07758347094173146,0.09350554409546624,0.08569612926411813,0.061379226002056086,0.035631415173448255,0.4328346625733523,0.37203933267676603,0.998
PUMA02102,Johnson County PUMA,0.29575817346761496,0.24660065671157883,0.34444812103791,0,0.1984468123532599,0.23581553435556757,0.19587129288621827,0.2315872390705002,0.22144625556334702,0.22212966316551974,0.24059050738134227,0.26731105634791935,0.09731136111435507,0.05994263911204739,0.09988688058139669,0.06417093439711477,0.07431191790426794,0.07362851030209522,0.05516766608627269,0.02844711711969561,0.32197438468486456,0.27125172034457556,1
PUMA02200,"North Central Texas COG (West)--Hood, Erath, Palo Pinto & Somervell Counties PUMA",0.2155855061227366,0.1833124074560186,0.2490942038195798,0,0.16031086898548516,0.19198412698412698,0.15719424460431655,0.17465975862121053,0.16551990126504165,0.15633342106252585,0.162045036890754,0.18049543385371575,0.05527463713725145,0.02360137913860963,0.05839126151842006,0.04092574750152608,0.050065604857694956,0.05925208506021076,0.05354046923198261,0.03509007226902086,0.23642981931623627,0.19285983615136576,1
PUMA02301,Dallas County (Northeast)--Rowlett & Garland (Northeast) Cities PUMA,0.5714259985096392,0.5167479049534038,0.6228960072345673,0.9844,0.46893410422388554,0.5195944748232384,0.46167168484810345,0.5111462172968851,0.4884285999536087,0.4958049093474632,0.48023386387628786,0.5168929334513166,0.10249189428575362,0.05183152368640076,0.10975431366153571,0.06027978121275401,0.08299739855603044,0.07562108916217597,0.0911921346333513,0.05453306505832256,0.602105081498088,0.5409511944479636,0.9844
PUMA02302,Dallas County (Northeast)--Garland City (South) PUMA,0.640101220603806,0.5815533412252503,0.6948395115711998,0.9999,0.5435844407915431,0.5873608377019354,0.5353285323018641,0.5817875124752687,0.5650048484138838,0.5574330565910521,0.5466888324145884,0.5884253403992371,0.09651677981226292,0.052740382901870664,0.10477268830194197,0.05831370812853731,0.07509637218992227,0.0826681640127539,0.0934123881892176,0.051675880204568925,0.6676218360400168,0.6138172632793343,0.9999
PUMA02303,Dallas County (East)--Mesquite City (Central & Southeast) PUMA,0.6465947910844418,0.5906713043804377,0.6980456435940418,1,0.5450744596511112,0.5957932118842988,0.5397012025438754,0.5919956597302201,0.5737811747755986,0.5673962335721656,0.5532032004479221,0.5890726725189223,0.10152033143333061,0.050801579200143054,0.10689358854056641,0.054599131354221786,0.0728136163088432,0.07919855751227622,0.0933915906365197,0.05752211856551959,0.6740200427405917,0.6212213221364278,1
PUMA02304,Dallas County (Southeast)--Dallas City (Southeast) PUMA,0.8171120879676314,0.7775306677443127,0.8537781146168255,1,0.8210478390666065,0.8288614153676609,0.7952469944415124,0.8081956141198509,0.8009180521368141,0.7971456763852426,0.7407432168214009,0.783532660634245,-0.003935751098975149,-0.011749327400029541,0.021865093526118984,0.008916473847780493,0.016194035830817244,0.019966411582388766,0.07636887114623048,0.03357942733338637,0.8331888102467905,0.8034941683330905,1
PUMA02305,Dallas (East) & Mesquite (West) Cities--South of I-30 & West of I-635 PUMA,0.7777435408832715,0.7270688810151253,0.823833766792508,1,0.758991231081266,0.7831111107831814,0.7417102241697241,0.7552456157626172,0.7456903912894571,0.7375769090978131,0.6832340758672675,0.7324118063882669,0.018752309802005485,-0.005367569899909941,0.03603331671354737,0.022497925120654294,0.032053149593814334,0.04016663178545832,0.09450946501600399,0.045331734495004605,0.7977015135272618,0.7590041201611006,1
PUMA02306,Dallas (Northeast) & Mesquite (North) Cities--North of I-30 & West of I-635 PUMA,0.721451510681723,0.67503569531974,0.7635001209069597,1,0.6391293166055354,0.6747014926710148,0.5958879313882585,0.6735811305455796,0.6314319738011279,0.6636834576043702,0.6433375003799878,0.67341021878708,0.08232219407618757,0.046750018010708216,0.1255635792934645,0.04787038013614342,0.09001953688059505,0.05776805307735278,0.07811401030173515,0.04804129189464301,0.745378558365442,0.696452629812217,1
PUMA02307,Dallas City (Northeast)--East of US-75 PUMA,0.6777995452996067,0.6298410600634767,0.7222526965786764,1,0.6141951887952674,0.6329512198523869,0.5507712047259815,0.6503837299544514,0.6016626642322707,0.6063612821724472,0.6064269155914885,0.6306477469879511,0.06360435650433938,0.04484832544721984,0.12702834057362522,0.02741581534515536,0.07613688106733607,0.07143826312715951,0.0713726297081182,0.04715179831165561,0.703044376193752,0.6521311177038421,1
PUMA02308,Dallas County (Northeast)--Garland (Northwest) & Richardson (East) Cities PUMA,0.6171009776694559,0.5630483445816641,0.668433184809726,0.9997,0.5159663732652379,0.5580587310869409,0.49500034118260017,0.5552143956894452,0.5265209582601096,0.542060451900462,0.5204806482913139,0.5585320616527578,0.10113460440421806,0.059042246582515,0.12210063648685576,0.061886581980010735,0.09058001940934635,0.0750405257689939,0.09662032937814202,0.058568916016698114,0.6452373024688672,0.5882850242213168,0.9997
PUMA02309,Dallas (Far North) & Richardson (Southwest) Cities PUMA,0.6323972031814945,0.5806366911747076,0.6815905955894193,1,0.5160924172790765,0.5631713920543818,0.4764549447297208,0.5785081318499119,0.5269980900177028,0.5585584696888453,0.5517369545851563,0.5781274473583167,0.116304785902418,0.06922581112711268,0.15594225845177373,0.053889071331582605,0.10539911316379169,0.07383873349264924,0.08066024859633825,0.054269755823177834,0.6601676150041468,0.6034659942728119,1
PUMA02310,"Dallas (Far North)--Carrollton (Southeast) Cities & Addison Town, North of I-635 PUMA",0.6472264922918776,0.5958739199373062,0.6950403054104035,1,0.5415941670727247,0.5911044259561608,0.523548083117744,0.6016848036928147,0.5673348312153325,0.5780502879425236,0.5724088387246616,0.6022834527723713,0.10563232521915289,0.056122066335716814,0.12367840917413353,0.045541688599062824,0.0798916610765451,0.06917620434935401,0.07481765356721592,0.04494303951950629,0.6744319493757208,0.6174143843838997,1
PUMA02311,Dallas City (North)--South of I-635 & West of US-75 PUMA,0.6058682298994392,0.5527758402112795,0.6560779467393372,1,0.5091847671118207,0.537989876429868,0.4410035979684071,0.5516664415251683,0.48498959421117926,0.5214884715081246,0.5252223397622944,0.543448682469692,0.09668346278761852,0.06787835346957127,0.16486463193103212,0.05420178837427092,0.12087863568825996,0.08437975839131462,0.08064589013714485,0.0624195474297472,0.6343288473032483,0.5763210614309793,1
PUMA02312,"Dallas (West Central), University Park Cities & Highland Park Town PUMA",0.5969614459145243,0.5494377766285747,0.6428124550111101,0.9997,0.5362190751867101,0.5688794717629577,0.4767379041870603,0.5628076491626738,0.4999057397762532,0.5238545298965829,0.5166888582802349,0.5377949560526568,0.06074237072781419,0.028081974151566547,0.12022354172746397,0.034153796751850485,0.09705570613827108,0.07310691601794139,0.08027258763428935,0.059166489861867455,0.6222873948904147,0.5695714658743827,0.9997
PUMA02313,Dallas City (Downtown)--North of I-30 PUMA,0.691996726160664,0.6450061530109801,0.7367161860131477,1,0.6528042522454465,0.7002492633656338,0.6061456702542771,0.669955205387542,0.6175020018250661,0.6687840467712867,0.6059655689347822,0.6370132268960546,0.03919247391521752,-0.008252537204969768,0.08585105590638686,0.022041520773121936,0.0744947243355979,0.023212679389377322,0.08603115722588184,0.05498349926460944,0.7170938945588586,0.6659620694950507,1
PUMA02314,Dallas City (East Central)--South of I-30 & East of I-35E PUMA,0.8916416718387957,0.8593726382117796,0.9198671528412669,1,0.9377041481544405,0.9342091270177938,0.9020949653744601,0.9048454525880337,0.8979624330492024,0.8984411600369515,0.8269914768882937,0.8681997732205023,-0.04606247631564475,-0.04256745517899807,-0.010453293535664376,-0.013203780749238003,-0.0063207612104067,-0.00679948819815579,0.06465019495050206,0.023441898618293378,0.9030430175520229,0.8809127859825157,1
PUMA02315,Dallas City (West Central)--East of Loop TX-12 & West of I-35E PUMA,0.823295953867563,0.7819210894696114,0.8604788904345027,1,0.8353165826039114,0.8536764222526879,0.806371005972458,0.8090023142907203,0.7893288635865993,0.8113573987276619,0.7350112583316831,0.7773125743449993,-0.012020628736348349,-0.03038046838512487,0.016924947895105014,0.01429363957684271,0.033967090280963785,0.011938555139901164,0.08828469553587992,0.045983379522563705,0.840995318516959,0.8067938517275801,1
PUMA02316,Dallas City (South Central)--North of I-20 & West of I-35E PUMA,0.8752405281911602,0.8438124350356507,0.9034489425052882,1,0.8945868174975344,0.9042860446938535,0.8641054743672133,0.8741839420107144,0.8641999400680452,0.8752223402313787,0.8098413788774955,0.8478591423302877,-0.019346289306374276,-0.02904551650269338,0.011135053823946861,0.0010565861804457954,0.011040588123114925,1.8187959781479357e-5,0.06539914931366464,0.027381385860872465,0.8884978273951111,0.8630503706970429,1
PUMA02317,Dallas County (South)--DeSoto & Lancaster Cities PUMA,0.8787528963395665,0.8518293791259506,0.9024643633193734,1,0.8596664840783883,0.870366349360607,0.8220235540158021,0.8691480106485769,0.8576959841181896,0.8617504282203687,0.8388488267187668,0.8615303719931827,0.019086412261178243,0.008386546978959575,0.056729342323764476,0.009604885690989606,0.021056912221376956,0.01700246811919781,0.03990406962079973,0.017222524346383827,0.892041889405286,0.8665960006064152,1
PUMA02318,Dallas County (Southwest)--Cedar Hill & Duncanville Cities PUMA,0.770924260205817,0.7294090007023909,0.8088851785988329,1,0.716615056375921,0.7353974136725561,0.6780134710408955,0.7372719687984436,0.718819050114418,0.7155051637205025,0.7009676900574277,0.729216683640398,0.0543092038298959,0.03552684653326088,0.09291078916492146,0.03365229140737336,0.0521052100913989,0.0554190964853144,0.0699565701483893,0.0417075765654189,0.7930653914860998,0.7499964871989783,1
PUMA02319,Dallas County (West)--Grand Prairie (Central) & Dallas (Southwest) Cities PUMA,0.7026317480123171,0.6518823561018832,0.7506019739043726,1,0.6410456749110819,0.6781295988253419,0.6264186474144932,0.6618269536845262,0.6463343915008657,0.6365552336312476,0.6057379325044134,0.6470521312237705,0.061586073101235206,0.02450214918697524,0.07621310059782394,0.04080479432779094,0.0562973565114514,0.06607651438106954,0.09689381550790366,0.055579616788546615,0.729011137015641,0.678398558473223,1
PUMA02320,Dallas County (West)--Irving (South) & Grand Prairie (North) Cities PUMA,0.6277235961494735,0.566603508779756,0.6869800709340157,0.9998,0.5507885911072976,0.5965280049668996,0.544436082344257,0.5853423927254057,0.5684753853916223,0.5506416876623782,0.5185004400294132,0.561489186834209,0.07693500504217587,0.031195591182573867,0.08328751380521648,0.042381203424067815,0.05924821075785114,0.07708190848709529,0.10922315612006028,0.06623440931526448,0.6577474537304075,0.6014202173475781,0.9998
PUMA02321,Dallas County (Northwest)--Irving (Central) & Dallas (Northwest) Cities PUMA,0.6534972717759411,0.6009282621109031,0.70246827192302,1,0.6043864432083169,0.64088461391298,0.5839315287880619,0.633292406544719,0.6105634520411278,0.5923970978290901,0.5519758776094502,0.5968909030342455,0.049110828567624165,0.012612657862961063,0.06956574298787921,0.020204865231222113,0.04293381973481325,0.061100173946850966,0.10152139416649086,0.056606368741695556,0.6807592048931514,0.6250783986389308,1
PUMA02322,"Dallas County (Northwest)--Irving (North), Coppell & Carrollton (Southwest) Cities PUMA",0.6297870338649882,0.5772841165050437,0.6790942362316862,1,0.5374940187412819,0.5871597157214204,0.5021954709578286,0.5904931716355376,0.547915300778739,0.5689650290987683,0.5477956449405331,0.5875175009860205,0.09229301512370636,0.042627318143567794,0.12759156290715967,0.03929386222945064,0.08187173308624929,0.060822004766219906,0.08199138892445512,0.04226953287896773,0.6584521216157005,0.600451042923646,1
PUMA02400,Parker County PUMA,0.21561650645810537,0.17795859768511196,0.2559976971992527,0,0.15221555356914826,0.184278231254743,0.14975961538461538,0.17341664224241293,0.16189014451809192,0.16159052453468697,0.16517103509551312,0.1840564699524914,0.06340095288895711,0.03133827520336238,0.06585689107348999,0.04219986421569244,0.053726361940013456,0.0540259819234184,0.050445471362592254,0.03156003650561398,0.23921969402784668,0.19323930293293004,1
PUMA02501,"Tarrant County (Northeast)--Grapevine, Southlake & Colleyville Cities PUMA",0.4494254120723439,0.39234783478559876,0.5063639984446948,0.0718,0.3329844270309198,0.382663356317795,0.3070591966442645,0.398235589960467,0.35338548497443856,0.372504745318199,0.3806901708355948,0.3992688328194549,0.11644098504142408,0.06676205575454885,0.14236621542807937,0.05118982211187689,0.09603992709790532,0.07692066675414488,0.06873524123674907,0.050156579252888966,0.48518403081987094,0.41701492768387854,0.9282
PUMA02502,Tarrant County (East)--Euless (South & West) & Arlington (North) Cities PUMA,0.6133904360493714,0.5595264480199863,0.663016087213145,0.9997,0.5079091814215966,0.5620483070618937,0.5020093102487998,0.5759475777661676,0.5517931296414164,0.5506839553771152,0.5457915332599722,0.5739330731623259,0.1054812546277748,0.0513421289874777,0.11138112580057158,0.03744285828320382,0.06159730640795502,0.06270648067225615,0.06759890278939917,0.03945736288704549,0.6463395281962786,0.583059802962663,0.9997
PUMA02503,Tarrant County (East)--Arlington (East) & Grand Prairie (West Central) Cities PUMA,0.6936676778566983,0.6413660624216255,0.741795555078313,1,0.664938662417875,0.6863201735648208,0.6384312600818821,0.660012361044296,0.6474263195460525,0.6419071343480627,0.6046553537480146,0.6440659138180236,0.028729015438823224,0.007347504291877471,0.05523641777481614,0.0336553168124023,0.0462413583106458,0.05176054350863557,0.08901232410868365,0.04960176403867467,0.724607123048712,0.6668289936971071,1
PUMA02504,Tarrant County (Southeast)--Arlington (Southeast) & Grand Prairie (Southwest) Cities PUMA,0.7214070075337788,0.6721755196711761,0.7655728007429681,1,0.6733874700322582,0.7098423491312804,0.6526586704038233,0.6814237838792436,0.6676933196448913,0.6754679430630325,0.6385582776895108,0.669577197125561,0.04801953750152066,0.011564658402498429,0.06874833712995554,0.039983223654535216,0.05371368788888753,0.04593906447074636,0.08284872984426805,0.05182981040821788,0.7508920888641992,0.6954901303184033,1
PUMA02505,Tarrant County (Southeast)--Mansfield (North) & Arlington (Southwest) Cities PUMA,0.5465946338424461,0.4909427867482259,0.5999779473149252,0.9153,0.4066382083179835,0.47194630211268335,0.4090621061203634,0.48608395547433025,0.46039531133264266,0.48230666917518955,0.4856868498388315,0.5102123917598816,0.13995642552446264,0.07464833172976276,0.1375325277220827,0.060510678368115856,0.08619932250980344,0.06428796466725656,0.06090778400361463,0.036382242082564464,0.5807474586241361,0.5143191362052815,0.9153
PUMA02506,Tarrant County (South Central)--Fort Worth City (Southeast)-South of I-20 PUMA,0.5922562689063865,0.5435223943617006,0.6389361211304507,0.999,0.5130834706878761,0.5571506973247715,0.5130664112000857,0.5524505619800205,0.5365794794544863,0.5315831995394382,0.5239461911225762,0.5552506735922222,0.07917279821851042,0.03510557158161498,0.07918985770630083,0.03980570692636598,0.055676789451900244,0.060673069366948273,0.06831007778381026,0.03700559531416425,0.6237172914945606,0.5645662223694549,0.999
PUMA02507,Tarrant County (East)--Arlington City (West)-South of I-30 & East of Loop I-820 PUMA,0.576837331865088,0.5247176358277782,0.6266368243372622,0.9921,0.4632516465896486,0.5090408455968487,0.44933208904731714,0.521441649340711,0.4960278572691045,0.5060844636495679,0.5094349153075907,0.5343596182319514,0.11358568527543939,0.06779648626823931,0.12750524281777087,0.05539568252437699,0.08080947459598353,0.07075286821552007,0.06740241655749735,0.04247771363313657,0.6107386020511695,0.5459717760143995,0.9921
PUMA02508,"Fort Worth City (East Central)-South of I-30, East of I-35W & Inside Loop I-820 PUMA",0.8390937523710363,0.8028210680042992,0.87185493003597625,1,0.8655983936506694,0.865244132749189,0.8384638422023708,0.8335414324016163,0.8216442738511207,0.8232785821369468,0.7652491294524828,0.7997668788311276,-0.026504641279633034,-0.02615038037815265,6.299101686655373e-4,0.005552319969420072,0.01744947851991563,0.015815170234089515,0.07384462291855354,0.03932687353990871,0.8584922168843401,0.8228616076663756,1
PUMA02509,"Fort Worth (Northeast)--Hurst (South) Cities, North of I-30 PUMA",0.5375872856920042,0.48346870783258195,0.5892287961161808,0.8766,0.41496981864141597,0.47171716051673396,0.41531601636884846,0.4736414422082354,0.45089856112732857,0.4599293971699874,0.4609914350423508,0.4874127722093473,0.12261746705058824,0.06587012517527024,0.12227126932315574,0.0639458434837688,0.08668872456467563,0.07765788852201683,0.07659585064965341,0.05017451348265689,0.5725449577057135,0.5067817041558247,0.8766
PUMA02510,Tarrant County (North)--North Richland Hills (North) & Keller Cities PUMA,0.41275157138328544,0.35822407453878635,0.4672396174233224,0.0034,0.28489745941066524,0.3402157487650433,0.2797182124042232,0.3455907970553704,0.31455807477249564,0.3301528910131785,0.341734479394957,0.362507324462939,0.1278541119726202,0.07253582261824215,0.13303335897906227,0.06716077432791506,0.0981934966107898,0.08259868037010692,0.07101709198832845,0.05024424692034646,0.44737174866918394,0.3802159392321843,0.9966
PUMA02511,Fort Worth City (North)--East of I-35W & West of US-377 PUMA,0.4965650822297651,0.43958207373721586,0.5528328358427821,0.4602,0.36729806196258713,0.4403210028874661,0.37998353792756645,0.4354796337208909,0.4091865016850519,0.42380927790049605,0.4136327567926198,0.4413805798826846,0.12926702026717796,0.05624407934229897,0.11658154430219864,0.06108544850887421,0.0873785805447132,0.07275580432926904,0.0829323254371453,0.0551845023470805,0.5326699882834105,0.4622646819218336,0.5398
PUMA02512,Fort Worth City (North Central) & Haltom City (North)--Inside Loop I-820 PUMA,0.5935765862687277,0.5399724912065773,0.6447823925122278,0.9985,0.5315641412307138,0.5851406009908284,0.5387624769347896,0.5543318315392983,0.535132116655316,0.5293428309346417,0.5018403182136844,0.5392879333845019,0.06201244503801384,0.008435985277899238,0.054814109333938044,0.03924475472942934,0.058444469613411654,0.06423375533408593,0.09173626805504331,0.054288652884225796,0.6264900735784258,0.5660243734842461,0.9985
PUMA02513,Fort Worth City (South Central) & Edgecliff Village Town PUMA,0.6526346769085091,0.6035492689686145,0.6983196774095458,1,0.5740426342574089,0.6132197043699833,0.549794161117876,0.6078178111789396,0.571622333010943,0.5925407180539594,0.5738280396284996,0.601733163720912,0.0785920426511002,0.03941497253852577,0.10284051579063302,0.044816865729569444,0.08101234389756606,0.06009395885454971,0.07880663728000947,0.05090151318759706,0.684278746900374,0.6236074802037266,1
PUMA02514,Tarrant County (Southwest)--Fort Worth (Southwest) & Benbrook Cities PUMA,0.5481527310523928,0.49511289400389835,0.5990936085284676,0.936,0.44951730504456994,0.4910752545574701,0.4277072411690618,0.4947575547040854,0.46080614814230103,0.47132455868258755,0.4791934407011535,0.5014867645900108,0.09863542600782288,0.05707747649492273,0.12044548988333104,0.05339517634830743,0.08734658291009179,0.07682817236980527,0.06895929035123932,0.04666596646238197,0.581767872749577,0.5159437293497532,0.936
PUMA02515,Tarrant County (West)--Fort Worth City (West) PUMA,0.4979714056148333,0.44504982259524356,0.5496661714469739,0.4748,0.3789921881137268,0.43895875099614784,0.38099204173515316,0.4288544865513203,0.39760208504285427,0.41984809415124275,0.41191223577460945,0.4418955919236949,0.11897921750110646,0.059012654618685434,0.11697936387968011,0.06911691906351297,0.100369320571979,0.07812331146359053,0.08605916984022383,0.0560758136911384,0.5338178195494859,0.4660292158805647,0.5252
PUMA02516,Tarrant County (Northwest)--Fort Worth (Northwest) & Saginaw Cities PUMA,0.4366218161430264,0.38444517588033894,0.48848889263856804,0.021,0.3077957962132024,0.38136092148373496,0.33367094261058183,0.37716404912647117,0.3585635145669538,0.37086932902645164,0.36437760082600174,0.3950977926088802,0.128826019929824,0.05526089465929146,0.10295087353244459,0.05945776701655525,0.07805830157607263,0.06575248711657478,0.07224421531702468,0.04152402353414619,0.47062920979933853,0.4055927838724111,0.979
PUMA02600,West Central Texas COG (Outside Taylor County) PUMA,0.16993281467945578,0.1427369212984532,0.19863283677629454,0,0.13870780927490609,0.1488449510743468,0.1313126201801437,0.13758919469928643,0.13371128499209697,0.108657183692915,0.1272987280162573,0.14568994191848117,0.0312250054045497,0.021087863605108975,0.03862019449931209,0.03234361998016935,0.03622152968735881,0.06127563098654079,0.042634086663198484,0.024242872760974615,0.1881909421959245,0.15150188292058575,1
PUMA02700,"West Central Texas COG--Taylor County, Abilene City PUMA",0.3128711847311568,0.26441557777247177,0.36101674313252485,0,0.23272181839160033,0.260272952853598,0.22182254196642687,0.2694744619931652,0.24686089764166083,0.2285081849068259,0.24851337054467185,0.268189227235682,0.0801493663395565,0.0525982318775588,0.09104864276472996,0.04339672273799161,0.066010287089496,0.08436299982433093,0.06435781418648498,0.04468195749547482,0.34031322967983446,0.2823600317299802,1
PUMA02900,"Concho Valley COG--Tom Green County, San Angelo City PUMA",0.3190033143871114,0.2704202077756921,0.3684157771040758,0,0.25017045299588186,0.28219465315394027,0.245075369530221,0.27417141057084354,0.2598215719101897,0.23944694001083183,0.25753601280455274,0.28015811713389976,0.06883286139122952,0.036808661233171114,0.07392794485689039,0.04483190381626784,0.059181742476921706,0.07955637437627955,0.06146730158255864,0.038845197253211616,0.34730542441740175,0.2920627591462987,1
PUMA03000,"Permian Basin Regional Planning Commission (Central)--Midland County, Midland City PUMA",0.24434800475186688,0.20549587024257954,0.285517425760576,0,0.2133069492318822,0.22829302653204978,0.19219454329774616,0.21274135937742653,0.19977252843394575,0.1809169764560099,0.19471652800411698,0.20854863088333508,0.03104105551998468,0.016054978219817106,0.052153461454120725,0.031606645374440356,0.04457547631792114,0.06343102829585698,0.0496314767477499,0.0357993738685318,0.26560289881955584,0.2190016190133505,1
PUMA03100,"Permian Basin Regional Planning Commission (Central)--Ector County, Odessa City PUMA",0.29608912129380777,0.24991296770514826,0.3432500512260356,0,0.2905951402081148,0.3053662409845828,0.2723834798474042,0.25796568627450983,0.2519755620031609,0.23646768937286383,0.23367243373380225,0.25693169742053906,0.005493981085692989,-0.009277119690775049,0.02370564144640358,0.038123435019297935,0.044113559290646864,0.059621431920943935,0.06241668756000551,0.039157423873268704,0.32356049339983606,0.2698077975856702,1
PUMA03305,El Paso City (North) PUMA,0.6760213492228199,0.6092379937150187,0.7385779711732225,1,0.6651401518936753,0.7035082562135414,0.6337599847446762,0.6443326044488893,0.6392268236192661,0.6025598010085232,0.564523746173293,0.58817293270900906,0.01088119732914461,-0.027486906990721538,0.04226136447814366,0.03168874477393058,0.036794525603553785,0.07346154821429662,0.11149760304952683,0.08784841651381081,0.703887729027367,0.6479468773378757,1
PUMA03306,El Paso City (Northwest) PUMA,0.6500891000584581,0.592149284113299,0.70569188897822,1,0.6343174911647965,0.669952625106191,0.5930285723419504,0.6218859628534733,0.6030432497672911,0.5883038157676455,0.5466945588885896,0.5653956237555241,0.01577160889366158,-0.01986352504773292,0.057060527716507714,0.028203137204984796,0.047045850291167035,0.06178528429081265,0.10339454116986846,0.084693476302934,0.6784555537387644,0.619348010800317,1
PUMA03307,El Paso County (Outside El Paso City)--Horizon City PUMA,0.6553336568556126,0.581623183080116,0.7251367345536134,0.9994,0.7544234060290643,0.7578310401196078,0.6992189484017132,0.6547136700731411,0.6579278948549838,0.6225941036734306,0.5071634604688757,0.5533309455256331,-0.0990897491734517,-0.10249738326399516,-0.04388529154610055,6.199867824715488e-4,-0.002594237999371196,0.032739553182182024,0.1481701963867369,0.10200271132997951,0.6831094072732432,0.6281901637657997,0.9994
PUMA03308,El Paso City (East) PUMA,0.7054391691906051,0.6385340773176779,0.7678993690523475,1,0.7284037374311887,0.7535051835455746,0.6834730320622724,0.6881166324303756,0.6858395340745634,0.6556829950564903,0.5861080432397782,0.6163432869833385,-0.02296456824058357,-0.04806601435496949,0.02196613712833273,0.017322536760229545,0.01959963511604168,0.04975617413411482,0.11933112595082696,0.08909588220726661,0.7309044273405847,0.6799678282342608,1
PUMA03309,El Paso City (Southeast)--Socorro City PUMA,0.7411763819853581,0.6715483495936614,0.8044682426161209,1,0.8475085691021604,0.8497587976222093,0.7989954674981161,0.7480302547433072,0.7560541251268892,0.7288969442014949,0.6157955240331912,0.6461940967816688,-0.10633218711680237,-0.10858241563685123,-0.05781908551275805,-0.006853872757949131,-0.014877743141531119,0.0122794377838632,0.1253808579521669,0.09498228520368923,0.7644693519771967,0.7178506765108664,1
PUMA03310,El Paso City (Central) PUMA,0.7458129698284411,0.6872096290262953,0.8001740017869907,1,0.7757936597884426,0.797284837124053,0.7326543684377212,0.7326887649002498,0.7262979574879249,0.7156032246349878,0.6488713720841054,0.6704485767324858,-0.029980689960001472,-0.05147186729561182,0.013158601390719893,0.01312420492819133,0.019515012340516225,0.03020974519345332,0.09694159774433575,0.07536439309595533,0.7695268864888606,0.7208370854873192,1
PUMA03400,"Central Texas COG (West), Burnet & Llano Counties PUMA",0.2832287457349971,0.24430106606311142,0.32364554411241586,0,0.21344731005229328,0.24114427522436768,0.20481886650990014,0.23910141788601505,0.22882649461924245,0.2048832605348333,0.22212405840230634,0.23690849866745634,0.06978143568270384,0.04208447051062944,0.07840987922509698,0.04412732784898207,0.05440225111575467,0.07834548520016382,0.06110468733269078,0.04632024706754079,0.30892937657078573,0.258813908733828,1
PUMA03501,"Central Texas COG--Bell County (West), Killeen & Harker Heights Cities PUMA",0.6528127153633182,0.5952913990247817,0.7058083878403851,1,0.5850832741202867,0.6200182149193474,0.5669010932320343,0.6137954911738259,0.6012123672315237,0.5782826477152241,0.5786868978522473,0.601758327585975,0.06772944124303149,0.03279450044397081,0.0859116221312839,0.03901722418949227,0.05160034813179448,0.07453006764809411,0.07412581751107095,0.05105438777734317,0.6788789776525808,0.6248531360825262,1
PUMA03502,"Central Texas COG--Bell County (North, East & South), Temple & Belton Cities PUMA",0.3942241614327229,0.3418327455286016,0.44674872870154153,3e-4,0.30546599421374643,0.33346181348197,0.2860988114891411,0.3425012730464063,0.32605007188275786,0.29975979076443743,0.31969321825510777,0.3423945584086222,0.08875816721897645,0.06076234795075286,0.10812534994358175,0.05172288838631656,0.06817408954996501,0.09446437066828545,0.0745309431776151,0.05182960302410067,0.42128540877036574,0.3631923852076892,0.9997
PUMA03600,Brazos Valley COG (Outside Brazos County) & Milam County PUMA,0.26178556035533096,0.22805656107168848,0.29671211140995063,0,0.2291692157102655,0.2322173757057346,0.20639104873885833,0.22612551159618008,0.21899039159336992,0.18015923858332572,0.19691062988972258,0.21090134230920615,0.032616344645065465,0.029568184649596346,0.05539451161647263,0.03566004875915088,0.042795168761961044,0.08162632177200524,0.06487493046560838,0.05088421804612481,0.2869631301454488,0.23807397851472836,1
PUMA03700,Heart of Texas COG--Outside McLennan County & Navarro County PUMA,0.26896911870747153,0.233733271721485,0.30585967984266277,0,0.22602703325125334,0.23863010465024787,0.20825011370602542,0.22988211559597116,0.22227178343459203,0.18986065816780315,0.20402479433272394,0.22461413484971568,0.04294208545621819,0.030339014057223668,0.060719005001446114,0.039087003111500374,0.0466973352728795,0.07910846053966838,0.06494432437474759,0.04435498385775585,0.2950724134940595,0.24446177443930142,1
PUMA03801,Heart of Texas COG--McLennan County-Waco City (Central) PUMA,0.6245927155682727,0.5704539388721748,0.6761841611866952,1,0.5795956723625776,0.6070198893566048,0.5504898802838083,0.5952005003856216,0.5660863273500335,0.5561167232981233,0.5335620202930627,0.5540679512334332,0.044997043205695086,0.01757282621166789,0.07410283528446437,0.029392215182651116,0.05850638821823917,0.06847599227014933,0.09103069527521002,0.07052476433483945,0.6556050057888527,0.5992011340950376,1
PUMA03802,"Heart of Texas COG--McLennan County-Waco (Outer), Hewitt & Robinson Cities PUMA",0.33808099633210403,0.2894424030992398,0.38776353070840774,0,0.26483191723571786,0.2865502101496239,0.24238695661193513,0.2914706187400482,0.272736011595064,0.2544228976994179,0.27341858708962835,0.29464349400930856,0.07324907909638617,0.05153078618248014,0.0956940397201689,0.04661037759205583,0.06534498473704003,0.08365809863268614,0.06466240924247568,0.043437502322795474,0.36795880456931385,0.3113524751372095,1
PUMA03900,Deep East Texas COG (West) & Walker County PUMA,0.2890352594825089,0.2510759154884661,0.32776640611199437,0,0.24713812260843113,0.2600103355489424,0.22818888310569485,0.25324700959298885,0.24921810476719153,0.21315160124431337,0.2270037997602836,0.2411934327427651,0.041897136874077784,0.029024923933566538,0.06084637637681406,0.03578824988952006,0.03981715471531738,0.07588365823819554,0.06203145972222532,0.0478418267397438,0.3148633667101512,0.2664492408454383,1
PUMA04000,Deep East Texas COG (Central)--Angelina & Nacogdoches Counties PUMA,0.3255251759889223,0.28762202142041854,0.36545506230414115,0,0.28303260463194346,0.3109009894776478,0.27974493781803594,0.29940426093701006,0.28961235106561506,0.2475141715453954,0.26633030608812647,0.2793832976445396,0.042492571356978814,0.01462418651127445,0.045780238170886334,0.02612091505191222,0.03591282492330722,0.07801100444352688,0.05919486990079581,0.04614187834438266,0.35086671271774317,0.30165271463462945,1
PUMA04100,Deep East Texas COG (East) & Jasper County PUMA,0.21814588401743296,0.18685684579036266,0.2504327387620997,0,0.18985074626865672,0.18964338312644646,0.16764029499616717,0.182635144476704,0.1828391371091541,0.13856850715746422,0.15828725985442108,0.16570261305719602,0.028295137748776233,0.028502500890986493,0.050505589021265784,0.03551073954072895,0.03530674690827887,0.07957737685996874,0.05985862416301188,0.05244327096023693,0.2383028065534005,0.19821822685113163,1
PUMA04200,Orange & Hardin Counties PUMA,0.18621379082359218,0.15521921047704262,0.2188526605243108,0,0.15876123354588506,0.16621612854393286,0.14533934287020706,0.1563578528827038,0.1557545294393354,0.12971400216528328,0.14479384174276186,0.15712696647068172,0.027452557277707124,0.019997662279659323,0.04087444795338513,0.029855937940888394,0.03045926138425678,0.0564997886583089,0.041419949080830326,0.029086824352910462,0.20462681532883087,0.16708050630885807,1
PUMA04301,Jefferson County (North Central)--Beaumont City PUMA,0.6652890831407049,0.6196917245051272,0.7075696738852251,1,0.6342649190650096,0.638474097195797,0.6028815652959396,0.6406689410974525,0.6284822781880802,0.5855591860488046,0.612679959138387,0.62929598931581,0.031024164075695304,0.026814985944907943,0.06240751784476528,0.024620142043252358,0.03680680495262467,0.07972989709190026,0.052609124002317875,0.035993093824894906,0.6890157068911088,0.6405454345451158,1
PUMA04302,Jefferson County (Outside Beaumont City)--Port Arthur City PUMA,0.3904980113956741,0.34592285775633913,0.43497353341779055,1e-4,0.37392803716625395,0.374505918847656,0.3438995549096117,0.36060681018337826,0.3555160959795471,0.30309092718223063,0.324821177505801,0.3457546649468529,0.016569974229420137,0.01599209254801809,0.04659845648606237,0.029891201212295826,0.034981915416126996,0.08740708421344345,0.06567683388987311,0.044743346448821164,0.41484036355592874,0.3656447778361653,0.9999
PUMA04400,Houston-Galveston Area Council--Liberty & Chambers Counties PUMA,0.23075162725871878,0.19613920634825,0.26704698071023325,0,0.19505007367448365,0.20675972308211854,0.17775008496657982,0.19380106290156263,0.19180837447430973,0.17217088751996348,0.1812574861004344,0.20164353542731922,0.03570155358423513,0.023991904176600243,0.053001542292138965,0.03695056435715616,0.03894325278440905,0.0585807397387553,0.04949414115828438,0.029108091831399563,0.2532549435048916,0.20762439389601423,1
PUMA04501,"Houston-Galveston Area Council--Montgomery County (Northeast), Conroe City (East) PUMA",0.2948250719372995,0.24619318194845374,0.34464229598870166,0,0.21318168221398553,0.24080594276449835,0.21052977669540265,0.24514910069215384,0.2337922973757315,0.22168321532000493,0.2460783589578302,0.2658561450100936,0.08164338972331397,0.05401912917280116,0.08429529524189686,0.04967597124514567,0.061032774561568,0.07314185661729458,0.04874671297946931,0.02896892692720593,0.3212896335315462,0.26800463099123234,1
PUMA04502,"Houston-Galveston Area Council--Montgomery County (West), Conroe City (West) PUMA",0.2538826842836237,0.20973551576114752,0.29920684649843676,0,0.16220471738668849,0.19345879053714887,0.1602867114289245,0.19734397528631445,0.1845304598086804,0.17690486548666776,0.19676967202288678,0.21268230843411517,0.09167796689693522,0.06042389374647483,0.0935959728546992,0.056538708997309256,0.0693522244749433,0.07697781879695595,0.05711301226073692,0.04120037584950853,0.27923331224440634,0.22818151888678137,1
PUMA04503,"Houston-Galveston Area Council--Montgomery County (South), The Woodlands (North) PUMA",0.4463146592830054,0.38504386540426516,0.5063871844704558,0.0684,0.32318635026143655,0.3656695433997361,0.30253349946444574,0.3829016149773703,0.34789057627804276,0.35651165842775273,0.3708722425226688,0.3851268828877731,0.12312830902156885,0.08064511588326928,0.14378115981855966,0.0634130443056351,0.09842408300496264,0.08980300085525267,0.07544241676033658,0.06118777639523232,0.47811914755489243,0.4112629030099753,0.9316
PUMA04504,Houston-Galveston Area Council--Montgomery County (Southeast) PUMA,0.3855833124559275,0.3290862656158046,0.4416810948753356,0.001,0.26160082114129524,0.3149592100042802,0.2698869989902876,0.32129541572015347,0.3049368912742898,0.31619521910055925,0.323263190572088,0.34747521321969654,0.12398249131463224,0.0706241024516473,0.11569631346563986,0.06428789673577401,0.08064642118163767,0.06938809335536822,0.06232012188383945,0.03810809923623093,0.41588052016084864,0.3531954679594898,0.999
PUMA04601,Houston City (North Central)--North of I-10 & Inside Loop I-610 PUMA,0.7475895113189127,0.7063509579728774,0.7852063674971133,1,0.7351836331216051,0.7388318330413922,0.6596418765208407,0.7117098923784182,0.6707608031944413,0.7155403348096487,0.6757465313579445,0.7043748984233338,0.012405878197307652,0.008757678277520498,0.087947634798072,0.03587961894049452,0.0768287081244714,0.03204917650926398,0.07184297996096822,0.04321461289557893,0.7712776193102648,0.7248751196426924,1
PUMA04602,Houston City (East Central)--East of I-45 & Inside Loop I-610 PUMA,0.780791673767127,0.7375214433526838,0.8199944632375886,1,0.8126060945901113,0.8154586382174854,0.7681511318071372,0.7499128013987728,0.7385419747547902,0.7658879791413559,0.6986482388134818,0.7449037523802389,-0.03181442082298436,-0.03466696445035844,0.01264054195998976,0.030878872368354182,0.04224969901233677,0.014903694625771124,0.08214343495364518,0.03588792138688812,0.8025196876717609,0.7612734993454816,1
PUMA04603,"Houston City (South Central)--South of US-59, West of I-45 & Inside Loop I-610 PUMA",0.8291766173868699,0.7990520961250537,0.8562886146660873,1,0.8036557222680943,0.8070490380559375,0.7397061648729811,0.8027018712295707,0.7672963164778995,0.8074742823186035,0.7970293577084014,0.8093005528319035,0.025520895118775533,0.022127579330932345,0.08947045251388874,0.026474746157299167,0.06188030090897034,0.021702335068266354,0.03214725967846843,0.019876064554966377,0.8462560496754147,0.8122369500797079,1
PUMA04604,Houston City (West Central)--South of I-10 & Inside Loop I-610 PUMA,0.707547617984587,0.660281138888597,0.7513847176894766,1,0.6250597912890818,0.6573465868147086,0.5692844704072237,0.6575559763652047,0.6022056443094926,0.6607988720855562,0.6521275014452628,0.6660318855162453,0.08248782669550514,0.050201031169878396,0.13826314757736324,0.0499916416193823,0.10534197367509435,0.046748745899030775,0.055420116539324216,0.041515732468341726,0.7326141099385802,0.6811816156501189,1
PUMA04605,Harris County (Southeast)--Pasadena City (North & Central)-Inside Beltway TX-8 PUMA,0.5499070509347367,0.485201293065884,0.6135519490282556,0.8921,0.5284610596311049,0.5491805993572819,0.5080064509099088,0.4965193807722667,0.4871403139193618,0.48687138307782646,0.43125555242549296,0.481110136874603,0.021445991303631784,7.264515774547675e-4,0.04190060002482787,0.05338767016246998,0.06276673701537488,0.06303566785691023,0.11865149850924372,0.06879691406013366,0.5828721862615001,0.5234350399516678,0.8921
PUMA04606,"Houston (East), Galena Park, Jacinto Cities & Cloverleaf PUMA",0.7088727484515631,0.6517806712653115,0.7624435073180422,1,0.7362995263934865,0.7392560298563206,0.6939967540689772,0.6687463423429323,0.6651334382008138,0.6734104455757848,0.5892339835958166,0.6436858728643379,-0.027426777941923386,-0.030383281404757434,0.014875994382585911,0.04012640610863083,0.043739310250749286,0.03546230287577834,0.11963876485574654,0.06518687558722525,0.7354816218108479,0.686520605217586,1
PUMA04607,Houston City (Northeast)--Between Loop I-610 & Beltway TX-8 PUMA,0.839874397236899,0.807363165281887,0.8698807772653291,1,0.8859383032702097,0.8786640291526602,0.839995188587571,0.839431155703572,0.8323064705881441,0.8358008261531991,0.7699150776690208,0.8046783502152947,-0.046063906033310675,-0.038789631915761125,-1.2079135067200042e-4,4.432415333270878e-4,0.007567926648754941,0.0040735710836999894,0.06995931956787826,0.03519604702160439,0.8557761823585489,0.8244526039289927,1
PUMA04608,Houston City (North) & Aldine--Between Loop I-610 & Beltway TX-8 PUMA,0.728226376091185,0.6654355293439883,0.7855591093716028,1,0.7908379550073534,0.7937377478783713,0.7502184282599996,0.7109062280731744,0.7040219111471313,0.7110066635178196,0.601157751341227,0.665433958837832,-0.06261157891616842,-0.06551137178718625,-0.021992052168814613,0.017320148018010628,0.024204464944053705,0.01721971257336541,0.12706862474995806,0.06279241725335305,0.7532086086625546,0.7077854490302735,1
PUMA04609,Houston City (North)--South of Aldine & Inside Beltway TX-8 PUMA,0.7162671568141814,0.6720437675634187,0.7577365674514186,1,0.716647983903993,0.7162090440487698,0.6579061188329557,0.6841593755986096,0.6596930346721773,0.6760893714912841,0.6320966373336446,0.6683553967983075,-3.808270898115751e-4,5.8112765411566514e-5,0.058361037981225716,0.032107781215571785,0.05657412214200408,0.040177785322897286,0.08417051948053678,0.04791176001587394,0.7410477593282537,0.6916782553144158,1
PUMA04610,Houston City (North)--West of Aldine & Inside Beltway TX-8 PUMA,0.7945727830399208,0.7527577120602948,0.8326329805232879,1,0.8315495106202189,0.8287235520605444,0.7885389039571964,0.7684169214100636,0.7627856226024009,0.7780914707724965,0.6966871061230615,0.7403011797600827,-0.03697672758029802,-0.03415076902062353,0.006033879082724458,0.02615586162985728,0.031787160437519946,0.01648131226742433,0.09788567691685934,0.054271603279838154,0.8153033644971915,0.776801933432404,1
PUMA04611,Houston City (Northwest)--Between Loop I-610 & Beltway TX-8 PUMA,0.6388473790429705,0.581785117333591,0.6932292101470982,1,0.5980139462328624,0.6219615385662882,0.571358632350452,0.5818386928782291,0.5659317413279975,0.577056706998805,0.5410688285272913,0.581147831987761,0.040833432810108095,0.01688584047668229,0.06748874669251848,0.05700868616474142,0.072915637714973,0.06179067204416555,0.09777855051567919,0.05769954705520952,0.670040928203414,0.6095368399230818,1
PUMA04612,Houston (West) & Spring Valley Village Cities--Between Loop I-610 & Beltway TX-8 PUMA,0.5550795458604677,0.5016380541544185,0.6063659005282546,0.9557,0.46111802256737355,0.48903475184862366,0.41865054609954994,0.49535933877371696,0.45453346366198943,0.4748260639988625,0.4766950356300587,0.5033202333371607,0.09396152329309415,0.06604479401184404,0.13642899976091777,0.05972020708675074,0.10054608219847827,0.08025348186160519,0.07838451023040899,0.05175931252330701,0.5863977240897381,0.5242987757759566,0.9557
PUMA04613,Houston (West) & Hunters Creek Village Cities--Between Loop I-610 & Beltway TX-8 PUMA,0.5106919994653663,0.45767626871973927,0.5618810854997973,0.6266,0.43758933934996463,0.46001970429143507,0.38188424395774667,0.4776411470446241,0.4257664016818799,0.42906459195956115,0.44393398646533433,0.4617508448570698,0.07310266011540162,0.05067229517393118,0.12880775550761958,0.03305085242074213,0.08492559778348635,0.0816274075058051,0.06675801300003192,0.048941154608296455,0.5437022922617563,0.47985943361504607,0.6266
PUMA04614,"Houston City (West)--Westpark Tollway, Between Loop I-610 & Beltway TX-8 PUMA",0.6945597166206366,0.6411499819361685,0.7436163521585284,1,0.7029043521539999,0.7142778844808232,0.6560780206723987,0.6830367219829657,0.6568539109581748,0.6527391617133869,0.6005330212391478,0.6370248038522577,-0.008344635533363287,-0.019718167860186542,0.038481695948237915,0.011522994637670925,0.037705805662461844,0.041820554907249785,0.09402669538148889,0.057534912768378965,0.7216675964480395,0.6703943231546484,1
PUMA04615,Houston (Southwest) & Bellaire (Southeast) Cities--Between Loop I-610 & Beltway TX-8 PUMA,0.6643522058487467,0.6147924516144108,0.7109593147814718,1,0.6381305391610612,0.6404255406446844,0.5744046625699981,0.6250401003636437,0.5890771578854966,0.6067579903277025,0.57937645959057,0.6051579814405245,0.02622166668768544,0.02392666520406228,0.08994754327874854,0.039312105485103,0.07527504796325002,0.057594215521044156,0.08497574625817661,0.059194224408222196,0.6938707966660103,0.6377698660517491,1
PUMA04616,Houston City (Southwest)--Between Loop I-610 & Beltway TX-8 PUMA,0.7564248596650721,0.7173876305841638,0.7925709018859988,1,0.7421804259315136,0.7401291666364019,0.6818009347531301,0.7277415780851367,0.7055387047736036,0.7176237938158215,0.6897711149576266,0.7078786070260238,0.014244433733558548,0.016295693028670177,0.07462392491194203,0.028683281579935382,0.05088615489146853,0.03880106584925058,0.06665374470744556,0.048546252639048326,0.7800485803334851,0.7340954654532834,1
PUMA04617,Houston City (South)--Between Loop I-610 & Beltway TX-8 PUMA,0.8909013025174423,0.8652539323763884,0.9139120595923007,1,0.9291107878839335,0.9253486560058041,0.882594866409606,0.8951974617664388,0.8874394408824114,0.8984441379980221,0.8411044242713386,0.8688173783690206,-0.03820948536649127,-0.03444735348836181,0.008306436107836213,-0.004296159248996512,0.0034618616350308162,-0.007542835480579879,0.04979687824610368,0.02208392414842164,0.9039954687690015,0.8800579453806998,1
PUMA04618,Houston City (Southeast)--West of Pasadena City & Outside Loop I-610 PUMA,0.8356486422751246,0.7968758601915519,0.8700060221863617,1,0.8861417116423173,0.8727102636312,0.8302883753005589,0.8249109340346334,0.8174705539658124,0.8286722358482745,0.7586417761520409,0.7977835119016995,-0.05049306936719267,-0.03706162135607538,0.005360266974565708,0.01073770824049114,0.018178088309312224,0.006976406426850046,0.07700686612308372,0.03786513037342509,0.8526013132982315,0.8212838335644103,1
PUMA04619,Houston (Southeast) & South Houston Cities--Inside Beltway TX-8 PUMA,0.6548965997444726,0.5953722733732644,0.7099937525074205,1,0.6865426944481028,0.6933987418775676,0.6461986659557174,0.6123540052451553,0.6055868426534325,0.6125841334136976,0.5283914288566496,0.5837207711121029,-0.03164609470363022,-0.038502142133094996,0.008697933788755163,0.0425425944993173,0.04930975709104002,0.04231246633077501,0.12650517088782298,0.07117582863236971,0.683260754333272,0.6284922999239291,1
PUMA04620,Houston (Southeast) & Webster Cities PUMA,0.558221232409142,0.5060088674840677,0.608160613639467,0.9649,0.4895910122278793,0.5208080220129987,0.467289374074951,0.49772465955076756,0.48080986967950845,0.49172239627645886,0.46376654630323233,0.49770344172502784,0.06863022018126269,0.037413210396143315,0.09093185833419098,0.06049657285837445,0.07741136272963356,0.06649883613268315,0.09445468610590968,0.06051779068411417,0.5894950826374072,0.5288099026054877,0.9649
PUMA04621,"Houston (Southeast), Pasadena (Southeast), La Porte (South) & Seabrook (East) Cities PUMA",0.4628835539390639,0.4108768049115624,0.514493163594526,0.1181,0.352018554855834,0.39169823445147817,0.33319460683728186,0.39356585598365873,0.36699673396951055,0.3887188786004516,0.3818303329012568,0.4037663332912258,0.11086499908322989,0.07118531948758572,0.12968894710178203,0.06931769795540516,0.09588681996955334,0.07416467533861226,0.0810532210378071,0.05911722064783809,0.4948222481534486,0.43161363552874404,0.8819
PUMA04622,"Harris County (East)--Deer Park, La Porte (North) Cities & Channelview PUMA",0.4407896545256333,0.39281661536703616,0.4890268117365891,0.0228,0.382105664878776,0.41311699664354895,0.37563166699700984,0.3874515669367442,0.37909974741740404,0.37461039674659075,0.35246282870145224,0.3928276300555277,0.05868398964685728,0.02767265788208434,0.06515798752862345,0.05333808758888908,0.06168990710822925,0.06617925777904254,0.08832682582418105,0.04796202447010561,0.470530111642554,0.4154456616484861,0.9772
PUMA04623,Harris County (East)--Baytown City PUMA,0.5015494875578325,0.44544282943285163,0.5556763742243005,0.5134,0.43962352648325004,0.4629890251189931,0.42855622004291644,0.44632440442351284,0.43659863615089156,0.42194586803891104,0.41573187670554984,0.4473025691512345,0.061925961074582425,0.03856046243883937,0.07299326751491603,0.05522508313431962,0.0649508514069409,0.07960361951892142,0.08581761085228262,0.054246918406597955,0.5330769633895197,0.4743331312387442,0.5134
PUMA04624,Harris County (Northeast)--Houston City (Far Northeast) PUMA,0.3923266930546877,0.34285460633657816,0.4416608137401447,1e-4,0.2742206021620623,0.3133022525712517,0.26225377448266507,0.32335144970954244,0.30233190605773697,0.31326758170053887,0.3260152441042222,0.34656754371935783,0.11810609089262541,0.07902444048343599,0.13007291857202263,0.06897524334514527,0.08999478699695074,0.07905911135414884,0.06631144895046548,0.045759149335329874,0.42313812390274486,0.3628393269231884,0.9999
PUMA04625,"Harris County (North)--Houston (North), Humble Cities & Atascocita PUMA",0.6275824990932458,0.5798450790608045,0.6720099195706107,1,0.530396253280964,0.5650716774488719,0.5184280093005524,0.570391933063196,0.5541084653046154,0.5711062144623348,0.5620489202896506,0.591802958589877,0.09718624581228186,0.06251082164437394,0.10915448979269338,0.057190566030049794,0.07347403378863038,0.05647628463091103,0.06553357880359523,0.035779540503368845,0.6563768967948405,0.5998734848344213,1
PUMA04626,"Harris County (North)--Houston City (North)-I-45, Between Beltway TX-8 & FM-1960 PUMA",0.8253896129983721,0.786492465469129,0.8596284058290214,1,0.8611590499609743,0.8671239828479992,0.8236617368720268,0.8127189603646989,0.807190358453705,0.8175826507889555,0.7332359782997135,0.7751269287835774,-0.03576943696260215,-0.041734369849627084,0.0017278761263452846,0.012670652633673174,0.018199254544667087,0.007806962209416568,0.09215363469865856,0.05026268421479474,0.844074813076817,0.8090096253540802,1
PUMA04627,Harris County (Far North)--Spring PUMA,0.5803682993742436,0.5276049188317441,0.6307676927604633,0.9944,0.460637131441974,0.5071780705877124,0.46272348292141446,0.5189626398239159,0.5058168710666754,0.5062890512747977,0.5084291175013704,0.5400072952786731,0.11973116793226962,0.07319022878653125,0.11764481645282915,0.06140565955032773,0.07455142830756822,0.07407924809944588,0.07193918187287318,0.04036100409557053,0.6115719582011544,0.5518162636597458,0.9944
PUMA04628,Harris County (Northwest)--Jersey Village City-Between Beltway TX-8 & FM-1960 PUMA,0.5907145910202056,0.539428920798348,0.6403492849076637,0.9974,0.5307414773494669,0.559721560623748,0.5077712394800203,0.546124196808335,0.5258768144265511,0.5229078308847673,0.5045983900671216,0.5378027676265275,0.059973113670738765,0.03099303039645762,0.08294335154018528,0.04459039421187061,0.06483777659365453,0.0678067601354383,0.08611620095308403,0.05291182339367817,0.6216520596970624,0.5615970053688438,0.9974
PUMA04629,"Harris County (North)--North of FM-1960, West of I-45 & East of TX-249 PUMA",0.5035176140706397,0.4504098307211717,0.5548330300886677,0.5375,0.37820904588837895,0.4214967503446494,0.3708697117173338,0.44283195878441817,0.41920803437575993,0.42205790120896247,0.43662846991223486,0.4618033170033127,0.12530856818226072,0.08202086372599027,0.13264790235330587,0.060685655286221496,0.08430957969487973,0.08145971286167719,0.0668891441584048,0.04171429706732699,0.5338141634494112,0.47399951097851883,0.5375
PUMA04630,Harris County (Far North)--Tomball City & The Woodlands (Southwest) PUMA,0.40565536931911544,0.35423618853907063,0.45716182864352106,0.0015,0.29831100268782407,0.34214502668358504,0.29378026797391554,0.35027496933162156,0.32376799028645864,0.32947884427078716,0.33944176261057296,0.36597701326075077,0.10734436663129138,0.0635103426355304,0.1118751013451999,0.05538039998749389,0.0818873790326568,0.07617652504832828,0.06621360670854248,0.03967835605836467,0.43703878175604727,0.3750383571389194,0.9985
PUMA04631,Harris County (Northwest)--North of US-290 & North of FM-1960 PUMA,0.44179992039687355,0.3897387495475309,0.49306317659429955,0.0314,0.3251596402199051,0.3678376238451089,0.31720820482434436,0.3775400671249472,0.3544610632603086,0.35838155263058014,0.3707848416002921,0.3957530504599477,0.11664028017696842,0.07396229655176467,0.12459171557252918,0.06425985327192635,0.08733885713656497,0.08341836776629341,0.07101507879658142,0.04604686993692586,0.4755435617527941,0.41219260011916903,0.9686
PUMA04633,Harris County (Northwest)--South of US-290 & West of TX-6 PUMA,0.5804125750866896,0.527644839770826,0.630848437596354,0.9934,0.5076107537099114,0.5517013286801122,0.5025213432828908,0.5352040254497028,0.514931036326002,0.5185086367105303,0.4885508570738506,0.525480329279156,0.07280182137677826,0.028711246406577406,0.07789123180379887,0.04520854963698684,0.06548153876068763,0.06190393837615937,0.09186171801283904,0.05493224580753364,0.6117256413454669,0.5503316832815555,0.9934
PUMA04634,Harris County (West)--Houston City (West)-North of US-90 & West of TX-6 PUMA,0.6371500484712177,0.5828455410262855,0.689747546750419,1,0.5974734269159772,0.635385929407213,0.5872043044217559,0.602020472874064,0.5888293604418069,0.5855475114089057,0.5340944370540619,0.575712584050377,0.03967662155524054,0.0017641190640047544,0.04994574404946184,0.035129575597153684,0.04832068802941081,0.05160253706231199,0.1030556114171558,0.06143746442084075,0.6669513524008589,0.6096775818896083,1
PUMA04635,Houston City (West)--South of I-10 & West of TX-6 PUMA,0.5372394347642047,0.4835668613552626,0.5881157663356918,0.8774,0.47596758584714194,0.5028226619749647,0.4504884451004667,0.5028745203563086,0.47886960664239486,0.46377440170946493,0.4574895117823324,0.4868579747663669,0.06127184891706272,0.034416772789239936,0.08675098966373795,0.03436491440789602,0.0583698281218098,0.07346503305473973,0.07974992298187228,0.050381459997837774,0.5686609972893353,0.5060338545688521,0.8774
PUMA04636,Houston City (West)--East of TX-6 & West of Beltway TX-8 PUMA,0.5549440420274756,0.5026259763483634,0.6063447909452624,0.9567,0.46367916060744807,0.48857263052303573,0.4167703154591951,0.504049620857609,0.4631939187427093,0.47181532179014224,0.48027324031308344,0.5028408650772501,0.09126488142002753,0.06637141150443987,0.13817372656828053,0.050894421169866644,0.09175012328476628,0.08312872023733336,0.07467080171439217,0.05210317695022548,0.5878383476716555,0.5239106414470519,0.9567
PUMA04637,"Houston City (West)--Westpark Tollway, West of Beltway TX-8 PUMA",0.6715619939878155,0.6217168267202954,0.7172775231473972,1,0.6526995134254974,0.6538557915433149,0.5980786369841167,0.633152184452678,0.6112612320361941,0.6101263597862392,0.5866756987634932,0.6151994493295149,0.018862480562318096,0.017706202444500607,0.07348335700369879,0.03840980953513751,0.06030076195162137,0.06143563420157627,0.08488629522432223,0.056362544658300595,0.7004201463917143,0.6451511061333343,1
PUMA04638,Houston City (Southwest)--East of TX-6 & West of Beltway TX-8 PUMA,0.6938247208873725,0.6394473819287243,0.7442450310653825,1,0.7697562955736368,0.7404585623466374,0.6980719843455794,0.6438781730899429,0.637479837104043,0.6514303457334684,0.5655379150359745,0.604114726325657,-0.07593157468626432,-0.04663384145926497,-0.004247263458206918,0.049946547797429575,0.05634488378332947,0.042394375153904096,0.12828680585139796,0.08970999456171547,0.7223403862159258,0.6697166792611634,1
PUMA04639,Harris County (Far Northwest) PUMA,0.46934907381620045,0.4140099986370001,0.5242440737142364,0.1739,0.3487336623156934,0.39634390272798925,0.34654252231946414,0.4033207703598242,0.37959554343357793,0.38636073037628293,0.4005734172222403,0.43175953893976904,0.12061541150050703,0.0730051710882112,0.1228065514967363,0.066028303456376225,0.08975353038262252,0.08298834343991751,0.06877565659396012,0.03758953487643141,0.5012484741770478,0.43715160965944416,0.8261
PUMA04640,Harris County (Far Northwest)--Katy City (Northeast) PUMA,0.5293580997014737,0.47669837057441733,0.5807397904535492,0.8227,0.43279598913493317,0.48560264000395237,0.44205836287820566,0.4847931969467063,0.46755244983808053,0.478284780707448,0.46146378834876334,0.49916706103242575,0.09656211056654057,0.04375545969752137,0.08729973682326808,0.04456490275476743,0.06180564986339321,0.05107331899402573,0.0678943113527104,0.030191038669047987,0.5605350157147252,0.500479080516834,0.8227
PUMA04701,"Galveston County (Central, South & East)--Galveston, Texas City & La Marque Cities PUMA",0.488198536621972,0.43716615901307504,0.5367192906992833,0.3354,0.4547445627331605,0.4727396428187958,0.43154032950058696,0.446603218928542,0.43691966249569564,0.4237600746062688,0.40976422453287203,0.43490814061903454,0.033453973888811495,0.015458893803176166,0.05665820712138503,0.04159531769343,0.05127887412627635,0.06443846201570319,0.07843431208909996,0.053290396002937446,0.5142149246579892,0.46099515406125613,0.6646
PUMA04702,Galveston County (Northwest)--League City & Friendswood City PUMA,0.39276668082591587,0.3371229669619231,0.44766451593412815,9e-4,0.298079619959954,0.3356452768062007,0.28343508899321157,0.33228335076664794,0.3105032937593058,0.3233191580595949,0.3204823027499545,0.34163995253271856,0.09468706086596185,0.05712140401971516,0.1093315918327043,0.060483330059267926,0.08226338706661007,0.06944752276632099,0.07228437807596139,0.05112672829319731,0.42157665258648963,0.3607498809264227,0.9991
PUMA04801,"Houston-Galveston Area Council--Brazoria County (North), Pearland City PUMA",0.6029647837819989,0.5479602567692414,0.6562964104057156,0.9986,0.5106239429888083,0.5520157219756181,0.49151531189221165,0.5498940571423252,0.5288070694398473,0.5521514412005607,0.5370659191020748,0.5638756179645049,0.0923408407931906,0.05094906180638081,0.11144947188978727,0.053070726639673715,0.07415771434215157,0.050813342581438214,0.06589886467992412,0.039089165817494,0.6304250839265055,0.5676264084899527,0.9986
PUMA04802,"Houston-Galveston Area Council--Brazoria County (Central), Alvin City PUMA",0.4314446360128329,0.37858067039474086,0.48443872424108114,0.0168,0.30390543010821214,0.34316197559353323,0.29989149895347494,0.346103380320639,0.3336182477362434,0.34795312927779964,0.36245900046517887,0.38882041253091176,0.12753920590462076,0.08828266041929966,0.13155313705935795,0.08534125569219392,0.09782638827658952,0.08349150673503325,0.06898563554765402,0.04262422348192113,0.46201686825091576,0.39830010516459835,0.9832
PUMA04803,"Houston-Galveston Area Council--Brazoria County (Southwest), Lake Jackson City PUMA",0.32750801693014747,0.27635414639783806,0.3798906182232552,0,0.27102101414410684,0.2808114273981397,0.24525530768894868,0.27242517606523653,0.2638143656803199,0.24338789732944838,0.24889876027262203,0.27095407615687994,0.05648700278604063,0.04669658953200778,0.08225270924119879,0.05508284086491094,0.06369365124982757,0.0841201196006991,0.07860925665752544,0.05655394077326753,0.35656507435609547,0.29599745175200864,1
PUMA04901,Fort Bend County (East)--Missouri City PUMA,0.7552455927757444,0.7120494245999988,0.7935342403696388,1,0.7391997912528538,0.7488657741261335,0.6830301203893174,0.7288535039973593,0.7112808631570379,0.7164811007889516,0.6815682107931054,0.707385768718982,0.01604580152289059,0.006379818649610902,0.072215472386427,0.02639208877838517,0.043964729618706566,0.03876449198679288,0.07367738198263907,0.04785982405676248,0.7752734058725683,0.7318972398799026,1
PUMA04902,Fort Bend County (Northeast)--Sugar Land & Stafford Cities PUMA,0.587086510557717,0.529259622338291,0.6406831927345504,0.9928,0.5230097506345724,0.5531088666488212,0.48147155627321797,0.550559819997112,0.5141645803220061,0.5144292598212981,0.4932286453986256,0.5278300861256363,0.06407675992314454,0.033977643908895794,0.10561495428449902,0.03652669056060498,0.07292193023571092,0.07265725073641893,0.09385786515909139,0.05925642443208068,0.6180096940600214,0.5533925791166512,0.9928
PUMA04903,"Fort Bend County (Central)--Rosenberg City, Pecan Grove & New Territory PUMA",0.5466126964950483,0.4900487318028234,0.6004074680177088,0.9086,0.46374636594655577,0.49390720962004936,0.4348319456780552,0.5003297476928703,0.4709526054875262,0.4621558507575437,0.45966585627253265,0.4902079480152238,0.08286633054849252,0.05270548687499893,0.11178075081699307,0.04628294880217798,0.07566009100752208,0.08445684573750462,0.08694684022251564,0.05640474847982446,0.5781694423602725,0.5151537415431346,0.9086
PUMA04904,"Fort Bend County (North)--Mission Bend (Southwest), Cinco Ranch & Four Corners PUMA",0.6363171096202702,0.5829168853901707,0.6865521669883936,1,0.5861718578419609,0.6177994943046825,0.5567426950870866,0.5976175079293553,0.5748392304025502,0.5795785966751803,0.5354593380737657,0.5768605203344026,0.05014525177830931,0.01851761531558771,0.07957441453318359,0.03869960169091491,0.061477879217719966,0.056738512945089914,0.10085777154650455,0.05945658928586761,0.664416495301347,0.6057581737721142,1
PUMA04906,Fort Bend County (Northwest) PUMA,0.4548300217700068,0.39402057578308647,0.5132705315132933,0.1039,0.3401615339199241,0.3846534811995881,0.3269378184137063,0.4017703686318968,0.37016540099939554,0.3731486365269097,0.3821333109901055,0.40887110736019494,0.11466848785008271,0.07017654057041872,0.12789220335630053,0.05305965313811001,0.08466462077061127,0.0816813852430971,0.07269671077990131,0.04595891440981187,0.4861623255487572,0.41851877428133116,0.8961
PUMA04907,Fort Bend County (South) PUMA,0.6008246619113935,0.5503513457858945,0.647276909935798,0.9993,0.538989064614839,0.5682485754899476,0.5152252648369066,0.5677899008515646,0.5491960545378405,0.5510980692759142,0.5489902298003609,0.5773308830438002,0.06183559729655452,0.03257608642144594,0.08559939707448694,0.03303476105982894,0.051628607373553015,0.049726592635479294,0.05183443211103256,0.023493778867593296,0.6265184030778561,0.5727209820723413,0.9993
PUMA05000,Houston-Galveston Area Council (West) PUMA,0.3283930892601697,0.29073624475642307,0.3679814998788855,0,0.2833235139567841,0.29552156916535216,0.2625958143140126,0.2856473954607531,0.2770273856278527,0.23517173284434728,0.27131045584254043,0.2887827273855317,0.04506957530338557,0.03287152009481753,0.06579727494615711,0.04274569379941662,0.05136570363231702,0.09322135641582241,0.05708263341762926,0.03961036187463801,0.3554345446157777,0.3023174664381664,1
PUMA05100,"Capital Area COG (East)--Bastrop, Caldwell, Fayette & Lee Counties PUMA",0.42891855566820186,0.3844044873913176,0.472386920261032,0.0026,0.33970861022565596,0.38038972186204506,0.329299162986641,0.37122080827856246,0.3658819863459959,0.3478876981666814,0.3504439148312076,0.3706373343694315,0.0892099454425459,0.0485288338061568,0.09961939268156084,0.0576977473896394,0.06303656932220597,0.08103085750152045,0.07847464083699424,0.058281221298770336,0.45756143468345534,0.39906399205177606,0.9974
PUMA05201,"Capital Area COG--Williamson County (North), Georgetown (East) & Taylor Cities PUMA",0.46168296548617554,0.40455768995081137,0.5165451852594287,0.1273,0.3368269220807479,0.393882908828374,0.33392830733140805,0.3938909141842936,0.3768628269722429,0.3794680862241813,0.3939440970979215,0.41219011884169027,0.12485604340542766,0.06780005665780153,0.1277546581547675,0.06779205130188193,0.08482013851393266,0.08221487926199422,0.06773886838825405,0.04949284664448528,0.491954447972137,0.4252746979539423,0.8727
PUMA05202,"Capital Area COG--Williamson County (Southeast), Round Rock City PUMA",0.6291292440065416,0.5714389919401379,0.682791171825593,0.9998,0.506180950591739,0.5792595899443956,0.5072430092961022,0.5712315624929808,0.5486682548282659,0.5721191326395872,0.5566422633902397,0.5776082578378866,0.12294829341480262,0.04986965406214594,0.12188623471043936,0.057897681513560784,0.08046098917827571,0.05701011136695433,0.07248698061630188,0.05152098616865497,0.658762248771648,0.5931261516529938,0.9998
PUMA05203,"Williamson County (South)--Austin City (Far North), Brushy Creek & Jollyville PUMA",0.6899197769146767,0.6355006457424792,0.7396028433799126,1,0.5690478399761285,0.6399955343782188,0.5635198967672231,0.6344741562218169,0.6039940523130074,0.6413301960744944,0.6252853055362523,0.6449191245000763,0.12087193693854814,0.049924242536457886,0.12639988014745351,0.05544562069285974,0.08592572460166925,0.04858958084018228,0.06463447137842437,0.045000652414600384,0.7154172601014499,0.6570736944661262,1
PUMA05204,"Capital Area COG--Williamson County (West), Cedar Park & Leander Cities PUMA",0.5316020076509679,0.4717351938611919,0.5886618011475523,0.8032,0.4128378859463835,0.481565780008864,0.4119142932460918,0.4753104018183223,0.4529557742092975,0.47091081090842035,0.4592195908602894,0.48027249123227356,0.11876412170458439,0.05003622764210386,0.11968771440487608,0.056291605832645586,0.07864623344167038,0.060691196742547526,0.07238241679067847,0.05132951641869432,0.5614660174790661,0.49333792974660795,0.8032
PUMA05301,"Travis County (Northeast)--Pflugerville, Manor Cities & Wells Branch PUMA",0.7297259682617767,0.685093647463491,0.7706421017031608,1,0.6426770360000564,0.6989645421567137,0.6416247831407615,0.6853947106544103,0.6680407001972591,0.698947556007097,0.654460809318415,0.6811938087422088,0.08704893226172028,0.03076142610506305,0.08810118512101517,0.04433125760736645,0.06168526806451757,0.0307784122546797,0.07526515894336172,0.04853215951956791,0.7544967665022466,0.7059534400042121,1
PUMA05302,Austin City (North) PUMA,0.8077274128673227,0.7706512362025209,0.8404297747998719,1,0.7410320968026163,0.7847987764133721,0.7286062446777849,0.7671973125581134,0.7454664637534788,0.7843641463086566,0.7499039997876715,0.7700463404714364,0.06669531606470647,0.0229286364539506,0.07912116818953785,0.04053010030920934,0.062260949113843944,0.023363266558666163,0.05782341307965122,0.03768107239588636,0.8271928566137464,0.7878140011064908,1
PUMA05303,Austin City (Northeast) PUMA,0.8730114361759563,0.8461923253313652,0.8963006397307517,1,0.8621546369290508,0.8860279368383316,0.8442997746010633,0.852962023094285,0.8361476054425355,0.8767177494379075,0.8229754613049451,0.8461363310877593,0.010856799246905524,-0.013016500662375252,0.02871166157489302,0.020049413081671297,0.03686383073342081,-0.003706313261951144,0.05003597487101119,0.026875105088197015,0.886316672570817,0.8599180564122607,1
PUMA05304,Austin City (Southeast) PUMA,0.8467721036968013,0.814104493178329,0.8759578406526235,1,0.8468629183101422,0.8829914466702065,0.8360536049920063,0.8418993824218977,0.823901378775731,0.8552394696642074,0.7743252021347609,0.8090565916654902,-9.08146133408172e-5,-0.03621934297340512,0.010718498704795021,0.00487272127490368,0.02287072492107034,-0.008467365967406049,0.07244690156204048,0.03771551203131118,0.8625102000682736,0.8312669248648636,1
PUMA05305,Austin City (Northwest) PUMA,0.6878776222534939,0.6380550775728555,0.73477887572533,1,0.5817677349817808,0.626623906921772,0.5434352270552508,0.6307498305393879,0.5804385875756525,0.6235854070005497,0.6199347102025853,0.6312581104781642,0.10610988727171311,0.06125371533172197,0.1444423951982431,0.05712779171410598,0.10743903467784144,0.06429221525294426,0.06794291205090863,0.056619511775329756,0.7129393792847739,0.6611488520551477,1
PUMA05306,Austin City (Central) PUMA,0.8485702585848409,0.8189660737917335,0.87527909869129,1,0.807919781588618,0.8371794796878452,0.7656129545652319,0.8214296963019232,0.7797659371282243,0.8369438203275605,0.7999992390630214,0.8185151375311324,0.04065047699622293,0.01139077889699569,0.08295730401960899,0.027140562282917724,0.068804321456616635,0.01162643825728038,0.048571019521819525,0.030055121053708556,0.8636900934928263,0.8329137590788928,1
PUMA05307,Austin City (South) PUMA,0.8538486444094657,0.824438505323834,0.8798335457510431,1,0.8221197083498379,0.8611355065544073,0.8085536564796016,0.8291054553226014,0.8073512980328115,0.8487838246267627,0.7943089128415651,0.8214641763168765,0.03172893605962779,-0.007286862144941564,0.04529498792986408,0.024743189086864348,0.04649734637665426,0.005064819782703012,0.0595397315679006,0.032384468092589214,0.8691469166194118,0.838244377999729,1
PUMA05308,"Austin City (Southwest), Lost Creek & Barton Creek PUMA",0.7445256854252476,0.6995922420755907,0.7857663087022415,1,0.6521766501268069,0.6957477872589356,0.6188815380680003,0.6929178031304748,0.649728158154092,0.6965370648105692,0.6814418583266312,0.6954241622408976,0.09234903529844063,0.04877789816631195,0.12564414735724727,0.051607882294772756,0.09479752727115554,0.047988620614678346,0.06308382709861637,0.049101523184349904,0.76706265757651,0.7208713709384882,1
PUMA05309,"Travis County (West, South & Outside Austin City) PUMA",0.5907475834206996,0.5395084138761972,0.6397852986683472,0.9971,0.48184257975833206,0.5413841976689814,0.4751264825112076,0.5347569294617135,0.5048696369843345,0.5290876623956684,0.5178422126646113,0.5375219025687135,0.1089050036623675,0.04936338575171817,0.11562110090949196,0.05599065395898606,0.08587794643636504,0.06165992102503115,0.07290537075608827,0.05322568085198609,0.6189120641709152,0.5629218661494698,0.9971
PUMA05401,Capital Area COG (Southwest)--Hays County (West) PUMA,0.539748194494261,0.4802518862558285,0.5963701792940188,0.86,0.4155039678510585,0.48275759985463423,0.41388491429542734,0.4731860978871017,0.44519839487462703,0.4690935368326235,0.461122440244297,0.47989520772537336,0.12424422664320256,0.0569905946396268,0.1258632801988337,0.06656209660715934,0.094549799619634,0.07065465766163753,0.07862575424996404,0.05985298676888767,0.5680960359284352,0.502694919117135,0.86
PUMA05402,Capital Area COG (Southwest)--Hays County (East) PUMA,0.7007425049154112,0.6476342356676259,0.749243814176781,1,0.6123885155512255,0.7111974028119216,0.6465653603855662,0.6640430533540763,0.6420841606874956,0.6869489952966321,0.6144435272923584,0.6481353734358364,0.0883539893641857,-0.010454897896510329,0.05417714452984501,0.03669945156133492,0.058658344227915604,0.01379350961877912,0.08629897762305283,0.052607131479574853,0.7259205363890233,0.6721943442648387,1
PUMA05500,Golden Crescent Regional Planning Commission (North) & Wilson & Karnes Counties PUMA,0.2558891129225594,0.2208530468026526,0.29315842485627164,0,0.22098155343468256,0.22272225176942273,0.1876914852055189,0.2161511194595086,0.20891373553847348,0.17926019601644008,0.19330583106585916,0.21574749043977057,0.03490755948787683,0.03316686115313666,0.0681976277170405,0.03973799346305079,0.046975377384085915,0.07662891690611931,0.06258328185670023,0.040141622482788825,0.2797270760948805,0.2319829504588219,1
PUMA05600,Golden Crescent Regional Planning Commission (Southeast)--Victoria & Calhoun Counties PUMA,0.34047769777319536,0.2947337551387974,0.38561939495286646,0,0.29769357942380137,0.29948978051505,0.26982968369829685,0.30168324222794807,0.29373660747272234,0.25397658325407496,0.276892523364486,0.2917294672121343,0.042784118349393996,0.04098791725814538,0.07064801407489851,0.0387944555452473,0.04674109030047302,0.0865011145191204,0.06358517440870937,0.04874823056106109,0.3655075630488165,0.3116260900219983,1
PUMA05700,Alamo Area COG (Northeast)--Guadalupe County PUMA,0.43498308704230226,0.3816544714837272,0.48763995200374677,0.0224,0.33424204423604675,0.3717163115315549,0.322414984406805,0.37723617695591816,0.3559362709152723,0.3441800917529073,0.3509565176113168,0.3780337510524325,0.10074104280625551,0.06326677551074739,0.11256810263549727,0.05774691008638411,0.07904681612702996,0.09080299528939495,0.08402656943098546,0.05694933598986979,0.46704057290934686,0.4052265403227281,0.9776
PUMA05800,Alamo Area COG (Northeast)--Comal County PUMA,0.3395954388967135,0.28922697071491954,0.39148573327869424,0,0.23980193350624854,0.27631384524454516,0.23272458045409675,0.2835118653358609,0.2619371174373091,0.2604548291676843,0.2702175016595728,0.28887281232037737,0.09979350539046497,0.06328159365216834,0.10687085844261676,0.056083573560852584,0.07765832145940443,0.0791406097290292,0.0693779372371407,0.05072262657633614,0.36830364465052656,0.3102172934950907,1
PUMA05901,San Antonio City (Central) PUMA,0.790590599481454,0.7468065194985435,0.8309115650001855,1,0.8303118588083966,0.832589091491141,0.7754313241822492,0.7822764662061229,0.760402868826367,0.7950061873935855,0.7112535358995572,0.7553628919461087,-0.03972125932694259,-0.04199849200968697,0.0151592752992048,0.008314133275331148,0.030187730655087064,-0.00441558791213148,0.07933706358189685,0.03522770753534532,0.8112628247560788,0.770475758053938,1
PUMA05902,San Antonio City (Northeast)--Inside Loop I-410 PUMA,0.6839777566512226,0.637723730945325,0.7275782672965806,1,0.5994940487829997,0.6249829225924562,0.5497683785831188,0.6299791194700701,0.5815412319643709,0.6224372991935226,0.6063331475817577,0.6289695063077269,0.0844837078682229,0.05899483405876638,0.13420937806810385,0.0539986371811525,0.10243652468685172,0.06154045745769998,0.07764460906946491,0.05500825034349577,0.7100596065941704,0.6557938784282811,1
PUMA05903,San Antonio City (Southeast)--Inside Loop I-410 PUMA,0.7343839323198273,0.679175730821065,0.786148985010497,1,0.732045325063724,0.7453676342714328,0.6765483822594069,0.7098953228124856,0.6889218758439098,0.7117461090843763,0.6455073622317347,0.6916619514130359,0.0023386072561033533,-0.010983701951605473,0.057835550060420404,0.024488609507341774,0.0454620564759175,0.02263782323545105,0.08887657008809269,0.04272198090679147,0.758967760227591,0.7103035425489054,1
PUMA05904,San Antonio City (Northwest)--Inside Loop I-410 PUMA,0.7455785159765733,0.6978290759118195,0.7906190652441483,1,0.7238539323287906,0.7466131634950078,0.6838948960860235,0.716238298702398,0.6944371350216508,0.7243461238994142,0.6669053159515638,0.7077033224361851,0.021724583647782736,-0.0010346475184345172,0.06168361989054982,0.02934021727417535,0.05114138095492249,0.0212323920771591,0.07867320002500955,0.03787519354038826,0.768802383920153,0.7215923178638918,1
PUMA05905,San Antonio City (West)--Inside Loop I-410 PUMA,0.7446701249415755,0.6882292315589822,0.7968090634516791,1,0.7698868000571832,0.7802645611327054,0.7194046460641648,0.7336785502398434,0.7118223757526568,0.7450902038369844,0.6517452759181165,0.7004509458016689,-0.025216675115607767,-0.0355944361911299,0.025265478877410708,0.010991574701732065,0.03284774918891864,-4.200788954089596e-4,0.09292484902345899,0.044219179139906584,0.7676700185002671,0.7225394721438004,1
PUMA05906,San Antonio City (Southwest)--Inside Loop I-410 PUMA,0.7405551406504716,0.6828550110319427,0.7934959528641818,1,0.7933312877589476,0.7985218048966861,0.7327134380559835,0.7355603026270352,0.719494404325753,0.7464312134126726,0.6387481395281717,0.6942557701653843,-0.052776147108476,-0.05796666424621455,0.00784170259448802,0.004994838023436365,0.02106073632471861,-0.0058760727622010345,0.1018070011222999,0.046299370485087255,0.7644775741018801,0.7171335335601232,1
PUMA05907,Bexar County (South)--San Antonio City (Far South) PUMA,0.5625321566682592,0.507594587664695,0.6151733447532524,0.9709,0.5107563876228689,0.5377885848557896,0.46942833289790153,0.5213723129525341,0.5041715783271103,0.5183007776759287,0.48226116081336934,0.5259023022372625,0.051775769045390274,0.024743571812469556,0.09310382377035764,0.04115984371572512,0.05836057834114883,0.04423137899233043,0.08027099585488984,0.036629854430996645,0.5916937554140007,0.5324524303016556,0.9709
PUMA05908,San Antonio City (West)--Between Loop TX-1604 & Loop I-410 PUMA,0.691488667276465,0.6392729084894316,0.7409787220057839,1,0.6498533740960499,0.6807675979729773,0.6067341344643368,0.6571644492597006,0.6341584379305737,0.6598847408735324,0.5956853942046408,0.6369201289209797,0.041635293180415034,0.010721069303487707,0.08475453281212819,0.03432421801676433,0.05733022934589127,0.031603926402932525,0.09580327307182412,0.05456853835548525,0.7193899557411025,0.6644993142561492,1
PUMA05909,San Antonio (Northwest) & Leon Valley Cities PUMA,0.6481608712068538,0.5942679151189925,0.6993395339007947,1,0.5667660990123325,0.602763708276806,0.5338092207885049,0.5981061756352912,0.568326492019339,0.6003840321752408,0.5641846976482165,0.597884495420582,0.08139477219452129,0.04539716293004781,0.11435165041834894,0.05005469557156261,0.07983437918751479,0.047776839031613005,0.08397617355863729,0.050276375786271865,0.6767030462457269,0.6186255800822505,1
PUMA05910,San Antonio City (Northwest)--Between Loop TX-1604 & Loop I-410 PUMA,0.6872661185124725,0.6361372446391618,0.7344644157997204,1,0.6100091177471898,0.6677957052384556,0.5975711624965633,0.6444753712591594,0.6169363269454059,0.6545445189391372,0.6098999227173553,0.6441434894290918,0.07725700076528275,0.019470413274016996,0.08969495601590927,0.04279074725331311,0.07032979156706665,0.032721599573335314,0.07736619579511728,0.043122629083380715,0.7144880394080102,0.6592677997598485,1
PUMA05911,San Antonio City (North)--Hollywood Park Town & Shavano Park City PUMA,0.5999615322143353,0.54637972233810606,0.6505596793823734,0.9992,0.4726290010780137,0.5171267536664503,0.44450756796361335,0.5364933044887277,0.4954533154522118,0.5317949730809715,0.5262890211095907,0.5489298599269097,0.12733253113632165,0.08283477854788501,0.155453964250722,0.06346822772560767,0.10450821676212357,0.06816655913336389,0.0736725111047446,0.05103167228742567,0.6293223142797898,0.5681986110566272,0.9992
PUMA05912,San Antonio City (Northeast)--Between Loop TX-1604 & Loop I-410 PUMA,0.5855409921860646,0.5297986782678756,0.6382702745131624,0.9933,0.45734796380523657,0.507300464859957,0.4409519337830327,0.5133066509536353,0.47949222911937556,0.5151583407461461,0.5012948134652451,0.5309395537383276,0.12819302838082802,0.07824052732610765,0.14458905840303188,0.07223434123242933,0.10604876306668903,0.07038265143991851,0.08424617872081952,0.054601438447737016,0.6162470831117846,0.553098332184083,0.9933
PUMA05913,"San Antonio (Northeast), Kirby & Windcrest Cities PUMA",0.6687591794463089,0.6163854421915637,0.7182623475958951,1,0.597878583568901,0.6255984279821459,0.5643288019636127,0.6261234644710452,0.6045554654642429,0.6122790494741063,0.5824554557457707,0.6174965975908265,0.07088059587740791,0.04316075146416298,0.10443037748269623,0.04263571497526375,0.06420371398206604,0.05648012997220264,0.08630372370053818,0.05126258185548238,0.6970393272914013,0.6403698130103664,1
PUMA05914,Bexar County (Northwest)--San Antonio (Far Northwest) & Helotes Cities PUMA,0.5664674984630208,0.5122284342985516,0.6184351726799329,0.9771,0.44732145747390695,0.49444347631546776,0.4220805501157274,0.5099674951934442,0.47764348828879694,0.5033938733171711,0.48378783450319646,0.5137977790075356,0.11914604098911385,0.07202402214755305,0.14438694834729338,0.056500003269576604,0.08882401017422387,0.06307362514584969,0.08267966395982435,0.05266971945548515,0.5967188619869224,0.5349807506441119,0.9771
PUMA05915,Bexar County (North)--San Antonio City (Far North) & Timberwood Park PUMA,0.5135967096736382,0.4554523179983735,0.5706689137139629,0.6419,0.38990833903009675,0.4344063582462143,0.36576677858991113,0.4532587096291089,0.41516057125618233,0.43890683803187214,0.4361231067018705,0.458527737993318,0.12368837064354149,0.07919035142742392,0.1478299310837271,0.06033800004452933,0.09843613841745591,0.0746898716417661,0.07747360297176775,0.05506897168032027,0.5435640654489154,0.4787438868143135,0.6419
PUMA05916,"Bexar County (Northeast)--San Antonio (Northeast), Universal City & Converse Cities PUMA",0.5977031889265356,0.5446715533595666,0.6492443540728421,0.9987,0.4868154520325306,0.5293722290404393,0.46758296889697126,0.5358572852092103,0.5107618711896222,0.5235268504493907,0.516165334719223,0.5432769780960731,0.110887736894005,0.06833095988609628,0.13012022002956436,0.061845903717325346,0.08694131773691338,0.07417633847714489,0.08153785420731263,0.05442621083046251,0.6273343569235135,0.5663055471521431,0.9987
PUMA06000,Alamo Area COG (Northwest) & Blanco County PUMA,0.28125517007880185,0.2438929198914814,0.3199240954617416,0,0.19779449792295759,0.2284793104024323,0.18583295421995316,0.2303301067262348,0.2125891677675033,0.20366478289975556,0.21781366611610692,0.23167816490580526,0.08346067215584427,0.05277585967636955,0.09542221585884869,0.05092506335256705,0.06866600231129855,0.07759038717904629,0.06344150396269493,0.0495770051729966,0.3085081033111064,0.25403245698781063,1
PUMA06100,Alamo Area COG (Southwest) PUMA,0.34654069775251445,0.3042828948120597,0.39056136276381637,0,0.30457025148833106,0.31067538126361655,0.2667088545976732,0.302320381168619,0.29066856077421643,0.27240487793717255,0.26982386066003144,0.30155098745079567,0.04197044626418339,0.0358653164888979,0.07983184315484126,0.04422031658389547,0.055872136978298015,0.0741358198153419,0.076716837092483,0.04498971030171878,0.3749385384708908,0.3193383231908531,1
PUMA06301,"South Texas Development Council (North)--Webb County, Laredo City (Central) PUMA",0.6592515528399274,0.582455328416342,0.7323979117485915,0.9998,0.7841853351125888,0.7333423168335464,0.6847447519188051,0.6476842682672358,0.6714172345640038,0.6520622571531661,0.5403623223435595,0.5908075632622053,-0.12493378227266139,-0.07409076399361902,-0.025493199078877704,0.011567284572691627,-0.012165681724076394,0.007189295686761299,0.1188892304963679,0.06844398957772213,0.6863084164461026,0.6321849159002835,0.9998
PUMA06302,South Texas Development Council-Webb County (North & East)-Laredo City (Outer) PUMA,0.6040382047086492,0.5246506935211432,0.6789761167184681,0.983,0.7472204405190703,0.7032352821492514,0.6425009279681965,0.591511312909489,0.609660902236583,0.5996204666446668,0.4532280253899867,0.5139995278825795,-0.1431822358104211,-0.09919707744060213,-0.03846272325954725,0.012526891799160222,-0.005622697527933762,0.004417738063982379,0.15081017931866253,0.0900386768260697,0.6336008204009225,0.5733080255380305,0.983
PUMA06500,Coastal Bend COG (Northeast) PUMA,0.3672236058229203,0.32324298867873646,0.41184876357083033,0,0.35139238104274395,0.3458224258289703,0.29219247229232964,0.32422916252237916,0.316473183908283,0.2844451894066376,0.2873154456276347,0.3165075593067563,0.015831224780176345,0.02140117999394997,0.07503113353059065,0.04299444330054114,0.0507504219146373,0.0827784164162827,0.07990816019528557,0.050716046516164015,0.3951966608186579,0.33927354105876506,1
PUMA06601,"Coastal Bend COG--Nueces County, Corpus Christi City (Outer) PUMA",0.43165913256527677,0.377962961956414,0.48456741573297013,0.0165,0.3791305764843572,0.3927823749747185,0.325362314069497,0.3720974922392075,0.3615300406636054,0.34779988139702067,0.34174479263104146,0.36872079771531546,0.05252855608091955,0.03887675759055825,0.10629681849577977,0.059561640326069254,0.07012909190167138,0.0838592511682561,0.08991433993423531,0.06293833484996131,0.4629476917164588,0.4011736163958167,0.9835
PUMA06603,"Coastal Bend COG--Nueces County (Central), Corpus Christi City (South Central) PUMA",0.5516717101189856,0.489978851442351,0.6089281457659279,0.9149,0.4673565062155785,0.5050942527983618,0.4199829170595617,0.4947091879024711,0.4725145145049228,0.4820618236843254,0.4681133170457717,0.4962679654331271,0.08431520390340713,0.046577457320623794,0.13168879305942394,0.056962522216514544,0.07915719561406281,0.06960988643466026,0.08355839307321394,0.055403744685858514,0.5856167253758021,0.5191553035090447,0.9149
PUMA06604,"Coastal Bend COG--Nueces County (Central), Corpus Christi City (Northwest) PUMA",0.6558093072032355,0.6001639634399841,0.7082225652775176,1,0.6658529345719141,0.6666424724412285,0.5803706203990749,0.6287902295246277,0.61635454716714,0.6104340553789107,0.5679888226134973,0.6055758309830641,-0.010043627368678587,-0.010833165237993048,0.07543868680416055,0.027019077678607784,0.03945476003609549,0.04537525182432478,0.08782048458973823,0.05023347622017138,0.6842635277105982,0.6280995177336871,1
PUMA06701,Cameron County (East)--Brownsville City (North) PUMA,0.560569874566127,0.491533265128514,0.6267882436093875,0.9239,0.6473768741440243,0.6064356953169143,0.5297174072419666,0.5362506360582407,0.5453538435273134,0.5150600692598656,0.438865638527677,0.4947394989439369,-0.08680699957789739,-0.04586582075078738,0.03085246732416036,0.0243192385078862,0.015216031038813527,0.045509805306261364,0.12170423603844993,0.06583037562219007,0.5887319939037045,0.5317843687134518,0.9239
PUMA06702,Cameron County (West)--Harlingen & San Benito Cities PUMA,0.5653154980241161,0.4959221002781019,0.6323558015507487,0.9366,0.5811489408429185,0.558803703991491,0.480461265635546,0.5289333907051929,0.524392069186396,0.5038055573872451,0.4580260845171771,0.5003549061701767,-0.01583344281880239,0.006511794032625029,0.0848542323885701,0.03638210731892322,0.040923428837720044,0.061509940636870986,0.10728941350693899,0.06496059185393932,0.5939369268055982,0.5373080771863658,0.9366
PUMA06703,Cameron County (South)--Brownsville City (Central) PUMA,0.648819514552386,0.5789407811331557,0.714511034929412,0.9995,0.7731659123884856,0.7310061907917705,0.6439893121816532,0.6308213146053661,0.637915789529619,0.6333009761680375,0.5143815156159905,0.5722325234581971,-0.12434639783609969,-0.08218667623938458,0.004830202370732728,0.0179981999470199,0.01090372502276693,0.015518538384348468,0.1344379989363954,0.07658699109418887,0.677439181952343,0.6240361683641512,0.9995
PUMA06801,Hidalgo County (Southeast)--Weslaco & Mercedes Cities PUMA,0.607996777535928,0.5334869535712193,0.6786707976218719,0.9924,0.7139451999562293,0.6897267020291528,0.6221360081719736,0.5990389570960158,0.591693419098216,0.5863629641279156,0.4879862390728232,0.5437855929318529,-0.10594842242030134,-0.0817299244932248,-0.014139230636045608,0.008957820439912112,0.016303358437711912,0.021633813408012403,0.12001053846310478,0.06421118460407504,0.6361730385907882,0.5824780632149716,0.9924
PUMA06802,Hidalgo County (East)--Alamo & Donna Cities PUMA,0.6215012020231627,0.5444843683416232,0.6943062867994936,0.9962,0.7558430782805964,0.7368049921581427,0.6839794020940203,0.6178358532695265,0.6200500322389558,0.6255266651342029,0.48785346234421867,0.5508166334486295,-0.13434187625743366,-0.11530379013497993,-0.06247820007085758,0.0036653487536362217,0.001451169784206896,-0.0040254631110401284,0.13364773967894406,0.0706845685745332,0.6486526402968047,0.5964048872648597,0.9962
PUMA06803,"Hidalgo County (South Central)--Pharr, San Juan & Hidalgo Cities PUMA",0.6294655338643504,0.5542450843912713,0.7010671083120845,0.9976,0.7883224210874713,0.7551842493021013,0.6974304471640356,0.6093809160104217,0.6096924275061829,0.638112335956929,0.49679612975373694,0.545856787844934,-0.15885688722312086,-0.12571871543775082,-0.06796491329968513,0.020084617853928788,0.019773106358167536,-0.00864680209257851,0.1326694041106135,0.08360874601941648,0.6557573035373354,0.6030354374803453,0.9976
PUMA06804,Hidalgo County (North Central)--Edinburg City PUMA,0.6123543541745372,0.5420799769230207,0.6797616462802348,0.9964,0.6859115174975781,0.6747745707380407,0.6002077782794002,0.5854705804581352,0.576972188918584,0.5917462775460509,0.4910584931438838,0.5407929645497555,-0.07355716332304085,-0.062420216563503494,0.012146575895137013,0.02688377371640205,0.03538216525595317,0.020608076628486294,0.12129586103065343,0.07156138962478176,0.6405935674503976,0.586585916644224,0.9964
PUMA06805,Hidalgo County (Central)--McAllen City PUMA,0.6208977658912931,0.5560922556806346,0.6824988062752031,0.9991,0.6435903004404024,0.6398720868169167,0.5719484622441091,0.5764988829873506,0.5580420984986452,0.5717368568360316,0.5025171596102931,0.5355327948948977,-0.022692534549109356,-0.018974320925623567,0.04894930364718397,0.04439888290394245,0.06285566739264792,0.04916090905526149,0.118380606281,0.0853649709963954,0.6483071144952558,0.5950050375077306,0.9991
PUMA06806,Hidalgo County (Southwest)--Mission City PUMA,0.5832183821190918,0.5126549205472513,0.6508120630660662,0.9729,0.65943381876952,0.6442604059896468,0.5778060998517068,0.5574384272146176,0.5497170141274119,0.5552655131424722,0.46059908083215995,0.5022349204635176,-0.07621543665042818,-0.06104202387055502,0.0054122822673849935,0.025779954904474267,0.03350136799167991,0.027952868976619638,0.12261930128693188,0.08098346165557424,0.6130143341481297,0.5563741859145548,0.9729
PUMA06807,Hidalgo County (North & West) PUMA,0.6017607414136777,0.5265226272766037,0.6741169391595289,0.987,0.7561417218796355,0.7411763366086156,0.6966666672918389,0.5594716973737864,0.5789525400097749,0.5926058279204283,0.45555491856274705,0.5123508593176977,-0.15438098046595772,-0.13941559519493785,-0.09490592587816116,0.04228904403989131,0.022808201403902828,0.009154913493249484,0.1462058228509307,0.08940988209598,0.6293954745347551,0.5765536484456588,0.987
PUMA07200,Concho Valley COG & Permian Basin Regional Planning Commission (East) PUMA,0.22944223968837923,0.19935449073923167,0.2608405556191687,0,0.20859231674926754,0.2145885823142629,0.1944478793124768,0.18607934491034872,0.18188666407465007,0.15743393311230566,0.1664583486508345,0.1833811609525248,0.020849922939111698,0.014853657374116341,0.03499436037590242,0.043362894778030514,0.04755557561372917,0.07200830657607357,0.06298389103754473,0.04606107873585444,0.25199271297537873,0.20760018487925647,1
PUMA07300,Rio Grande COG & Permian Basin Regional Planning Commission (West) PUMA,0.32767538349320585,0.2923489899566816,0.3643887067273123,0,0.33248370534901506,0.3552658633877534,0.3220792244693298,0.2775285297040137,0.2752747079751897,0.26632115325987543,0.24149754424983783,0.2589271468232441,-0.004808321855809206,-0.027590479894547548,0.005596159023876057,0.05014685378919215,0.05240067551801614,0.06135423023333042,0.08617783924336803,0.06874823666996177,0.35189692899599506,0.3038356084891084,1
PUMA07401,Brazos County--College Station & Bryan Cities (Central) PUMA,0.5198171217025718,0.4610929375208047,0.5751265269758836,0.7068,0.42441550367904574,0.5004563809311054,0.42945915768488685,0.48266277508112976,0.44510627421114374,0.4749863646056815,0.43813570048238626,0.45917225257305444,0.09540161802352604,0.019360740771466323,0.09035796401768492,0.037154346621442014,0.07471084749142803,0.04483075709689027,0.08168142122018551,0.06064486912951733,0.5516591275198666,0.48722391885008626,0.7068
PUMA07402,Brazos County--College Station & Bryan Cities (Outer) PUMA,0.39857341973346727,0.3471071865328671,0.4486319083115472,5e-4,0.32452309344694036,0.3757379767735416,0.3178804019112042,0.3753991569011721,0.3478457077635531,0.329092685824796,0.3243873567764063,0.3396471343366427,0.07405032628652691,0.022835442959925678,0.08069301782226307,0.023174262832295178,0.05072771196991416,0.06948073390867127,0.07418606295706098,0.058926285396824596,0.4279118996611473,0.36939980878948403,0.9995
PUMA07500,Middle Rio Grande Development Council--Excluding Dimmit & La Salle Counties PUMA,0.49022271666723916,0.4321037289126355,0.5487014514714816,0.3894,0.5899817115169941,0.5592617116371462,0.5011035677367083,0.46420486700622526,0.46892117170754943,0.44973723839085405,0.3706815079281739,0.425,-0.09975899484975492,-0.06903899496990706,-0.010880851069469122,0.026017849661013892,0.021301544959689722,0.0404854782763851,0.11954120873906526,0.06522271666723917,0.5195081072212542,0.46388904400427133,0.6106
PUMA07600,"South Texas Development Council (South)--Coastal Bend COG (West), Dimmit & La Salle PUMA",0.5526058769021794,0.4890766210532243,0.6153529898907981,0.9136,0.7236652783036729,0.7035396327039697,0.6329046087888531,0.5194663292886308,0.5717215916860385,0.5554125850904865,0.4278964052873976,0.5016277714951509,-0.17105940140149345,-0.15093375580179025,-0.08029873188667369,0.03313954761354865,-0.019115714783859095,-0.0028067081883070832,0.12470947161478185,0.05097810540702852,0.5849206601237392,0.5233335100926524,0.9136
PUMA07700,Coastal Bend COG (Central) & Willacy County PUMA,0.4952207301184519,0.4517864392364177,0.5388213676064524,0.4242,0.531993350460934,0.51428671968470685,0.43795985427530537,0.44925578685311723,0.45459335052546934,0.43777207277597946,0.40498485265767004,0.447662616154396,-0.036772620342482076,-0.019065989566254937,0.05726087584314654,0.04596494326533468,0.04062737959298257,0.05744865734247245,0.09023587746078188,0.047558113964055904,0.5239691209606813,0.46671706173031324,0.5758
