draw,shape_x,shape_y,talarico_2p,talarico_share,paxton_share,brown_share,talarico_votes,paxton_votes,brown_votes,ballots,turnout_rate,reversion_rho,winner,hispanic_vs_state,rural_vs_state,suburbs_vs_state,urban_vs_state,shape_density,driver_density
4,2.80189,0.106039,0.524484,0.503874,0.45683,0.0392964,4320800,3917390,336973,8575160,0.457622,1.0784,Talarico,21.3829,-26.4884,0.00672165,10.4006,0.382673,0.191555
17,2.2927399999999998,0.180718,0.51355,0.490991,0.465081,0.0439275,5195250,4921090,464803,10581100,0.564673,1.22892,Talarico,20.1832,-25.2311,-1.2065,12.5746,0.80168,0.0242159
124,1.35844,0.502352,0.53242,0.502431,0.441243,0.0563262,4964910,4360260,556603,9881770,0.52735,0.735457,Talarico,18.528,-27.714,0.380124,13.29,0.323625,0.186742
167,2.32753,0.576737,0.518229,0.491969,0.457358,0.0506726,4571960,4250320,470910,9293190,0.495939,0.997053,Talarico,19.6906,-25.0047,0.521809,10.5317,0.674476,0.538767
168,0.673416,0.825243,0.513787,0.493561,0.467073,0.0393663,4861920,4600990,387785,9850690,0.525691,0.453087,Talarico,19.8097,-25.7882,0.412256,11.4061,0.806909,0.523081
183,1.0228,0.801439,0.508611,0.491699,0.47505,0.0332507,4418500,4268890,298797,8986190,0.479557,0.764891,Talarico,17.8838,-26.5616,-0.52576,14.3613,0.832971,0.913149
218,-0.0762027,0.473248,0.511662,0.487525,0.465301,0.047174,4428720,4226840,428533,9084090,0.484779,0.629915,Talarico,19.221800000000002,-26.3562,0.0782612,12.8299,0.828596,0.960386
248,-2.49614,0.698026,0.510915,0.488615,0.467739,0.043646,4340220,4154780,387694,8882690,0.474033,-0.018617,Talarico,14.1977,-22.8265,0.550045,10.1024,0.705983,0.340995
256,2.57749,-0.635788,0.504628,0.478406,0.469631,0.051963,4556940,4473350,494961,9525250,0.508323,0.871493,Talarico,20.5788,-26.6675,-0.670148,13.6322,0.681099,0.66318
272,-0.228286,2.33712,0.492379,0.474861,0.489561,0.0355774,4445610,4583230,333073,9361920,0.499604,0.298595,Paxton,17.1204,-25.2483,0.753145,11.2799,0.317604,0.526242
289,-0.781624,-0.355356,0.501989,0.478094,0.474305,0.0476012,4415080,4380080,439585,9234740,0.49282,0.357863,Talarico,17.9667,-28.3444,1.56409,11.8031,0.786745,0.8504
313,0.201943,-0.830302,0.519017,0.488776,0.452957,0.0582672,4376340,4055640,521706,8953690,0.47782,0.758585,Talarico,16.5549,-28.1545,0.0199308,14.9776,0.563192,0.744315
316,2.45317,1.22138,0.529452,0.501313,0.44554,0.053147,5041690,4480780,534497,10057000,0.536698,1.08578,Talarico,22.1468,-26.6705,-1.225,14.4618,0.235399,0.064516
323,-1.68456,2.40616,0.531251,0.509985,0.449985,0.0400304,4530460,3997440,355611,8883520,0.474075,0.330879,Talarico,16.1152,-23.6856,-0.780667,13.038,0.110139,0.351706
327,-1.95061,-1.80925,0.4994,0.4814,0.482558,0.0360426,3988460,3998050,298617,8285120,0.442143,-0.140542,Paxton,13.8844,-25.7989,1.51794,11.2592,0.484567,0.0946803
331,-0.1902,1.46383,0.536144,0.514389,0.445034,0.0405768,4418780,3822990,348568,8590330,0.45843,0.604478,Talarico,15.7377,-27.9834,2.42107,11.9685,0.217259,0.19373
350,-1.42828,-0.460446,0.500439,0.469319,0.468496,0.0621852,3750550,3743960,496951,7991460,0.426473,-0.281388,Talarico,16.4967,-26.9789,0.864617,12.4658,0.754875,0.0411891
358,-1.18509,1.88677,0.488483,0.470166,0.492336,0.0374974,4424060,4632670,352834,9409560,0.502146,0.401318,Paxton,17.4417,-23.5943,2.10967,8.06128,0.400238,0.46936
378,-0.0476379,2.10116,0.505814,0.482607,0.471513,0.0458806,4658950,4551850,442918,9653720,0.515177,1.09982,Talarico,17.5916,-25.2909,-0.880101,14.5777,0.708384,0.291906
384,-1.40713,0.382557,0.525978,0.500278,0.45086,0.0488612,4638020,4179870,452986,9270880,0.494749,0.351182,Talarico,16.1697,-26.9481,2.07775,10.6007,0.496268,0.486327
389,-0.0109335,1.33773,0.522889,0.495677,0.452281,0.0520422,5183640,4729810,544242,10457700,0.558082,0.905689,Talarico,18.1338,-25.3694,-0.292065,13.0839,0.550148,0.0744641
390,-1.37986,0.489758,0.525791,0.500334,0.451248,0.0484179,4479030,4039610,433441,8952090,0.477735,0.286976,Talarico,16.4398,-26.7738,0.844262,13.3578,0.49699,0.47881
394,-0.840499,1.1341,0.544072,0.516023,0.432422,0.0515546,5280880,4425330,527600,10233800,0.546134,0.608606,Talarico,16.0353,-25.6823,0.261785,12.5351,0.110844,0.0325938
410,-1.55289,-0.235547,0.499418,0.475555,0.476663,0.0477812,4437340,4447680,445840,9330860,0.497947,0.147049,Paxton,16.5905,-28.6108,2.88718,9.8737,0.756617,0.437509
434,0.727306,-2.44374,0.489884,0.46688,0.486162,0.0469583,4032630,4199170,405597,8637390,0.460938,0.486688,Paxton,17.8861,-28.9171,-0.395236,15.3315,0.372699,0.456315
473,-2.17999,1.81074,0.523917,0.503027,0.457101,0.0398712,4218360,3833230,334358,8385950,0.447521,0.0286986,Talarico,15.2897,-24.5708,2.03465,10.1862,0.379542,0.121488
476,1.3927,0.540874,0.502286,0.479146,0.474786,0.0460684,4373740,4333940,420522,9128200,0.487133,0.57776,Talarico,20.1721,-28.0028,1.64887,9.63199,0.76832,0.943032
498,0.858253,-0.665534,0.509721,0.488657,0.470018,0.0413257,5109410,4914520,432103,10456000,0.557991,0.406243,Talarico,16.854,-27.8721,1.22914,12.3871,0.768815,0.103868
502,0.413567,2.30776,0.457117,0.433874,0.51528,0.0508458,4042050,4800430,473688,9316170,0.497166,0.265002,Paxton,19.5232,-24.5925,-0.585387,11.2344,0.0162156,0.0151616
517,-2.48301,0.691893,0.496896,0.474431,0.480357,0.045212,4794670,4854570,456920,10106200,0.539325,0.196599,Paxton,16.1908,-23.7459,-0.845297,12.4841,0.601371,0.167967
534,-2.82114,0.129019,0.516186,0.495693,0.464606,0.0397004,4653820,4361960,372727,9388500,0.501025,0.293893,Talarico,15.2737,-24.0127,0.993638,9.94403,0.518728,0.661682
554,-1.56476,-0.620957,0.51245,0.494285,0.470268,0.0354471,4899240,4661180,351343,9911760,0.528952,0.478012,Talarico,15.6553,-27.4225,2.84336,10.1161,0.866373,0.474773
566,-1.03283,2.42878,0.507008,0.483287,0.469927,0.0467856,4451680,4328620,430954,9211260,0.491564,0.497092,Talarico,15.5081,-24.4342,-0.692161,14.4462,0.392871,0.967698
640,0.939339,0.501276,0.508069,0.484531,0.46914,0.0463296,3892220,3768590,372164,8032970,0.428686,1.04789,Talarico,21.688,-26.0876,0.560182,10.3205,0.780932,0.194784
641,0.852186,1.02369,0.498357,0.479839,0.483003,0.037158,4359520,4388280,337595,9085400,0.484849,0.407792,Paxton,19.6904,-26.1374,0.49136,11.2956,0.76998,0.854305
685,0.497755,-1.62554,0.49842,0.481933,0.484988,0.033079,3801180,3825270,260906,7887360,0.420916,0.808723,Paxton,18.2569,-26.7316,1.33843,10.346,0.784054,0.135428
716,-0.973691,-0.162255,0.527615,0.501708,0.44919,0.0491028,4158370,3723080,406985,8288430,0.442321,0.416072,Talarico,16.5308,-28.4113,1.83717,11.7258,0.465868,0.25454
730,1.89325,1.43948,0.500109,0.481802,0.481592,0.036606,4608070,4606060,350108,9564240,0.510404,1.22155,Talarico,20.9212,-26.0227,0.187051,11.3582,0.531323,0.2087
735,-0.568996,-1.40195,0.488436,0.468166,0.490333,0.0415009,4008910,4198740,355373,8563020,0.456973,0.384476,Paxton,18.3833,-27.2422,1.07754,11.6636,0.385666,0.344097
756,1.60728,-0.973228,0.485477,0.465881,0.493755,0.0403643,4235900,4489340,367002,9092240,0.485217,1.09166,Paxton,21.2745,-27.0189,-0.208582,12.1635,0.386648,0.208016
773,1.90288,2.03012,0.510499,0.492291,0.472043,0.0356663,4649860,4458610,336881,9445350,0.504057,1.08912,Talarico,23.4664,-24.258,-1.65172,11.3033,0.362728,0.42808
776,-0.901906,-0.587061,0.497773,0.473514,0.47775,0.0487357,4015460,4051390,413285,8480130,0.452549,0.45632,Paxton,17.342,-26.0149,-0.55851,13.1829,0.642273,0.615214
789,1.69219,-1.40563,0.502703,0.470744,0.465682,0.063574,4294580,4248400,579983,9122950,0.486855,0.814946,Talarico,19.5243,-28.0496,-0.369822,14.7819,0.838915,0.898206
810,-2.42728,-0.992702,0.483464,0.464779,0.496573,0.0386478,4433500,4736790,368659,9538950,0.509053,0.0280871,Paxton,13.1607,-26.2413,0.949571,12.7554,0.243884,0.0878819
812,0.529281,1.06675,0.501846,0.486797,0.483216,0.0299867,4675120,4640730,287988,9603840,0.512516,0.771952,Talarico,19.4856,-28.5618,0.903471,12.2665,0.935945,0.67944
822,-1.87269,-1.33929,0.483892,0.459036,0.489598,0.0513655,4099900,4372870,458773,8931550,0.476638,0.251349,Paxton,14.4209,-28.1726,2.65225,11.7044,0.30035,0.301992
865,-2.57493,1.6996,0.480645,0.457295,0.494124,0.0485817,4131040,4463740,438870,9033640,0.482088,-0.0947619,Paxton,12.3101,-23.1484,0.886964,11.8534,0.0913124,0.0750946
906,-1.3796,-0.790432,0.497601,0.478646,0.483262,0.0380915,4481530,4524750,356648,9362920,0.499663,0.487245,Paxton,18.5916,-27.2937,1.73128,10.4664,0.65092,0.803567
908,-0.4618,1.85729,0.489933,0.474203,0.49369,0.0321074,4396400,4577070,297672,9271140,0.494765,0.643289,Paxton,16.9469,-24.1988,0.985591,10.4342,0.420706,0.518644
911,-1.29657,-0.958304,0.527436,0.514056,0.460576,0.0253672,5236090,4691360,258386,10185800,0.543573,0.709025,Talarico,16.1282,-29.6563,3.34534,9.94715,0.471514,0.137779
935,2.8956,0.222247,0.550798,0.526327,0.429245,0.0444287,4712640,3843390,397807,8953840,0.477829,1.14097,Talarico,21.4654,-27.0901,-1.45287,14.1261,0.0228289,0.0221858
966,1.71046,1.09751,0.503628,0.471504,0.464712,0.063784,4174670,4114530,564740,8853940,0.472497,0.802158,Talarico,20.433,-27.5664,-0.401505,13.5325,0.738616,0.811677
974,-1.15821,-1.98107,0.501268,0.480418,0.477988,0.041594,4171580,4150470,361170,8683220,0.463388,0.298089,Talarico,16.4365,-28.1891,2.25465,11.8873,0.582253,0.6728
977,0.541698,-1.23922,0.475093,0.448797,0.495853,0.0553497,4022800,4444600,496128,8963520,0.478347,0.124721,Paxton,14.6377,-28.5063,1.06861,14.6455,0.190147,0.110576
1032,-0.186198,-1.42402,0.506647,0.48417,0.471465,0.0443644,4544500,4425250,416411,9386160,0.500898,0.813054,Talarico,17.2065,-27.4235,0.667426,11.7626,0.784962,0.846674
1067,1.54591,-1.15133,0.540958,0.518072,0.439621,0.042307,5057460,4291620,413005,9762090,0.520964,1.05968,Talarico,19.9226,-28.4625,1.0777,11.4939,0.133212,0.0425982
1086,-1.29484,-1.52335,0.531961,0.504773,0.444119,0.0511084,4604640,4051340,466221,9122190,0.486814,0.511948,Talarico,13.9681,-26.3614,0.787477,13.241,0.258259,0.382393
1099,-0.290015,-0.692441,0.512544,0.482728,0.4591,0.0581712,4561580,4338300,549693,9449570,0.504283,0.358685,Talarico,18.7293,-27.1989,1.19173,12.0355,0.714502,0.814329
1115,3.19332,-0.444587,0.508103,0.485195,0.469719,0.0450865,4544040,4399100,422253,9365400,0.499792,1.36209,Talarico,24.4725,-26.7145,-1.98947,13.2899,0.381773,0.187393
1121,-0.70238,-0.986217,0.524175,0.495536,0.449827,0.0546372,4527470,4109850,499193,9136510,0.487575,0.146726,Talarico,15.1188,-28.5507,1.79646,12.9722,0.486565,0.370374
1127,-2.20356,-0.917497,0.489404,0.460895,0.480852,0.0582534,3725000,3886290,470810,8082100,0.431307,-0.220774,Paxton,13.3925,-26.6159,2.36946,10.688,0.437532,0.0527022
1145,0.957766,-1.47042,0.496842,0.480186,0.48629,0.0335239,4213800,4267370,294184,8775360,0.468301,0.914929,Paxton,18.7283,-28.3233,1.85411,10.9902,0.790381,0.567871
1151,-1.74635,-0.913464,0.485864,0.465372,0.492451,0.042177,3895880,4122580,353087,8371550,0.446755,0.126946,Paxton,12.8096,-28.9541,2.77885,13.0857,0.406301,0.154583
1169,0.43429,1.64606,0.496145,0.471081,0.478403,0.0505159,4319900,4387030,463239,9170170,0.489373,0.897039,Paxton,19.9303,-25.172,-0.727746,12.8518,0.642079,0.646908
1200,0.678232,0.712768,0.468579,0.449665,0.509971,0.0403633,3963910,4495520,355812,8815240,0.470432,0.800161,Paxton,20.1766,-26.0364,0.631817,10.8688,0.0735246,0.0821629
1203,0.525968,-2.02539,0.495439,0.470228,0.478885,0.0508864,4478750,4561200,484674,9524630,0.508289,0.65713,Paxton,20.3589,-26.7928,-0.243022,11.5526,0.650885,0.629268
1207,2.32804,-0.481818,0.53376,0.507628,0.443414,0.0489584,4634510,4048250,446978,9129740,0.487217,1.0576,Talarico,18.7866,-28.7485,0.00778313,14.1486,0.257284,0.154582
1241,1.27174,-1.37886,0.511782,0.487901,0.465437,0.0466617,4885240,4660300,467212,10012800,0.534341,0.747387,Talarico,20.6689,-27.7622,1.22881,10.396,0.729425,0.34057
1258,3.17414,0.0538528,0.497958,0.476678,0.480588,0.0427333,3934330,3966600,352705,8253640,0.440462,1.29736,Paxton,25.6292,-26.0395,-0.708917,10.5342,0.306067,0.0678839
1261,-2.94818,0.856518,0.514989,0.498759,0.469726,0.0315149,4440040,4181580,280551,8902180,0.475073,0.171166,Talarico,13.732,-24.4276,1.68081,10.7148,0.377514,0.558731
1271,-2.93683,0.0577443,0.508436,0.485328,0.469223,0.0454492,4510600,4360920,422401,9293920,0.495979,-0.423071,Talarico,13.5275,-25.5463,2.69889,9.23729,0.515428,0.0569242
1279,0.666006,-2.36099,0.510617,0.490036,0.469659,0.0403048,4209150,4034120,346196,8589460,0.458382,0.538708,Talarico,16.7385,-30.6485,2.62609,12.4293,0.570442,0.763835
1310,1.42892,0.694882,0.512392,0.48685,0.463301,0.0498495,4688840,4462040,480099,9630970,0.513965,0.679296,Talarico,20.2902,-27.3397,2.34544,9.28199,0.830251,0.728081
1336,-0.344107,-2.59089,0.512719,0.485383,0.461302,0.0533154,4833990,4594160,530975,9959120,0.531476,0.269087,Talarico,17.5745,-28.274,1.97447,11.3452,0.343665,0.361987
1359,1.81668,-1.60167,0.49024,0.471878,0.490666,0.0374564,4750370,4939510,377072,10067000,0.537235,0.706219,Paxton,21.7727,-29.1629,0.497237,12.4908,0.451874,0.230565
1382,-2.07276,1.8946,0.526499,0.508268,0.457104,0.0346279,4229240,3803520,288135,8320890,0.44405,0.355256,Talarico,14.4146,-25.1055,1.15477,11.4081,0.321179,0.267257
1400,1.41707,-0.936911,0.501979,0.475765,0.472012,0.0522231,3656280,3627440,401337,7685050,0.410118,0.784153,Talarico,17.712,-28.3815,1.74632,12.9393,0.817717,0.107243
1419,3.16468,-0.491845,0.490636,0.472345,0.490375,0.0372795,4212180,4372960,332443,8917570,0.475893,1.76239,Paxton,23.3254,-27.7745,0.084271,11.1561,0.2895,0.012301
1428,1.85271,-2.13185,0.503288,0.479583,0.473317,0.0471001,4423470,4365670,434431,9223560,0.492222,0.792292,Talarico,18.5624,-28.7661,0.427616,13.1376,0.400471,0.921873
1435,-0.119077,-0.547304,0.526289,0.497951,0.448203,0.0538457,4682640,4214820,506355,9403810,0.501842,0.302473,Talarico,16.311,-29.9325,1.00199,14.8169,0.356434,0.413138
1443,1.27237,0.00623231,0.519371,0.499738,0.462462,0.0378,4307530,3986220,325820,8619570,0.459991,0.369487,Talarico,17.7623,-29.6283,1.92662,12.7056,0.670562,0.603616
1457,1.02094,-1.16207,0.495273,0.475339,0.484413,0.0402478,3859110,3932770,326757,8118640,0.433256,0.80284199999999994,Paxton,19.7895,-25.9739,0.111415,11.4832,0.760015,0.220752
1464,1.02946,-2.24814,0.490465,0.465142,0.483228,0.0516295,4023290,4179730,446574,8649600,0.461591,0.837283,Paxton,21.2684,-27.0497,-0.431088,12.1789,0.460775,0.431103
1486,-1.39132,1.2211,0.510904,0.489175,0.468294,0.0425314,4427620,4238630,384960,9051200,0.483025,-0.0389284,Talarico,16.9557,-26.1484,0.763167,11.7356,0.845795,0.34636
1504,-2.37318,1.54883,0.527957,0.501515,0.448402,0.0500831,4400870,3934790,439487,8775150,0.468293,0.0714566,Talarico,13.7228,-25.7024,0.149501,14.4415,0.31116,0.258744
1520,1.22378,-0.93393,0.504427,0.481559,0.473107,0.0453332,4299620,4224160,404759,8928540,0.476477,0.604071,Talarico,19.7853,-27.594,-0.920192,15.2489,0.822094,0.856477
1526,-1.16002,-0.457928,0.512041,0.490414,0.467349,0.0422365,4578420,4363080,394312,9335810,0.498212,0.323736,Talarico,17.0263,-26.2904,1.32135,11.368,0.892271,0.803855
1538,-0.139276,1.84583,0.503912,0.486821,0.479263,0.0339159,4221760,4156220,294122,8672100,0.462794,0.427233,Talarico,15.6243,-27.728,0.857273,13.2064,0.829272,0.819104
1566,-0.435744,-1.09002,0.522578,0.495329,0.452527,0.0521444,4597600,4200320,484000,9281930,0.495338,0.614118,Talarico,19.4253,-26.547,0.763778,11.184,0.506215,0.718033
1571,2.55844,-0.850908,0.475837,0.454721,0.500903,0.0443769,4365450,4808810,426031,9600280,0.512328,0.853098,Paxton,22.233,-25.8987,-1.36319,13.6582,0.176128,0.109796
1577,-3.08862,0.162535,0.510911,0.495178,0.474028,0.0307949,4752170,4549200,295536,9596910,0.512146,-0.296264,Talarico,12.0947,-25.6722,2.90578,10.276,0.420806,0.0854313
1595,1.95524,-0.0350962,0.500021,0.477,0.47696,0.0460396,5014540,5014120,483998,10512700,0.561016,0.786323,Talarico,19.5562,-25.5705,0.549161,10.621,0.723239,0.110091
1677,-0.108177,0.0269847,0.48619,0.465715,0.492172,0.0421135,4151540,4387380,375414,8914330,0.475719,0.347939,Paxton,19.333,-27.8374,-0.458856,14.0141,0.38031,0.388376
1679,1.00515,1.49563,0.501541,0.474319,0.471405,0.0542761,3876700,3852880,443609,8173190,0.436169,1.04584,Talarico,18.5969,-25.8019,-0.26196,12.7986,0.803888,0.182919
1776,0.454861,-1.76671,0.50564,0.476118,0.465496,0.0583863,4123680,4031690,505687,8661060,0.462203,0.721446,Talarico,16.5464,-29.0352,1.82921,13.1908,0.757783,0.704743
1802,-1.38061,0.819333,0.474172,0.455062,0.504637,0.0403004,4463760,4950050,395312,9809120,0.523469,0.110612,Paxton,13.7675,-27.0763,2.47087,11.479,0.113235,0.069077
1813,-2.40427,1.40197,0.522585,0.500575,0.457308,0.0421173,4758380,4347090,400360,9505840,0.507288,-0.212863,Talarico,14.4957,-25.4996,1.21996,11.7565,0.441857,0.0835293
1815,-1.41747,1.06606,0.510626,0.495091,0.474486,0.0304222,4238900,4062490,260471,8561860,0.456911,0.108226,Talarico,16.4471,-25.973,1.71406,11.2525,0.86847,0.36718
1847,-0.298079,0.63094,0.545031,0.519787,0.433897,0.0463156,5006780,4179460,446129,9632370,0.514039,0.657389,Talarico,17.9041,-27.5444,0.864466,12.2698,0.0780073,0.0599969
1852,-0.289457,-0.721177,0.501069,0.483497,0.481435,0.0350681,4321130,4302690,313412,8937230,0.476943,0.271283,Talarico,15.7089,-26.5938,0.962977,12.7223,0.686771,0.74875
1862,-0.979208,0.0355617,0.539773,0.514653,0.43881,0.0465374,4262390,3634260,385426,8282080,0.441979,0.838379,Talarico,16.014,-28.0221,1.43773,12.7193,0.141907,0.0432486
1893,-1.32402,1.78963,0.487778,0.475068,0.498876,0.0260556,4070110,4274080,223229,8567410,0.457211,0.356687,Paxton,18.4516,-24.7567,0.577261,10.6298,0.381695,0.323194
1901,-2.86032,0.22892,0.516756,0.491336,0.459473,0.0491912,4857660,4542640,486336,9886640,0.527608,-0.314336,Talarico,13.5084,-25.5626,1.24667,11.9708,0.474826,0.0447798
1924,2.07539,0.284234,0.512315,0.492224,0.46856,0.0392158,4700210,4474240,374469,9548920,0.509586,1.06348,Talarico,19.7916,-26.4948,0.484579,10.3524,0.850669,0.404054
1930,0.647485,-0.924632,0.509664,0.487359,0.468876,0.0437644,4174580,4016270,374874,8565720,0.457117,0.485516,Talarico,18.1009,-27.5612,2.4708,9.97128,0.744701,0.768966
1956,-1.75798,-0.867602,0.519035,0.494287,0.458032,0.0476808,4238060,3927210,408819,8574090,0.457564,0.485215,Talarico,14.1208,-27.6168,0.798188,13.2316,0.663146,0.639029
1989,1.45271,1.38451,0.499662,0.473762,0.474403,0.0518353,4369370,4375280,478062,9222710,0.492179,0.66496,Paxton,21.0089,-24.6361,-3.09577,14.4311,0.647983,0.915579
2037,-2.33236,-1.49346,0.51477,0.493329,0.465019,0.041652,4514320,4255270,381147,9150740,0.488337,-0.0329486,Talarico,11.6527,-27.3955,2.38133,12.0121,0.422897,0.329681
2043,1.1737899999999999,-0.841969,0.472015,0.445904,0.498779,0.0553165,4705060,5262980,583684,10551700,0.563102,1.03043,Paxton,18.0333,-27.0626,-0.898491,14.2763,0.147578,0.0115522
2074,-1.69537,-0.138204,0.522316,0.492514,0.450429,0.0570568,4248710,3885650,492204,8626560,0.46036,0.505168,Talarico,16.2029,-29.1925,2.79849,11.1869,0.617333,0.601602
2091,-2.7643,-0.661487,0.519435,0.494388,0.457393,0.0482185,4387660,4059340,427936,8874940,0.473619,-0.0962516,Talarico,11.9574,-27.4621,2.76325,11.3352,0.312861,0.157277
2103,-2.80518,-0.411773,0.511471,0.478126,0.45668,0.0651938,4296930,4104190,585898,8987020,0.479599,-0.391881,Talarico,10.4164,-27.2365,4.3378,9.81612,0.507677,0.0615352
2113,2.45422,-0.333411,0.5226,0.492781,0.45016,0.0570597,4492720,4104140,520218,9117080,0.486541,1.03109,Talarico,20.0796,-27.8682,-0.825079,14.4434,0.517997,0.367878
2122,-1.31471,-1.24984,0.520774,0.505907,0.465544,0.0285488,4825400,4440410,272302,9538110,0.50901,0.319434,Talarico,17.9728,-26.2366,0.214178,12.2891,0.527697,0.513107
2140,-2.78418,0.0534779,0.496763,0.47268,0.47884,0.0484793,4516100,4574960,463183,9554240,0.509868,0.116565,Paxton,11.9198,-24.8835,2.24422,10.6625,0.421112,0.315479
2169,1.29683,-0.83303,0.53931,0.514377,0.439391,0.0462318,5114080,4368550,459650,9942280,0.530576,0.913004,Talarico,20.2665,-27.3849,-0.125411,13.2031,0.129661,0.0704461
2185,1.97036,-0.0279057,0.526368,0.505977,0.455284,0.0387385,4428590,3984900,339061,8752550,0.467088,0.828398,Talarico,17.634,-28.3501,-0.759032,15.4307,0.477688,0.42902
2209,-1.08905,-0.0977771,0.511031,0.490349,0.46918,0.040471,4288160,4103030,353923,8745110,0.466689,0.609255,Talarico,16.2198,-25.3478,-0.367281,13.6376,0.89395,0.805253
2229,-2.19516,1.39711,0.531697,0.509577,0.44882,0.0416027,4539030,3997850,370574,8907460,0.475356,0.312306,Talarico,16.1695,-23.06,0.0328227,12.0202,0.322527,0.344677
2245,-1.36246,-1.54227,0.511534,0.486682,0.464734,0.0485839,4710400,4497980,470225,9678610,0.516506,0.37788,Talarico,15.8236,-27.3082,2.15368,10.7728,0.677721,0.719961
2280,2.73306,0.0463857,0.501106,0.477508,0.475399,0.047093,4400230,4380800,433962,9215000,0.491762,1.07922,Talarico,21.2888,-26.0822,-2.56773,15.1031,0.527912,0.434788
2300,-0.259726,-0.998355,0.5172,0.492868,0.460086,0.0470459,3751810,3502270,358123,7612200,0.406231,0.489177,Talarico,16.855,-26.622,-1.8992,16.7615,0.645338,0.0849952
2324,1.16336,-2.24337,0.505001,0.480094,0.470585,0.0493216,4345770,4259700,446456,9051930,0.483063,1.31343,Talarico,19.2855,-30.8214,2.03974,12.2939,0.521382,0.214833
2332,-1.85047,-0.242484,0.479355,0.461119,0.500837,0.0380442,4221620,4585250,348301,9155170,0.488571,0.655394,Paxton,14.5259,-27.5307,2.45583,11.9549,0.194932,0.268034
2355,-0.0792293,-0.281947,0.510276,0.49447,0.474555,0.0309747,3869920,3714050,242420,7826390,0.417661,0.630331,Talarico,20.1213,-26.18,2.06607,8.10285,0.750107,0.194993
2356,-0.885522,-0.556715,0.521332,0.499965,0.45905,0.0409859,4067020,3734190,333404,8134610,0.43411,0.27261,Talarico,15.4633,-28.7552,2.27357,11.9578,0.586482,0.200188
2360,-3.05215,-0.26426,0.493096,0.475215,0.488524,0.0362611,3995060,4106940,304841,8406840,0.448636,-0.0668607,Paxton,12.402,-27.5274,4.00619,10.4256,0.215482,0.134438
2365,-1.18969,-1.73201,0.499639,0.480606,0.481301,0.0380922,4278340,4284520,339095,8901960,0.475059,0.212728,Paxton,17.0354,-25.9611,0.48484,11.276,0.676846,0.6338
2393,-1.1372,-2.08485,0.526159,0.50682,0.456425,0.0367549,4355130,3922080,315837,8593050,0.458575,0.359239,Talarico,15.3517,-29.8841,0.814958,14.8999,0.249244,0.423415
2438,1.69754,-1.44782,0.472727,0.448938,0.50074,0.0503225,3840140,4283240,430450,8553840,0.45648300000000003,0.8468,Paxton,20.488,-27.7699,-0.495609,14.4783,0.127521,0.098781
2459,0.735234,-1.37227,0.517934,0.490836,0.456844,0.0523199,4816650,4483080,513423,9813160,0.523684,0.28485,Talarico,17.7884,-27.4181,0.0283543,13.1332,0.633151,0.439807
2461,-0.787403,-1.07711,0.520054,0.495256,0.45706,0.047684,4822040,4450150,464273,9736460,0.519596,0.503174,Talarico,15.868,-28.1687,2.37986,11.5606,0.601079,0.502199
2498,0.999007,-1.1622,0.497759,0.47784,0.482142,0.0400175,4770970,4813920,399553,9984450,0.53283,0.580144,Paxton,17.7738,-27.8932,0.125582,14.2621,0.801104,0.432812
2502,0.124107,-2.1059,0.521642,0.498363,0.457011,0.0446256,4917310,4509290,440317,9866920,0.526556,0.618484,Talarico,17.3134,-28.6181,1.17502,13.0038,0.525788,0.372494
2504,-1.26072,2.24267,0.50682,0.486357,0.473269,0.0403735,4541560,4419340,377004,9337910,0.498325,0.140128,Talarico,14.9086,-25.6421,1.22274,12.3875,0.439471,0.553192
2507,-0.0971969,1.6251,0.499887,0.471252,0.471465,0.0572833,4637500,4639590,563714,9840800,0.525162,0.723019,Paxton,18.7859,-24.9914,0.440365,10.6174,0.830333,0.517848
2509,1.44682,-0.723828,0.51032,0.489014,0.469235,0.0417504,4251230,4079280,362956,8693470,0.463935,0.635122,Talarico,17.8704,-27.7807,0.930327,11.9819,0.788118,0.770419
2516,0.443728,-0.625143,0.509015,0.492084,0.474654,0.0332625,4565900,4404180,308633,9278710,0.495168,0.75883,Talarico,18.554,-28.7221,1.13532,13.3913,0.747378,0.957426
2552,2.01284,-1.32908,0.467881,0.443032,0.503859,0.0531081,4315710,4908240,517342,9741300,0.519853,0.532457,Paxton,22.4739,-27.3412,2.29535,7.96983,0.0732578,0.0548999
2577,2.03311,0.378578,0.49698,0.46667,0.472343,0.0609871,4705980,4763180,615004,10084200,0.538148,0.845168,Paxton,19.7537,-27.7076,-0.220846,13.4798,0.609116,0.274287
2580,-0.938979,1.3808,0.516271,0.489308,0.458465,0.0522268,4521720,4236700,482631,9241050,0.493159,0.55859,Talarico,15.4495,-26.4248,2.65231,10.1298,0.698417,0.906488
2595,1.55761,-0.102569,0.489252,0.46336,0.483719,0.0529207,4344560,4535450,496195,9376200,0.500369,1.29007,Paxton,21.2788,-26.8594,-1.21955,13.2858,0.491361,0.115966
2604,0.708576,0.00203245,0.51796,0.492801,0.458625,0.0485747,4129610,3843220,407050,8379880,0.447198,0.930155,Talarico,18.1177,-28.7686,-0.120762,14.7406,0.690185,0.282067
2639,-0.750213,-0.126522,0.483485,0.465405,0.497201,0.0373937,4450910,4754990,357615,9563520,0.510364,0.342809,Paxton,19.4647,-25.96,1.13617,11.0565,0.293447,0.270413
2646,2.09531,-0.874431,0.511192,0.490519,0.469039,0.0404422,4361510,4170520,359597,8891630,0.474509,1.19986,Talarico,18.7753,-28.0571,-0.213618,13.5791,0.79223,0.274195
2667,-0.0612184,1.66534,0.539741,0.51975,0.443211,0.0370389,4733540,4036480,337326,9107340,0.486019,0.253298,Talarico,19.187,-27.2263,1.30692,9.93523,0.185598,0.162499
2672,-0.573395,1.00622,0.554472,0.528824,0.424919,0.0462569,4367190,3509120,382004,8258310,0.440711,0.54397,Talarico,16.7946,-25.9555,1.14649,10.8234,0.0382758,0.0152703
2674,-1.03037,0.922933,0.508009,0.483546,0.468299,0.0481554,4401910,4263110,438378,9103400,0.485811,-0.00913245,Talarico,17.9551,-24.9518,1.05472,10.2257,0.890528,0.383105
2685,0.725777,0.881091,0.517147,0.498233,0.465192,0.0365753,4311290,4025390,316492,8653170,0.46178399999999997,0.891221,Talarico,16.7936,-27.6087,1.75243,11.0948,0.729535,0.461273
2720,-1.51158,-1.96416,0.492111,0.468197,0.483208,0.0485958,4098240,4229630,425371,8753240,0.46712,0.104988,Paxton,15.6506,-23.8613,0.429306,11.0949,0.467927,0.29874
2721,-0.244422,1.64955,0.533493,0.515892,0.451116,0.0329927,5210280,4556060,333211,10099600,0.53897,0.49833,Talarico,16.3258,-27.3176,0.566512,13.5321,0.246718,0.109184
2744,0.950319,1.31949,0.508573,0.485494,0.469126,0.0453796,4483120,4331980,419041,9234130,0.492787,0.864542,Talarico,21.1601,-26.4065,1.11951,9.34089,0.835127,0.829814
2752,0.245783,-2.21386,0.523221,0.505687,0.4608,0.0335126,5021640,4575910,332792,9930340,0.52994,0.550698,Talarico,15.0925,-28.7974,1.98802,12.6058,0.455043,0.323706
2755,-1.15209,1.40103,0.506671,0.485841,0.473047,0.0411118,4723420,4599040,399696,9722160,0.518832,0.33699,Talarico,16.6045,-26.1386,1.98194,10.1002,0.830331,0.598449
2772,2.77065,-1.29774,0.522809,0.500477,0.456807,0.0427161,4760370,4344990,406301,9511660,0.507596,1.01384,Talarico,23.348,-29.4421,-0.422853,13.3298,0.179529,0.33069
2793,-0.0268925,-0.301606,0.494644,0.472225,0.482451,0.0453245,4420530,4516260,424286,9361080,0.499561,0.925853,Paxton,18.2933,-27.6171,2.13017,9.81838,0.608718,0.521861
2798,1.02926,-1.94415,0.500282,0.479035,0.478495,0.0424703,3957590,3953140,350873,8261600,0.440888,0.57231,Talarico,17.214,-27.0375,1.44216,11.7023,0.736352,0.442752
2812,-0.338441,0.761518,0.526874,0.507454,0.455687,0.0368588,4622560,4151000,335759,9109330,0.48613,0.598636,Talarico,18.2612,-27.3945,0.457108,12.7041,0.498853,0.590405
2815,0.735241,-1.14876,0.513999,0.493747,0.466852,0.0394013,4144880,3919110,330764,8394750,0.447991,0.099967,Talarico,18.4436,-28.5003,0.930884,12.2908,0.696865,0.266671
2823,-0.625414,-2.44517,0.507853,0.491663,0.476457,0.0318793,4806080,4657440,311625,9775150,0.521659,0.534579,Talarico,15.5276,-27.6059,2.06508,10.6704,0.405354,0.690048
2830,3.09731,-0.461306,0.522147,0.492683,0.450888,0.0564292,4954440,4534150,567455,10056000,0.536646,1.59014,Talarico,23.4746,-27.7242,-1.48371,13.2299,0.307736,0.0225908
2841,2.13401,1.1406,0.49326,0.475789,0.488791,0.0354203,4517090,4640520,336276,9493890,0.506651,0.81681,Paxton,20.2195,-27.4211,-1.53882,14.9483,0.364815,0.518919
2877,1.96922,1.32927,0.516622,0.487286,0.45593,0.056784,4047790,3787310,471693,8306790,0.443297,0.653222,Talarico,20.5838,-26.6523,0.71064,10.3201,0.582774,0.431084
2878,-0.0822081,-1.65762,0.527576,0.500872,0.448512,0.0506166,4215790,3775080,426035,8416910,0.449176,0.583685,Talarico,18.7594,-28.2186,0.636009,12.3987,0.408948,0.368746
2904,2.09155,1.11155,0.514872,0.496538,0.467853,0.035609,4725610,4452620,338895,9517120,0.507889,0.995749,Talarico,21.6613,-26.387,-0.805753,12.1361,0.6614,0.490291
2922,1.32579,1.2213,0.492694,0.472435,0.486446,0.0411195,4280840,4407800,372594,9061240,0.483561,0.782258,Paxton,20.1343,-26.9424,-0.393964,13.1383,0.466904,0.649153
2943,-1.58057,-0.137207,0.498741,0.481278,0.483707,0.0350146,4601620,4624840,334783,9561240,0.510244,0.235948,Paxton,16.5172,-28.9325,2.79801,11.3314,0.743929,0.496764
2946,0.395712,0.880938,0.491355,0.468288,0.484767,0.0469446,3932600,4070990,394233,8397830,0.448157,0.850517,Paxton,16.563,-26.0082,0.384112,12.5406,0.475146,0.317916
2947,-1.89456,0.340284,0.519045,0.490978,0.454947,0.0540748,4799740,4447510,528629,9775880,0.521699,0.322092,Talarico,16.9322,-26.2612,1.1763,11.3501,0.659747,0.457475
2952,-0.630435,-1.07771,0.502797,0.470171,0.46494,0.0648894,3791390,3749210,523259,8063860,0.430333,0.35341,Talarico,16.4001,-25.6676,1.31322,11.1268,0.723758,0.245161
2979,2.49145,-1.18997,0.492148,0.473469,0.488577,0.0379535,4540920,4685820,364002,9590750,0.511817,0.95425,Paxton,20.8198,-28.0903,-0.96508,14.0812,0.502334,0.332458
2986,2.03949,-1.13784,0.511579,0.485767,0.463777,0.0504559,4826510,4608030,501323,9935870,0.530235,0.930414,Talarico,18.9561,-29.369,-0.263991,14.4718,0.740085,0.296873
2999,2.12412,-0.662496,0.515269,0.486797,0.457946,0.0552567,4165940,3919040,472879,8557860,0.4567,0.341068,Talarico,19.4697,-27.6865,-0.801421,14.5372,0.724444,0.598293
3023,-0.129812,-1.44155,0.499815,0.464756,0.4651,0.0701446,4235100,4238230,639194,9112520,0.486299,0.769403,Paxton,19.3159,-25.3048,-0.547765,12.9225,0.741443,0.899398
3045,2.00239,-0.298144,0.509825,0.486829,0.468066,0.0451054,4885610,4697320,452659,10035600,0.535559,0.0595129,Talarico,20.1977,-25.9784,0.108645,10.4302,0.846638,0.204622
3048,-2.58534,1.15004,0.504364,0.477953,0.469681,0.0523661,4323940,4249110,473745,9046800,0.482788,0.429312,Talarico,15.1937,-23.8779,0.396918,11.95,0.661356,0.928107
3052,-2.30804,1.74895,0.519693,0.498995,0.461179,0.0398263,4291540,3966310,342521,8600370,0.458965,0.430445,Talarico,16.3492,-23.6552,0.170004,11.7394,0.428164,0.624538
3109,1.08486,-1.04801,0.523189,0.496882,0.452835,0.0502829,4395730,4006060,444834,8846620,0.472107,1.09506,Talarico,19.5012,-27.5897,1.02867,11.691,0.544712,0.218733
3112,-0.963156,1.70382,0.490911,0.463015,0.48016,0.0568246,3871070,4014410,475086,8360570,0.446169,0.414516,Paxton,16.689,-25.4177,2.29077,8.80835,0.502076,0.322444
3115,0.774565,1.10883,0.509112,0.489602,0.472076,0.0383227,4210750,4060020,329589,8600360,0.458963,0.489695,Talarico,17.6758,-25.0827,-0.276762,12.1675,0.882593,0.796216
3179,-2.20296,-1.05604,0.481704,0.461652,0.496721,0.041627,4193440,4512000,378121,9083560,0.484752,-0.186909,Paxton,15.4355,-26.6321,1.20346,11.9708,0.263551,0.0563705
3193,-1.19266,-1.88608,0.50881,0.489841,0.472878,0.0372809,4748590,4584140,361406,9694140,0.517339,0.239983,Talarico,15.6935,-27.9848,0.926969,13.7637,0.631783,0.540217
3221,2.03712,1.79285,0.501686,0.476994,0.473787,0.0492188,4294640,4265770,443144,9003560,0.480482,1.36069,Talarico,20.2103,-26.1003,-0.660348,12.6738,0.372088,0.152181
3248,-1.54271,-1.20971,0.526016,0.490125,0.441643,0.068232,5017620,4521300,698521,10237400,0.546331,0.0759734,Talarico,17.3355,-28.8873,3.47361,10.7973,0.419563,0.0743091
3254,-3.00519,0.919008,0.50012,0.482327,0.482096,0.035577,4453540,4451410,328498,9233450,0.492748,-0.502529,Talarico,13.4544,-24.3083,1.37424,10.9529,0.377113,0.0222
3283,0.116812,-1.89733,0.522579,0.493459,0.450817,0.0557244,3894590,3558040,439801,7892420,0.421183,0.615209,Talarico,16.3549,-28.4822,1.59676,12.3038,0.529525,0.109969
3328,-0.670576,0.234829,0.544142,0.51939,0.435121,0.0454883,5439280,4556780,476373,10472400,0.55887,0.468666,Talarico,17.5552,-27.539,1.13929,11.7857,0.0868204,0.0196485
3353,-0.435331,-1.94267,0.512667,0.490921,0.466662,0.0424163,4053240,3852950,350206,8256390,0.440608,0.653583,Talarico,16.779,-26.7293,2.2268,10.0911,0.686824,0.39671
3355,-0.896061,2.3013,0.486413,0.459547,0.485219,0.0552334,4285840,4525260,515119,9326220,0.497702,0.204027,Paxton,17.2401,-24.3142,-1.15599,13.9538,0.247964,0.299793
3370,1.44755,-1.70037,0.513589,0.486679,0.460924,0.0523978,3861490,3657140,415744,7934380,0.423424,0.559981,Talarico,19.3029,-28.8109,-0.79241,15.9867,0.598529,0.193095
3376,-0.0563299,-0.00986488,0.520899,0.491133,0.451723,0.0571445,4668060,4293490,543141,9504690,0.507227,0.708877,Talarico,18.0535,-28.1068,1.91661,10.3961,0.575855,0.636958
3397,1.11092,0.649361,0.52339,0.493864,0.449723,0.0564133,4426600,4030950,505643,8963190,0.478327,0.865672,Talarico,17.8807,-27.3163,0.558579,13.1781,0.594388,0.524765
3433,-0.0639951,-1.2244,0.504459,0.482909,0.474373,0.0427182,4618240,4536610,408530,9563380,0.510356,0.478393,Talarico,19.33,-25.0256,-0.774956,12.4315,0.754647,0.852602
3448,-1.08243,1.03386,0.515092,0.49318,0.464279,0.0425408,4387400,4130300,378450,8896160,0.474753,0.495271,Talarico,17.4381,-27.0201,-0.332199,14.1547,0.748882,0.809333
3456,2.34938,-0.455193,0.511238,0.488553,0.467076,0.0443712,4733450,4525360,429899,9688700,0.517048,0.932387,Talarico,20.2105,-28.1163,0.971965,12.161,0.798699,0.448016
3475,0.313294,-2.13681,0.497786,0.475276,0.479504,0.0452192,4708860,4750750,448015,9907620,0.528728,0.854428,Paxton,17.0079,-27.5489,2.58556,9.89524,0.633754,0.354904
3516,0.904159,-2.35677,0.48946,0.466685,0.486785,0.0465303,4108200,4285130,409603,8802930,0.469778,0.918354,Paxton,19.3521,-29.1907,0.990658,12.5209,0.401834,0.401077
3567,-0.185739,-0.577819,0.486513,0.469421,0.495447,0.035132,4079960,4306170,305349,8691490,0.463828,0.823177,Paxton,17.6135,-25.8325,0.527648,11.074,0.459117,0.357903
3644,0.617599,-0.649852,0.522328,0.494811,0.452508,0.0526813,4691680,4290570,499511,9481750,0.506001,0.890509,Talarico,14.8283,-29.3689,2.75495,11.8208,0.519973,0.471347
3661,1.31642,-2.11851,0.516802,0.493716,0.461614,0.0446703,4637330,4335800,419575,9392710,0.501249,0.490213,Talarico,18.2151,-27.5841,-0.548242,14.229,0.4255,0.814151
3700,1.97258,-1.49758,0.525958,0.498143,0.448972,0.0528847,4674970,4213510,496312,9384790,0.500825,0.796004,Talarico,19.103,-28.4831,0.634899,13.4155,0.336204,0.461491
3707,1.98102,-0.0153926,0.510302,0.487689,0.467997,0.044314,4652880,4465010,422786,9540680,0.509148,0.706288,Talarico,22.0472,-26.6792,-2.21551,14.479,0.844113,0.820755
3719,1.69318,0.585812,0.505811,0.483202,0.4721,0.0446985,4668010,4560760,431813,9660580,0.515543,1.14787,Talarico,21.251,-25.5324,-0.198399,11.0269,0.764446,0.243242
3788,-0.453439,-1.48568,0.4989,0.479884,0.482,0.0381162,4144850,4163130,329217,8637200,0.460931,0.489379,Paxton,16.3786,-25.1962,0.807328,11.3052,0.680709,0.738737
3804,2.64658,-0.370586,0.50317,0.483677,0.477582,0.0387407,4433370,4377500,355096,9165970,0.489146,0.954486,Talarico,21.0236,-27.7063,-0.123501,13.012,0.672031,0.634528
3815,0.35732,-0.979987,0.471826,0.453931,0.508142,0.0379271,4080520,4567830,340938,8989290,0.479718,0.572587,Paxton,19.1105,-24.3473,0.760092,9.17867,0.131275,0.123299
3829,-2.45889,-0.157346,0.518635,0.497914,0.462132,0.039954,4429220,4110920,355413,8895560,0.47472,0.237924,Talarico,11.4253,-26.3519,2.77712,10.8989,0.590237,0.587567
3834,-0.362243,0.472122,0.532889,0.51632,0.452588,0.0310917,4943240,4333070,297671,9573980,0.510922,0.461918,Talarico,17.7628,-28.2276,1.93994,11.2932,0.356606,0.284973
3866,2.64553,-0.338289,0.52447,0.496305,0.449993,0.0537019,4029180,3653200,435971,8118350,0.433244,0.97757,Talarico,20.6134,-28.9522,-0.202722,14.6717,0.443095,0.144851
3894,-2.52155,-1.09736,0.505234,0.482374,0.472379,0.045247,4476190,4383440,419870,9279500,0.495209,-0.00663335,Talarico,13.7036,-25.891,1.55259,12.1639,0.471563,0.355904
3912,-0.84946,1.24388,0.490797,0.467066,0.484583,0.0483508,3909330,4055940,404695,8369970,0.446671,0.711946,Paxton,15.5536,-25.0048,0.76465,11.7479,0.48529,0.357913
3946,2.89069,-0.712145,0.511993,0.489897,0.466945,0.0431575,4208190,4011040,370721,8589950,0.458412,1.22299,Talarico,21.8142,-28.3669,0.354801,11.5307,0.469686,0.168502
3982,0.486778,-0.267591,0.484832,0.466049,0.49521,0.0387411,3978860,4227820,330749,8537430,0.455606,0.460565,Paxton,17.2281,-27.1149,0.742286,12.1331,0.377183,0.277036
3992,-0.99968,-0.591358,0.491568,0.466611,0.48262,0.0507695,4209830,4354270,458050,9022150,0.481475,0.277262,Paxton,17.0808,-26.6647,0.670583,12.4705,0.515037,0.541906
4000,-0.157184,0.615146,0.519865,0.50529,0.466675,0.028035,4806280,4438970,266667,9511920,0.507612,0.673266,Talarico,18.2161,-26.2789,0.433212,12.0249,0.651937,0.673963
4018,1.10246,1.04667,0.485461,0.462513,0.490216,0.0472707,4263290,4518650,435725,9217660,0.491907,1.05531,Paxton,20.0719,-26.0808,0.235894,10.7678,0.283682,0.214822
4035,-0.541704,-2.07942,0.508035,0.488785,0.473325,0.0378903,4458380,4317360,345611,9121350,0.486768,0.401009,Talarico,17.2927,-27.7736,1.87872,10.6797,0.647245,0.91310500000000006
4045,0.57958,-2.3702,0.511906,0.494883,0.471863,0.0332534,4825260,4600810,324230,9750300,0.520336,0.721469,Talarico,18.6904,-27.7957,-0.0412472,13.2369,0.571987,0.576162
4061,1.80858,0.279893,0.501394,0.481375,0.478697,0.039928,4552260,4526950,377591,9456800,0.504671,1.15914,Talarico,19.3964,-26.5378,0.147173,11.7325,0.737792,0.310659
4080,-2.13165,0.736585,0.504107,0.485701,0.477787,0.0365121,4140500,4073030,311258,8524790,0.454933,0.651511,Talarico,15.1449,-27.2109,2.10459,11.7775,0.830739,0.668441
4082,1.90867,0.690145,0.517026,0.496212,0.46353,0.0402573,4451090,4157930,361113,8970130,0.478698,0.837722,Talarico,19.0492,-27.7396,1.72601,11.1518,0.793613,0.73485
4096,1.57448,0.488452,0.492407,0.471605,0.486149,0.0422453,4210090,4339920,377130,8927140,0.476406,1.02324,Paxton,20.1434,-27.4349,-0.782925,14.7665,0.579428,0.405675
4099,1.52748,-0.961167,0.495398,0.480936,0.489871,0.0291927,4261720,4340890,258685,8861290,0.47289,0.966236,Paxton,21.7967,-28.6331,0.72894,11.2899,0.681381,0.518331
4114,-0.650324,1.4811,0.502512,0.477387,0.472614,0.049999,4768920,4721240,499472,9989630,0.533106,0.665581,Talarico,17.6346,-25.1201,-0.997728,13.0067,0.873482,0.451771
4125,-0.165571,-1.73477,0.531495,0.504064,0.444326,0.0516102,5037270,4440280,515757,9993310,0.533303,0.457231,Talarico,16.7183,-27.6143,1.86281,11.5687,0.319625,0.162909
4163,-2.30284,1.83465,0.488778,0.466826,0.488262,0.0449124,4437460,4641220,426919,9505590,0.507273,0.0896936,Paxton,14.1648,-22.6606,-0.236733,11.9404,0.234356,0.183676
4164,-0.659575,-2.27645,0.532927,0.506082,0.443544,0.050374,4558280,3995000,453718,9007000,0.480669,0.576701,Talarico,15.1388,-29.4617,2.03533,13.0131,0.214369,0.362121
4175,1.43463,0.384158,0.499116,0.47543,0.477114,0.047456,3423340,3435470,341708,7200520,0.384263,0.621531,Paxton,16.2943,-27.961,0.515194,14.6364,0.758461,0.0224559
4313,1.88296,-0.717044,0.480579,0.46325,0.500691,0.0360597,3986670,4308880,310325,8605870,0.45926,0.763117,Paxton,20.1378,-25.1729,-1.39609,13.3139,0.302452,0.231156
4341,-0.392623,-1.02145,0.513338,0.492801,0.467193,0.0400066,3571450,3385860,289938,7247250,0.386756,0.655485,Talarico,17.3947,-28.8977,2.26154,11.3767,0.734786,0.0372677
4344,0.841411,-1.45641,0.529047,0.505589,0.450071,0.0443399,4389160,3907190,384927,8681280,0.463283,0.557195,Talarico,17.7812,-25.9148,-1.28223,14.906,0.400245,0.429328
4385,-1.34992,-1.57989,0.49513,0.474591,0.483928,0.0414812,4288600,4372970,374841,9036410,0.482237,0.642191,Paxton,15.407,-25.6106,2.9571,8.81997,0.612046,0.757929
4389,-1.70795,-0.823987,0.518062,0.493811,0.459378,0.0468109,4558500,4240640,432123,9231260,0.492634,0.640704,Talarico,14.8844,-29.3193,2.93455,10.7342,0.707147,0.86889
4470,1.07959,-1.8198,0.501957,0.482892,0.479127,0.0379805,4239620,4206560,333455,8779630,0.468531,0.424683,Talarico,16.5903,-27.7225,1.38958,11.7777,0.795508,0.829321
4478,-2.66181,-1.00153,0.498826,0.476162,0.478403,0.0454357,4326720,4347090,412859,9086670,0.484918,0.262831,Paxton,14.2255,-26.0321,1.40503,11.7135,0.382253,0.695155
4492,0.801173,0.84906,0.531393,0.5162,0.45521,0.0285895,4261810,3758260,236038,8256110,0.440596,0.545923,Talarico,16.7163,-26.1728,-0.672244,14.2951,0.393247,0.195414
4501,1.92339,-0.0161219,0.522685,0.500589,0.457136,0.0422748,4385950,4005230,370394,8761570,0.467568,0.699096,Talarico,20.7557,-26.7404,0.219349,11.8515,0.584585,0.616541
4511,-2.9967,-0.224409,0.514066,0.498944,0.47164,0.0294166,5112890,4833090,301444,10247400,0.546862,0.310764,Talarico,13.3114,-26.927,3.34206,9.95496,0.433219,0.148754
4529,1.47433,1.67529,0.511817,0.494342,0.471515,0.0341427,4089370,3900540,282440,8272350,0.44146,0.815696,Talarico,19.5238,-26.5382,-1.72393,16.0271,0.645896,0.330201
4537,2.49202,-1.16463,0.503931,0.480813,0.473312,0.0458745,4476420,4406590,427097,9310120,0.496842,0.944931,Talarico,21.3831,-27.63,-0.499492,13.35,0.617726,0.642502
4585,1.31886,-1.08651,0.496078,0.473985,0.481479,0.0445356,4190510,4256770,393740,8841020,0.471809,0.649952,Paxton,17.6122,-27.2847,1.34624,11.6356,0.74523,0.725105
4598,1.50267,0.818447,0.529433,0.507486,0.45106,0.0414537,4811250,4276300,393004,9480560,0.505939,0.938932,Talarico,19.356,-28.2732,0.892507,11.8942,0.407192,0.238997
4600,1.27903,-0.909933,0.482825,0.464197,0.497222,0.0385811,4300010,4605930,357389,9263320,0.494345,0.697082,Paxton,17.8134,-28.3683,1.38724,11.9273,0.340854,0.332111
4613,1.34725,-2.09862,0.528836,0.506022,0.450839,0.0431389,4758940,4239960,405705,9404610,0.501887,0.938675,Talarico,17.73,-30.2914,2.77729,10.8109,0.264968,0.261678
4620,-2.17439,1.29201,0.54232,0.523754,0.442011,0.0342343,4653880,3927550,304193,8885620,0.47419,0.599954,Talarico,14.1082,-24.1126,1.78823,9.44548,0.114794,0.155116
4634,-0.560636,-1.15924,0.50931,0.490627,0.47269,0.036683,4911730,4732160,367238,10011100,0.534252,0.531754,Talarico,17.8463,-27.2119,2.60588,9.25874,0.79042,0.398569
4643,1.1325,-0.652235,0.486756,0.46815,0.493626,0.0382238,3852190,4061820,314526,8228530,0.439125,1.01219,Paxton,17.9481,-26.7745,-1.1623000000000001,15.0283,0.448948,0.13307
4680,-1.35567,-1.6127,0.503805,0.480972,0.473706,0.0453226,4031990,3971080,379940,8383020,0.447365,0.0613906,Talarico,17.131,-26.9742,0.527949,13.1482,0.757481,0.231148
4682,-1.06103,-0.413152,0.508827,0.491946,0.474878,0.0331758,4918180,4747540,331671,9997390,0.533521,0.5045,Talarico,17.0668,-29.1762,1.27148,12.8167,0.890875,0.410219
4692,0.683277,2.52165,0.507461,0.482524,0.468335,0.0491408,4202140,4078570,427951,8708660,0.464744,0.633273,Talarico,18.6451,-24.4328,-2.38827,14.9832,0.331633,0.78486
4694,1.71064,0.576959,0.517172,0.488912,0.456444,0.0546436,3862350,3605860,431679,7899890,0.421584,0.79046,Talarico,18.939,-27.0709,1.55711,9.71138,0.821959,0.170103
4697,-2.51321,1.11755,0.501777,0.479055,0.475663,0.0452819,4249070,4218980,401636,8869690,0.473337,-0.285451,Talarico,14.1956,-25.2259,1.07091,12.2306,0.671666,0.112449
4721,-0.233947,-1.12716,0.502273,0.47202,0.467749,0.0602313,4423390,4383360,564439,9371180,0.500101,0.767197,Talarico,17.1444,-26.4233,0.174208,13.4341,0.732858,0.874351
4727,1.72543,1.70021,0.518935,0.497226,0.46094,0.0418345,4183570,3878270,351988,8413820,0.449008,0.533555,Talarico,19.5333,-26.0549,-1.54905,14.5508,0.482166,0.529809
4759,2.34696,-0.949347,0.479248,0.459756,0.499572,0.0406722,3922830,4262560,347032,8532420,0.45534,0.641795,Paxton,20.5526,-26.6731,-2.09778,14.9109,0.265355,0.21001
4761,-2.20835,-0.29203,0.487776,0.46531,0.488633,0.0460567,4485280,4710090,443956,9639330,0.514414,0.115699,Paxton,15.4541,-27.1217,4.1661,8.16289,0.41004,0.162452
4773,1.61186,-0.385119,0.520957,0.49200700000000003,0.452422,0.0555711,4660370,4285420,526379,9472170,0.505492,0.907392,Talarico,18.3833,-29.247,1.7441,12.0552,0.555336,0.500069
4785,0.245598,-2.28729,0.499024,0.478329,0.480201,0.0414696,4453790,4471210,386129,9311130,0.496895,0.654988,Paxton,16.6511,-28.4675,1.96392,12.0863,0.550509,0.871925
4833,-0.0659643,-1.61118,0.510989,0.495024,0.473733,0.0312433,4501510,4307900,284112,9093520,0.485284,0.782206,Talarico,17.5709,-26.3916,0.547043,12.2693,0.738318,0.935293
4838,1.33551,0.215067,0.509598,0.488267,0.469874,0.0418593,3731150,3590600,319873,7641620,0.4078,0.986944,Talarico,20.9482,-27.5801,1.55523,9.96189,0.793436,0.0801532
4859,-0.746547,1.50673,0.508665,0.485323,0.468787,0.0458904,4097460,3957850,387441,8442750,0.450553,0.622811,Talarico,18.4983,-26.0496,1.95739,8.64308,0.841387,0.601555
4861,3.06006,-0.615868,0.50751,0.4775,0.463367,0.0591328,4083520,3962660,505697,8551880,0.456378,1.28845,Talarico,21.7542,-29.3981,1.36962,11.014,0.419941,0.142176
4873,1.23631,-1.32671,0.521151,0.500816,0.460165,0.039019,4236670,3892770,330082,8459520,0.45145,0.894253,Talarico,19.527,-27.8536,0.908662,11.9336,0.566243,0.309304
4904,1.48037,1.49985,0.557871,0.531638,0.421339,0.0470224,5379440,4263370,475801,10118600,0.539989,0.547777,Talarico,20.0041,-28.224,0.331574,12.6216,0.018084,0.0271811
4908,-2.74636e-5,-0.207517,0.517865,0.495284,0.461112,0.0436046,4399950,4096380,387370,8883700,0.474085,0.791624,Talarico,20.4088,-27.0079,-0.434777,12.7401,0.627699,0.715356
4910,-0.222928,-2.65613,0.49573,0.475993,0.484192,0.0398149,4248090,4321260,355335,8924680,0.476274,0.223482,Paxton,16.49,-27.7103,1.66387,11.3682,0.271817,0.587424
4919,1.6284,0.321526,0.524746,0.495061,0.448369,0.0565704,4378710,3965730,500354,8844800,0.47201,0.685485,Talarico,17.9121,-28.3454,1.31744,12.587,0.53424,0.603771
4927,-1.13227,-1.29675,0.532963,0.510808,0.447623,0.041569299999999997,4311520,3778200,350869,8440590,0.450436,-0.123755,Talarico,16.6195,-28.6338,1.66657,12.0009,0.269025,0.0542445
4931,-1.71173,2.12854,0.519701,0.496219,0.458598,0.0451828,4235280,3914180,385640,8535100,0.455482,0.269747,Talarico,15.3604,-25.5719,3.14512,8.66056,0.452843,0.438577
4954,0.255166,1.5988,0.503789,0.47803,0.470839,0.0511316,4530030,4461880,484546,9476460,0.505718,0.858066,Talarico,18.4217,-24.8508,-0.943043,12.3742,0.913499,0.710889
4971,-0.128628,-2.76985,0.500327,0.4727,0.472082,0.0552182,3982380,3977180,465200,8424760,0.449596,-0.0763156,Talarico,15.1764,-26.2394,0.775796,12.7452,0.231278,0.133322
4991,1.93907,-0.518568,0.534188,0.505864,0.441113,0.0530233,4241250,3698370,444557,8384180,0.447426,1.13051,Talarico,21.6455,-27.254,-0.832774,13.5864,0.260105,0.0737508
5011,-0.416493,-0.496186,0.513216,0.487303,0.462206,0.0504909,3632410,3445340,376365,7454120,0.397794,0.75075,Talarico,16.3185,-26.9224,1.12182,12.2089,0.7353,0.0745329
5058,-1.32017,2.30648,0.517121,0.491351,0.458815,0.0498348,5083410,4746800,515581,10345800,0.552113,0.00525314,Talarico,16.1827,-25.1531,-0.826538,14.0079,0.453937,0.094681
5111,-2.1358,-0.14818,0.511992,0.492463,0.469393,0.0381439,4553060,4339780,352659,9245500,0.493393,-0.141794,Talarico,14.7651,-27.4488,2.8292,10.5029,0.793529,0.234934
5153,1.9003,1.27975,0.512641,0.488043,0.463974,0.0479836,4558010,4333220,448136,9339360,0.498402,1.12396,Talarico,18.8123,-25.4465,-2.13144,14.1215,0.69314,0.434839
5221,0.49471,0.692733,0.505533,0.483377,0.472795,0.0438276,4924250,4816450,446479,10187200,0.543648,0.85714,Talarico,20.007,-27.8266,2.01926,10.296,0.898776,0.255655
5228,-1.87499,-0.896658,0.481982,0.459417,0.493767,0.0468158,4186900,4499940,426655,9113490,0.48635,-0.0616036,Paxton,13.3485,-27.8031,1.83176,12.7103,0.31803,0.0917935
5244,-2.33426,-0.354534,0.506554,0.478775,0.466387,0.0548376,4251130,4141130,486913,8879180,0.473842,0.0237595,Talarico,14.174,-26.8405,2.87298,10.6704,0.714969,0.391661
5251,1.29017,2.22658,0.507055,0.485766,0.472248,0.0419857,4757080,4624700,411164,9792940,0.522607,1.19843,Talarico,20.3126,-24.6479,-1.06621,13.0198,0.399259,0.16037
5257,-1.76779,1.34034,0.522563,0.5037,0.460203,0.0360965,4895560,4472810,350829,9719200,0.518674,0.340699,Talarico,16.5803,-26.6063,1.64814,10.8892,0.622443,0.416416
5290,-3.11669,-0.0978243,0.512352,0.485543,0.462131,0.0523255,4059110,3863390,437438,8359940,0.446135,-0.419894,Talarico,10.0058,-26.1903,4.47395,8.87138,0.397295,0.0248463
5294,0.250243,1.15836,0.508512,0.48599,0.46972,0.0442898,4161560,4022230,379255,8563040,0.456972,0.398227,Talarico,17.8572,-26.9949,0.33504,13.3209,0.960876,0.727159
5383,1.98296,0.364004,0.516552,0.498155,0.466231,0.0356147,4280480,4006170,306025,8592670,0.458555,0.438619,Talarico,19.0836,-27.701,1.06626,11.3667,0.828378,0.676485
5385,0.752399,0.129258,0.461636,0.442729,0.516313,0.0409578,4363570,5088820,403683,9856080,0.525976,0.98268200000000006,Paxton,17.3225,-25.6552,0.166387,12.3262,0.0493473,0.0233201
5408,-0.968814,2.42039,0.511034,0.478427,0.457768,0.0638051,4462520,4269820,595141,9327480,0.497763,0.310697,Talarico,17.8292,-23.0823,-1.51509,12.856,0.440304,0.807504
5418,0.428534,1.37332,0.500743,0.48601,0.484568,0.0294218,4701620,4687660,284624,9673900,0.516258,0.759134,Talarico,18.9817,-25.2299,-0.422411,12.6266,0.910515,0.613293
5428,0.902771,1.88745,0.518397,0.48749,0.452889,0.0596218,4625810,4297480,565754,9489040,0.50639,0.941377,Talarico,18.3894,-26.4608,1.06773,11.2177,0.557874,0.520435
5439,-1.0485,-0.242381,0.514847,0.494719,0.466185,0.0390966,4425500,4170250,349738,8945480,0.477384,0.131406,Talarico,14.81,-28.1383,1.06778,13.7929,0.822952,0.512977
5468,0.242457,1.97134,0.495523,0.470384,0.478884,0.0507321,4081920,4155680,440245,8677840,0.463099,0.299365,Paxton,16.5455,-25.6286,0.313511,12.408,0.520172,0.547956
5480,2.12153,-2.01438,0.484662,0.458051,0.487042,0.054907,4842980,5149510,580533,10573000,0.564237,1.25794,Paxton,20.7801,-29.9085,1.35256,11.5871,0.175483,0.0126651
5512,-1.55432,-0.758135,0.511229,0.487595,0.466176,0.046229,5067750,4845120,480474,10393300,0.554649,0.68603,Talarico,15.1086,-27.9329,1.6299,12.6578,0.846968,0.174673
5520,-1.56117,0.136785,0.503652,0.47203,0.465184,0.0627863,4241980,4180460,564240,8986680,0.479581,0.231259,Talarico,16.9792,-27.2089,2.55403,10.0914,0.825063,0.704538
5533,-2.15857,1.19018,0.503324,0.488006,0.48156,0.0304343,4006540,3953610,249866,8210020,0.438134,0.0696095,Talarico,15.9981,-26.1471,2.66019,9.48257,0.767083,0.203776
5535,-1.58613,2.18083,0.507489,0.481009,0.466812,0.0521792,4498930,4366150,488038,9353120,0.499137,0.252872,Talarico,14.5209,-25.4149,0.923002,12.8806,0.385903,0.727454
5579,-0.557883,-0.251867,0.512478,0.481189,0.457756,0.0610549,3935480,3743840,499348,8178670,0.43646,-0.037565,Talarico,16.5421,-24.797,-1.26756,13.9642,0.789695,0.146478
5586,2.82764,0.976561,0.520752,0.501538,0.461566,0.0368961,4481240,4124080,329666,8934990,0.476825,1.57404,Talarico,24.6214,-28.436,-1.43377,13.8831,0.278318,0.0386704
5624,1.34783,-2.02277,0.490155,0.461118,0.479641,0.0592418,4182610,4350620,537358,9070580,0.484059,0.465942,Paxton,16.8528,-27.2539,0.411585,12.3806,0.472138,0.546503
5630,1.14488,-0.340177,0.479402,0.46233,0.50206,0.03561,4287260,4655680,330217,9273150,0.494871,0.353135,Paxton,18.7851,-27.4277,-0.623888,13.0394,0.288032,0.233246
5673,-0.862049,2.35247,0.519276,0.500493,0.463336,0.0361712,4664170,4317890,337084,9319140,0.497322,0.47343,Talarico,19.4594,-23.8812,-1.51879,12.4468,0.485447,0.758107
5685,-2.11479,-0.449873,0.502327,0.471655,0.467285,0.0610603,3812120,3776790,493515,8082420,0.431324,-0.00186841,Talarico,15.5005,-26.0835,1.74512,10.6219,0.716762,0.156457
5703,0.900508,0.486712,0.49134,0.469316,0.485859,0.044825,4232480,4381670,404250,9018400,0.481273,1.04994,Paxton,20.238,-28.0321,0.995614,11.5044,0.546813,0.357448
5709,-0.721733,0.0536607,0.515246,0.48703,0.458207,0.0547631,4060220,3819940,456544,8336700,0.444898,0.667627,Talarico,16.7877,-26.827,1.58967,10.5562,0.719959,0.460783
5721,1.65186,-1.58465,0.504219,0.483119,0.475034,0.0418468,4504850,4429460,390201,9324510,0.497612,0.409739,Talarico,18.1084,-30.0326,1.09273,13.7511,0.795015,0.915794
5734,0.568712,2.2521,0.494218,0.476632,0.487784,0.0355843,4339850,4441390,324004,9105240,0.485908,0.846502,Paxton,19.4223,-25.8219,-0.117005,12.0404,0.318425,0.658437
5812,0.940109,-1.58797,0.485679,0.459619,0.486724,0.0536575,3989140,4224390,465706,8679240,0.463172,1.0603,Paxton,20.4059,-27.6307,1.25408,10.7462,0.391739,0.194097
5813,-0.341882,-0.241999,0.490717,0.464533,0.482108,0.0533583,5079440,5271620,583447,10934500,0.58353,0.874002,Paxton,18.7915,-25.2436,0.677775,10.2667,0.519441,0.0198942
5844,-1.25301,1.18122,0.510152,0.48192,0.46274,0.0553398,4352170,4178960,499768,9030890,0.481941,0.384963,Talarico,15.8095,-26.4345,2.45299,9.96268,0.862813,0.855753
5854,-2.25557,-0.0651726,0.548269,0.525748,0.433175,0.0410768,4911180,4046420,383711,9341320,0.498507,0.263605,Talarico,13.6376,-27.2156,2.73196,10.5412,0.0544322,0.0522152
5863,0.672259,-2.25474,0.537117,0.501708,0.432369,0.0659233,4590790,3956310,603219,9150320,0.488315,0.809194,Talarico,19.6151,-29.6745,0.423617,14.1117,0.110009,0.211043
5865,-2.0261,0.667368,0.509062,0.484167,0.46693,0.0489035,4560370,4398020,460623,9419020,0.502652,0.113463,Talarico,15.3886,-22.824,0.241785,10.7298,0.848445,0.513581
5867,2.84,0.0814144,0.524425,0.493248,0.447301,0.0594508,4223770,3830320,509088,8563180,0.456982,1.43539,Talarico,21.1274,-26.7464,-1.77945,13.8276,0.37375,0.0397168
5881,0.494739,2.42353,0.51358,0.49889,0.472507,0.0286024,4575820,4333830,262341,9171990,0.489471,0.302977,Talarico,18.0746,-25.5909,-0.728507,13.2012,0.426579,0.739662
5885,2.55155,-1.43657,0.502843,0.475437,0.470061,0.0545026,4156800,4109800,476523,8743120,0.466581,1.60654,Talarico,22.8824,-28.396,1.11861,11.1212,0.512043,0.0483516
5897,0.613064,0.377145,0.49374,0.473615,0.485624,0.0407616,3819620,3916470,328735,8064830,0.430385,0.798524,Paxton,17.3505,-26.2486,-0.444393,13.9971,0.609531,0.191313
5901,0.561514,2.17773,0.494685,0.47024,0.480344,0.0494153,4328140,4421130,454823,9204090,0.491186,0.802346,Paxton,20.7404,-24.7611,-0.867739,11.9225,0.366418,0.694438
5932,-1.46116,-1.58984,0.505486,0.488041,0.477447,0.0345118,4602220,4502320,325446,9429990,0.50324,0.627557,Talarico,14.1429,-28.2847,1.46138,12.2298,0.750236,0.953046
5980,-1.93397,0.59211,0.509947,0.494389,0.475102,0.0305092,4476670,4302020,276259,9054950,0.483224,0.292381,Talarico,15.5366,-27.3055,0.808365,12.9472,0.842244,0.781421
6021,-0.772079,2.56044,0.519292,0.497916,0.460919,0.0411653,4611370,4268730,381246,9261350,0.49424,0.766669,Talarico,18.4281,-24.6211,-0.654656,12.1225,0.375367,0.752567
6026,-0.878685,-1.17788,0.515119,0.494861,0.465813,0.0393267,4390190,4132490,348890,8871570,0.473439,0.28597,Talarico,15.3946,-24.5744,2.24953,9.17198,0.72127,0.688409
6033,-1.61209,-0.854821,0.530401,0.51072,0.452174,0.0371053,4422120,3915190,321280,8658590,0.462074,0.915984,Talarico,15.8012,-29.1719,2.41324,12.1275,0.373301,0.281274
6166,-1.74563,1.09325,0.4827,0.46764,0.501161,0.0311993,4704900,5042160,313895,10061000,0.53691,-0.154594,Paxton,16.1585,-26.1842,1.02636,11.3053,0.278862,0.0363619
6176,2.35305,-1.45047,0.51884,0.481554,0.446582,0.0718644,4230240,3923030,631298,8784570,0.468797,1.39397,Talarico,20.9608,-29.6221,1.06952,12.4423,0.37926,0.0676188
6211,0.629264,-2.16821,0.510734,0.490215,0.469609,0.040176,4506260,4316840,369315,9192420,0.490558,1.26148,Talarico,16.963,-29.4885,3.17162,11.2042,0.66127,0.313466
6214,-2.52242,0.72251,0.524002,0.502905,0.456835,0.0402603,4948570,4495240,396160,9839970,0.525119,0.261452,Talarico,15.5676,-25.0935,1.45478,11.099,0.394367,0.304395
6215,-0.549452,-2.47028,0.514205,0.492219,0.465024,0.0427573,4475570,4228300,388777,9092650,0.485235,0.203445,Talarico,14.0901,-29.5228,1.80986,13.6354,0.3758,0.630877
6248,0.675734,-2.53946,0.517505,0.492548,0.459227,0.048225,4423170,4123940,433069,8980170,0.479234,0.467181,Talarico,17.7463,-29.6901,3.11477,10.451,0.400289,0.780558
6260,0.576052,-1.82673,0.495102,0.474775,0.484169,0.0410559,4036370,4116230,349042,8501640,0.453698,0.748462,Paxton,18.9712,-26.8952,0.691065,11.7072,0.685259,0.513809
6331,0.142917,-0.456799,0.509945,0.490116,0.470999,0.0388851,4002800,3846660,317576,8167040,0.435839,0.724079,Talarico,17.8642,-28.7451,3.34199,9.49104,0.735201,0.30842
6344,-2.71007,1.48205,0.489188,0.464802,0.485348,0.0498505,4792760,5004620,514029,10311400,0.550276,0.400247,Paxton,12.1126,-24.198,1.97035,12.0723,0.229182,0.139596
6362,-0.534061,2.37856,0.521316,0.501782,0.460746,0.0374718,4528240,4157920,338158,9024320,0.48159,0.756912,Talarico,17.6569,-24.1339,0.389055,10.9672,0.459548,0.705978
6368,-0.997441,1.13888,0.508786,0.482212,0.465559,0.0522292,4672580,4511210,506095,9689880,0.517109,0.500221,Talarico,17.4448,-24.8681,1.75418,9.40117,0.898239,0.779193
6383,-2.66761,-0.591292,0.513596,0.48792,0.462088,0.0499913,4217860,3994550,432153,8644560,0.461325,0.269101,Talarico,13.0984,-25.2475,1.03511,11.7875,0.496378,0.582539
6417,-0.188905,1.62313,0.515024,0.489139,0.460602,0.0502587,4662880,4390840,479108,9532830,0.508725,0.306833,Talarico,18.2182,-25.1315,-0.766817,12.7172,0.726656,0.676056
6432,-0.0790673,-1.62766,0.498278,0.472062,0.475324,0.0526138,4253060,4282450,474026,9009540,0.480798,0.525847,Paxton,18.1219,-25.7467,0.104201,12.0093,0.709769,0.831525
6460,0.639883,0.534997,0.507752,0.487476,0.472591,0.0399334,5184130,5025830,424677,10634600,0.567525,0.689573,Talarico,16.657,-27.5808,1.31138,12.2448,0.826582,0.0836149
6462,1.35745,-0.469174,0.502698,0.483918,0.478724,0.0373579,4566910,4517890,352560,9437370,0.503634,0.819051,Talarico,19.8445,-26.2034,0.26455,11.7739,0.764956,0.77735
6476,0.964415,2.25979,0.517154,0.499092,0.465983,0.0349247,5069320,4733030,354733,10157100,0.542042,0.5978,Talarico,18.8372,-25.3454,-1.24415,14.0368,0.444217,0.243547
6523,2.60605,-0.240428,0.498955,0.479681,0.48169,0.0386288,3943980,3960500,317609,8222080,0.438778,1.13652,Paxton,19.4764,-27.6376,-0.797248,14.3358,0.595146,0.134701
6528,2.03422,0.659679,0.511497,0.495264,0.473,0.0317357,4793450,4577960,307156,9678570,0.516506,1.09356,Talarico,21.5383,-28.2409,1.34655,10.6388,0.810389,0.28918
6546,1.72803,-0.727206,0.497867,0.468473,0.472488,0.0590393,4048100,4082790,510161,8641050,0.461137,0.422634,Paxton,19.139,-27.853,0.0321982,12.9496,0.69288,0.691518
6552,1.7347,-0.22412,0.482216,0.458539,0.49236,0.0491012,4397600,4721960,470904,9590470,0.511804,1.24485,Paxton,20.3479,-26.0826,-1.79581,14.3121,0.320631,0.0739703
6573,0.264784,-0.318135,0.490908,0.470327,0.487749,0.0419248,4145780,4299350,369554,8814680,0.470407,0.783354,Paxton,18.0121,-27.79,1.23092,11.1102,0.548051,0.530178
6579,1.81896,1.65151,0.531192,0.508875,0.449111,0.0420138,3992570,3523670,329635,7845880,0.418701,1.09076,Talarico,20.097,-25.8317,-1.65185,14.0008,0.244805,0.0376116
6586,-1.66999,-1.24642,0.494499,0.472544,0.483057,0.0443992,4737760,4843160,445150,10026100,0.535053,0.216275,Paxton,15.9001,-26.6636,0.754953,13.0925,0.596531,0.191636
6599,1.12294,-1.66227,0.517669,0.488405,0.455065,0.0565303,4979760,4639830,576382,10196000,0.544117,0.365341,Talarico,18.326,-26.893,-0.0783366,12.7675,0.597321,0.171887
6612,1.61775,-2.0704,0.482583,0.464334,0.497851,0.0378148,4362630,4677540,355287,9395450,0.501395,0.666876,Paxton,14.9192,-28.9685,1.21259,13.6239,0.222392,0.290459
6623,1.14585,2.41585,0.500414,0.481352,0.480555,0.0380929,4441020,4433670,351451,9226150,0.492361,1.28162,Talarico,22.1517,-23.9369,-1.18646,11.3088,0.248471,0.200119
6629,-1.62172,-1.90768,0.492819,0.467866,0.481502,0.050632,4468730,4598970,483601,9551300,0.509713,0.303859,Paxton,13.2174,-27.4012,0.682438,14.6054,0.489295,0.512134
6642,-1.90161,-1.24036,0.495931,0.479677,0.487548,0.032775,4464370,4537630,305038,9307040,0.496676,0.128586,Paxton,14.7091,-24.9351,1.32369,10.9467,0.619313,0.383235
6647,-2.51867,1.24052,0.516043,0.494976,0.4642,0.0408243,4929390,4622900,406563,9958850,0.531464,-0.175297,Talarico,17.0522,-24.7075,0.768003,10.701,0.546529,0.0777789
6669,1.06331,1.80787,0.519793,0.494262,0.45662,0.0491177,4573620,4225300,454507,9253430,0.493819,1.20792,Talarico,21.0934,-25.1614,-0.471225,11.2875,0.539681,0.253786
6671,-0.62364,2.64973,0.499971,0.48214,0.482195,0.0356653,4115730,4116210,304453,8536390,0.45555,0.439167,Paxton,16.8987,-23.136,-0.348857,11.6465,0.277691,0.698802
6687,-1.31524,2.24711,0.495409,0.474449,0.483243,0.0423079,3749050,3818540,334313,7901900,0.421689,-0.0861493,Paxton,12.4084,-24.9679,0.116509,14.6209,0.428735,0.0735983
6693,-0.714867,-0.476431,0.529468,0.505023,0.448808,0.0461694,4963920,4411380,453804,9829100,0.524538,0.646131,Talarico,16.3863,-28.1006,0.358935,14.8397,0.36443,0.279529
6730,2.44074,-0.106576,0.504727,0.481378,0.472361,0.0462617,4385020,4302880,421412,9109300,0.486125,1.1915,Talarico,22.9224,-26.9581,-0.435367,11.653,0.737656,0.326541
6733,0.943051,1.57748,0.501313,0.47894,0.476432,0.0446281,4095630,4074180,381635,8551440,0.456355,0.720545,Talarico,19.9252,-26.3216,-0.654685,13.6111,0.785373,0.634424
6740,-1.15234,-1.48165,0.509624,0.48086,0.462699,0.0564412,4737560,4558630,556074,9852270,0.525775,0.284143,Talarico,16.2057,-27.4435,-0.218935,14.0188,0.772352,0.463443
6757,-1.98696,0.390728,0.485669,0.458388,0.48544,0.056172,4596420,4867680,563256,10027400,0.535116,0.409428,Paxton,15.0996,-26.3681,1.20134,11.9947,0.317064,0.17639
6774,-1.43668,0.0178336,0.498285,0.470036,0.473271,0.056693,5156560,5192050,621954,10970600,0.585456,0.601293,Paxton,15.9314,-26.7173,2.60929,9.47072,0.743064,0.0207833
6800,-1.13852,0.22287,0.496909,0.474169,0.480069,0.0457619,4299630,4353120,414956,9067710,0.483904,0.194683,Paxton,17.6565,-27.5423,1.19009,12.4552,0.683702,0.558493
6822,-1.35966,-0.0609493,0.507247,0.491714,0.477664,0.0306221,4679520,4545810,291423,9516760,0.507872,0.197984,Talarico,16.2607,-28.4852,2.8535,10.7491,0.889917,0.573688
6834,2.22241,1.81752,0.49712,0.475296,0.480804,0.0438999,4395020,4445940,405938,9246900,0.493468,1.20082,Paxton,23.4833,-26.7456,-0.879867,11.424,0.26839,0.258305
6861,2.55675,0.852456,0.502262,0.474911,0.470633,0.0544561,4586610,4545290,525928,9657830,0.515397,0.890337,Talarico,22.341,-26.844,-0.135553,11.2019,0.397309,0.516005
6941,-2.16938,-1.52868,0.518749,0.501041,0.464824,0.0341358,4830000,4480870,329067,9639940,0.514445,0.565447,Talarico,15.6452,-27.0406,2.40818,10.3761,0.376449,0.605495
6951,-0.796604,2.54442,0.510793,0.488502,0.467858,0.0436407,4666390,4469190,416876,9552460,0.509776,0.201607,Talarico,17.3946,-24.5471,0.525715,10.9793,0.38369,0.58935
6963,0.706947,-2.19636,0.520613,0.497728,0.458314,0.0439576,4185790,3854330,369674,8409790,0.448795,0.553409,Talarico,15.8103,-28.762,1.83658,12.2606,0.480684,0.501735
6974,1.5567,0.408284,0.499249,0.474619,0.476046,0.0493355,4374720,4387880,454742,9217340,0.491894,0.573848,Paxton,18.7087,-26.7351,0.959687,10.8738,0.750772,0.904011
6985,0.289284,1.04099,0.513936,0.487725,0.461275,0.0509999,4771440,4512680,498935,9783060,0.52208,0.564069,Talarico,18.5463,-26.5885,-0.500359,13.4756,0.836077,0.573634
7007,-0.679643,-0.66194,0.484646,0.455897,0.484783,0.0593203,3959070,4209920,515145,8684130,0.463435,0.80854,Paxton,15.7859,-27.1791,-0.133764,14.0689,0.396917,0.317922
7009,1.89543,-0.133245,0.482246,0.46267200000000003,0.496738,0.0405902,3810370,4090930,334284,8235590,0.4395,0.205226,Paxton,18.3085,-25.6795,-1.24749,14.9455,0.297404,0.10481
7024,1.1869,1.28398,0.545037,0.522256,0.435947,0.0417968,4815240,4019460,385370,9220070,0.492038,0.714578,Talarico,19.0784,-27.1655,0.163926,12.7315,0.0836213,0.117236
7026,-1.49751,0.918667,0.518225,0.492069,0.457459,0.0504718,4137380,3846370,424373,8408120,0.448705,0.319549,Talarico,15.4702,-27.0975,0.00846298,13.9113,0.69566,0.42468
7073,-0.018482,0.412573,0.515747,0.492495,0.46242,0.045085,4695340,4408620,429831,9533780,0.508779,0.741445,Talarico,18.5496,-25.972,-0.377623,12.8284,0.742781,0.725056
7142,-0.897498,0.0491401,0.529719,0.512175,0.454706,0.0331191,4535500,4026580,293282,8855360,0.472572,0.5993,Talarico,15.7039,-28.3236,1.94737,11.4248,0.424635,0.447658
7154,-2.36938,1.26867,0.501028,0.472177,0.47024,0.0575827,4378640,4360670,533981,9273290,0.494876,0.64172,Talarico,17.98,-22.9665,0.147174,10.555,0.644515,0.944217
7183,2.22898,-0.67659,0.492748,0.469975,0.483809,0.0462153,4278900,4404850,420768,9104510,0.485871,0.941242,Paxton,19.337,-25.8619,-0.88761,13.1751,0.569791,0.500141
7194,2.31679,-0.789154,0.480512,0.461368,0.498791,0.0398409,4498340,4863220,388449,9750010,0.520319,0.84009,Paxton,21.5396,-25.2474,-1.59942,12.9338,0.291993,0.125329
7206,1.09812,1.85934,0.513814,0.48985,0.46351,0.0466395,4218080,3991270,401611,8610960,0.459532,0.683508,Talarico,16.9848,-26.8826,1.6207,11.3117,0.594085,0.674618
7237,-1.55533,0.116774,0.517291,0.493988,0.460964,0.0450479,4470020,4171200,407632,9048860,0.4829,0.360702,Talarico,13.7653,-28.9206,3.98663,9.90789,0.744696,0.710104
7264,0.335767,-0.272693,0.528599,0.506485,0.45168,0.0418346,4698690,4190270,388102,9277060,0.495079,0.616895,Talarico,17.9155,-26.8274,1.72978,9.9549,0.349735,0.497931
7278,-1.39347,1.49814,0.536677,0.513209,0.443062,0.0437288,5221850,4508110,444936,10174900,0.542994,0.482392,Talarico,16.2037,-25.648,0.82107,11.1967,0.252938,0.0696209
7281,-0.336464,-1.45634,0.527262,0.500177,0.448453,0.0513701,3914290,3509510,402012,7825800,0.41763,0.720221,Talarico,20.6531,-27.0037,-0.897255,13.9041,0.416057,0.0671773
7283,-1.09967,-0.914908,0.521054,0.497028,0.456862,0.0461103,4634130,4259630,429918,9323680,0.497563,0.592688,Talarico,15.9525,-27.2078,0.756646,13.1295,0.616184,0.758502
7310,-1.22412,1.15819,0.513004,0.490767,0.465887,0.0433453,4374220,4152460,386337,8913010,0.475648,0.554959,Talarico,16.3243,-26.4103,1.2645,10.6716,0.812876,0.862112
7322,-0.7877,-0.0256018,0.508779,0.490575,0.473645,0.03578,4707060,4544620,343309,9594990,0.512045,0.607114,Talarico,17.8453,-28.0419,1.48355,12.1408,0.876525,0.855183
7340,2.26401,-0.247824,0.50849,0.486875,0.470617,0.0425076,4558500,4406280,397989,9362760,0.499653,1.14363,Talarico,18.8744,-29.3633,1.2097,12.4123,0.833154,0.391816
7349,0.0958201,-0.946867,0.540235,0.519261,0.441916,0.0388236,5219760,4442260,390266,10052300,0.536448,0.755381,Talarico,18.1255,-27.4261,0.346027,12.7033,0.109411,0.0683184
7385,1.00913,1.6453,0.501915,0.483934,0.480242,0.0358245,4973780,4935840,368198,10277800,0.548485,0.785102,Talarico,18.977,-28.2774,0.489934,13.2538,0.75556,0.239226
7390,1.93901,-1.15037,0.543647,0.501885,0.421297,0.0768183,4564950,3831960,698710,9095620,0.485397,1.18101,Talarico,21.3017,-28.2946,-0.0996378,12.4961,0.0943473,0.0319816
7423,3.0871,-0.322812,0.48769,0.473248,0.49714,0.0296122,3792780,3984260,237323,8014360,0.427693,1.57504,Paxton,23.3831,-28.139,-0.269709,12.6339,0.256435,0.0191372
7426,-1.74188,-1.98811,0.493866,0.47201,0.483735,0.0442548,4420810,4530630,414487,9365920,0.49982,-0.00337012,Paxton,12.6717,-27.0153,1.53127,13.2232,0.436601,0.215274
7428,-2.28754,0.883055,0.506406,0.479699,0.467564,0.0527369,3989460,3888530,438591,8316580,0.443819,0.224257,Talarico,15.4082,-23.8315,-1.39077,13.5086,0.824213,0.333976
7466,-0.161723,1.19502,0.501386,0.481013,0.478354,0.0406337,3875110,3853680,327351,8056140,0.429919,0.443272,Talarico,18.1574,-26.8299,0.968115,11.6971,0.928696,0.265424
7545,-1.26759,2.32304,0.521126,0.497504,0.457168,0.0453288,4217960,3875980,384309,8478250,0.452451,0.442829,Talarico,17.7544,-25.8381,-0.879019,13.651,0.397127,0.521029
7584,-2.58665,1.21045,0.493589,0.463881,0.475931,0.0601885,4330190,4442670,561842,9334710,0.498153,0.114187,Paxton,15.2719,-24.2195,0.820908,10.7818,0.421142,0.328346
7599,2.0194,-0.295029,0.528156,0.501622,0.448139,0.0502389,3967230,3544250,397330,7908810,0.422059,0.798196,Talarico,18.5937,-28.7705,0.43964,14.3642,0.438786,0.0752286
7649,-2.60005,-0.00147505,0.505308,0.488734,0.478466,0.0327997,4816270,4715090,323228,9854590,0.5259,-0.00125798,Talarico,16.5768,-25.4496,0.666333,11.987,0.643017,0.217277
7677,2.97733,-0.641408,0.491796,0.466413,0.481973,0.0516137,3680720,3803520,407312,7891550,0.421138,1.00457,Paxton,21.1469,-27.2948,-2.9885100000000002,16.6359,0.376187,0.0709058
7689,-0.497968,0.568736,0.471369,0.449499,0.504104,0.0463965,4024970,4513920,415450,8954340,0.477856,0.156607,Paxton,17.9323,-25.469,-0.122055,11.777,0.0809981,0.0830224
7709,-1.39106,-0.797845,0.540089,0.512685,0.436576,0.0507391,4178220,3557960,413508,8149690,0.434914,0.503209,Talarico,16.1869,-27.6688,1.61036,11.7884,0.133855,0.0575579
7730,-0.745602,1.93293,0.538434,0.508658,0.436041,0.0553015,4534330,3887000,492974,8914300,0.475718,0.571351,Talarico,18.0348,-26.586,2.38105,9.37501,0.162899,0.229476
7742,-0.764203,-0.715005,0.516232,0.496864,0.465617,0.0375195,4206660,3942110,317656,8466430,0.451821,0.634561,Talarico,14.8198,-29.3159,2.1647,12.5348,0.726481,0.586423
7758,-2.14605,-0.964331,0.516159,0.485478,0.45508,0.0594424,4076360,3821130,499114,8396600,0.448092,0.390319,Talarico,13.0473,-27.4273,2.7673,11.581,0.611241,0.499953
7782,-2.00427,-0.231501,0.530659,0.504913,0.446571,0.0485162,4903050,4336500,471125,9710680,0.518216,0.664632,Talarico,14.403,-28.6585,2.73215,11.6586,0.34111,0.294916
7794,1.62029,1.31972,0.509839,0.486322,0.467551,0.046127,4458660,4286570,422898,9168120,0.489264,1.24209,Talarico,18.0771,-26.1241,0.13050899999999999,12.9996,0.74859,0.329795
7832,1.24552,1.96554,0.511858,0.485581,0.463082,0.0513372,4265980,4068320,451014,8785320,0.468836,0.742838,Talarico,18.8425,-26.0071,-0.484252,13.7233,0.560601,0.762111
7846,-1.39044,0.864579,0.503554,0.485172,0.478324,0.0365044,4123710,4065510,310269,8499490,0.453584,0.26318,Talarico,15.1429,-27.3083,2.04132,10.8324,0.811713,0.501943
7880,-2.01316,2.2082,0.494582,0.47468,0.48508,0.0402397,4200530,4292560,356088,8849180,0.472242,-0.100027,Paxton,15.7083,-21.6765,0.229961,9.47937,0.24933,0.158996
7893,0.94298,0.694054,0.508252,0.480155,0.464563,0.0552817,4579150,4430440,527211,9536800,0.50894,0.786668,Talarico,20.2431,-28.8428,0.174305,13.8177,0.821613,0.756071
7926,2.1502,0.641319,0.464986,0.443692,0.510513,0.0457951,3452420,3972360,356337,7781110,0.415247,0.832714,Paxton,20.2089,-24.9651,-1.11965,13.6599,0.0227095,0.0116977
7974,-0.797304,2.22429,0.499058,0.479922,0.481734,0.0383438,4441800,4458570,354882,9255260,0.493915,0.439415,Paxton,17.4113,-22.742,-1.8325,12.9085,0.551319,0.881064
7976,0.00462988,1.40998,0.533022,0.503936,0.441496,0.0545677,4027530,3528500,436113,7992150,0.426509,0.575461,Talarico,17.2186,-25.6664,-1.39795,15.3941,0.280075,0.087308
7998,-1.40939,2.27923,0.489084,0.467991,0.488882,0.0431263,4533890,4736280,417807,9687980,0.517008,0.014798,Paxton,16.104,-24.2599,-0.940693,12.7232,0.283656,0.108749
8012,-1.2465,0.826812,0.459868,0.443967,0.521456,0.0345767,3509220,4121710,273302,7904230,0.421814,0.434897,Paxton,17.8292,-26.3268,-0.25923,13.002,0.0259015,0.0132219
8048,1.48928,1.30041,0.531135,0.508154,0.448578,0.0432687,4639060,4095170,395010,9129240,0.487191,1.01269,Talarico,19.2023,-27.467,0.818847,12.4863,0.342234,0.215049
8084,2.19675,1.56074,0.511326,0.484182,0.462732,0.0530853,4533470,4332630,497045,9363140,0.499672,1.18682,Talarico,21.4892,-27.2992,-0.707353,13.726,0.50482,0.369613
8085,-2.56731,1.10638,0.522246,0.493477,0.451436,0.0550876,4383650,4010190,489354,8883200,0.474056,0.375455,Talarico,15.4241,-24.0216,0.824919,10.4119,0.416969,0.627754
8086,2.44588,-0.697112,0.488448,0.464576,0.48655,0.048874,4029710,4220310,423931,8673950,0.462892,0.955755,Paxton,23.8223,-26.5428,-0.830389,12.0777,0.45734,0.319713
8088,-2.47859,-1.29173,0.502546,0.479682,0.474821,0.0454971,4305930,4262290,408411,8976630,0.479046,-0.0570416,Talarico,12.546,-26.0959,2.25005,10.4126,0.435132,0.281215
8091,2.2207,0.395934,0.512141,0.491391,0.468093,0.0405163,4209970,4010360,347121,8567450,0.457209,0.955464,Talarico,19.6046,-27.9452,1.37119,10.6897,0.81119,0.374893
8126,-0.750133,-0.745958,0.524923,0.505318,0.457333,0.0373495,4673910,4230070,345462,9249440,0.493602,0.605211,Talarico,15.2799,-24.2999,1.4554,10.1098,0.476941,0.641917
8130,0.581914,-1.99392,0.525354,0.501893,0.453449,0.0446586,4604120,4159710,409676,9173500,0.489553,0.46399,Talarico,19.5741,-29.7631,0.575541,14.4911,0.419408,0.583163
8131,1.38629,0.252032,0.492755,0.475339,0.489318,0.0353426,3885350,3999610,288885,8173840,0.436203,0.819362,Paxton,18.418,-27.9821,0.93165,12.6105,0.633725,0.230373
8139,1.79619,1.42359,0.484964,0.463641,0.49239,0.0439689,3928370,4171960,372543,8472870,0.452162,0.904349,Paxton,20.9523,-25.0754,-0.41856,11.0783,0.277917,0.227126
8146,-0.2558,-2.0099,0.518704,0.495752,0.459999,0.0442482,4917760,4563100,438933,9919790,0.529377,0.21449,Talarico,18.0834,-28.3601,0.919433,13.3212,0.573503,0.323163
8174,-0.0914991,0.175093,0.468445,0.447817,0.508147,0.0440365,3965820,4500100,389983,8855910,0.472601,0.705046,Paxton,17.8795,-26.5443,0.138901,12.1996,0.0712509,0.0854882
8213,0.258493,-0.48407,0.533336,0.507683,0.444217,0.0480993,5184720,4536580,491215,10212500,0.545,0.367153,Talarico,18.793,-29.304,1.24757,13.0204,0.208368,0.0888763
8234,1.0267,-1.55051,0.512549,0.493577,0.469409,0.0370139,4801530,4566420,360072,9728020,0.519143,0.485428,Talarico,16.8021,-28.6852,1.30268,13.646,0.741552,0.683819
8267,0.813694,-1.00958,0.495692,0.478302,0.486616,0.0350815,4193040,4265930,307542,8766510,0.467833,1.12085,Paxton,19.2457,-27.6409,-0.115891,12.8253,0.752576,0.331883
8290,-1.14665,-0.150982,0.502663,0.484167,0.479038,0.0367943,4292020,4246550,326172,8864750,0.473074,0.433817,Talarico,16.5528,-28.9332,2.5033,11.4005,0.854123,0.860737
8297,-2.4955,1.82425,0.515441,0.495395,0.465714,0.0388909,4626760,4349550,363223,9339530,0.498412,0.0154349,Talarico,13.5326,-23.4448,1.11319,11.4119,0.341047,0.355286
8320,-2.77626,1.04246,0.515644,0.499628,0.469312,0.0310602,4732150,4445010,294182,9471340,0.505446,-0.492447,Talarico,12.1048,-22.5002,0.944217,10.7604,0.448258,0.031912
8349,2.29333,1.13739,0.501705,0.478685,0.475431,0.0458835,4553730,4522780,436490,9513000,0.50767,1.2292,Talarico,21.0152,-26.7569,-0.118155,11.8761,0.485716,0.224149
8358,-1.33604,-0.485496,0.507181,0.482455,0.468793,0.0487521,4920390,4781060,497206,10198700,0.544259,0.0446654,Talarico,16.1451,-27.8681,1.21344,13.0986,0.870621,0.133444
8366,0.970431,-1.64608,0.485499,0.457968,0.485325,0.0567073,4047650,4289440,501195,8838280,0.471661,0.945576,Paxton,17.5406,-26.7842,0.813611,12.1914,0.384853,0.286733
8372,-2.46585,-1.34133,0.508503,0.480643,0.464568,0.0547893,4402700,4255450,501871,9160020,0.488831,0.168495,Talarico,12.663,-26.0779,1.98254,11.2576,0.457951,0.629429
8379,-0.422071,-2.07895,0.534332,0.512906,0.446995,0.0400989,4490640,3913570,351077,8755280,0.467232,0.311905,Talarico,16.372,-27.9933,1.78834,12.3296,0.245197,0.25943
8416,-0.776016,2.03963,0.526771,0.497514,0.446946,0.0555395,4366810,3922960,487484,8777260,0.468405,0.178111,Talarico,17.5337,-25.3768,0.456845,11.7435,0.369775,0.364165
8428,-0.272206,2.41677,0.516931,0.494785,0.462373,0.0428422,4603590,4302020,398613,9304220,0.49653,0.686209,Talarico,18.2185,-24.8635,-0.17586,12.9011,0.47295,0.866093
8437,1.14245,1.32444,0.474996,0.451548,0.499087,0.0493658,3960660,4377640,433003,8771310,0.468088,0.902634,Paxton,19.9531,-25.1644,-0.80678,11.6316,0.122243,0.130593
8470,-2.17247,0.201784,0.532937,0.512514,0.449164,0.038322,4629130,4056940,346132,9032210,0.48201,0.222227,Talarico,16.5619,-25.8913,0.957424,11.6951,0.259727,0.304121
8495,-1.41952,-0.739906,0.498644,0.474147,0.476726,0.0491264,4762010,4787910,493392,10043300,0.535968,0.151494,Paxton,14.7383,-26.3764,1.96032,10.8954,0.680486,0.173578
8506,0.0656368,0.743325,0.51112,0.486837,0.465654,0.0475089,5059580,4839430,493748,10392800,0.554617,0.593798,Talarico,16.6992,-27.7575,1.2721,12.7735,0.898462,0.171452
8522,1.49174,-1.75946,0.504383,0.477469,0.469171,0.05336,4317860,4242810,482546,9043220,0.482599,0.78243,Talarico,18.4827,-28.5312,1.02618,12.9394,0.755623,0.93244
8547,1.93255,0.435375,0.489825,0.469895,0.489417,0.0406883,3719300,3873820,322055,7915180,0.422401,0.67953,Paxton,19.044,-26.038,-3.04877,16.3427,0.422921,0.122917
8569,-2.1651,-1.00849,0.493052,0.474126,0.487489,0.038385,4284400,4405150,346863,9036410,0.482236,0.421967,Paxton,14.5307,-25.5957,1.85139,10.8235,0.519454,0.659846
8612,-1.42518,1.9475,0.478755,0.456508,0.497023,0.0464687,4362070,4749200,444022,9555290,0.509925,0.141464,Paxton,17.5115,-22.7248,-0.844803,11.7875,0.140285,0.114491
8641,0.778626,2.19942,0.520799,0.493135,0.453746,0.0531189,4172950,3839650,449497,8462100,0.45159,0.625362,Talarico,17.4227,-25.4508,-0.613678,13.3033,0.430499,0.52694
8676,-2.37828,-1.48299,0.535465,0.516494,0.448077,0.0354299,4735780,4108460,324861,9169110,0.489317,0.228781,Talarico,13.4219,-26.6506,2.65535,10.7929,0.0768095,0.22795
8682,-0.123737,-0.106056,0.496714,0.472885,0.479142,0.0479734,4256960,4313290,431862,9002110,0.480404,0.788054,Paxton,20.7583,-26.8187,0.493557,11.6991,0.659797,0.792166
8731,0.509467,2.20646,0.512753,0.480109,0.456227,0.0636641,4334700,4119080,574796,9028570,0.481818,1.05018,Talarico,17.8153,-26.4709,-0.243804,13.2467,0.540926,0.482178
8740,-0.361267,1.23852,0.500456,0.485518,0.484633,0.0298488,4236540,4228810,260455,8725810,0.46566,0.34737,Talarico,16.1784,-25.4028,-0.724275,13.5773,0.88303,0.742471
8741,-2.30281,-1.59291,0.516841,0.489272,0.457386,0.0533413,4510700,4216740,491764,9219200,0.49199,-0.057041,Talarico,12.2078,-26.8181,1.51633,13.3153,0.353412,0.275131
8746,1.10211,-2.27664,0.5258,0.498385,0.449476,0.0521393,4704540,4242860,492173,9439570,0.503752,0.609126,Talarico,16.3696,-29.2782,1.35307,13.7882,0.273616,0.538798
8747,-0.0556742,-2.08967,0.523068,0.500632,0.456475,0.0428926,4474710,4080020,383379,8938110,0.476989,0.373681,Talarico,16.3036,-30.1725,1.78141,13.751,0.479861,0.602339
8774,2.04495,-1.24115,0.496274,0.477141,0.484307,0.0385518,4505540,4573210,364036,9442790,0.503921,0.729995,Paxton,20.2899,-28.1219,-0.606551,13.4929,0.687366,0.688416
8810,-1.46831,-1.2398,0.496741,0.467213,0.473344,0.0594435,4489930,4548850,571254,9610040,0.512848,0.32168,Paxton,15.1917,-26.5857,2.49265,10.5439,0.648494,0.571087
8816,2.6226,0.323435,0.51614,0.495009,0.464051,0.0409404,4431360,4154220,366502,8952080,0.477735,0.963468,Talarico,21.5703,-27.8043,-0.528466,13.7028,0.60374,0.571977
8824,0.806303,1.16694,0.526873,0.494132,0.443726,0.0621416,4184500,3757650,526239,8468390,0.451924,0.587716,Talarico,18.196,-26.0601,0.13808,12.0263,0.48973,0.416158
8837,-1.91912,2.21343,0.485288,0.464802,0.492984,0.0422144,4256710,4514810,386605,9158120,0.48873,0.352536,Paxton,15.7309,-22.5222,0.919085,8.90426,0.15188,0.388188
8862,1.71539,1.64932,0.507646,0.485104,0.47049,0.0444059,4031380,3909940,369029,8310360,0.443484,0.397501,Talarico,19.3548,-25.8388,-0.59517,12.655,0.63228,0.486937
8874,1.13161,1.92248,0.496801,0.475114,0.481232,0.0436535,4838040,4900340,444519,10182900,0.543421,0.837544,Paxton,18.98,-26.4824,0.636638,11.5671,0.443922,0.225695
8884,-2.08804,0.113939,0.497106,0.47893,0.484506,0.036564,4613350,4667070,352207,9632630,0.514055,-0.223163,Paxton,12.8484,-25.878,1.7149,11.9776,0.632379,0.108868
8918,-1.75082,-0.554744,0.515835,0.49512,0.464723,0.0401569,4447390,4174340,360707,8982440,0.479352,0.468025,Talarico,15.0722,-26.8755,2.22743,11.0792,0.804127,0.810663
8923,-0.0623584,-0.481754,0.500703,0.481839,0.480487,0.0376733,4510700,4498040,352676,9361420,0.49958,0.606463,Talarico,17.8965,-26.6914,-0.0619501,13.2387,0.723486,0.909568
8950,3.15895,-0.28365,0.523974,0.502397,0.456423,0.0411802,4798450,4359350,393317,9551120,0.509703,1.26676,Talarico,24.769,-29.0071,-0.546494,11.8625,0.283097,0.129363
8969,-1.69398,-1.98422,0.480784,0.459028,0.495721,0.0452511,3741590,4040680,368847,8151120,0.434992,0.348476,Paxton,14.8702,-27.6855,2.28617,11.5609,0.158942,0.086352
8976,0.259039,-0.609471,0.502127,0.486811,0.482688,0.0305014,4134330,4099310,259039,8492680,0.453218,0.755882,Talarico,18.5436,-27.5877,1.57742,11.2922,0.747661,0.559755
8985,0.91044,0.76183,0.47918,0.455603,0.495194,0.0492031,4590120,4988980,495712,10074800,0.53765,0.808527,Paxton,19.5473,-25.829,-0.0911461,11.5217,0.171985,0.0628705
9003,0.779311,0.438994,0.491948,0.473831,0.489342,0.0368274,4150070,4285920,322554,8758540,0.467406,0.264884,Paxton,18.5268,-27.6725,-0.0493783,13.796,0.562104,0.46657
9055,1.16534,-2.19477,0.503336,0.485042,0.478612,0.036346,4179450,4124050,313182,8616680,0.459838,0.320073,Talarico,18.7555,-27.4104,0.407353,13.3112,0.557055,0.673068
9086,0.405745,2.23247,0.523134,0.499804,0.455599,0.0445978,4398040,4009060,392440,8799540,0.469594,0.529576,Talarico,17.8073,-26.0084,0.173579,12.5361,0.384591,0.63766
9089,-0.607039,0.266366,0.505955,0.481712,0.470372,0.0479163,4571470,4463850,454728,9490050,0.506443,0.642821,Talarico,18.4224,-25.7159,1.45384,10.0046,0.854082,0.919505
9102,-0.122537,1.70649,0.507844,0.486566,0.471536,0.041898,4401700,4265730,379029,9046460,0.482774,0.736516,Talarico,19.2836,-25.2068,0.328565,10.4342,0.83654,0.960512
9104,1.16208,1.79668,0.477923,0.452586,0.494399,0.0530144,3748310,4094600,439064,8281970,0.441974,0.686552,Paxton,19.8393,-26.798,0.194255,11.9732,0.156546,0.111023
9109,1.80131,-0.531394,0.514365,0.492109,0.464622,0.0432685,4956890,4680020,435832,10072700,0.53754,1.13485,Talarico,20.5521,-26.8933,-0.267335,12.4432,0.753783,0.12042
9153,-2.59029,1.55028,0.507731,0.490678,0.475736,0.0335861,4291280,4160590,293731,8745600,0.466715,0.019708,Talarico,15.1085,-24.574,1.74739,10.168,0.464168,0.350528
9161,-0.0394463,-0.484586,0.485453,0.456,0.483328,0.0606715,4225620,4478870,562226,9266720,0.494525,0.375054,Paxton,18.002,-26.6929,1.54607,11.0668,0.417091,0.395279
9168,-0.625766,-1.80311,0.497791,0.478038,0.482281,0.0396807,4311560,4349830,357891,9019280,0.481324,0.330407,Paxton,17.2145,-25.3223,-0.0540568,12.8849,0.597447,0.774947
9187,-2.05753,2.00682,0.493392,0.468332,0.480876,0.0507925,4332470,4448520,469875,9250870,0.493681,0.466266,Paxton,14.9132,-23.6243,0.274321,12.468,0.303243,0.666224
9189,1.35699,-0.0572736,0.499922,0.484748,0.484899,0.0303526,4175930,4177230,261477,8614640,0.459726,0.681087,Paxton,21.6141,-27.6608,-0.323259,13.0505,0.745305,0.687053
9236,-2.37818,0.757574,0.499213,0.478743,0.480252,0.0410049,4136170,4149210,354268,8639650,0.461064,0.177658,Paxton,14.4268,-25.8443,1.36897,11.3488,0.703912,0.441539
9264,-0.0966412,-1.80664,0.5213,0.493858,0.453501,0.0526412,4438240,4075560,473080,8986880,0.479595,0.524959,Talarico,16.6774,-28.3205,3.02004,9.8076,0.556538,0.72953
9270,0.576325,0.0932041,0.500236,0.48219,0.481734,0.0360759,4647890,4643500,347741,9639140,0.514402,0.48256,Talarico,15.2239,-27.9557,1.79938,12.2032,0.750152,0.697735
9274,-1.65314,0.645363,0.508766,0.480814,0.464246,0.0549404,4167660,4024050,476220,8667940,0.46257,0.512972,Talarico,15.3146,-27.7217,2.72113,10.7934,0.85914,0.827502
9282,1.68636,-1.91515,0.497179,0.467086,0.472387,0.0605272,3978490,4023640,515551,8517680,0.454552,0.570673,Paxton,19.6637,-26.7382,-0.615542,13.2697,0.568562,0.640009
9293,1.59829,0.950432,0.516095,0.48874,0.458256,0.0530036,4274440,4007830,463560,8745820,0.466727,0.698523,Talarico,18.9424,-27.8847,0.428377,12.8054,0.745992,0.727895
9310,-0.36258,2.32936,0.505577,0.486812,0.476072,0.0371161,3745590,3662960,285576,7694120,0.410601,0.690479,Talarico,17.4815,-25.7988,-0.512587,13.4412,0.562922,0.158832
9318,-1.39579,2.31411,0.493191,0.476891,0.490058,0.0330509,4458870,4581990,309022,9349880,0.498965,-0.248404,Paxton,16.1844,-22.8034,1.66295,8.52946,0.349833,0.0809994
9329,-1.3129,1.32569,0.505725,0.486084,0.475078,0.0388382,4493910,4392160,359064,9245140,0.493375,0.365602,Talarico,16.5827,-25.9825,1.31247,11.6878,0.824713,0.891759
9352,-0.475822,-1.31124,0.506847,0.4872,0.474037,0.0387623,4317770,4201120,343528,8862420,0.472952,0.707489,Talarico,17.0218,-24.1965,0.157304,11.4405,0.808366,0.841713
9388,1.06828,0.0830914,0.517905,0.491914,0.4579,0.0501863,4585420,4268360,467817,9321600,0.497458,1.20256,Talarico,21.2326,-28.8512,0.786715,11.8134,0.713558,0.292409
9437,0.230915,-0.759036,0.517142,0.49167,0.459074,0.0492553,4575930,4272560,458414,9306900,0.49667,0.55235,Talarico,17.551,-28.8021,0.13258,14.3001,0.60891,0.872049
9455,-2.7853,0.0206148,0.496225,0.472778,0.479971,0.0472502,4101510,4163910,409911,8675330,0.462964,0.242679,Paxton,15.394,-25.5428,1.48225,10.5837,0.409012,0.504967
9489,-0.420665,-1.32224,0.51583,0.489656,0.459603,0.0507415,3858740,3621910,399870,7880530,0.420551,0.531612,Talarico,18.0013,-25.3566,-1.2519,14.3553,0.705867,0.153558
9497,-0.369724,-1.64014,0.517709,0.497782,0.463728,0.0384894,4493360,4185960,347434,9026750,0.481719,0.352833,Talarico,17.1713,-26.5552,1.21318,11.8691,0.640046,0.698725
9515,-0.952634,-0.906105,0.508359,0.488332,0.472273,0.0393947,4974260,4810680,401283,10186200,0.543594,0.711361,Talarico,17.7927,-26.708,0.915764,12.2699,0.794196,0.279915
9524,2.79228,-1.03032,0.493586,0.461151,0.473137,0.0657126,4048670,4153900,576924,8779500,0.468525,1.34136,Paxton,22.6226,-27.3656,-0.65339,12.0693,0.429002,0.12084
9538,-1.83928,-0.53462,0.507965,0.484035,0.468855,0.0471096,4443720,4304360,432493,9180570,0.48993,0.319381,Talarico,13.3473,-28.6685,1.96102,13.5887,0.822653,0.840079
9541,1.08949,1.06485,0.504004,0.486081,0.478358,0.0355614,4197130,4130450,307060,8634630,0.460792,0.619043,Talarico,18.1374,-26.4265,1.40703,11.021,0.88534,0.758837
9543,-2.23916,-1.65997,0.504773,0.47687,0.467851,0.0552792,4216740,4136990,488808,8842540,0.471888,0.0507618,Talarico,13.4489,-25.3383,1.22925,12.0624,0.459899,0.405147
9548,-1.36432,1.61107,0.511471,0.489785,0.467816,0.042399,4430880,4232130,383565,9046570,0.482779,0.236008,Talarico,15.1665,-25.8593,1.56374,10.8813,0.715017,0.702228
9565,0.431115,1.45785,0.471252,0.45047,0.50543,0.0440993,4147580,4653610,406032,9207220,0.49135,0.790397,Paxton,18.7268,-24.8347,-1.35702,14.8416,0.0950961,0.107638
9603,2.63679,1.23475,0.500821,0.478843,0.477272,0.0438845,4542710,4527810,416325,9486840,0.506273,1.3567,Talarico,23.5023,-26.441,-1.38081,12.8694,0.277472,0.113817
9614,2.29509,-0.540698,0.50112,0.480521,0.478374,0.041105,4219920,4201060,360983,8781970,0.468657,1.12001,Talarico,19.6855,-25.9165,-2.2717,14.5774,0.714895,0.341981
9618,0.96634,-0.974495,0.503461,0.484987,0.47832,0.036693,3699390,3648530,279887,7627800,0.407066,0.582749,Talarico,18.4852,-25.9792,-0.893537,12.0041,0.805048,0.118421
9653,-2.75351,1.19833,0.506928,0.487475,0.47415,0.0383751,3974400,3865770,312874,8153040,0.435096,0.246183,Talarico,14.4025,-24.4037,0.877242,11.9367,0.547832,0.252505
9655,1.35986,0.386993,0.517756,0.489417,0.455849,0.0547334,4585590,4271080,512824,9369490,0.500009,0.747228,Talarico,18.5152,-27.4132,-0.421706,13.7734,0.783319,0.777286
9672,-0.507682,1.00232,0.527849,0.506438,0.452999,0.0405632,4246620,3798530,340134,8385280,0.447487,0.629534,Talarico,17.2591,-26.5887,1.2639,11.7856,0.424857,0.328064
9684,-2.41244,1.80639,0.512572,0.488416,0.464456,0.0471277,4014970,3818010,387408,8220380,0.438686,0.182541,Talarico,12.524,-24.663,0.583489,13.6155,0.398189,0.25278
9722,-0.091949,-2.46393,0.496529,0.475402,0.482049,0.0425493,4068430,4125320,364132,8557880,0.456696,0.660343,Paxton,18.1007,-27.0062,1.53865,10.5886,0.408345,0.617837
9750,0.253389,0.499674,0.496752,0.475292,0.481507,0.043201,4028220,4080890,366139,8475240,0.452288,0.489291,Paxton,19.8923,-26.4313,1.52667,9.98198,0.676414,0.599426
9797,0.446777,-1.39386,0.552205,0.530642,0.430309,0.0390492,5361350,4347630,394534,10103500,0.539185,0.60653,Talarico,13.9619,-27.8499,0.835894,14.3207,0.0288268,0.0242055
9816,-2.9459,1.13815,0.539809,0.516944,0.440698,0.0423576,4321040,3683720,354060,8358820,0.446075,0.0228148,Talarico,13.587,-24.3132,1.5303,10.6631,0.0860776,0.037813
9836,-0.548675,2.4662,0.490244,0.470174,0.488887,0.040939,3959220,4116810,344738,8420770,0.449378,0.416441,Paxton,17.7636,-24.5975,-0.238486,12.8771,0.256353,0.33836
9861,0.153881,2.02232,0.508969,0.483665,0.466619,0.0497161,4507420,4348560,463320,9319310,0.49733,0.392992,Talarico,19.6048,-27.8564,1.52244,10.9857,0.688839,0.904228
9901,-1.62111,-0.801888,0.494127,0.473728,0.484988,0.0412843,4501720,4608720,392315,9502750,0.50712,0.485797,Paxton,17.4134,-27.8154,1.95752,11.5158,0.594015,0.590648
9923,-2.05514,1.4147,0.509727,0.480117,0.461793,0.0580899,4569710,4395310,552895,9517920,0.507935,0.589516,Talarico,15.3728,-24.9794,1.014,11.1484,0.733251,0.906647
9927,2.04842,-1.02827,0.479471,0.457302,0.496462,0.0462352,4040160,4386120,408477,8834760,0.471473,1.0398,Paxton,20.8618,-27.2518,-0.13132,12.6929,0.27609,0.125657
9947,2.32403,-0.471083,0.510645,0.495053,0.474413,0.030534,4112260,3940810,253637,8306700,0.443295,1.15417,Talarico,20.3654,-26.6606,0.0278016,12.5192,0.810612,0.164801
9952,-0.284569,-2.36711,0.508736,0.48958,0.472766,0.0376532,4158390,4015580,319818,8493790,0.453279,0.43041,Talarico,14.2743,-27.7099,2.02038,11.8645,0.485063,0.70069
9956,2.52785,-0.935937,0.50059,0.4783,0.477173,0.0445267,4484260,4473690,417456,9375410,0.500327,1.08019,Talarico,21.6653,-28.119,0.129174,12.5479,0.620455,0.4203
10056,0.59121,-2.04051,0.505096,0.483487,0.473731,0.0427816,4182160,4097780,370061,8650000,0.461615,0.961179,Talarico,19.4749,-28.0139,1.63152,11.4083,0.691425,0.442612
10058,-2.37584,0.0333688,0.499015,0.483714,0.485624,0.0306617,4421870,4439340,280294,9141500,0.487845,0.359404,Paxton,13.4021,-26.0638,2.6172,10.3381,0.611967,0.824661
10103,-2.60839,-0.294731,0.522119,0.496317,0.454265,0.0494184,4816300,4408220,479560,9704090,0.517869,0.40207,Talarico,15.152,-24.2291,0.276413,12.2171,0.405588,0.459506
10104,-1.11325,1.58065,0.51922,0.498725,0.461802,0.0394722,4770120,4416960,377536,9564620,0.510426,-0.0485968,Talarico,17.0771,-25.6203,0.738648,12.1748,0.63714,0.180186
10119,-1.49804,-0.877636,0.507513,0.485261,0.470894,0.0438444,4243560,4117920,383415,8744900,0.466677,-0.520693,Talarico,13.664,-25.6676,-0.161677,14.4008,0.817349,0.0331433
10142,2.49246,-0.035489,0.505103,0.489476,0.479584,0.03094,3962610,3882530,250478,8095620,0.432029,1.22436,Talarico,22.9557,-26.7863,-1.04331,13.197,0.7161,0.0943533
10159,3.1467,0.140984,0.493177,0.476287,0.489466,0.0342469,4792440,4925040,344595,10062100,0.536974,2.00523,Paxton,24.1284,-28.3686,-0.698216,13.8085,0.276403,0.0101561
10186,0.344889,-0.0857933,0.496046,0.465965,0.473394,0.0606404,4250870,4318640,553205,9122710,0.486839,0.866535,Paxton,15.2514,-25.8989,0.10093,13.8738,0.653649,0.695107
10196,2.95061,0.169864,0.527141,0.513064,0.460231,0.0267045,4801150,4306740,249895,9357790,0.499384,1.13595,Talarico,25.7396,-27.12,-0.355123,11.0365,0.265388,0.182533
10236,2.06728,1.81388,0.520737,0.499269,0.459505,0.0412258,4025370,3704770,332384,8062530,0.430262,0.832046,Talarico,21.901,-27.1168,1.09785,10.1377,0.314836,0.16242
10306,-0.72426,1.20031,0.500273,0.480551,0.480025,0.0394242,4509470,4504540,369955,9383970,0.50078,-0.00817181,Talarico,16.2487,-26.4636,1.05046,11.1984,0.837024,0.290845
10316,-2.21037,1.51031,0.516798,0.480781,0.449526,0.069693,4898940,4580470,710140,10189600,0.543775,0.136031,Talarico,13.6046,-24.6995,2.74324,9.1837,0.597074,0.166526
10322,0.257275,-1.92101,0.47957,0.453778,0.49244,0.0537822,3878230,4208660,459652,8546540,0.456095,0.680628,Paxton,14.794,-27.8033,2.42392,11.6244,0.204202,0.216291
10397,-2.44631,1.68677,0.517617,0.490136,0.456772,0.0530917,4801090,4474280,520056,9795420,0.522741,0.171707,Talarico,13.9305,-22.9293,1.10961,10.0566,0.411746,0.359557
10410,-2.45766,-0.440502,0.497035,0.477214,0.482908,0.0398787,4890360,4948710,408666,10247700,0.546879,0.208491,Paxton,14.9183,-27.3266,3.11442,9.95625,0.58003,0.126243
10462,0.828543,-2.29555,0.512577,0.496312,0.471956,0.0317312,4569980,4345720,292177,9207880,0.491385,0.57645,Talarico,19.1937,-28.6203,2.6349,10.044,0.582803,0.965814
10493,1.97214,0.979425,0.489201,0.459996,0.480305,0.059699,4590170,4792830,595720,9978720,0.532523,0.840957,Paxton,19.7696,-27.1755,-0.887887,13.6935,0.329507,0.19914
10503,2.36813,-0.182382,0.456552,0.43118,0.513247,0.0555729,3867440,4603540,498458,8969440,0.47866,0.955972,Paxton,21.8333,-24.278,-0.860262,10.9292,0.0155524,0.0184323
10510,0.0513414,0.534481,0.505635,0.486142,0.475306,0.038552,3931580,3843950,311782,8087310,0.431587,2.67036e-4,Talarico,17.3791,-25.9847,0.212694,12.0559,0.897155,0.170219
10533,0.379304,2.08333,0.520631,0.503328,0.463438,0.0332341,4257740,3920310,281133,8459180,0.451431,0.418595,Talarico,18.2442,-26.7318,0.620193,12.1904,0.498536,0.501815
10590,0.228608,-2.36272,0.498915,0.472221,0.474275,0.0535035,4243460,4261910,480791,8986160,0.479558,0.574665,Paxton,16.7676,-28.4238,1.75654,12.4198,0.503908,0.828888
10604,0.244323,-0.809046,0.508476,0.480057,0.464053,0.0558899,4322470,4178360,503237,9004070,0.480508,1.21381,Talarico,19.6598,-25.6606,-0.728724,12.6519,0.713942,0.308866
10613,2.22544,0.104973,0.515229,0.489374,0.460443,0.0501832,4712280,4433710,483225,9629220,0.513874,0.854829,Talarico,18.6261,-25.44,-1.542,14.1735,0.784742,0.552512
10640,1.13499,-0.726785,0.546252,0.523633,0.434959,0.0414085,5330520,4427840,421534,10179900,0.543259,0.36015200000000003,Talarico,18.5791,-27.6633,-0.911592,14.452,0.0498953,0.0181883
10651,0.41968,0.339842,0.484747,0.465727,0.495036,0.0392364,4514160,4798240,380307,9692710,0.517261,0.83907,Paxton,19.3495,-27.0922,1.1677,11.2814,0.300204,0.199874
10653,0.974568,-2.52929,0.457691,0.436147,0.516781,0.0470721,3950080,4680370,426321,9056780,0.483322,1.07934,Paxton,18.2131,-28.6426,2.35243,10.4365,0.0243433,0.0160251
10670,1.17518,1.47495,0.468304,0.451184,0.512258,0.0365582,4490550,5098400,363857,9952800,0.531142,0.52808600000000006,Paxton,19.2163,-26.3662,-1.37497,13.6557,0.0702748,0.040571
10679,-2.6201,0.948459,0.522011,0.49423,0.452551,0.0532193,4790890,4386880,515890,9693660,0.517312,0.197365,Talarico,13.0357,-24.8835,-0.322278,13.893,0.406288,0.346099
10695,-1.21545,1.39487,0.531773,0.515074,0.453524,0.0314024,4967900,4374250,302877,9645020,0.514713,0.190554,Talarico,17.4535,-26.8098,2.96111,8.38908,0.356355,0.193367
10705,-0.459059,-0.0852035,0.505676,0.482824,0.471985,0.0451909,4247010,4151670,397508,8796190,0.469417,0.450604,Talarico,18.0693,-28.1538,2.01962,10.6918,0.844546,0.861592
10707,-1.25835,-1.56846,0.510055,0.485901,0.466743,0.0473567,4309000,4139100,419962,8868060,0.473253,0.175957,Talarico,17.8983,-27.8002,0.819338,12.6281,0.725633,0.596097
10792,-2.03897,-1.50204,0.513171,0.495176,0.469758,0.0350658,4963810,4709020,351512,10024300,0.534958,0.28531,Talarico,15.5169,-27.2366,1.51621,12.7185,0.559901,0.304885
10818,1.01825,-1.53831,0.512831,0.482391,0.458251,0.059358,4461000,4237770,548925,9247700,0.493509,0.691788,Talarico,19.2321,-28.0528,1.60809,11.2633,0.736063,0.96332
10823,-1.90573,1.28001,0.496888,0.476743,0.482715,0.0405424,4591570,4649090,390469,9631120,0.513971,0.274973,Paxton,13.7543,-25.8911,1.67279,11.3905,0.626963,0.51054
10834,1.01952,0.477955,0.517662,0.499334,0.46526,0.0354068,5022770,4680020,356155,10059000,0.536803,0.632694,Talarico,18.3039,-29.0095,2.95363,9.82675,0.745415,0.283408
10844,-2.52547,-0.00139243,0.518132,0.489081,0.45485,0.0560683,4574220,4254070,524389,9352680,0.499114,0.329479,Talarico,14.9047,-24.4979,0.894945,11.2642,0.593164,0.639452
10857,1.77605,0.995912,0.499073,0.477914,0.479689,0.0423968,4422590,4439010,392337,9253930,0.493843,0.737131,Paxton,18.865,-26.054,0.323154,11.2265,0.637291,0.873642
10863,1.66295,0.646323,0.516825,0.500482,0.467896,0.0316216,4417390,4129780,279101,8826270,0.47102,0.777632,Talarico,20.5826,-26.511,-0.72533,12.8778,0.818411,0.713249
10883,0.408737,1.41102,0.508166,0.482734,0.467219,0.0500471,4784490,4630720,496028,9911230,0.528921,0.975742,Talarico,18.3045,-25.7285,0.646785,11.365,0.894284,0.287568
10891,-0.676908,-0.545474,0.512152,0.495242,0.47174,0.0330184,4417180,4207550,294499,8919230,0.475982,-0.0661657,Talarico,19.0088,-26.7151,0.793259,11.0259,0.798577,0.285735
10905,-1.61,0.384148,0.500854,0.479689,0.478054,0.0422574,4143140,4129010,364983,8637130,0.460928,0.312497,Talarico,14.4713,-26.9847,1.66312,11.7668,0.762033,0.658294
10912,1.15673,-1.47958,0.508224,0.484788,0.469098,0.0461146,4308590,4169140,409847,8887580,0.474293,0.73869,Talarico,19.4968,-28.7124,-0.225184,14.1095,0.815002,0.853791
10926,-1.48227,-0.822162,0.529547,0.501485,0.445523,0.0529922,4398210,3907400,464761,8770370,0.468038,0.121964,Talarico,15.0119,-28.6149,4.4971,8.881,0.424105,0.292603
10943,0.0548666,-0.673216,0.504974,0.490914,0.481243,0.0278434,4374170,4288000,248092,8910250,0.475503,0.737938,Talarico,16.4543,-25.7,2.04059,10.158,0.730487,0.872674
10955,0.275179,-2.44747,0.519473,0.499215,0.461788,0.038997,4403630,4073470,343996,8821090,0.470745,0.29255,Talarico,17.5895,-30.2335,2.64936,12.2943,0.434739,0.620848
10964,0.290778,-2.73724,0.517915,0.488352,0.454567,0.0570812,4718590,4392150,551534,9662270,0.515635,0.417878,Talarico,17.5739,-27.964,0.183317,13.6687,0.276832,0.591277
10978,2.24546,-1.49504,0.504164,0.486627,0.478589,0.0347835,4737140,4658890,338605,9734630,0.519496,0.98575,Talarico,20.6623,-27.4349,-0.165419,12.4447,0.665319,0.373923
11017,-2.31182,1.8853,0.519533,0.497389,0.459988,0.0426235,4635650,4287070,397250,9319980,0.497368,0.0805229,Talarico,15.02,-23.8808,0.00260568,12.2362,0.366982,0.354599
11028,2.77863,-0.165623,0.505518,0.485348,0.474751,0.0399007,4706890,4604130,386956,9697980,0.517539,1.27511,Talarico,22.7627,-27.0246,-1.60045,13.2571,0.643377,0.142153
11036,-0.956655,0.795255,0.522604,0.50441,0.460775,0.0348142,4607000,4208460,317973,9133440,0.487414,0.134589,Talarico,14.6335,-26.5295,1.03613,12.5104,0.553558,0.38564
11055,2.18676,-1.77467,0.504789,0.48314,0.473974,0.0428861,4712060,4622660,418268,9752990,0.520477,0.678823,Talarico,20.677,-29.2224,1.2316,11.7507,0.523101,0.661549
11070,-1.04555,-0.13254,0.499,0.472279,0.474171,0.0535505,4726030,4744960,535873,10006900,0.534025,0.476093,Paxton,15.9854,-27.5656,2.34097,11.0423,0.776594,0.376048
11082,-2.73139,0.638485,0.488868,0.473983,0.495569,0.0304479,4573560,4781850,293798,9649200,0.514936,0.365095,Paxton,13.275,-25.0907,2.15753,10.2624,0.269206,0.389596
11123,-2.61413,0.615749,0.533376,0.508225,0.444621,0.0471534,4490700,3928690,416650,8836050,0.47154,0.153616,Talarico,13.8297,-25.0439,0.482112,12.9436,0.230111,0.261109
11139,1.22723,-1.89894,0.501329,0.47966,0.477116,0.0432244,4140490,4118530,373119,8632140,0.460662,0.256403,Talarico,14.8601,-29.3393,2.2184,12.9014,0.74218,0.579331
11156,-1.562,-0.195041,0.471181,0.453465,0.508935,0.0376001,4522680,5075920,375009,9973610,0.532251,0.218851,Paxton,14.6657,-27.0212,-0.22063,14.51,0.079917,0.0454661
11203,-1.89481,-0.0485941,0.514225,0.497499,0.469974,0.0325271,4472030,4224610,292387,8989030,0.479706,0.286399,Talarico,15.5869,-27.9553,3.64477,9.05465,0.813497,0.710572
11248,0.827097,-1.37909,0.528567,0.502635,0.448304,0.049061,4555680,4063250,444669,9063600,0.483689,0.689275,Talarico,18.4012,-26.9658,1.11176,12.4185,0.421514,0.513301
11297,0.0216593,1.35188,0.502525,0.484899,0.480025,0.0350761,4813220,4764850,348174,9926250,0.529724,0.492887,Talarico,17.6867,-26.5858,-0.356787,13.4656,0.958746,0.475217
11339,1.8446,-0.00954766,0.525887,0.507773,0.457782,0.0344454,3885600,3503050,263584,7652230,0.408368,1.0163,Talarico,20.438,-28.0461,1.18454,10.8309,0.486462,0.037072
11357,1.70911,-0.597018,0.486277,0.464775,0.491007,0.0442178,4458340,4709970,424158,9592460,0.511913,1.36035,Paxton,21.629,-27.6112,-1.02616,12.7299,0.416132,0.0610601
11360,-1.52176,0.690544,0.510521,0.494,0.473638,0.0323615,4507800,4322000,295302,9125100,0.486968,0.153674,Talarico,16.5162,-25.9499,2.5653,9.14282,0.845076,0.607242
11413,0.180931,-2.47076,0.510965,0.485338,0.464507,0.0501541,4275190,4091690,441791,8808670,0.47008,0.75391300000000006,Talarico,16.9449,-27.6078,0.328559,13.3509,0.478966,0.775629
11481,-3.03107,-0.151015,0.523151,0.49718,0.453177,0.0496431,4838760,4410500,483147,9732400,0.519379,-0.247377,Talarico,10.336,-26.7033,3.19542,10.4101,0.251565,0.0461312
11525,-0.401454,2.25867,0.50849,0.486278,0.470041,0.0436806,4168260,4029080,374420,8571760,0.457439,0.437152,Talarico,16.0696,-25.6178,-0.569453,14.4774,0.591268,0.767099
11545,1.97782,1.62451,0.507862,0.483759,0.468781,0.0474604,4267420,4135290,418666,8821370,0.470758,0.828863,Talarico,20.6966,-27.539,-0.232166,12.3668,0.566581,0.732557
11574,0.852855,-0.0630545,0.493281,0.472484,0.485355,0.0421617,4559670,4683880,406879,9650440,0.515002,0.696164,Paxton,20.1704,-27.3144,-1.02584,14.1237,0.630899,0.498628
11583,1.12725,-1.20846,0.531828,0.499042,0.439311,0.0616472,4235240,3728310,523183,8486730,0.452901,1.0119,Talarico,18.9228,-29.0333,2.93174,10.0043,0.322639,0.178406
11601,-1.29568,-0.157803,0.516594,0.502655,0.470362,0.026983,4108240,3844320,220535,8173100,0.436163,0.0055545,Talarico,16.6193,-27.9254,0.288893,13.3692,0.790791,0.132051
11626,0.961698,-1.53009,0.52482,0.493348,0.446685,0.059967,4473790,4050630,543794,9068220,0.483934,0.823701,Talarico,16.3583,-28.7672,2.01053,12.2212,0.504364,0.533702
11627,0.0507191,-1.46799,0.499917,0.468693,0.468849,0.0624577,4369390,4370840,582261,9322480,0.497501,0.453105,Paxton,17.0067,-27.7547,-0.446569,15.0365,0.7603,0.889004
11629,-2.20527,-0.211257,0.494783,0.469422,0.479321,0.0512567,3942200,4025330,430453,8397980,0.448168,0.557441,Paxton,16.4384,-26.2535,3.25185,8.91414,0.602136,0.501275
11632,0.531358,0.725248,0.526555,0.499839,0.449424,0.0507376,4737620,4259780,480906,9478300,0.505815,0.810039,Talarico,21.3744,-27.3302,1.10144,10.5068,0.562339,0.405005
11633,0.889712,0.344217,0.525804,0.50293,0.453566,0.0435039,5150700,4645150,445540,10241400,0.546543,0.742493,Talarico,19.9876,-28.206,0.8538,12.5864,0.55322,0.137235
11638,1.78665,1.02149,0.530676,0.507475,0.448806,0.0437189,4814870,4258220,414800,9487890,0.50633,0.928379,Talarico,20.2697,-25.8359,0.048593,11.8561,0.350021,0.219968
11665,-1.3834,0.376477,0.531783,0.507255,0.446622,0.046123,4657140,4100460,423458,9181050,0.489953,0.41363,Talarico,14.9333,-26.7681,3.50676,8.98235,0.344314,0.358785
11673,1.72802,-0.225487,0.521639,0.503011,0.461278,0.0357109,5302640,4862700,376457,10541800,0.562569,0.763851,Talarico,19.3843,-26.898,0.0352067,12.7323,0.571322,0.0805265
11675,-1.8559,-1.50893,0.486538,0.468925,0.494875,0.0361998,4204520,4437190,324578,8966280,0.478496,0.0826657,Paxton,14.5724,-28.2126,0.249848,15.224,0.341463,0.214586
11679,0.461624,-1.98831,0.4985,0.467985,0.470801,0.0612143,4360890,4387130,570422,9318440,0.497286,0.734717,Paxton,15.7484,-28.7537,1.2205,13.4294,0.710655,0.829928
11693,-0.779786,0.212913,0.505391,0.490198,0.47974,0.0300629,4319850,4227690,264928,8812470,0.470283,0.873392,Talarico,18.6822,-26.893,0.489605,12.2338,0.860197,0.688493
11723,0.692298,-1.73099,0.504157,0.485453,0.477448,0.0370987,4173430,4104610,318937,8596980,0.458784,0.453506,Talarico,18.6868,-27.1757,1.07494,10.958,0.805994,0.801924
11739,-0.563309,-1.92927,0.46197,0.44107,0.513689,0.0452414,4647990,5413250,476754,10538000,0.562368,0.434441,Paxton,17.3497,-27.7479,1.60081,11.3892,0.0185303,0.01208
11742,-0.0390551,0.909165,0.51175,0.493053,0.470412,0.0365348,4914130,4688470,364133,9966730,0.531886,0.147563,Talarico,15.9046,-25.4343,0.518724,10.7789,0.910144,0.284865
11756,-0.854665,-1.00935,0.493401,0.47740899999999997,0.490179,0.0324123,4539310,4660720,308183,9508210,0.507415,0.517417,Paxton,16.8454,-27.3339,2.00241,10.4833,0.520107,0.556335
11772,0.954655,-0.0324773,0.512343,0.487401,0.463916,0.0486832,4168190,3967350,416333,8551880,0.456377,0.542424,Talarico,17.6721,-27.9915,0.140651,14.0404,0.769502,0.717211
11793,-0.329653,-2.42142,0.494169,0.471492,0.482618,0.0458904,4413030,4517160,429521,9359710,0.499487,0.466722,Paxton,17.0671,-29.1604,1.92898,12.1098,0.35371,0.66399
11811,-2.1841,-1.64486,0.517714,0.490178,0.456635,0.0531869,4976310,4635780,539956,10152000,0.541774,0.0539106,Talarico,14.9703,-28.4684,2.4478,11.7048,0.35026,0.158545
11812,1.23492,2.21709,0.532237,0.51381,0.451569,0.0346216,4588940,4033050,309212,8931200,0.476623,1.01167,Talarico,20.3386,-25.9318,-1.15208,13.2906,0.165348,0.222002
11815,1.48512,-1.1354,0.512837,0.495089,0.470303,0.0346081,4229680,4017930,295667,8543280,0.455919,0.923277,Talarico,22.5014,-28.7274,0.995128,10.5547,0.708818,0.392092
11884,-1.01071,1.28123,0.493708,0.467881,0.479807,0.0523123,4844500,4967990,541649,10354100,0.552559,0.31666,Paxton,17.0556,-26.4923,1.27077,10.6089,0.594017,0.124171
11929,-0.268356,-1.35585,0.515748,0.49552,0.465259,0.0392205,4473500,4200310,354078,9027890,0.481779,0.937641,Talarico,19.0186,-28.5922,1.37085,11.997,0.697084,0.652196
11931,1.52561,-1.22117,0.504106,0.475258,0.467517,0.0572254,3895960,3832500,469109,8197560,0.437472,0.857032,Talarico,19.076,-29.558,-0.375844,14.4796,0.8511,0.277975
11937,-0.859677,1.86256,0.522164,0.49747,0.455239,0.0472906,4821700,4412380,458362,9692450,0.517247,0.564307,Talarico,16.0632,-26.2494,1.63569,10.7817,0.541399,0.500998
11952,-2.09448,1.14552,0.525136,0.494094,0.446794,0.0591123,4483280,4054090,536370,9073750,0.484228,-0.29552,Talarico,15.0342,-24.6479,1.52338,9.99261,0.506068,0.0736583
12007,-2.20814,1.38448,0.509773,0.486854,0.468188,0.0449581,4258230,4094960,393222,8746410,0.46676,0.509537,Talarico,14.9779,-24.7115,0.510932,11.7501,0.710235,0.839884
12019,2.23268,-1.47317,0.531185,0.508986,0.449222,0.0417923,4017280,3545590,329855,7892730,0.421202,0.979041,Talarico,18.85,-28.7465,0.296127,14.0297,0.192152,0.0507545
12069,-0.763767,0.680232,0.519905,0.498485,0.460316,0.0411989,3968230,3664380,327967,7960570,0.424824,0.128658,Talarico,15.9721,-25.8148,0.206766,12.9553,0.60425,0.100965
12139,2.29086,1.23695,0.531479,0.495762,0.437035,0.0672036,4164180,3670900,564481,8399560,0.448252,1.06502,Talarico,20.8012,-27.384,-0.0197878,12.4467,0.241101,0.135019
12155,-1.74302,-0.0619702,0.48929,0.466042,0.486444,0.0475142,4135480,4316520,421623,8873620,0.473549,0.313137,Paxton,13.7221,-27.1743,1.54565,12.7252,0.476155,0.462784
12158,1.80745,1.63375,0.516364,0.49732,0.465799,0.0368804,4730600,4430760,350813,9512170,0.507626,0.851608,Talarico,20.3215,-27.2927,0.705326,11.0064,0.53819,0.62942
12161,0.118742,-1.11646,0.493586,0.473527,0.485835,0.040638,4277220,4388390,367070,9032680,0.482037,0.412571,Paxton,18.6519,-25.8022,0.768847,11.1043,0.617654,0.679641
12165,0.921508,1.40267,0.504228,0.482422,0.474332,0.0432462,4206530,4136000,377090,8719620,0.465327,1.14451,Talarico,18.8006,-27.662,1.1756,11.7814,0.891041,0.277567
12194,1.26056,2.32771,0.51271,0.494648,0.470124,0.0352288,4645420,4415100,330846,9391360,0.501176,0.805624,Talarico,19.7632,-25.5282,-0.316403,12.6311,0.355143,0.806042
12244,-1.98599,-0.0898549,0.521414,0.498944,0.457962,0.0430935,4998370,4587810,431706,10017900,0.534611,0.309796,Talarico,15.5809,-27.0731,2.83529,9.74381,0.611235,0.253766
12251,-2.17229,-0.010145,0.457616,0.439436,0.520836,0.0397281,4352910,5159240,393534,9905680,0.528626,0.206722,Paxton,12.7239,-25.6656,1.12831,12.1012,0.0342583,0.0156039
12254,0.0307407,-0.658015,0.500932,0.476685,0.474913,0.048402,4634210,4616970,470551,9721730,0.518807,0.68492,Talarico,18.7565,-26.0664,0.42716,11.6754,0.713432,0.646123
12257,0.286568,-2.51441,0.534883,0.497644,0.432735,0.0696213,4887230,4249780,683733,9820750,0.524093,0.562001,Talarico,15.7463,-28.7085,0.534837,13.8023,0.0934573,0.168819
12258,-1.81614,2.11936,0.515012,0.49304,0.464297,0.0426627,4427690,4169570,383128,8980400,0.479244,0.418842,Talarico,16.2866,-25.2833,-0.324289,13.8494,0.456228,0.79279
12294,-1.77457,1.0492,0.479151,0.453593,0.493067,0.05334,4060640,4414020,477508,8952160,0.477741,0.492513,Paxton,15.3659,-25.7899,1.69793,11.5371,0.204602,0.24267
12306,2.09426,1.22831,0.511645,0.484086,0.46205,0.0538632,4728870,4513610,526171,9768650,0.521313,0.717666,Talarico,20.9255,-27.5531,0.0956418,12.3986,0.662188,0.56191
12310,-0.812672,1.68211,0.49984,0.482709,0.483018,0.0342726,4346700,4349480,308618,9004800,0.480548,0.143201,Paxton,16.5474,-27.6396,0.663653,13.1446,0.760796,0.517775
12317,-0.40827599999999997,-0.619524,0.487477,0.462501,0.486264,0.0512348,4442100,4670330,492086,9604520,0.512553,0.624728,Paxton,18.2133,-26.372,0.777955,12.0667,0.481267,0.351775
12377,-1.2684,1.56006,0.488574,0.466511,0.488331,0.0451582,3993850,4180650,386604,8561100,0.45687,0.564525,Paxton,16.6628,-25.7513,1.00573,11.5247,0.425319,0.416504
12390,1.82615,0.176032,0.483317,0.467073,0.499318,0.0336087,4259300,4553350,306482,9119130,0.486649,0.533914,Paxton,21.4044,-26.2942,1.0511,9.53475,0.291694,0.346853
12392,-2.54988,-1.17315,0.50086,0.473657,0.472031,0.0543119,3940890,3927360,451882,8320130,0.44401,0.432599,Talarico,15.1723,-26.8998,3.04256,9.32357,0.414738,0.51437
12451,-0.391035,2.24099,0.53927,0.520927,0.445058,0.0340149,4687100,4004470,306053,8997630,0.480168,0.625448,Talarico,17.9251,-25.114,0.345521,11.6101,0.160787,0.21873
12460,2.36488,1.18022,0.534824,0.518528,0.451001,0.0304704,5025510,4371050,295315,9691870,0.517216,0.776137,Talarico,21.2976,-26.0898,-1.63584,14.0534,0.188776,0.181428
12468,2.04326,-0.281289,0.516007,0.490992,0.460531,0.0484767,4473820,4196270,441710,9111800,0.486259,0.616732,Talarico,18.8128,-28.195,-0.868603,14.9615,0.72439,0.906945
12476,2.51542,0.534426,0.517535,0.498609,0.464821,0.0365704,4650970,4335790,341124,9327880,0.497791,0.985769,Talarico,21.0034,-26.7117,-0.742618,12.6877,0.606694,0.558691
12503,1.54302,-2.01024,0.478124,0.451911,0.493263,0.0548258,4359830,4758780,528935,9647550,0.514851,1.01394,Paxton,19.3813,-27.2541,0.464406,12.7386,0.160536,0.100829
12524,-0.956318,-0.685707,0.515212,0.498108,0.468693,0.0331988,4196840,3949010,279719,8425570,0.449636,0.269477,Talarico,17.3113,-27.2421,-0.0638059,13.5503,0.780189,0.42449
12530,-0.416932,-1.25417,0.518463,0.494853,0.459608,0.0455384,4856170,4510300,446885,9813360,0.523699,0.181371,Talarico,15.7938,-28.2,2.81225,11.1523,0.633824,0.352797
12563,0.288499,2.47704,0.506838,0.483677,0.470627,0.0456965,4488280,4367180,424040,9279490,0.495208,0.77822,Talarico,18.9674,-24.1763,-1.37157,12.8128,0.421381,0.944877
12580,0.768289,-1.55312,0.503018,0.482037,0.476253,0.0417099,4898500,4839730,423860,10162100,0.542308,0.712386,Talarico,17.7507,-29.494,2.36373,11.4296,0.827882,0.317378
12585,2.13161,0.50183,0.513711,0.492494,0.466204,0.0413028,4136830,3916000,346934,8399770,0.448262,0.732564,Talarico,20.9977,-27.7947,0.384346,11.4893,0.828542,0.47511
12614,2.07351,-1.75074,0.537304,0.521667,0.44923,0.0291024,4595960,3957780,256396,8810140,0.470162,0.299305,Talarico,18.683,-30.1307,1.21179,12.8132,0.143196,0.207523
12647,-1.52143,0.454855,0.523403,0.489922,0.446109,0.0639688,4360940,3970950,569405,8901300,0.475025,0.506437,Talarico,14.4216,-26.4796,2.36553,10.3066,0.554581,0.65094
12679,2.07248,-1.11292,0.484488,0.456585,0.485822,0.057593,4206560,4475920,530609,9213090,0.491662,0.786524,Paxton,19.6559,-26.0294,-0.42948,12.2745,0.37316,0.344969
12701,0.303699,-1.12155,0.484473,0.463426,0.493132,0.0434418,4582790,4876540,429592,9888920,0.527731,0.422832,Paxton,18.158,-24.7809,-0.511614,12.0845,0.385619,0.19595
12718,0.541317,1.54639,0.503867,0.478344,0.471001,0.0506552,4180820,4116650,442737,8740210,0.466429,0.562652,Talarico,17.9608,-25.5932,-0.469364,12.4248,0.909809,0.815584
12809,-1.0189,-0.958139,0.491351,0.459957,0.476149,0.0638942,4159500,4305930,577811,9043250,0.482599,0.309201,Paxton,17.2153,-26.8677,0.542744,12.4557,0.488187,0.556985
12812,-2.88293,1.1416,0.508654,0.487615,0.471024,0.0413607,5304400,5123910,449932,10878200,0.580529,-0.317892,Talarico,13.269,-23.3378,1.60091,10.3017,0.464287,0.0200992
12824,0.855101,1.57413,0.541849,0.516335,0.436578,0.0470876,4371300,3696070,398644,8466010,0.451793,0.49363,Talarico,17.0106,-27.0436,0.374569,13.9499,0.126153,0.0753002
12865,-0.0452605,1.59789,0.492399,0.470475,0.485,0.0445241,4375640,4510730,414095,9300470,0.496326,0.862289,Paxton,19.0725,-25.1567,0.198142,11.2731,0.525797,0.534291
12901,-2.22607,1.64386,0.531127,0.506899,0.447484,0.0456168,3731280,3293930,335785,7360990,0.392826,0.28027,Talarico,17.6293,-25.4231,1.78263,9.66223,0.267229,0.0196974
12907,1.27338,-0.381343,0.505242,0.486901,0.476798,0.0363011,4106820,4021600,306185,8434600,0.450119,0.643938,Talarico,18.1952,-28.6823,0.643782,13.7006,0.779991,0.591229
12909,0.721816,1.39851,0.486371,0.462521,0.488441,0.0490378,4355300,4599380,461762,9416440,0.502517,0.725684,Paxton,17.4924,-26.4328,0.320175,12.746,0.32746,0.38372
12965,2.50821,-1.25686,0.493174,0.478717,0.49197,0.0293129,4384930,4506320,268499,9159750,0.488817,1.2615,Paxton,21.2902,-27.5322,-1.39262,13.0308,0.499404,0.177937
12971,-1.36073,0.664981,0.516763,0.498203,0.465882,0.0359156,4550490,4255280,328047,9133820,0.487432,0.472214,Talarico,16.8979,-25.7745,0.707562,11.8257,0.699255,0.827308
12979,0.559538,1.93779,0.527793,0.502595,0.449663,0.0477417,4887800,4373020,464293,9725110,0.518989,1.1136,Talarico,19.2779,-27.9034,1.25579,11.7759,0.37047,0.120835
12995,1.99044,-1.45884,0.502051,0.481104,0.477172,0.0417242,4395980,4360060,381246,9137300,0.48762,1.03752,Talarico,19.7754,-28.9898,-0.867775,14.6649,0.77945,0.490034
12996,-2.15267,1.30669,0.511454,0.494091,0.47196,0.0339491,4790120,4575560,329130,9694810,0.517373,0.185497,Talarico,13.3506,-25.224,1.00577,12.0152,0.744642,0.476649
13012,-0.358597,1.42844,0.500687,0.471382,0.470088,0.0585301,4796830,4783660,595608,10176100,0.543055,0.352686,Talarico,17.6704,-25.8361,-1.06859,14.3818,0.877629,0.224584
13050,0.170883,2.74827,0.499309,0.478718,0.480043,0.0412385,4532300,4544840,390428,9467560,0.505247,0.947299,Paxton,21.5874,-23.8259,-2.07881,12.2493,0.194118,0.545387
13064,0.561563,0.365701,0.506251,0.48144,0.469551,0.0490087,4989580,4866360,507919,10363900,0.553078,0.640829,Talarico,17.0568,-27.4088,0.771622,13.3608,0.811852,0.197432
13100,1.22839,0.205089,0.539343,0.52215,0.445973,0.031877,4561250,3895800,278462,8735510,0.466179,0.885531,Talarico,18.9222,-27.5433,0.448585,12.7093,0.12924,0.112455
13113,0.0836505,-2.16494,0.496651,0.476149,0.48257,0.0412806,4692670,4755960,406840,9855470,0.525946,0.689258,Paxton,18.7284,-28.48,1.17535,12.3194,0.582353,0.480511
13154,0.476971,-1.91059,0.510623,0.489974,0.469587,0.0404396,4231770,4055690,349266,8636730,0.460905,0.519613,Talarico,18.8068,-27.9751,1.76311,10.7142,0.711598,0.793603
13162,2.02418,1.3206,0.508704,0.488161,0.471456,0.0403833,4510300,4355950,373116,9239370,0.493066,0.623082,Talarico,19.5685,-26.0383,-0.684929,13.4815,0.666033,0.993244
13188,1.63816,-2.07256,0.503433,0.484791,0.478179,0.0370302,4542790,4480820,346995,9370600,0.50007,1.30798,Talarico,16.316,-30.274,0.987486,13.7947,0.522697,0.194257
13203,1.54231,1.57854,0.531387,0.502367,0.443022,0.0546112,4569190,4029420,496706,9095310,0.48538,0.757046,Talarico,19.4753,-27.9705,-0.410051,14.9617,0.29924,0.376576
13266,-0.407131,2.68024,0.528417,0.507082,0.452542,0.0403755,4469520,3988790,355877,8814190,0.470377,0.709828,Talarico,19.2996,-24.1935,0.118099,11.03,0.17614,0.470941
13294,0.122056,2.52098,0.520145,0.499944,0.461218,0.0388379,4672840,4310880,363007,9346730,0.498797,1.02962,Talarico,20.813,-26.057,-1.54938,14.509,0.343123,0.438911
13298,-0.870463,2.06938,0.520056,0.50047,0.461868,0.0376621,4439920,4097470,334120,8871510,0.473436,0.392778,Talarico,17.0197,-27.471,1.95005,10.9139,0.571168,0.688847
13348,3.06466,-0.183467,0.536675,0.516583,0.445979,0.0374382,4724360,4078650,342387,9145400,0.488051,0.927197,Talarico,22.766,-28.552,-1.39473,14.04,0.07531,0.17055
13361,2.42207,-0.367327,0.508271,0.483601,0.467862,0.0485369,4295090,4155300,431079,8881460,0.473967,0.381648,Talarico,20.2117,-27.4781,0.103829,12.2797,0.805945,0.834062
13365,-2.57355,-0.102498,0.523583,0.504675,0.459212,0.0361131,4909000,4466790,351274,9727060,0.519095,-0.0233717,Talarico,13.4056,-27.0369,1.88874,12.3209,0.398128,0.138071
13460,-2.64405,-0.585048,0.500795,0.474322,0.472815,0.0528626,4541750,4527320,506172,9575240,0.510992,-0.228578,Talarico,14.7368,-26.2882,0.649441,12.665,0.512844,0.12717
13471,0.676467,0.703752,0.510347,0.49541,0.47532,0.0292702,4565340,4380210,269733,9215290,0.491782,0.76773,Talarico,18.9233,-26.0331,-1.2503,14.1436,0.838583,0.958161
13480,-0.752102,-0.794225,0.53497,0.513131,0.446047,0.0408228,4930920,4286280,392286,9609490,0.512816,0.392753,Talarico,15.0678,-30.165,0.739859,15.383,0.228996,0.213781
13505,-0.0991843,-0.0218048,0.509979,0.491072,0.471853,0.0370757,4153540,3990990,313591,8458120,0.451375,0.63708,Talarico,15.0216,-26.9832,-0.197114,13.9562,0.780023,0.598617
13510,1.8157,1.00227,0.502473,0.483927,0.479164,0.0369082,3981150,3941960,303634,8226740,0.439027,0.913361,Talarico,20.7792,-28.5643,0.290727,13.3216,0.701848,0.25756
13543,-0.0369804,2.10087,0.503015,0.479301,0.473555,0.0471436,5016290,4956160,493398,10465800,0.55852,0.437758,Talarico,15.7757,-25.1339,0.522655,12.1075,0.701591,0.113946
13574,-1.47903,0.872204,0.530543,0.510585,0.451798,0.0376175,4215420,3730060,310572,8256050,0.44059,0.0189111,Talarico,15.8283,-25.5004,0.839558,11.8964,0.406496,0.0824792
13591,0.93559,1.91116,0.521694,0.502739,0.460928,0.0363332,5119450,4693670,369985,10183100,0.54343,0.691075,Talarico,18.1023,-25.8254,0.538402,12.0372,0.497072,0.194097
13616,2.74452,0.244177,0.526587,0.499792,0.449323,0.0508852,4459020,4008750,453985,8921750,0.476118,1.51479,Talarico,23.0683,-27.3033,-3.18365,16.9556,0.33678399999999997,0.0369918
13640,1.03051,-0.702583,0.512388,0.490406,0.466693,0.0429012,4613940,4390850,403633,9408420,0.502087,0.951923,Talarico,17.9975,-30.0521,1.36676,13.4027,0.735687,0.613907
13650,-1.48167,-1.53876,0.525245,0.493423,0.445992,0.0605851,4586020,4145180,563095,9294290,0.495997,0.334377,Talarico,14.7123,-28.4229,1.96527,12.6091,0.345236,0.488489
13670,-1.39331,1.17238,0.534431,0.511846,0.445895,0.0422595,4330910,3772880,357573,8461360,0.451548,0.478,Talarico,19.2731,-26.8097,2.60381,8.63701,0.358782,0.198009
13677,1.27895,-0.916778,0.531192,0.499391,0.440742,0.0598676,4255480,3755720,510153,8521350,0.454749,1.03453,Talarico,18.0339,-27.6876,0.512693,12.7695,0.323737,0.188898
13704,-0.48515200000000003,-0.338181,0.538341,0.514183,0.440941,0.0448756,4945250,4240840,431599,9617690,0.513258,0.362732,Talarico,16.3221,-27.8671,2.33328,11.2724,0.13937,0.144227
13705,1.05084,-0.725659,0.511612,0.490355,0.468097,0.0415482,4045860,3862210,342809,8250880,0.440315,0.896493,Talarico,19.4635,-27.9243,0.852898,11.5827,0.747633,0.277367
13707,-0.735544,-1.19078,0.494689,0.473183,0.483343,0.0434742,4139810,4228700,380350,8748860,0.466889,-0.131628,Paxton,17.4396,-26.8067,0.772697,12.1142,0.538489,0.13522
13723,-1.46034,1.19883,0.512006,0.491479,0.468429,0.0400927,4475070,4265190,365057,9105320,0.485914,0.434292,Talarico,16.7104,-26.9247,1.6149,11.1962,0.835518,0.878043
13729,-0.45738,2.2919,0.492012,0.467601,0.482785,0.0496139,4095300,4228290,434524,8758120,0.467384,0.791095,Paxton,16.8449,-24.7863,-0.267689,12.9034,0.356868,0.5389
13744,1.23127,0.559443,0.490124,0.465691,0.484458,0.0498506,4431020,4609590,474325,9514940,0.507774,0.886402,Paxton,20.6549,-25.8417,-0.239431,11.3285,0.509271,0.372881
13747,0.950947,-1.25969,0.482655,0.462861,0.496127,0.0410125,4547320,4874150,402923,9824390,0.524287,0.53393,Paxton,18.8019,-27.0855,0.0741501,12.8394,0.330534,0.188157
13785,2.12295,-1.87801,0.530839,0.505295,0.446586,0.0481186,4380380,3871430,417138,8668950,0.462626,0.449548,Talarico,18.4756,-29.3768,1.89587,11.9673,0.180565,0.345197
13788,-1.87538,1.4325,0.497346,0.471992,0.477029,0.0509785,4455380,4502930,481213,9439520,0.503746,-0.0053037,Paxton,14.9237,-24.1616,-0.014198,13.1681,0.592534,0.255515
13837,0.347503,2.41253,0.558203,0.530288,0.419704,0.0500076,5103100,4038920,481236,9623260,0.513553,0.688856,Talarico,18.4822,-25.4001,-0.441348,13.307,0.0155195,0.0110808
13852,1.07507,1.66063,0.520032,0.489732,0.452002,0.0582659,4191480,3868570,498683,8558740,0.456747,0.675145,Talarico,19.365,-24.9845,-0.478973,12.3006,0.547655,0.582474
13855,1.65212,-1.74236,0.547488,0.531234,0.439078,0.0296877,4832480,3994160,270060,9096700,0.485451,0.703653,Talarico,19.4963,-30.1277,0.844092,13.1239,0.0511298,0.0918045
13901,2.47911,-1.49776,0.518379,0.49259,0.45766,0.0497503,4806500,4465670,485444,9757620,0.520724,1.24081,Talarico,22.2224,-28.5404,-1.26029,13.5948,0.323907,0.13861
13910,-1.64384,0.0580256,0.524441,0.498399,0.451945,0.0496567,4599470,4170760,458256,9228490,0.492487,0.282468,Talarico,15.9437,-28.5241,2.72283,10.9249,0.544577,0.475406
13928,-1.63141,0.833219,0.510356,0.490381,0.470479,0.0391401,4218580,4047370,336709,8602670,0.45909,0.27359,Talarico,17.3881,-26.9645,0.995056,11.2541,0.868026,0.580703
13969,-0.919178,0.353995,0.500388,0.480715,0.479969,0.039316,4211920,4205380,344478,8761780,0.467581,0.708915,Talarico,18.4257,-27.1188,1.93906,11.1533,0.775535,0.758879
13978,-2.89887,1.00653,0.53426,0.511887,0.446236,0.0418765,4843470,4222280,396235,9461980,0.504946,0.13862,Talarico,13.6074,-25.7318,2.92221,9.05792,0.166478,0.157976
13983,0.281483,1.34651,0.49229,0.466308,0.480915,0.0527774,3980170,4104840,450481,8535490,0.455504,0.449919,Paxton,19.084,-24.3239,-0.457238,10.8446,0.524662,0.474744
14011,0.81318,-1.96109,0.490254,0.467824,0.486425,0.0457511,4390790,4565370,429399,9385550,0.500867,0.649353,Paxton,18.216,-28.2447,-0.153388,14.4799,0.516257,0.501997
14028,1.01263,-1.62366,0.524237,0.505062,0.458361,0.0365771,4472660,4059090,323915,8855670,0.472592,0.874381,Talarico,16.805,-28.5525,1.22251,12.8441,0.498557,0.462671
14030,-1.64898,-0.655111,0.456768,0.439255,0.522403,0.038341600000000003,3844540,4572300,335582,8752420,0.467081,0.436848,Paxton,16.3279,-26.8556,1.88541,10.1601,0.0293789,0.017983
14044,-1.03194,1.40589,0.498737,0.475506,0.477914,0.0465803,4422510,4444900,433227,9300640,0.496333,0.489493,Paxton,16.6,-24.1938,-0.233317,12.1914,0.748978,0.875277
14045,-2.20864,-1.696,0.508801,0.488106,0.471221,0.0406731,4272900,4125080,356054,8754040,0.467164,-0.274163,Talarico,15.5727,-26.5573,1.1374,11.2325,0.468458,0.102568
14053,2.25707,1.49909,0.492709,0.467944,0.481794,0.0502615,4697080,4836100,504509,10037700,0.535668,1.03339,Paxton,21.7954,-27.1815,-0.751131,11.9788,0.292884,0.153481
14074,-0.962774,-1.04383,0.496333,0.47936,0.486444,0.0341965,4753280,4823520,339089,9915890,0.529172,0.232258,Paxton,15.4107,-26.0328,0.620364,12.45,0.577633,0.266269
14080,-0.332984,-0.886468,0.48311,0.460969,0.493201,0.0458304,4035380,4317550,401206,8754140,0.46717,0.137174,Paxton,16.7921,-27.3211,2.53312,9.709,0.373271,0.200243
14122,0.480068,0.901066,0.531286,0.504715,0.445272,0.0500129,4045420,3568970,400866,8015250,0.427739,0.662141,Talarico,17.5718,-27.7788,0.658744,12.6904,0.400737,0.0978532
14130,-0.464943,2.05259,0.505763,0.488737,0.477599,0.0336632,4625760,4520340,318613,9464720,0.505092,0.378673,Talarico,17.8057,-24.2499,-0.0547733,11.3527,0.71275,0.838148
14132,3.04193,-0.766317,0.491525,0.472552,0.488847,0.0386008,3705870,3833660,302717,7842250,0.41851,1.70985,Paxton,24.3245,-28.3949,-0.702153,11.9626,0.324934,0.0124861
14170,-2.0592800000000002,1.16108,0.507477,0.481861,0.467662,0.0504771,4656110,4518910,487748,9662760,0.515659,0.2752,Talarico,14.1107,-24.9366,1.83617,10.7757,0.822845,0.591177
14187,-1.52683,0.288276,0.504329,0.474601,0.466453,0.0589455,4378850,4303670,543854,9226380,0.492373,0.103593,Talarico,16.3112,-27.4318,2.92779,10.1343,0.825145,0.477044
14188,0.956721,-0.86911,0.512972,0.493211,0.468266,0.0385225,3914020,3716070,305707,7935800,0.423499,0.280602,Talarico,18.8422,-30.9818,1.64311,13.0153,0.713753,0.146413
14199,-1.22441,-0.940576,0.497598,0.476076,0.480673,0.0432504,4258820,4299940,386904,8945670,0.477392,0.331204,Paxton,15.7499,-26.5204,1.437,11.4104,0.628918,0.758635
14216,1.37264,-0.423244,0.488196,0.467477,0.490083,0.0424401,3789280,3972510,344011,8105800,0.432572,1.09807,Paxton,19.7208,-28.0677,1.06892,11.626,0.472068,0.0938296
14222,-1.33352,0.404309,0.493942,0.46985,0.481374,0.0487759,3855610,3950180,400257,8206050,0.437921,0.501588,Paxton,16.5069,-26.457,1.2461,11.0661,0.544321,0.319527
14228,-0.688528,-2.14961,0.533032,0.510625,0.447338,0.0420367,4663820,4085790,383945,9133560,0.487418,0.915919,Talarico,15.0979,-28.1307,1.57743,12.5183,0.248609,0.235144
14266,0.969831,0.321755,0.476205,0.455305,0.500807,0.0438877,3969760,4366480,382652,8718900,0.465293,1.05904,Paxton,19.334,-26.3084,-0.966861,13.8885,0.142493,0.0958884
14307,-0.359364,-1.70557,0.512277,0.491799,0.468226,0.0399744,4578760,4359280,372170,9310210,0.496848,0.222337,Talarico,18.125,-25.7952,-1.17707,14.2579,0.754118,0.692216
14336,-1.05389,-0.535924,0.534648,0.501213,0.436251,0.0625364,4652970,4049900,580552,9283430,0.495416,0.141479,Talarico,17.621,-26.4644,0.505733,11.6717,0.275146,0.177391
14340,1.34805,0.941345,0.508403,0.485532,0.469482,0.0449863,4456200,4308890,412883,9177980,0.489789,0.888699,Talarico,20.4433,-28.298,0.467029,13.3717,0.821276,0.788998
14363,-0.433092,-0.112585,0.498987,0.474419,0.476346,0.0492351,4063860,4080360,421747,8565980,0.457131,0.279219,Paxton,17.3657,-27.645,1.36397,12.2021,0.744138,0.534261
14388,2.29293,0.375826,0.515321,0.490064,0.460923,0.0490122,4793810,4508760,479438,9782010,0.522025,1.27786,Talarico,18.4061,-27.8156,-0.258961,13.9674,0.776359,0.12177
14434,-1.49841,-0.449482,0.495796,0.472548,0.480561,0.0468911,3832140,3897120,380264,8109520,0.43277,0.474141,Paxton,14.9597,-27.6103,2.13973,11.103,0.65776,0.265782
14448,-1.7644,1.21296,0.524034,0.502861,0.456735,0.0404037,4693620,4263090,377121,9333830,0.498107,0.00864076,Talarico,15.4498,-25.9923,2.96334,9.5346,0.583292,0.185328
14449,0.33429,-0.324188,0.499711,0.485244,0.485805,0.0289508,4173290,4178110,248988,8600390,0.458966,0.905412,Paxton,18.6742,-27.2798,1.52121,10.5698,0.73842,0.493255
14456,0.518001,-0.640616,0.490674,0.46868,0.486497,0.0448232,4847780,5032060,463628,10343500,0.551987,0.475331,Paxton,17.8951,-27.9662,1.1075,12.1508,0.57954,0.157563
14466,0.901725,0.00590687,0.492742,0.474115,0.488083,0.037802,4381100,4510170,349313,9240590,0.493132,0.768314,Paxton,19.5656,-26.0941,-0.301052,12.7677,0.620666,0.626755
14487,-1.4516,-1.10521,0.510446,0.491137,0.471035,0.0378284,4169480,3998830,321142,8489450,0.453049,0.0255669,Talarico,13.1468,-27.1799,0.664251,14.2472,0.788645,0.252084
14516,-0.984228,-2.13786,0.521748,0.495661,0.454339,0.0499998,4447930,4077120,448685,8973730,0.478894,0.21691,Talarico,15.6709,-26.9347,0.661607,12.2054,0.300618,0.505259
14560,-0.378717,0.596859,0.514307,0.494326,0.466825,0.0388489,4834030,4565090,379904,9779020,0.521865,0.267044,Talarico,16.5092,-26.8458,1.10689,11.7752,0.765935,0.510003
14593,2.61549,-0.565272,0.504449,0.485593,0.477027,0.0373799,4515550,4435900,347598,9299050,0.496251,1.22939,Talarico,20.7265,-27.3594,0.740014,10.1858,0.678783,0.293357
14596,0.521077,-2.51101,0.459942,0.438519,0.514903,0.0465778,4029540,4731430,428002,9188980,0.490379,0.662888,Paxton,18.845,-26.264,-1.2994,14.2226,0.028051,0.029393
14658,0.247124,1.73115,0.522118,0.498211,0.456,0.045789,4588390,4199640,421705,9209740,0.491487,0.91073,Talarico,20.3182,-26.2156,-0.633128,12.6182,0.538615,0.52329
14709,0.991391,0.382763,0.487294,0.467482,0.491861,0.040657,3755870,3951740,326649,8034250,0.428755,0.640265,Paxton,19.8991,-26.8532,1.3176,10.1074,0.404077,0.14898
14750,-1.66089,-0.297065,0.5135,0.48494,0.459441,0.055619300000000003,4057740,3844380,465396,8367530,0.446539,0.194041,Talarico,15.6746,-29.618,1.38406,13.5246,0.868586,0.33249
14769,-0.420865,0.66382,0.47805,0.457676,0.499704,0.0426202,4142810,4523240,385791,9051840,0.483058,0.17760600000000001,Paxton,17.1756,-25.9042,0.439503,12.3267,0.18792,0.163914
14770,1.44264,-2.20745,0.525593,0.498484,0.449939,0.051578,4356430,3932180,450759,8739370,0.466382,0.602947,Talarico,17.2552,-31.53,1.7248000000000001,14.2591,0.248794,0.558901
14779,1.37692,1.72872,0.52167,0.499077,0.457613,0.0433098,4675380,4286940,405728,9368050,0.499932,0.511963,Talarico,20.8725,-26.6595,0.0772015,12.5751,0.477696,0.69768
14806,-2.06392,0.527554,0.522233,0.495583,0.453386,0.0510313,4204460,3846470,432943,8483870,0.452747,0.495549,Talarico,14.1751,-26.171,1.52725,11.3419,0.532146,0.52363
14826,-0.894924,1.22748,0.512667,0.489841,0.465636,0.044523,4331890,4117830,393737,8843460,0.471937,0.524047,Talarico,17.1756,-26.2998,0.849233,12.6247,0.816886,0.834722
14831,-2.83796,0.70040500000000006,0.531209,0.504761,0.44545,0.0497891,4516960,3986200,445548,8948710,0.477552,0.035793,Talarico,12.2623,-26.7913,2.90845,10.4235,0.210956,0.206741
14839,-0.10233,-1.00759,0.491951,0.473584,0.489081,0.0373354,4702330,4856210,370713,9929260,0.529885,0.542497,Paxton,17.504,-27.5299,0.534725,13.3278,0.554337,0.341879
14863,-1.29708,1.86916,0.485981,0.457264,0.483645,0.0590915,4120810,4358550,532526,9011880,0.480927,-0.26722,Paxton,15.3667,-26.176,2.11698,9.92517,0.319702,0.0488965
14889,-1.66773,-1.62441,0.500597,0.473534,0.472404,0.0540615,4163440,4153500,475323,8792270,0.469206,0.355683,Talarico,15.0773,-25.8293,0.0389662,13.0101,0.682232,0.781164
14896,1.78388,1.98879,0.530439,0.510296,0.451731,0.0379728,4816620,4263820,358420,9438860,0.503711,1.06115,Talarico,19.8007,-26.6741,-0.655685,13.2069,0.174392,0.167182
14909,-1.44751,-0.529054,0.535299,0.514928,0.447017,0.0380552,4674200,4057750,345442,9077400,0.484421,0.409884,Talarico,17.1796,-25.968,-0.413674,13.6248,0.270559,0.274308
14927,1.747,0.0482224,0.515364,0.495184,0.46566,0.0391559,5116360,4811300,404568,10332200,0.551385,0.750356,Talarico,21.0135,-26.5074,1.47238,9.22899,0.807197,0.167619
14959,-2.26925,-0.916834,0.486488,0.465683,0.491551,0.0427655,4321200,4561230,396832,9279260,0.495197,0.363083,Paxton,14.2465,-26.0277,0.0585618,14.2519,0.354308,0.421213
14962,-1.07291,-0.432538,0.503078,0.473562,0.467767,0.0586714,3994390,3945510,494881,8434780,0.450126,0.212523,Talarico,16.1587,-27.5622,1.71558,12.0419,0.80495,0.386515
14969,-2.16621,-0.0380434,0.514516,0.492753,0.464949,0.0422984,4539060,4282940,389638,9211640,0.491588,0.00485421,Talarico,12.1936,-26.8435,3.0559,10.7196,0.768939,0.377327
14972,1.4711,-0.322686,0.478495,0.459811,0.501142,0.0390472,3812940,4155680,323795,8292410,0.442532,0.765738,Paxton,17.137,-27.9137,0.906957,12.4134,0.264223,0.114448
15023,-1.41612,1.48751,0.498237,0.482836,0.486253,0.0309113,4197750,4227460,268741,8693950,0.463958,0.295349,Paxton,13.9079,-25.5789,0.890265,11.9253,0.668081,0.626804
15102,0.812003,0.343587,0.524032,0.498803,0.453053,0.0481443,4417500,4012330,426376,8856210,0.472617,0.38483,Talarico,16.8013,-28.0893,-0.299004,14.7862,0.605611,0.577575
15157,1.98137,-0.738742,0.516963,0.487743,0.455735,0.0565218,4379470,4092060,507512,8979050,0.479171,1.22402,Talarico,20.005,-27.5106,0.0641548,13.5723,0.669518,0.221936
15191,-1.64026,0.894962,0.53685,0.512541,0.442178,0.0452812,4475920,3861460,395432,8732810,0.466034,0.101033,Talarico,16.9157,-27.2592,-0.128034,14.6576,0.294014,0.138657
15214,-1.16857,0.82751,0.490892,0.470609,0.488073,0.0413183,3880820,4024830,340726,8246380,0.440076,0.524533,Paxton,17.6373,-27.2456,2.63402,9.02205,0.443168,0.296068
15232,0.582564,-0.639972,0.500567,0.477787,0.476704,0.04551,4393300,4383340,418469,9195110,0.490706,0.533218,Talarico,20.044,-27.0612,1.83748,9.7204,0.751893,0.939838
15263,1.5742,-1.70965,0.522382,0.490701,0.448651,0.0606483,4569750,4178160,564800,9312710,0.496977,0.314456,Talarico,18.7015,-29.1597,0.458786,12.4956,0.432437,0.529988
15264,2.23729,-0.478537,0.513571,0.491377,0.465408,0.0432151,4107540,3890460,361246,8359250,0.446102,0.399437,Talarico,19.0084,-25.9295,0.0204647,12.6477,0.770025,0.496287
15287,1.53139,-2.30451,0.478064,0.459661,0.501843,0.0384956,4118240,4496170,344894,8959310,0.478118,0.753894,Paxton,18.0582,-29.8371,1.73019,12.7521,0.1046,0.22886600000000001
15322,-0.274513,0.725174,0.523731,0.50624,0.460363,0.0333968,5039820,4583100,332479,9955410,0.53128,0.331756,Talarico,17.516,-26.2673,0.951579,11.9481,0.567186,0.267712
15376,1.88476,0.26387,0.501643,0.48418,0.481008,0.0348122,4454270,4425100,320259,9199620,0.490945,0.568347,Talarico,18.2495,-26.9013,-2.29348,16.4925,0.727939,0.955889
15380,0.513175,1.84083,0.52176,0.498873,0.457262,0.0438649,4181160,3832410,367641,8381210,0.447268,0.679829,Talarico,20.6924,-26.1942,0.644117,10.9324,0.526929,0.410899
15394,-0.144822,1.46328,0.48585,0.46983,0.497198,0.0329715,4289160,4539000,301002,9129160,0.487183,0.924106,Paxton,18.4342,-25.1901,-0.615367,13.0011,0.322327,0.293752
15409,-1.70962,-1.17889,0.481871,0.458469,0.492966,0.0485656,4185270,4500180,443346,9128800,0.487166,-0.0200447,Paxton,15.486,-27.5389,1.89135,12.2438,0.288204,0.104887
15447,1.6094,-1.90224,0.52278,0.496031,0.452802,0.0511676,4536800,4141420,467990,9146210,0.488097,1.12841,Talarico,19.0319,-30.8289,1.4145,14.165,0.356287,0.26085
15453,1.62136,-0.4254,0.511898,0.484717,0.462185,0.0530983,4236290,4039370,464065,8739730,0.466406,1.06977,Talarico,18.425,-29.4171,0.867458,13.5739,0.800342,0.329191
15558,2.31405,1.07766,0.536154,0.512876,0.443707,0.0434167,4404950,3810880,372894,8588730,0.458343,0.976172,Talarico,21.3828,-28.7072,1.73022,10.8938,0.186607,0.142211
15564,1.98891,1.06407,0.49533,0.476316,0.485298,0.0383861,4438460,4522160,357694,9318320,0.497279,0.979185,Paxton,19.8351,-27.112,0.494778,12.0008,0.463895,0.488239
15569,2.00681,0.892876,0.500517,0.474639,0.473659,0.0517015,4526190,4516850,493029,9536070,0.508901,0.637252,Talarico,20.2987,-25.3286,-1.50312,12.7976,0.613202,0.798626
15587,-1.25574,-1.57407,0.499141,0.470414,0.472034,0.0575517,4064420,4078420,497252,8640090,0.461087,0.62261,Paxton,15.3506,-29.3605,3.62071,10.2755,0.702981,0.711279
15613,1.29665,-0.773183,0.518786,0.496132,0.460201,0.0436664,4966530,4606840,437122,10010500,0.534215,1.03256,Talarico,19.1571,-28.4897,0.125336,13.8611,0.586142,0.146542
15620,0.917676,-1.56202,0.529159,0.508597,0.452544,0.038859200000000003,4464370,3972350,341099,8777830,0.468436,1.0018,Talarico,19.4056,-27.9047,-1.17237,15.3901,0.387167,0.272607
15664,-0.332504,0.421601,0.5138,0.496253,0.469595,0.034152,4777030,4520420,328754,9626200,0.51371,0.7778,Talarico,18.1142,-27.5705,2.01717,11.3235,0.760942,0.64025
15686,0.803885,1.49911,0.53094,0.509713,0.450307,0.0399805,5063280,4473160,397150,9933600,0.530115,0.749044,Talarico,18.9997,-25.7417,-0.830622,13.9422,0.365531,0.183256
15688,-1.78238,-0.115831,0.491476,0.475266,0.491752,0.0329826,4281390,4429900,297121,9008410,0.480739,0.655277,Paxton,15.5052,-27.5921,2.15071,11.32,0.551862,0.624912
15740,1.12242,-0.34612,0.513197,0.49115,0.465889,0.0429614,4272330,4052590,373705,8698620,0.464212,0.826943,Talarico,18.4781,-28.356,1.23108,11.9691,0.758576,0.605101
15741,-1.66335,1.47556,0.527245,0.506379,0.454046,0.039575,4657460,4176120,363994,9197570,0.490837,0.269116,Talarico,16.6273,-25.5673,0.611673,12.1498,0.492203,0.414487
15753,1.08999,2.0238,0.499432,0.470657,0.471727,0.0576158,4455140,4465270,545379,9465790,0.505148,1.1898,Paxton,21.1394,-25.3098,-0.115722,11.4909,0.475711,0.264427
15771,-0.149847,-1.41022,0.52066,0.495682,0.456343,0.0479754,4449710,4096570,430673,8976960,0.479063,0.456938,Talarico,17.4477,-27.7731,0.627451,12.5841,0.570226,0.711275
15782,1.37686,-1.86932,0.531368,0.506921,0.447072,0.0460063,4058250,3579110,368311,8005670,0.427229,1.11679,Talarico,18.6079,-29.8362,1.06861,12.6428,0.27385,0.04801
15807,-0.335559,0.360663,0.504191,0.481381,0.473378,0.0452411,4673030,4595340,439180,9707560,0.518052,0.25772,Talarico,16.2738,-27.0544,1.77953,11.673400000000001,0.852307,0.477504
15872,0.362232,0.0090807,0.53973,0.509268,0.434293,0.0564389,4706350,4013480,521575,9241410,0.493177,0.760121,Talarico,18.0785,-26.0913,-0.756636,13.2745,0.108886,0.175406
15891,-1.22704,-1.72946,0.502705,0.485265,0.480044,0.0346911,4275390,4229380,305643,8810420,0.470176,0.372162,Talarico,16.1378,-27.1147,1.43994,11.3699,0.72195,0.822549
15893,-1.40413,2.20741,0.498698,0.474866,0.477347,0.0477869,4458290,4481580,448648,9388520,0.501026,0.760322,Paxton,17.4312,-22.9083,-0.828144,11.8394,0.436864,0.782366
15894,0.151852,0.898228,0.501937,0.48265,0.478924,0.0384259,4295760,4262600,342005,8900370,0.474977,0.229259,Talarico,15.6523,-26.6479,0.748881,12.9769,0.919472,0.680899
15897,1.09258,2.40395,0.522548,0.497467,0.454536,0.0479975,4442450,4059070,428625,8930150,0.476566,0.828547,Talarico,19.9491,-24.1345,-0.956898,12.9608,0.244637,0.58548
15931,-0.424424,-1.89535,0.499011,0.478302,0.480198,0.0414994,4364770,4382060,378704,9125540,0.486993,0.558255,Paxton,17.1577,-26.2605,0.391856,12.9205,0.623085,0.888446
15960,1.6921,-1.67347,0.536177,0.507033,0.438612,0.0543558,4448250,3847990,476869,8773110,0.468187,0.180624,Talarico,18.7464,-29.2317,-0.652264,14.6704,0.189633,0.195906
15985,0.483671,-0.471404,0.508007,0.487891,0.472511,0.0395975,4214680,4081820,342066,8638570,0.461006,0.0664487,Talarico,15.4833,-27.8633,-0.419776,14.7736,0.774116,0.360211
16006,1.50601,-1.28914,0.499494,0.481341,0.482316,0.0363432,4303840,4312560,324958,8941360,0.477165,1.0961,Paxton,19.7175,-28.4655,-0.076026,14.0608,0.820542,0.402538
16038,0.3956,2.15765,0.517405,0.497576,0.4641,0.0383237,4450590,4151150,342787,8944530,0.477331,0.984203,Talarico,18.9911,-26.3478,-0.446793,12.8743,0.526393,0.5156
16082,-1.56646,2.12009,0.518381,0.497367,0.462095,0.0405384,4646520,4317000,378719,9342240,0.498556,0.376863,Talarico,14.7703,-26.6279,1.31632,11.8061,0.506862,0.679357
16092,0.903743,-0.676215,0.502145,0.482223,0.478103,0.0396732,4548520,4509660,374213,9432390,0.503368,0.732649,Talarico,19.4342,-27.3619,1.55048,10.2605,0.773729,0.863349
16105,2.2396,1.85886,0.500224,0.474413,0.473989,0.0515972,4657270,4653100,506524,9816890,0.523886,1.62125,Talarico,22.6807,-25.1828,-1.24147,12.6567,0.26679,0.0330249
16193,0.257487,-2.03387,0.475629,0.449866,0.495968,0.0541663,3642700,4015990,438600,8097290,0.432118,0.133574,Paxton,18.1857,-28.4027,0.951023,13.0861,0.156661,0.0327877
16218,0.497749,-1.47547,0.53842,0.518689,0.444666,0.036645,4873840,4178280,344333,9396460,0.501448,0.492998,Talarico,19.2111,-27.854,1.14984,11.7865,0.122923,0.184864
16256,2.26881,-0.782678,0.516158,0.492224,0.461407,0.0463697,4820500,4518700,454113,9793310,0.522629,0.859389,Talarico,19.2749,-27.639,1.95258,10.2701,0.657071,0.410655
16269,-0.602594,-0.701215,0.516801,0.501278,0.468686,0.0300366,4509660,4216450,270219,8996330,0.480096,0.489404,Talarico,17.453,-29.3798,3.14325,9.73345,0.684883,0.809315
16299,2.03658,-0.561375,0.538594,0.516905,0.442824,0.0402712,4495480,3851210,350236,8696920,0.464117,0.521222,Talarico,18.8719,-26.7863,-1.28568,15.0884,0.147217,0.180956
16324,0.831822,-2.01523,0.497941,0.472242,0.476148,0.0516095,4124200,4158310,450718,8733230,0.466054,0.718754,Paxton,19.46,-27.1704,0.505407,12.168,0.695106,0.709948
16332,-0.613935,1.20594,0.498847,0.476285,0.478487,0.0452285,4591240,4612470,435989,9639700,0.514431,0.506387,Paxton,15.4147,-25.2563,1.72681,10.6152,0.79898,0.663506
16347,-1.50672,0.0589926,0.475191,0.455226,0.502759,0.0420159,4459540,4925190,411602,9796340,0.522789,0.429199,Paxton,16.1025,-27.5857,2.48398,10.3971,0.113292,0.106487
16362,2.4644,-1.58738,0.51608,0.489654,0.45914,0.0512055,4673690,4382430,488750,9544870,0.509368,1.02781,Talarico,21.3506,-27.9315,1.00447,10.7387,0.338773,0.429446
16365,-1.01869,-1.77354,0.52064,0.501664,0.461889,0.0364473,4372030,4025390,317641,8715060,0.465083,0.200171,Talarico,15.7321,-28.7491,1.60581,13.61,0.396662,0.434626
16395,-1.39826,-0.922084,0.47033,0.44765,0.504129,0.048221,3900830,4392980,420198,8714010,0.465028,0.510118,Paxton,17.3791,-27.4065,0.424157,13.0078,0.0799436,0.0763633
16402,-2.9049,1.3473,0.529287,0.510939,0.454395,0.0346667,4563490,4058460,309628,8931580,0.476644,-0.21017,Talarico,11.1151,-21.7435,1.31364,10.2702,0.165923,0.0657134
16403,-2.75754,0.183426,0.529169,0.505604,0.449863,0.0445338,4083500,3633310,359677,8076500,0.431008,-0.198669,Talarico,13.7848,-26.3616,3.00265,9.24408,0.233295,0.0203044
16434,2.01858,1.18498,0.533983,0.505137,0.440842,0.0540205,4974610,4341430,531996,9848030,0.525549,0.77039,Talarico,21.7577,-26.924,0.0122054,11.5178,0.250634,0.167827
16450,-1.52655,-0.599735,0.488126,0.460139,0.482526,0.0573359,4133560,4334670,515066,8983300,0.479402,0.23374,Paxton,17.2085,-28.8807,2.85573,10.1969,0.461556,0.403739
16464,-2.10161,0.835921,0.496181,0.473873,0.481168,0.0449585,4411730,4479640,418561,9309930,0.496833,-0.0468988,Paxton,14.4934,-25.0326,1.47632,11.0206,0.673661,0.215456
16528,2.49404,-0.803626,0.500095,0.482947,0.482764,0.034289,4142150,4140580,294091,8576820,0.457709,1.13869,Talarico,22.1671,-26.0416,-1.86461,13.9937,0.639556,0.232037
16546,2.22018,-0.532273,0.538471,0.516377,0.442591,0.0410321,5007280,4291780,397886,9696950,0.517487,0.754114,Talarico,21.7774,-26.3644,0.227459,10.721,0.141688,0.129661
16547,0.284312,-1.24862,0.481919,0.463937,0.498749,0.0373139,4794190,5153920,385591,10333700,0.551467,0.468681,Paxton,16.8246,-26.7401,0.108943,13.1834,0.315339,0.0890278
16551,1.65485,-1.49315,0.5139,0.492911,0.466248,0.0408411,5015810,4744480,415594,10175900,0.543047,0.852323,Talarico,18.5528,-27.967,1.12227,11.3764,0.615672,0.208784
16566,-1.93728,1.7466,0.517612,0.500362,0.466312,0.0333253,4848950,4518980,322952,9690880,0.517164,-0.0631926,Talarico,14.5686,-25.9648,0.853694,12.7324,0.597861,0.158451
16582,3.30271,-0.282325,0.493832,0.476781,0.488691,0.0345281,4657330,4773670,337280,9768290,0.521293,1.78546,Paxton,26.307,-28.6299,-2.89137,14.9953,0.276443,0.0175995
16586,1.53177,-1.38037,0.492767,0.464947,0.478596,0.0564572,4714970,4853380,572526,10140900,0.541176,0.942417,Paxton,19.2374,-28.4278,1.11942,11.9623,0.615599,0.15366
16615,-1.17056,0.66651,0.512137,0.49041,0.467165,0.0424251,5097420,4855810,440975,10394200,0.554694,0.0310679,Talarico,15.533,-27.4571,0.758185,13.8603,0.789416,0.0896876
16685,-1.31926,0.326972,0.508788,0.484941,0.468188,0.0468709,4209770,4064340,406886,8681000,0.463267,0.106411,Talarico,15.9164,-27.2851,1.17346,12.2927,0.837668,0.429354
16687,0.6541,-0.94087,0.522966,0.506363,0.461889,0.0317483,4563140,4162350,286103,9011590,0.480913,0.717153,Talarico,20.1457,-27.5086,1.05691,11.82,0.534029,0.681844
16701,-2.11516,-1.19863,0.523982,0.498552,0.452915,0.0485323,4491540,4080390,437235,9009160,0.480782,-0.181489,Talarico,12.978,-28.2557,2.93875,11.5983,0.357781,0.102043
16702,-0.151452,2.0259,0.534649,0.508873,0.442915,0.0482117,4543030,3954180,430416,8927630,0.476432,0.270649,Talarico,17.0875,-26.4603,1.17967,11.5504,0.243677,0.280691
16711,0.496968,-0.223352,0.497585,0.480991,0.48566,0.0333492,4474170,4517610,310214,9302000,0.496409,0.618656,Paxton,16.0169,-26.6634,0.309997,12.7805,0.700322,0.819711
16733,-0.389033,-1.51947,0.500978,0.478976,0.477107,0.0439167,4159620,4143390,381390,8684400,0.46345,0.511337,Talarico,14.7043,-27.2552,0.441456,14.5442,0.742239,0.791711
16734,0.411077,1.18493,0.521727,0.502439,0.460592,0.0369693,3950810,3621750,290699,7863250,0.419628,0.353036,Talarico,18.0459,-26.8879,1.77366,9.67004,0.599933,0.129602
16746,-2.14063,-1.64189,0.493186,0.46178399999999997,0.474544,0.063672,3735440,3838660,515053,8089160,0.431685,0.442341,Paxton,14.2858,-26.9785,2.31746,10.7188,0.414288,0.216611
16752,1.93014,1.09101,0.515057,0.488204,0.45966,0.0521359,4443200,4183420,474495,9101110,0.485689,1.00554,Talarico,21.0511,-26.7585,-1.80193,13.8228,0.702139,0.570116
16776,1.26454,-1.97374,0.489185,0.467195,0.487853,0.0449519,4332830,4524410,416890,9274130,0.494922,0.630793,Paxton,16.9404,-29.6847,2.46016,12.1868,0.472532,0.491869
16781,-2.54691,1.19211,0.487461,0.464857,0.488773,0.0463702,4036910,4244590,402688,8684190,0.46344,-0.0354508,Paxton,16.0555,-24.7622,1.12545,11.3629,0.31715,0.116701
16798,-0.802225,-0.821427,0.546486,0.514864,0.427271,0.0578655,4594590,3812920,516385,8923890,0.476231,0.831234,Talarico,17.6379,-28.0163,2.60214,10.4386,0.0540616,0.0578144
16833,0.303819,-0.0497233,0.520602,0.491162,0.452288,0.0565498,4368720,4022950,502992,8894670,0.474672,0.831381,Talarico,19.103,-28.3621,1.84879,11.6657,0.617619,0.620669
16854,-2.04311,2.16894,0.492826,0.473673,0.487463,0.0388643,3477030,3578260,285286,7340570,0.391735,-0.0134878,Paxton,16.1125,-23.6738,-0.790755,12.2669,0.249639,0.0118391
16864,1.7456,-0.537719,0.501459,0.478566,0.475781,0.0456527,4440750,4414900,423624,9279270,0.495196,0.98199,Talarico,21.0719,-26.9796,0.223513,11.562,0.755245,0.573328
16877,1.88014,-1.7178,0.498916,0.480705,0.482794,0.0365007,4326130,4344930,328490,8999560,0.480267,0.867832,Paxton,19.3408,-26.1159,-1.24565,13.8298,0.65697,0.765092
16886,2.72254,-0.909696,0.498599,0.480994,0.483697,0.035309,4204510,4228140,308647,8741300,0.466488,1.26173,Paxton,22.4411,-28.9631,-0.905181,13.6513,0.511323,0.212234
16964,-0.979229,1.08264,0.498759,0.469111,0.471445,0.0594435,4257160,4278350,539447,9074960,0.484296,0.430315,Paxton,19.1537,-25.5961,-0.413471,11.7841,0.742619,0.87209
16968,-1.78174,1.23109,0.527865,0.501644,0.448682,0.0496742,4647220,4156580,460181,9263980,0.494378,0.218951,Talarico,13.5338,-25.4832,0.244284,13.2135,0.489128,0.345071
16980,-2.98963,-0.376799,0.48504,0.464806,0.49347800000000003,0.0417164,3977680,4223040,356997,8557720,0.456689,-0.535314,Paxton,11.9387,-26.0834,1.42772,12.5879,0.127351,0.0152044
16982,0.227932,1.87256,0.488776,0.467808,0.489292,0.0428998,4004150,4188040,367196,8559390,0.456781,0.6323,Paxton,19.5257,-25.5095,0.419898,10.2871,0.367793,0.425315
16985,0.446248,1.10914,0.483669,0.45759,0.488491,0.0539188,4056930,4330900,478037,8865870,0.473134,0.726475,Paxton,18.6475,-25.4884,-0.577597,12.7538,0.277211,0.358407
16999,-1.29072,0.840102,0.504483,0.487177,0.47852,0.034303,4329550,4252610,304851,8887000,0.474264,0.399598,Talarico,15.8506,-26.2872,0.389688,13.7996,0.830181,0.86864
17010,-0.267543,1.54644,0.521006,0.49739,0.457282,0.0453279,4627180,4254050,421681,9302910,0.496458,0.563752,Talarico,18.608,-25.5991,0.44989,11.7086,0.574779,0.764923
17025,2.16897,0.0612697,0.51149,0.492594,0.470464,0.0369427,4272480,4080530,320420,8673430,0.462866,0.671254,Talarico,18.645,-24.6478,-2.47824,15.328,0.835782,0.731377
17037,-2.59391,1.73157,0.520728,0.495233,0.455807,0.0489598,4546250,4184320,449452,9180020,0.489899,-0.109663,Talarico,13.825,-24.4987,2.90349,9.01941,0.281766,0.170597
17042,0.168991,-1.14348,0.523095,0.506104,0.461413,0.0324833,4697340,4282550,301490,9281380,0.495309,0.781551,Talarico,17.9294,-27.2599,0.653686,12.7499,0.502944,0.603345
17072,1.95246,1.91162,0.520605,0.493511,0.454445,0.0520436,4563660,4202410,481265,9247340,0.49349,0.984405,Talarico,20.779,-26.1782,-0.658915,12.941,0.312123,0.492579
17077,-0.646955,2.10902,0.517747,0.494478,0.460579,0.044943,4403360,4101490,400221,8905070,0.475225,0.296865,Talarico,17.4639,-23.3268,1.88276,7.93001,0.603158,0.667017
17113,3.01113,0.330492,0.493336,0.470306,0.483012,0.0466815,4501720,4623340,446831,9571900,0.51081,1.12884,Paxton,23.2443,-28.3432,-1.14573,14.4698,0.263452,0.225252
17123,0.613168,-2.08733,0.512424,0.49113,0.467315,0.0415553,4413350,4199350,373421,8986120,0.479553,0.664968,Talarico,16.8457,-28.3014,1.54804,11.9981,0.676855,0.913928
17136,-1.7194,-0.540479,0.493898,0.462307,0.47373,0.0639629,4392280,4500820,607699,9500800,0.507019,0.36115,Paxton,16.907,-29.0828,4.74963,7.72703,0.624463,0.589933
17224,-2.25217,-0.664465,0.550187,0.527982,0.431659,0.0403593,4581410,3745600,350206,8677220,0.463066,0.271174,Talarico,13.5466,-28.346800000000002,2.78952,11.1027,0.0419821,0.0285479
17265,0.427315,2.00911,0.536332,0.515767,0.44589,0.0383423,4519670,3907340,335994,8763000,0.467646,0.644751,Talarico,18.4469,-26.5649,-0.143956,13.423400000000001,0.227905,0.227537
17267,-0.507608,1.87457,0.50156,0.473234,0.470289,0.0564769,4453380,4425670,531478,9410530,0.502201,0.902631,Talarico,18.1917,-23.3226,-0.468758,11.6488,0.768129,0.660695
17307,-0.231784,-0.302942,0.506248,0.47966,0.46782,0.0525198,4443300,4333620,486513,9263430,0.494351,0.818769,Talarico,17.3499,-26.1561,-0.681988,14.1956,0.788912,0.896554
17325,2.07319,-1.32352,0.491041,0.467457,0.484515,0.0480274,4194820,4347890,430983,8973700,0.478886,0.848408,Paxton,20.0876,-27.8723,-0.480987,14.1957,0.51199,0.531238
17343,-1.89993,2.22622,0.510611,0.488287,0.467992,0.0437204,4647580,4454410,416137,9518140,0.507945,0.467999,Talarico,17.1219,-23.947,1.40253,9.21517,0.321997,0.886437
17354,1.63195,1.18617,0.511658,0.494027,0.471515,0.0344573,4727230,4511820,329714,9568760,0.510643,0.458742,Talarico,17.9786,-27.2611,0.170793,12.4679,0.757103,0.840143
17379,0.799302,-1.5855,0.517792,0.493647,0.459722,0.0466317,4563060,4249470,431043,9243570,0.493293,0.740415,Talarico,19.1412,-27.8742,2.3471,9.88939,0.630135,0.822806
17383,0.551963,0.567322,0.526409,0.501631,0.451299,0.0470702,5253140,4726050,492924,10472100,0.558852,0.563376,Talarico,17.839,-26.1089,-1.99673,16.0927,0.572272,0.0717054
17387,3.18755,-0.257201,0.485343,0.464123,0.492155,0.0437219,4361350,4624770,410853,9396970,0.50148,1.45608,Paxton,24.9593,-27.7258,-1.36221,12.8758,0.171542,0.0391256
17415,1.99915,0.112819,0.505641,0.487626,0.476747,0.0356272,5275050,5157360,385409,10817800,0.577304,0.611516,Talarico,19.4574,-24.0833,-1.09907,11.6613,0.770762,0.0420455
17494,-1.41593,1.91315,0.50942,0.483436,0.465558,0.0510064,4455630,4290850,470105,9216580,0.491851,0.145761,Talarico,17.487,-23.1797,-1.21303,12.8883,0.578489,0.60188
17495,-0.680129,-0.978234,0.516669,0.487589,0.456127,0.0562844,4526240,4234180,522482,9282900,0.49539,0.720409,Talarico,17.0211,-27.1722,2.83028,9.64823,0.702527,0.858875
17535,-2.25604,-0.31872,0.527907,0.5093,0.455453,0.0352462,4579520,4095340,316926,8991780,0.479856,0.24684,Talarico,14.3018,-25.467,1.85451,10.4634,0.341442,0.415282
17540,-0.391474,-0.87318,0.5178,0.489348,0.455705,0.0549479,4414480,4110980,495693,9021150,0.481421,0.368676,Talarico,17.7092,-29.2577,1.48068,12.2089,0.635244,0.709745
17556,-2.0797,0.802943,0.533325,0.506925,0.443575,0.0494999,4219050,3691800,411979,8322820,0.444155,0.0516271,Talarico,15.56,-26.6061,1.43333,11.9675,0.31136,0.0849054
17591,0.785794,-1.52549,0.524442,0.503725,0.456771,0.0395039,4401860,3991550,345210,8738620,0.466345,0.871601,Talarico,18.0969,-28.684,1.91944,12.1336,0.509975,0.418662
17605,-2.42003,-0.527209,0.518628,0.490227,0.455012,0.054761,4088460,3794770,456703,8339930,0.445069,-0.438993,Talarico,11.7577,-28.5384,3.15178,12.6376,0.529114,0.0171879
17631,-0.336197,-0.499552,0.493885,0.477561,0.489387,0.0330525,4186960,4290640,289784,8767380,0.467878,0.705116,Paxton,16.3081,-25.1122,-0.180622,12.8579,0.583811,0.637553
17633,-0.00769098,-2.30362,0.521149,0.49487,0.454705,0.0504252,4378630,4023240,446164,8848040,0.47218,0.664962,Talarico,17.9551,-28.6758,2.59327,10.0326,0.461876,0.691978
17717,0.217986,1.67975,0.519218,0.498653,0.461738,0.039609,4320580,4000730,343192,8664500,0.462387,0.918833,Talarico,18.0197,-24.7826,0.358691,11.6147,0.601695,0.404604
17756,0.638687,-0.923281,0.492907,0.473092,0.486708,0.0402003,4501110,4630660,382476,9514250,0.507738,0.691399,Paxton,20.9543,-29.2673,1.97421,10.0885,0.673982,0.551254
17775,-1.5186,0.243331,0.51976,0.492143,0.454722,0.0531342,4541400,4196090,490312,9227800,0.492445,0.930731,Talarico,16.3013,-26.5629,2.58466,10.214,0.663306,0.584804
17784,2.28115,1.14686,0.50159,0.478157,0.475126,0.0467167,4448870,4420660,434661,9304190,0.496527,1.09341,Talarico,21.3193,-26.9402,-1.07677,14.4596,0.487895,0.418033
17809,-1.44014,-1.55096,0.512806,0.486018,0.461744,0.0522385,3844350,3652340,413201,7909890,0.422118,-0.0186152,Talarico,13.7872,-27.8898,1.86855,12.9626,0.625473,0.0973223
17845,-0.0627585,0.141602,0.525857,0.504156,0.454576,0.041268,4945560,4459200,404822,9809580,0.523497,0.42459,Talarico,18.2078,-26.115,1.10684,11.0936,0.510614,0.338407
17852,-1.48114,1.77907,0.51757,0.492658,0.459209,0.0481323,5175550,4824160,505647,10505400,0.560628,0.292854,Talarico,17.9552,-25.8955,1.32488,10.701,0.653766,0.0728089
17857,-2.35354,0.593445,0.50468,0.486589,0.477565,0.0358464,5481280,5379630,403799,11264700,0.601152,-0.0956319,Talarico,13.1142,-25.4377,1.74666,11.8686,0.770666,0.0108098
17860,1.88813,-0.210918,0.50622,0.49059,0.478533,0.0308769,4620780,4507220,290824,9418820,0.502642,0.620536,Talarico,21.6018,-27.768,0.986679,10.4643,0.813467,0.961219
17865,0.663589,2.50583,0.513204,0.495157,0.469677,0.0351658,4419830,4192390,313894,8926110,0.476348,0.866729,Talarico,20.5312,-24.6826,-2.58655,13.8015,0.360249,0.729076
17898,-1.87801,0.0650946,0.490682,0.464121,0.481747,0.0541316,3954880,4105080,461268,8521230,0.454742,0.202585,Paxton,13.8731,-25.9292,1.24945,12.5182,0.499065,0.275853
17904,1.08589,1.3447,0.504257,0.483028,0.474873,0.042099,4302620,4229980,375001,8907600,0.475358,0.898121,Talarico,20.2833,-28.3266,0.477938,12.453,0.864908,0.71131200000000006
17919,-2.19728,1.39142,0.518978,0.497416,0.461038,0.0415459,4810930,4459080,401825,9671840,0.516145,0.0693797,Talarico,17.0076,-24.4329,0.69828,11.0941,0.599122,0.261154
17947,0.0590487,0.128283,0.502226,0.481391,0.477123,0.0414867,4134000,4097350,356272,8587610,0.458285,0.273982,Talarico,18.5844,-26.7824,1.55517,10.0047,0.805984,0.580043
17948,-2.30779,-1.00876,0.484671,0.46452,0.493904,0.0415756,3941450,4190770,352769,8484990,0.452808,0.191173,Paxton,14.3269,-27.6534,1.09988,13.0531,0.295775,0.203366
17954,-2.23311,-0.139004,0.553486,0.53167,0.428914,0.0394154,4113480,3318460,304953,7736890,0.412884,-0.0106506,Talarico,15.9192,-25.3224,2.09068,9.47855,0.0360549,0.0121476
17967,-0.743012,1.24047,0.50156,0.480119,0.477132,0.0427492,4627760,4598980,412051,9638800,0.514385,0.464833,Talarico,15.5712,-26.3937,-0.63181,14.5462,0.872411,0.722034
17993,1.16912,-1.80456,0.508004,0.49196,0.476458,0.0315819,5207160,5043080,334279,10584500,0.564854,1.10136,Talarico,20.0046,-28.0484,1.98426,9.23416,0.765717,0.030924
18006,-0.94607,2.53798,0.53066,0.507944,0.449249,0.0428062,5011160,4432100,422307,9865560,0.526485,0.273516,Talarico,16.975,-23.5805,0.131325,10.7441,0.162725,0.192372
18034,-1.08915,-0.197364,0.49303399999999997,0.470779,0.484082,0.0451397,3929530,4040570,376776,8346880,0.445433,0.504621,Paxton,16.6033,-25.5663,-0.124596,12.6335,0.564075,0.411274
18169,-0.970709,-0.9079,0.528652,0.508166,0.453082,0.0387517,4575970,4079940,348954,9004860,0.48055,0.643322,Talarico,17.2758,-27.8869,1.25142,12.4656,0.426435,0.518226
18180,-0.633978,2.28992,0.490035,0.466051,0.485006,0.0489433,4217910,4389460,442952,9050320,0.482977,0.248289,Paxton,17.8088,-24.5867,-0.120311,11.7094,0.330677,0.4711
18184,1.23527,0.0239864,0.529056,0.505917,0.450347,0.0437365,4732290,4212490,409106,9353880,0.499179,0.533962,Talarico,16.9438,-27.9028,1.06937,12.7311,0.369477,0.457379
18207,1.5148,1.39108,0.495144,0.463854,0.472952,0.0631943,4145970,4227280,564836,8938080,0.476989,0.630349,Paxton,19.9401,-25.7176,1.09203,9.4385,0.493817,0.734974
18210,0.424704,1.63183,0.5185,0.501302,0.46553,0.0331673,4229310,3927520,279821,8436650,0.450229,0.962114,Talarico,19.0017,-24.6724,-0.368575,11.9847,0.602641,0.275107
18234,-1.50579,2.06725,0.486642,0.467277,0.49293,0.0397938,4414490,4656840,375943,9447270,0.50416,0.307754,Paxton,17.1056,-24.1278,0.569624,10.1362,0.277837,0.376125
18255,2.06508,-1.17448,0.479556,0.459146,0.498293,0.0425603,4429450,4807110,410585,9647140,0.514829,0.897967,Paxton,22.5679,-26.5635,-1.37764,14.1089,0.267802,0.135534
18257,2.48878,-0.159071,0.491674,0.470358,0.486288,0.0433545,4445440,4595990,409751,9451180,0.50437,0.785772,Paxton,21.3327,-26.5621,-1.74445,14.3104,0.451083,0.514276
18277,0.960922,1.98118,0.494145,0.476141,0.487424,0.0364346,4515920,4622920,345560,9484400,0.506145,0.212061,Paxton,19.6427,-25.4698,0.552783,10.9798,0.381863,0.432852
18304,-0.950671,-0.359599,0.519769,0.492069,0.454638,0.0532926,4329190,3999870,468865,8797930,0.469508,0.712703,Talarico,16.541,-28.1604,0.546688,13.7638,0.633977,0.685527
18317,3.06527,-0.289338,0.518705,0.500156,0.464083,0.0357611,3730990,3461910,266766,7459660,0.39809,1.26033,Talarico,23.1992,-27.2747,-1.03554,12.2671,0.374785,0.0150768
18333,1.37118,2.21862,0.49925,0.474842,0.476269,0.0488892,4254960,4267740,438086,8960790,0.478201,0.899243,Paxton,22.2553,-24.4083,-0.746279,11.4645,0.289856,0.713568
18348,1.93241,-1.15927,0.503411,0.485472,0.478894,0.0356331,4752920,4688520,348859,9790300,0.522467,1.44599,Talarico,20.6215,-27.7422,0.093216,12.206,0.823904,0.0623711
18366,0.782253,1.75343,0.513557,0.483088,0.457583,0.0593285,4337510,4108510,532694,8978720,0.479158,0.828726,Talarico,20.2074,-26.0783,-0.869079,13.2709,0.625198,0.807441
18388,1.37787,-2.13539,0.508774,0.48692,0.470126,0.0429543,4061260,3921180,358269,8340700,0.445106,1.11568,Talarico,20.9771,-26.8341,-0.318043,12.3739,0.514436,0.18593
18393,0.481857,0.922932,0.524517,0.498399,0.451806,0.0497957,4442920,4027570,443898,8914390,0.475725,0.385718,Talarico,16.0412,-28.0045,1.17864,13.1813,0.582779,0.564889
18400,2.2483,-0.957425,0.524175,0.498236,0.452278,0.049486,4597570,4173490,456642,9227700,0.492442,1.27426,Talarico,18.6307,-27.3068,0.714917,12.0474,0.392149,0.140804
18418,-0.0762055,0.990116,0.517343,0.497108,0.463779,0.0391133,4261780,3976040,335324,8573150,0.457514,0.466703,Talarico,16.5941,-27.1726,0.677385,12.0002,0.726636,0.66281
18437,-2.93157,0.145617,0.510065,0.483859,0.464764,0.0513764,4234720,4067590,449644,8751950,0.467056,-0.534308,Talarico,14.0632,-25.5431,1.85814,11.2631,0.524406,0.0315139
18449,0.609867,-0.357053,0.51152,0.492705,0.470512,0.0367829,4474360,4272820,334033,9081210,0.484628,0.979645,Talarico,19.9535,-28.1104,0.607443,12.1392,0.761057,0.601313
18451,-0.0585048,1.31104,0.507252,0.489034,0.47505,0.0359155,4121770,4003910,302710,8428380,0.449786,0.668116,Talarico,19.872,-26.9704,0.0809186,13.2237,0.971855,0.554857
18453,-1.74524,-0.898729,0.515092,0.488681,0.460046,0.0512726,4893720,4606960,513451,10014100,0.534413,0.289155,Talarico,15.0691,-27.4561,2.8017,11.4417,0.7523,0.307361
18457,-1.16588,-1.86626,0.528173,0.501083,0.447628,0.0512895,4581630,4092860,468963,9143450,0.487947,0.182502,Talarico,15.6476,-26.741,1.82024,10.8905,0.291673,0.341742
18475,0.336469,1.46456,0.49497,0.474219,0.483857,0.0419239,4337680,4425840,383478,9146990,0.488135,0.851381,Paxton,19.08,-24.4401,-0.603099,11.5329,0.630696,0.673694
18477,-2.0955,-1.67724,0.494282,0.472535,0.483467,0.0439985,4780470,4891070,445118,10116700,0.539884,-0.267236,Paxton,12.5068,-26.1741,0.57498,13.1107,0.44487,0.0353965
18501,2.60308,0.530697,0.491266,0.47023,0.48695,0.0428204,4085180,4230440,372008,8687630,0.463623,1.01361,Paxton,21.2083,-24.3476,-1.72274,13.5003,0.27898,0.325561
18569,-1.22492,-0.0401954,0.537189,0.519961,0.447969,0.0320699,5619360,4841320,346588,10807300,0.576738,0.851727,Talarico,14.481,-27.828,0.906793,14.0422,0.204728,0.0120504
18583,-2.07249,-0.306185,0.467122,0.449484,0.512758,0.0377584,3975780,4535450,333981,8845200,0.472031,0.201849,Paxton,15.5411,-25.0537,1.03117,11.3988,0.0673702,0.0495137
18593,-1.56811,0.0245071,0.504005,0.476746,0.469169,0.0540858,3786230,3726050,429540,7941820,0.423825,0.288833,Talarico,14.3423,-27.0147,2.20901,12.2616,0.833595,0.160541
18602,1.64995,1.21998,0.509063,0.490299,0.472841,0.0368599,4789330,4618800,360054,9768180,0.521287,1.07659,Talarico,17.436,-26.2818,-0.708188,14.2796,0.76961,0.257153
18610,-1.76383,-1.27403,0.508757,0.492155,0.475212,0.0326339,4377490,4226790,290264,8894550,0.474664,0.188125,Talarico,15.4407,-27.0894,1.37344,12.8014,0.755104,0.623434
18626,2.34902,-0.9496,0.50237,0.474854,0.470373,0.0547739,4564820,4521740,526547,9613100,0.51301,0.773461,Talarico,20.2321,-26.5513,0.0919881,11.5344,0.707262,0.677911
18630,-1.57212,-0.753377,0.513023,0.488644,0.463836,0.0475199,4259930,4043660,414272,8717860,0.465237,0.294264,Talarico,14.544,-30.1175,2.98795,12.7933,0.834807,0.656346
18655,-0.198885,0.789305,0.506698,0.482764,0.470002,0.0472334,4299610,4185940,420671,8906220,0.475286,0.161786,Talarico,19.0868,-26.6187,0.877953,10.5365,0.963173,0.587238
18669,-1.50072,-0.505023,0.506851,0.490845,0.477575,0.0315801,4447600,4327360,286151,9061110,0.483552,0.361818,Talarico,16.9474,-28.9706,2.95662,9.4073,0.855827,0.883063
18702,-1.43415,-0.386359,0.476436,0.461972,0.507669,0.0303584,4006910,4403260,263313,8673480,0.462866,0.541193,Paxton,16.3276,-27.0695,0.522911,12.3863,0.146054,0.17216
18704,-2.14372,-1.22729,0.500695,0.481784,0.480447,0.0377696,4890500,4876930,383392,10150800,0.541707,0.059556,Talarico,14.0095,-27.002,3.28529,9.28257,0.618084,0.110094
18705,1.11423,-1.69584,0.522583,0.496966,0.454014,0.0490208,4337330,3962460,427835,8727620,0.465757,0.754749,Talarico,21.717,-27.7859,1.388,9.54734,0.506589,0.566988
18722,-1.45941,-0.268848,0.505677,0.485661,0.474757,0.0395825,3782150,3697230,308254,7787630,0.415594,0.159837,Talarico,14.6429,-27.4433,1.36087,12.297,0.865021,0.122472
18753,-0.521892,1.68187,0.518111,0.494908,0.460309,0.0447827,4899240,4556730,443317,9899290,0.528285,0.878295,Talarico,17.3902,-27.9855,2.08398,10.7239,0.64597,0.303248
18771,2.27775,-0.602445,0.506392,0.485674,0.473413,0.0409127,4063560,3960980,342311,8366850,0.446503,0.740369,Talarico,19.0349,-26.4708,-1.13637,14.8819,0.796693,0.443425
18773,0.177854,0.108504,0.521102,0.498846,0.458445,0.0427086,4531210,4164230,387938,9083370,0.48474,0.714965,Talarico,19.1543,-24.9861,-0.0740854,11.2696,0.621484,0.744436
18789,-0.265571,1.38985,0.498686,0.473903,0.476401,0.0496963,4295640,4318290,450467,9064400,0.483732,0.457653,Paxton,17.2618,-26.3161,-0.603954,13.9651,0.816092,0.871682
18819,-0.463112,-1.31344,0.52924,0.512802,0.456138,0.0310605,4679940,4162810,283465,9126210,0.487028,0.656316,Talarico,16.7924,-29.9519,1.90103,12.9333,0.37133,0.497735
18842,-1.36181,-1.33662,0.483678,0.459939,0.49098,0.0490817,4052410,4325910,432447,8810760,0.470194,0.571898,Paxton,17.767,-27.2523,2.40159,10.4717,0.308577,0.35009
18845,1.99451,-1.73883,0.500372,0.481067,0.480352,0.0385806,4539500,4532750,364058,9436300,0.503575,1.52611,Talarico,17.1489,-28.7445,-1.29726,16.7597,0.631405,0.0472024
18852,-1.49426,2.17474,0.510088,0.492906,0.47341,0.0336838,4886200,4692940,333909,9913040,0.529022,0.130891,Talarico,17.929,-24.8784,0.51967,10.5027,0.446114,0.296307
18856,2.15207,-0.808493,0.491446,0.464932,0.481117,0.0539513,3982240,4120870,462104,8565200,0.457087,0.699725,Paxton,19.6943,-25.3178,-1.3826,14.0669,0.554324,0.491085
18896,2.17034,0.194049,0.523931,0.502884,0.456945,0.0401705,4632700,4209490,370061,9212250,0.491621,0.574513,Talarico,21.3862,-26.8355,-0.561812,12.5159,0.542477,0.686202
18926,1.4837,0.857568,0.517615,0.491766,0.458296,0.0499376,4494940,4189010,456449,9140390,0.487785,0.742515,Talarico,19.2963,-27,-0.486144,13.6374,0.731148,0.833321
18958,1.41666,1.38459,0.498274,0.482431,0.485774,0.0317947,4526540,4557910,298322,9382770,0.50072,0.967064,Paxton,19.7926,-24.8251,-2.0968,13.726,0.610709,0.542177
19013,0.27145,-0.386273,0.516803,0.495326,0.46311600000000003,0.0415585,4624320,4323610,387987,9335920,0.498219,0.591096,Talarico,17.8637,-30.1446,2.79046,10.8235,0.653878,0.878415
19018,-1.12534,1.52903,0.487258,0.466687,0.491096,0.0422167,4204590,4424500,380349,9009430,0.480797,0.517873,Paxton,16.522,-25.997,1.53367,10.5303,0.390413,0.449578
19043,2.3132,1.03096,0.536507,0.504404,0.435759,0.0598374,4494790,3883080,533216,8911090,0.475545,1.03214,Talarico,19.6047,-27.7111,-0.390627,14.3119,0.183623,0.141566
19080,-1.86159,-0.37398,0.496076,0.471379,0.478838,0.0497829,3725020,3783960,393404,7902390,0.421715,-0.0624785,Paxton,14.6215,-25.6464,0.527259,13.1335,0.672615,0.0803141
19083,-2.88424,0.497261,0.511564,0.485814,0.46385,0.0503357,4855720,4636190,503106,9995020,0.53339,-0.0512915,Talarico,11.7442,-26.2115,3.08317,9.89319,0.505442,0.156321
19092,-1.91005,1.8934,0.491965,0.469796,0.485143,0.0450607,4618930,4769810,443026,9831770,0.524681,0.755209,Paxton,16.2542,-24.4113,0.391574,11.3792,0.362414,0.349792
19112,-2.12516,-1.14442,0.52576,0.502161,0.452953,0.0448854,4758450,4292160,425332,9475940,0.505692,0.249562,Talarico,14.6412,-26.9332,0.431065,13.9246,0.320752,0.357516
19130,1.25332,1.02188,0.507876,0.486893,0.471792,0.0413151,4119860,3992080,349589,8461530,0.451556,0.826499,Talarico,18.8738,-25.3666,-1.02062,13.235900000000001,0.835528,0.436628
19145,-0.709019,0.621099,0.496888,0.474298,0.480239,0.0454636,4233330,4286360,405784,8925470,0.476314,0.602892,Paxton,17.0771,-27.5358,0.774578,12.6933,0.639261,0.767029
19172,2.24489,1.7207,0.496861,0.477984,0.484023,0.0379926,5169540,5234850,410901,10815300,0.577169,1.18722,Paxton,24.4714,-25.7809,-0.767882,11.0599,0.293504,0.014043
19226,1.47538,0.176695,0.503586,0.485289,0.478378,0.0363337,4766500,4698620,356869,9821980,0.524159,0.904004,Talarico,20.0047,-27.9598,0.861489,12.2663,0.755456,0.404191
19271,1.81503,-1.50698,0.503865,0.487656,0.480175,0.0321692,4435730,4367690,292612,9096030,0.485418,0.999411,Talarico,18.7956,-28.3821,-0.992936,15.5211,0.798198,0.547036
19282,-1.61898,1.25052,0.518674,0.50265,0.466457,0.0308933,5019520,4658090,308504,9986120,0.532918,0.00320007,Talarico,15.2065,-27.0299,1.95928,10.5164,0.703892,0.157543
19308,-1.43732,0.719083,0.510547,0.486762,0.466652,0.0465856,4545050,4357270,434984,9337310,0.498296,0.165797,Talarico,13.8196,-24.9687,0.78071,12.7138,0.84317,0.626022
19349,-2.06291,-0.0268827,0.496958,0.478589,0.484448,0.0369629,4326130,4379090,334120,9039340,0.48239,0.0161299,Paxton,15.1591,-26.8822,2.81354,10.5977,0.64306,0.292114
19359,1.05797,-1.79503,0.49509,0.467112,0.476377,0.0565119,3613940,3685620,437220,7736780,0.412881,1.14959,Paxton,20.6333,-27.4234,1.64425,9.69195,0.69748,0.0306124
19409,-0.132955,-2.3877,0.52342,0.49654,0.452106,0.0513547,4698490,4278040,485942,9462470,0.504976,0.755193,Talarico,17.5512,-27.6315,0.192375,13.7258,0.356565,0.55271
19416,-0.102919,0.467486,0.515742,0.490363,0.460429,0.0492081,4140010,3887280,415452,8442750,0.450556,0.415065,Talarico,16.9893,-27.2098,1.3933,11.8119,0.743068,0.565636
19478,1.62887,1.83716,0.507745,0.480128,0.46548,0.0543915,4086800,3962120,462975,8511900,0.454244,0.957161,Talarico,21.543,-25.737,0.23093,10.5297,0.561271,0.34916
19479,2.11242,0.22669,0.504991,0.483652,0.474092,0.042256,3741700,3667740,326907,7736350,0.412855,0.862372,Talarico,19.3382,-27.1507,-0.778184,13.9109,0.72865,0.128646
19531,-1.13757,1.04176,0.467864,0.449449,0.51119,0.0393609,4045990,4601790,354331,9002110,0.480404,0.240404,Paxton,15.6719,-25.8218,0.578325,12.2712,0.0643071,0.0622658
19559,1.50049,-1.49288,0.505855,0.489442,0.478111,0.032447,5099830,4981770,338088,10419700,0.556055,1.26888,Talarico,20.161,-28.1911,0.914736,12.016,0.814248,0.0420043
19568,-2.51108,1.51905,0.507981,0.484714,0.469484,0.0458021,3826340,3706120,361563,7894020,0.421273,0.0770875,Talarico,14.628,-26.1451,2.54742,10.0764,0.523232,0.142484
19582,2.83101,0.0769741,0.493023,0.472057,0.485417,0.0425255,4231040,4350780,381155,8962970,0.478317,0.978058,Paxton,22.7129,-26.2383,-2.33021,13.9275,0.387501,0.471967
19598,0.0350505,-0.446334,0.510677,0.493193,0.47257,0.0342369,4851050,4648210,336755,9836020,0.524909,0.56113,Talarico,15.1252,-26.7731,0.882014,12.1802,0.725923,0.579268
19608,0.13149,0.505934,0.517205,0.498235,0.465088,0.0366771,4745400,4429700,349329,9524430,0.508279,0.402696,Talarico,19.9736,-27.9248,1.62452,11.1349,0.728483,0.684593
19657,2.48308,-1.26312,0.505197,0.484634,0.474662,0.0407041,4132880,4047840,347118,8527840,0.455094,1.28948,Talarico,22.5299,-29.1674,0.574694,11.8928,0.595833,0.131313
19708,1.68468,0.296688,0.51764,0.491282,0.457799,0.0509192,4882850,4550060,506086,9939000,0.530405,0.54828,Talarico,18.7676,-28.2873,0.581348,12.9833,0.804578,0.370326
19710,1.03959,-1.95717,0.511759,0.485284,0.462983,0.0517327,3427980,3270450,365433,7063870,0.376969,0.906639,Talarico,19.4958,-27.9941,1.37057,10.8064,0.684726,0.0127029
19742,1.12829,0.413264,0.519304,0.493757,0.457049,0.0491933,4425820,4096790,440947,8963560,0.478349,0.930335,Talarico,17.8753,-28.369,0.444066,13.456,0.721075,0.562899
19780,-0.227035,-1.66537,0.521888,0.49979,0.457867,0.0423435,4284480,3925100,362993,8572570,0.457482,0.238445,Talarico,18.7591,-27.8297,0.998107,11.5123,0.535045,0.389623
19791,-1.55787,2.00158,0.501267,0.486127,0.48367,0.0302037,4259720,4238190,264662,8762570,0.467622,0.270886,Talarico,18.6706,-24.3748,0.245654,10.9696,0.481126,0.680807
19817,-0.490396,-1.67582,0.51444,0.494717,0.466945,0.0383371,4587290,4329770,355483,9272550,0.494837,0.475722,Talarico,17.7729,-26.4352,0.367664,12.8938,0.714996,0.886326
19867,0.192581,-1.97398,0.522283,0.498176,0.455668,0.0461557,4628380,4233450,428817,9290660,0.495803,0.442689,Talarico,17.7622,-28.9508,1.41195,13.2834,0.530904,0.650096
19886,0.472532,-0.460384,0.517018,0.489279,0.45707,0.0536517,4445100,4152480,487426,9085010,0.484829,0.859876,Talarico,18.1698,-28.3215,-0.228039,14.9258,0.654682,0.746927
19917,-0.932638,-2.27129,0.500109,0.482238,0.482028,0.0357337,4547570,4545590,336973,9430130,0.503246,0.435825,Talarico,14.3501,-25.4466,2.48411,9.3273,0.414047,0.824572
19927,-3.02779,0.648792,0.533297,0.509295,0.445698,0.0450072,4332300,3791310,382852,8506460,0.453957,-0.0075674,Talarico,11.5878,-26.5325,3.31779,10.5597,0.148548,0.0933435
19932,1.23013,0.302936,0.532689,0.505655,0.443595,0.0507498,4901400,4299840,491926,9693160,0.517285,1.01502,Talarico,17.0543,-27.7461,1.12909,12.1698,0.301349,0.118713
19963,2.55878,-1.46066,0.488082,0.468329,0.491199,0.0404716,4548460,4770580,393065,9712110,0.518295,0.762674,Paxton,22.4316,-29.0484,-1.21169,14.5731,0.310539,0.296599
19964,1.72151,-1.48965,0.529254,0.501024,0.445637,0.0533382,4857270,4320310,517097,9694680,0.517363,0.866868,Talarico,17.2878,-29.1828,0.956267,13.3145,0.332286,0.22619
19974,0.82889,2.11576,0.482065,0.455571,0.489469,0.0549601,4698800,5048430,566864,10314100,0.55042,0.517209,Paxton,19.089,-26.2154,-0.862921,14.4776,0.162101,0.0966728
20032,0.380767,0.389445,0.50395,0.47632,0.468853,0.0548269,4295780,4228440,494467,9018690,0.481291,0.470075,Talarico,17.3767,-24.5383,-1.26364,12.6174,0.834968,0.918542
20049,2.96372,-0.3754,0.508362,0.490379,0.474247,0.0353731,4514320,4365810,325636,9205760,0.491271,1.45831,Talarico,23.5727,-29.3719,-0.654426,13.0976,0.550301,0.114827
20056,-1.21227,0.945183,0.48682,0.46146,0.486447,0.0520925,4632680,4883530,522966,10039200,0.535749,0.638101,Paxton,16.2695,-26.3435,0.369813,12.7246,0.351726,0.194395
20079,0.513501,-2.59837,0.512282,0.490632,0.467107,0.0422613,4713300,4487300,405987,9606600,0.512664,0.668767,Talarico,19.0141,-29.813,3.10891,9.06184,0.432111,0.761403
20097,0.449938,-1.80867,0.502392,0.486102,0.481473,0.0324245,4659080,4614710,310774,9584560,0.51149,0.609485,Talarico,17.6596,-26.7649,0.352694,12.2745,0.766063,0.820794
20103,0.86756,-1.38962,0.502608,0.480051,0.47507,0.0448789,4534040,4486990,423877,9444910,0.504037,0.808103,Talarico,18.8366,-27.6092,2.75065,8.95878,0.829682,0.784626
20106,-2.64002,-0.531876,0.491186,0.470795,0.487691,0.0415146,4394760,4552470,387529,9334760,0.498156,0.275236,Paxton,14.7574,-26.7841,2.258,10.6413,0.37121,0.478748
20108,2.28189,1.43752,0.498251,0.4781,0.481457,0.040443,3806730,3833460,322015,7962200,0.42491,0.658358,Paxton,20.2831,-26.4166,-1.37617,13.4981,0.370829,0.169129
20164,1.1722,0.992517,0.50177,0.481281,0.477884,0.040835,4831040,4796950,409897,10037900,0.53568,1.15137,Talarico,20.3074,-26.8959,1.87003,9.24028,0.834341,0.128981
20168,-2.22328,0.292469,0.50499,0.483506,0.47395,0.0425447,4348550,4262600,382638,8993790,0.479959,-0.333467,Talarico,17.3065,-25.6443,0.6818,11.9242,0.753587,0.0880187
20177,3.04246,0.294689,0.519657,0.498067,0.460385,0.0415478,4837520,4471540,403537,9712600,0.518322,1.56053,Talarico,24.2725,-28.5906,-0.190283,11.759,0.3047,0.0392731
20228,1.53492,-0.553192,0.491988,0.469205,0.48448600000000003,0.0463089,4767930,4923220,470578,10161700,0.542291,0.305576,Paxton,20.4161,-28.3144,1.67012,11.216,0.546306,0.170315
20233,0.372166,-1.87688,0.500788,0.474651,0.473157,0.0521921,4386920,4373120,482382,9242430,0.493229,0.398958,Talarico,16.7016,-28.4294,1.67393,12.2538,0.745885,0.88631
20236,-1.54554,0.151892,0.534467,0.51068499999999994,0.444818,0.0444965,4647530,4048100,404944,9100580,0.485659,0.300791,Talarico,14.8603,-28.3448,2.48292,11.6466,0.263246,0.282009
20247,-2.77837,0.955412,0.500184,0.482558,0.482202,0.0352396,4313330,4310150,314988,8938470,0.47701,-0.205457,Talarico,13.4006,-24.4433,0.618459,12.4248,0.52891,0.14411
20251,-2.42743,-0.0771436,0.537543,0.521132,0.448339,0.0305294,4592550,3951040,269044,8812630,0.470294,-0.219302,Talarico,14.851,-25.3406,0.789448,11.9998,0.165291,0.0383519
20253,1.47337,-0.14681,0.512669,0.490148,0.465923,0.0439293,4313350,4100160,386582,8800090,0.469624,1.02362,Talarico,18.2215,-27.8026,0.927228,12.651,0.80292,0.415171
20288,2.11755,0.692368,0.506803,0.491827,0.478622,0.029551,4487460,4366990,269625,9124070,0.486914,0.929412,Talarico,19.297,-27.1788,-0.256605,13.1732,0.697172,0.693863
20305,-0.380595,1.16253,0.499864,0.479633,0.479895,0.0404719,4251410,4253720,358738,8863870,0.473027,0.848079,Paxton,20.289,-25.6217,-1.09315,12.5785,0.85555,0.755426
20336,1.25262,-1.14011,0.495188,0.469219,0.478338,0.0524428,4265410,4348310,476728,9090440,0.485121,0.67312,Paxton,18.1554,-26.6047,1.90053,10.1876,0.736183,0.767407
20353,0.385263,-1.2824,0.525991,0.497722,0.448534,0.0537434,4870820,4389460,525945,9786220,0.522251,0.550735,Talarico,17.3641,-26.2133,-0.59352,14.6447,0.467757,0.381818
20360,-1.81658,1.29098,0.513808,0.491556,0.465136,0.0433082,4622940,4374470,407301,9404710,0.501891,0.0956856,Talarico,11.5167,-26.5838,2.05226,11.9441,0.780285,0.462796
20382,-0.79282,2.02329,0.520368,0.493007,0.454413,0.0525808,4341370,4001510,463021,8805900,0.469935,0.513623,Talarico,15.6559,-25.9708,0.352641,12.6344,0.574596,0.697063
20397,-1.36903,-0.959557,0.482979,0.460548,0.493009,0.0464433,4249960,4549510,428581,9228050,0.492464,0.648098,Paxton,15.3248,-27.1555,2.11827,11.6584,0.327647,0.341762
20403,-2.0642,0.363137,0.496156,0.469955,0.477237,0.0528076,3826170,3885460,429937,8141570,0.434481,0.291578,Paxton,12.701,-27.1537,3.06519,10.8418,0.62087,0.239894
20407,0.894998,0.475165,0.523503,0.508819,0.463131,0.0280504,4551880,4143150,250938,8945960,0.47740899999999997,0.710446,Talarico,18.3634,-28.7219,1.71401,11.3679,0.619092,0.657186
20421,2.19778,0.318626,0.487633,0.463776,0.4873,0.0489238,3988820,4191150,420782,8600760,0.458985,1.02556,Paxton,20.3534,-26.1225,-0.481024,11.7442,0.315746,0.237925
20431,2.44277,0.415317,0.512589,0.492036,0.467868,0.0400959,4465580,4246240,363899,9075720,0.484333,1.17663,Talarico,21.9569,-27.3692,-0.711738,13.6183,0.721822,0.36209
20447,1.00809,1.326,0.515859,0.49902,0.468337,0.0326431,4642080,4356660,303659,9302410,0.496431,1.03007,Talarico,18.1075,-26.6669,0.576927,12.4022,0.658024,0.53404
20453,-0.970463,0.47694,0.52679,0.495549,0.445147,0.0593038,4292360,3855790,513679,8661820,0.462247,0.476358,Talarico,17.8352,-26.3822,0.679979,12.116,0.493101,0.48366
20476,-2.85324,-0.103091,0.498809,0.474507,0.476773,0.0487202,4345530,4366290,446179,9157990,0.488722,0.223345,Paxton,12.8076,-26.0969,2.48755,11.4984,0.429985,0.600483
20479,-2.69852,-0.0728728,0.493904,0.46961,0.481202,0.0491877,3568350,3656430,373754,7598530,0.4055,-0.223423,Paxton,12.8342,-25.6869,2.24072,10.9536,0.394081,0.0180345
20538,-3.04019,0.314213,0.520135,0.493775,0.455546,0.0506797,4520530,4170540,463975,9155050,0.488566,-0.474772,Talarico,9.95092,-26.7563,2.61433,12.8687,0.30169,0.0413964
20576,-2.48471,1.40746,0.487924,0.466096,0.489168,0.0447366,4161170,4367150,399396,8927720,0.476434,0.0861295,Paxton,12.6788,-22.2192,0.751154,11.0886,0.298295,0.238717
20612,0.324108,-2.52769,0.498103,0.484611,0.488302,0.0270865,4304620,4337400,240599,8882620,0.474033,0.725755,Paxton,18.5031,-27.7538,2.15305,10.2135,0.395203,0.792938
20646,2.66872,0.591447,0.487725,0.470739,0.494435,0.0348255,3997180,4198380,295713,8491270,0.453147,0.957162,Paxton,21.5292,-27.1426,-0.935649,12.6461,0.188536,0.25084
20662,-0.38094,2.23899,0.479304,0.459874,0.499587,0.0405384,4302060,4673570,379231,9354860,0.499229,0.439579,Paxton,19.1924,-24.909300000000002,1.02882,9.31114,0.109339,0.222077
20666,1.61408,1.93276,0.531312,0.508164,0.448268,0.0435678,4373400,3857920,374957,8606280,0.459281,1.11022,Talarico,22.5794,-24.9362,-1.87405,13.6659,0.209888,0.154434
20677,-2.53071,1.1678,0.502009,0.48028,0.476436,0.0432838,4650680,4613460,419129,9683270,0.516756,0.549011,Talarico,14.918,-25.5563,0.864225,12.349,0.649168,0.735732
20701,-0.123982,1.1776,0.490931,0.469175,0.48651,0.0443148,3829840,3971350,361739,8162930,0.435624,0.385369,Paxton,18.487,-26.1921,0.986534,11.3976,0.456,0.210828
20703,0.0850461,0.320033,0.535969,0.503815,0.436193,0.0599914,4500130,3896120,535849,8932100,0.476668,0.436184,Talarico,18.3938,-26.8414,-0.626802,13.3211,0.224805,0.257776
20712,2.42629,1.07554,0.514683,0.497398,0.469019,0.0335827,4739830,4469390,320018,9529240,0.508538,1.08933,Talarico,20.6914,-28.7143,0.380114,13.695,0.53014,0.386033
20716,2.31149,-0.0197561,0.51437600000000006,0.494531,0.466889,0.0385794,4288080,4048390,334522,8670990,0.462737,0.70056,Talarico,20.4748,-26.9846,-1.10891,14.3884,0.769368,0.700169
20724,-1.60274,1.09813,0.466475,0.44103,0.504422,0.0545478,4156440,4753880,514080,9424400,0.502942,0.136121,Paxton,14.4343,-25.1609,1.47454,11.3892,0.0750046,0.032394
20738,-1.75123,0.613962,0.51253,0.496409,0.472137,0.0314543,5433890,5168190,344311,10946400,0.584165,0.58992,Talarico,16.3744,-25.6713,1.32561,10.2987,0.811131,0.0229221
20750,2.67882,-0.450028,0.524244,0.497894,0.451843,0.0502626,3901590,3540730,393867,7836190,0.418184,0.895931,Talarico,19.9408,-26.2743,-1.1953,14.0282,0.418616,0.0844689
20812,1.79687,2.02285,0.511804,0.490809,0.468168,0.0410229,4270700,4073700,356955,8701360,0.464354,1.32018,Talarico,23.2098,-25.1489,-0.245535,9.89597,0.402195,0.130002
20876,0.245706,1.71262,0.519189,0.501203,0.464154,0.0346426,4222840,3910680,291878,8425400,0.449629,0.77887,Talarico,19.8776,-24.153,-1.55285,12.5357,0.596475,0.412319
20886,-0.8715,-0.714741,0.502067,0.470723,0.466847,0.0624294,4052420,4019060,537451,8608930,0.459423,0.637267,Talarico,16.0576,-28.4175,0.116387,14.8611,0.706292,0.724453
20905,0.578959,1.3789,0.500166,0.482462,0.482141,0.0353962,4753850,4750680,348769,9853300,0.525826,0.696494,Talarico,20.3103,-24.6939,-1.61128,13.0146,0.874011,0.532879
20908,-0.728378,-0.539809,0.511754,0.493381,0.470717,0.0359016,4258860,4063220,309902,8631970,0.460653,0.802187,Talarico,17.3644,-28.7192,1.22795,12.1986,0.813349,0.583003
20909,-0.00460354,0.976752,0.512895,0.488291,0.463738,0.047971,4564560,4335040,448435,9348040,0.498868,0.701216,Talarico,19.4544,-25.8224,0.897497,10.9004,0.881758,0.923243
20998,2.86193,0.0111979,0.510284,0.480535,0.461166,0.0582996,4536100,4353260,550331,9439700,0.503755,0.941276,Talarico,22.7495,-27.1279,-1.26277,12.681,0.577655,0.616595
21080,-1.29707,-1.81697,0.532326,0.503857,0.442663,0.0534803,4492530,3946910,476846,8916290,0.475827,0.0450223,Talarico,15.7096,-29.9507,3.17665,11.028,0.22493,0.205137
21110,1.9397200000000001,-1.21173,0.514336,0.484156,0.457167,0.0586763,4506400,4255200,546144,9307750,0.496717,1.16177,Talarico,19.8877,-26.3722,0.218696,11.7847,0.675798,0.393977
21126,0.524143,0.534079,0.500825,0.473922,0.472361,0.0537171,4163630,4149910,471930,8785470,0.468844,0.822262,Talarico,18.4036,-27.0745,0.0904992,12.9149,0.800548,0.741957
21201,1.29922,1.4257,0.500238,0.474377,0.473926,0.0516963,4382100,4377930,477548,9237570,0.49297,0.566547,Talarico,21.2138,-27.166,-1.57645,14.1647,0.696896,0.930909
21216,-0.864314,1.18534,0.529686,0.507342,0.450474,0.0421842,5028060,4464470,418071,9910600,0.528888,0.518366,Talarico,15.2545,-26.7139,1.9402,11.5308,0.369373,0.235792
21222,-0.506853,-1.73865,0.511688,0.487903,0.465613,0.0464842,4531200,4324190,431703,9287090,0.495613,0.929504,Talarico,17.4428,-28.3745,1.32355,12.8594,0.759747,0.694056
21244,0.776431,-0.414241,0.519105,0.496189,0.459665,0.0441457,4430230,4104130,394156,8928520,0.476479,0.951672,Talarico,17.1605,-27.5049,0.897474,12.3222,0.615889,0.518824
21304,0.98905,-0.362272,0.496916,0.47816,0.484095,0.0377451,4720210,4778800,372605,9871610,0.526807,1.17442,Paxton,17.0139,-26.8361,0.757802,12.8612,0.695383,0.146715
21322,-0.335196,1.0795,0.508547,0.479649,0.463527,0.056824,4625520,4470050,547986,9643560,0.514639,0.594583,Talarico,18.9494,-25.7581,-0.760256,13.6765,0.980919,0.81851
21334,0.18422,1.40452,0.492824,0.464082,0.477597,0.0583205,4383660,4511320,550888,9445870,0.504086,1.13812,Paxton,19.659300000000002,-24.233,-0.419782,12.0973,0.548852,0.244158
21335,1.63734,0.950211,0.505955,0.481894,0.47055,0.0475563,4127230,4030070,407301,8564600,0.457058,0.620283,Talarico,20.3508,-27.584,-0.760235,14.0546,0.787574,0.722785
21371,-0.736428,-0.639593,0.484014,0.465032,0.49575,0.0392185,3904830,4162770,329314,8396910,0.448108,0.606215,Paxton,17.1566,-24.425,-0.188878,12.5062,0.371917,0.236332
21392,-0.364788,0.306966,0.532328,0.512645,0.45038,0.0369754,4377500,3845820,315735,8539060,0.455695,0.380041,Talarico,18.7899,-26.1473,-0.670757,13.8962,0.36779,0.255624
21397,2.3539,1.50851,0.529307,0.503199,0.447476,0.0493252,4584320,4076660,449370,9110350,0.48618,1.26599,Talarico,22.1406,-26.5121,-2.15593,14.4095,0.194207,0.098614
21429,2.6327,-1.0287,0.479044,0.453983,0.493702,0.0523149,3622010,3938890,417383,7978280,0.425767,0.854256,Paxton,22.0404,-27.0891,-0.820157,13.251,0.213099,0.0528381
21492,2.69986,0.231268,0.514273,0.491508,0.464225,0.0442673,4676170,4416600,421156,9513930,0.50772,1.01889,Talarico,23.0623,-25.5277,-1.3894,11.5781,0.597672,0.47102
21506,-0.966401,-2.31401,0.483313,0.459856,0.491609,0.0485349,4050900,4330620,427547,8809070,0.470103,0.65424,Paxton,13.9406,-27.6948,1.84854,12.7338,0.185943,0.356012
21529,-1.12767,-2.19726,0.520707,0.496201,0.456737,0.0470622,4236990,3900010,401857,8538850,0.455681,0.184075,Talarico,13.5376,-28.1406,0.699993,13.4429,0.264701,0.325126
21551,-2.93831,0.991271,0.522975,0.499628,0.455728,0.0446441,4967050,4530620,443830,9941500,0.530536,0.0631293,Talarico,11.129,-23.5215,1.63573,10.438,0.249593,0.1734
21558,-1.5763,0.172869,0.512034,0.491656,0.468547,0.0397964,4672280,4452670,378191,9503140,0.507143,0.436171,Talarico,14.034,-28.3368,2.03254,12.365,0.826803,0.859241
21578,2.0056,0.854862,0.510804,0.491419,0.470632,0.0379486,4547660,4355300,351182,9254140,0.493856,0.907587,Talarico,20.1459,-27.7252,-0.166757,12.3233,0.774432,0.741684
21592,1.86249,-0.217618,0.49303,0.469875,0.48316,0.0469652,4237170,4356960,423516,9017650,0.481237,0.645454,Paxton,18.1124,-25.9431,-1.46713,14.4298,0.557843,0.681849
21728,-1.88091,-0.399059,0.517261,0.49388,0.460918,0.0452016,4673050,4361170,427694,9461920,0.504945,0.281795,Talarico,13.6841,-28.3559,2.7831,11.4679,0.760355,0.603092
21748,-1.89432,2.04062,0.513716,0.494478,0.468074,0.0374478,4345340,4113310,329081,8787730,0.468965,0.277958,Talarico,14.5529,-25.2037,1.49828,11.2583,0.468879,0.666563
21752,-0.848378,-1.3753,0.490577,0.467003,0.484944,0.0480531,4224780,4387080,434716,9046580,0.482781,0.147057,Paxton,17.4474,-26.1039,0.773329,11.9288,0.441247,0.367505
21762,2.54697,-1.27527,0.504753,0.487281,0.478104,0.0346147,4687010,4598740,332948,9618690,0.513308,0.704783,Talarico,20.0918,-29.1348,-0.0864606,14.3965,0.554186,0.766917
21763,0.910126,-2.59808,0.522353,0.497749,0.455149,0.0471028,4538890,4150430,429523,9118840,0.486636,0.595335,Talarico,18.4685,-31.3021,1.34894,14.014,0.227901,0.745923
21807,-0.941115,2.09483,0.508313,0.484625,0.468774,0.0466008,4556180,4407170,438116,9401470,0.501718,0.237607,Talarico,16.6779,-25.447,1.05601,11.7176,0.598699,0.703374
21815,-1.8193,0.90986,0.513581,0.485105,0.459449,0.0554456,4580330,4338090,523514,9441940,0.503878,0.458194,Talarico,14.5375,-26.4003,1.2287,12.2023,0.81126,0.858673
21870,-1.82531,0.498746,0.489794,0.474197,0.49396,0.0318428,4187420,4361940,281190,8830550,0.471249,-0.0970409,Paxton,13.7676,-25.165,-0.8915,15.2301,0.446294,0.11749
21871,-2.40275,-1.49069,0.50964,0.483277,0.464995,0.0517273,4303600,4140800,460633,8905030,0.475224,-0.24854,Talarico,11.492,-26.6642,3.23919,9.82658,0.452369,0.123958
21926,1.87799,-0.950573,0.476428,0.453121,0.497959,0.0489199,3611420,3968780,389896,7970090,0.425331,0.985156,Paxton,19.4466,-26.6752,-0.372769,12.9731,0.208709,0.0370248
21928,0.789594,0.468761,0.518924,0.499735,0.463285,0.0369802,4654010,4314560,344395,9312960,0.496989,0.795586,Talarico,20.567,-27.5004,1.09061,11.0806,0.711332,0.723609
21937,-2.57059,1.0828,0.506604,0.485462,0.472804,0.0417336,4430590,4315060,380883,9126530,0.487047,0.359065,Talarico,16.1817,-25.2202,0.375337,11.8978,0.692932,0.889795
21962,0.404554,-0.0328897,0.504032,0.479401,0.471731,0.0488676,4147200,4080850,422743,8650790,0.461659,0.87447,Talarico,18.5056,-27.0109,0.113554,12.8042,0.803921,0.573008
21967,0.574423,-2.50845,0.504298,0.477094,0.468963,0.0539431,4553890,4476270,514889,9545040,0.509379,0.461756,Talarico,17.6064,-28.2804,1.19713,11.9725,0.395246,0.851586
21972,-0.94676,-0.94273,0.484672,0.466963,0.4965,0.0365373,4299630,4571600,336423,9207650,0.491375,0.673485,Paxton,17.2015,-24.9621,-0.261794,13.2903,0.379827,0.38831
21975,-1.56703,-1.59041,0.529217,0.502432,0.446954,0.0506141,4412140,3924970,444472,8781580,0.468637,-0.0741695,Talarico,16.692,-26.1595,-0.719472,14.4529,0.261677,0.120459
21992,-2.14434,-1.13967,0.507704,0.487667,0.472868,0.0394657,4384110,4251060,354795,8989970,0.479759,0.311747,Talarico,14.7483,-26.7534,2.71699,10.8928,0.671598,0.810869
21996,1.62929,-0.913446,0.48826,0.464753,0.487102,0.0481441,4170020,4370550,431975,8972540,0.478827,0.846845,Paxton,19.2939,-26.9364,-0.288156,13.0107,0.459164,0.43286
22005,1.93959,0.816087,0.499074,0.479051,0.480828,0.0401219,4023890,4038820,337013,8399730,0.448259,0.449889,Paxton,19.9479,-27.8547,-0.5246,13.491,0.613786,0.575443
22010,-2.48515,1.36082,0.504509,0.484948,0.47628,0.038772,4234790,4159100,338575,8732460,0.466015,0.147108,Talarico,14.1757,-24.7887,2.04566,9.19205,0.608776,0.492071
22044,-0.171761,2.19413,0.521501,0.49823,0.457147,0.0446231,3831340,3515420,343148,7689910,0.410379,0.636409,Talarico,17.2067,-24.6549,0.85039,9.42273,0.491624,0.0676348
22060,-1.73988,1.34318,0.531457,0.510508,0.450073,0.0394195,4792210,4224900,370036,9387140,0.500953,0.383863,Talarico,12.1226,-26.8911,0.580844,15.3358,0.405544,0.332903
22086,-0.143305,-1.86428,0.499286,0.469841,0.471185,0.0589735,4661450,4674790,585096,9921340,0.52946,0.588159,Paxton,16.1329,-25.6152,1.08092,10.6661,0.678453,0.498964
22088,-0.433423,1.3633,0.508121,0.490722,0.475035,0.0342426,4458800,4316270,311135,9086200,0.484893,0.50666,Talarico,19.362,-26.0341,1.19204,9.92757,0.934799,0.939762
22091,1.0629,2.38055,0.518992,0.498374,0.461899,0.0397264,4111100,3810220,327704,8249020,0.440217,0.677716,Talarico,19.6638,-24.598,-1.36687,12.5721,0.332663,0.341785
22137,-0.135872,0.143918,0.516343,0.49414,0.462861,0.0429987,4223420,3956070,367510,8547000,0.456116,0.280168,Talarico,18.7413,-28.0358,1.82898,9.83347,0.692522,0.50761
22158,1.86519,-2.23795,0.516657,0.496258,0.464259,0.0394829,4689730,4387330,373121,9450180,0.504319,0.926492,Talarico,17.3716,-30.7482,1.28496,13.4702,0.199712,0.585812
22159,0.202011,-1.15499,0.525095,0.507226,0.458744,0.03403,4435850,4011860,297603,8745310,0.466701,0.807206,Talarico,17.2797,-27.4065,2.6704,9.68758,0.465717,0.472326
22171,-0.373743,-2.49586,0.523816,0.503375,0.457603,0.0390221,4259860,3872500,330228,8462590,0.451611,0.372659,Talarico,15.851,-26.3313,1.26858,10.8064,0.263212,0.410442
22177,-1.76971,0.154748,0.505939,0.48922,0.477734,0.0330452,4364380,4261910,294799,8921090,0.476081,0.143566,Talarico,14.2344,-27.3177,1.39067,13.2377,0.821236,0.5602
22190,-2.20834,0.61782,0.49249,0.475011,0.489498,0.0354907,4388390,4522220,327881,9238500,0.49302,-0.19742,Paxton,15.867,-26.6251,3.03864,9.3519,0.525445,0.0966309
22197,-0.657271,2.19039,0.511933,0.490778,0.467898,0.0413243,4535640,4324200,381909,9241750,0.493197,0.437904,Talarico,14.3027,-23.4646,-0.383285,12.038,0.594486,0.899681
22199,-2.61408,0.694399,0.508791,0.482848,0.466162,0.05099,4920330,4750300,519600,10190200,0.543811,0.152017,Talarico,15.3797,-26.2778,2.22313,10.2494,0.675795,0.161778
22202,2.1053,-0.958257,0.496102,0.46617,0.473496,0.0603337,4437170,4506900,574277,9518350,0.507958,0.607212,Paxton,20.0254,-27.7382,0.765097,10.7943,0.667446,0.652136
22213,-1.71923,0.122976,0.548369,0.526659,0.433751,0.0395905,4215150,3471550,316865,8003570,0.427117,-0.0386765,Talarico,12.3646,-26.2321,1.95585,11.673,0.0456126,0.014957
22217,0.281188,0.353916,0.531001,0.498533,0.440322,0.0611452,4459570,3938850,546967,8945380,0.477378,0.720875,Talarico,18.0415,-26.4001,0.173938,12.7202,0.409592,0.400579
22231,-0.594099,-0.199991,0.495329,0.478208,0.487226,0.0345666,4600140,4686890,332515,9619550,0.513355,0.365299,Paxton,15.2692,-26.6492,0.123695,13.7108,0.630262,0.568109
22245,-0.68875,0.727181,0.510944,0.492379,0.471285,0.036336,4562130,4366690,336671,9265490,0.494461,-0.0679132,Talarico,15.8423,-26.1011,0.328772,12.8649,0.841934,0.316514
22249,0.938331,-2.03478,0.522312,0.503218,0.460225,0.0365576,4631780,4236050,336488,9204320,0.491195,0.407711,Talarico,17.2898,-30.7772,2.75172,12.0086,0.447981,0.625041
22250,0.105775,0.58977,0.514157,0.48469,0.457998,0.0573118,4542140,4292010,537083,9371240,0.500103,0.854373,Talarico,16.4767,-26.7401,0.264313,12.8037,0.80308,0.740608
22272,-2.76153,0.428638,0.521466,0.502446,0.46108,0.036474,4351810,3993540,315911,8661260,0.462214,-0.218839,Talarico,14.8458,-24.8999,1.61033,10.1173,0.382699,0.0676386
22278,0.289468,0.223222,0.527108,0.509574,0.457161,0.0332656,3966410,3558430,258932,7783770,0.415387,0.538021,Talarico,16.7771,-28.127,0.631239,12.546,0.51471,0.0682962
22385,0.575436,2.38588,0.501332,0.487442,0.484852,0.0277063,4620010,4595460,262602,9478080,0.505805,0.946074,Talarico,20.8328,-24.5931,-0.883437,11.9403,0.39822,0.565711
22389,-1.41553,-0.993591,0.50861,0.485731,0.469285,0.0449847,4321270,4174960,400204,8896440,0.474764,0.384705,Talarico,15.9059,-27.886,1.0069,12.8778,0.811308,0.837262
22400,-2.25422,-0.720409,0.505874,0.484842,0.473583,0.0415749,4747990,4637730,407137,9792860,0.522606,-0.105635,Talarico,14.307,-25.6824,1.67774,11.669,0.685109,0.190391
22411,2.93002,-0.0984848,0.490441,0.468728,0.486999,0.0442732,3677230,3820560,347329,7845120,0.418663,1.3563,Paxton,22.7083,-24.9908,-1.72593,12.1779,0.347973,0.018017
22434,0.647379,-0.583143,0.47884,0.46214,0.502984,0.0348757,3654360,3977330,275779,7907470,0.421992,0.415972,Paxton,19.2983,-26.5729,0.0128483,11.8246,0.267847,0.0393551
22440,0.928484,0.800274,0.505873,0.49004,0.478661,0.0312985,4372070,4270550,279241,8921860,0.476123,0.896317,Talarico,19.7335,-26.6086,-0.234696,12.5396,0.864485,0.711423
22443,-1.3031,1.60121,0.488697,0.472896,0.494771,0.0323324,4362280,4564070,298253,9224600,0.492278,0.224876,Paxton,16.9051,-25.7117,-0.129257,12.4736,0.424966,0.389977
22452,0.72249,1.92056,0.490459,0.469637,0.487909,0.0424542,4408000,4579500,398474,9385970,0.50089,0.417725,Paxton,18.2165,-25.0915,-0.251876,12.9181,0.352527,0.530398
22469,-0.704264,0.0671319,0.524452,0.501289,0.454545,0.044166,4957340,4495090,436766,9889200,0.527747,0.14274,Talarico,15.788,-28.1966,2.11063,11.6183,0.50657,0.217094
22491,-1.78889,-1.51022,0.521064,0.493422,0.453529,0.0530485,4577710,4207600,492156,9277470,0.495099,0.186773,Talarico,16.3089,-27.6159,3.51396,8.56576,0.396133,0.446501
22505,-2.78081,0.3313,0.476424,0.455989,0.501118,0.0428936,3945600,4336100,371152,8652850,0.461765,-0.238957,Paxton,13.0798,-25.7716,1.04846,12.2437,0.0652138,0.0181677
22524,2.41982,0.620158,0.515041,0.48657,0.458152,0.0552779,4604760,4335810,523134,9463710,0.505041,1.24958,Talarico,20.178,-26.5489,-0.118304,12.3934,0.677413,0.24869
22548,1.10348,-0.193185,0.485495,0.460055,0.487545,0.0524004,4285750,4541840,488148,9315740,0.497143,0.377273,Paxton,20.1467,-28.784300000000002,-0.684762,14.021,0.414672,0.393889
22609,0.0305481,0.280239,0.526517,0.498507,0.448294,0.0531986,4776230,4295140,509699,9581060,0.511301,0.452445,Talarico,16.2509,-26.9178,-0.615972,15.6611,0.530205,0.443508
22621,-0.259274,-0.799877,0.52125,0.503527,0.462471,0.0340019,4592840,4218360,310143,9121340,0.486767,0.50153,Talarico,15.2395,-28.2525,1.81148,12.446,0.500823,0.740817
22628,1.61042,-2.08833,0.535085,0.50791,0.441303,0.0507862,5225540,4540270,522504,10288300,0.549043,0.66201,Talarico,17.4094,-28.1406,-0.392398,14.532,0.15509,0.055617
22639,-1.10612,0.696081,0.483743,0.467642,0.499073,0.0332852,4183140,4464290,297742,8945170,0.477364,-0.0378282,Paxton,14.2822,-26.2427,1.87163,11.2735,0.283692,0.106205
22699,-2.3241,1.96864,0.486182,0.465455,0.491913,0.0426321,4495360,4750890,411740,9657990,0.515405,-0.156417,Paxton,13.0072,-23.1844,1.45844,9.85995,0.158202,0.0543889
22705,-0.302168,1.72337,0.512438,0.486413,0.4628,0.0507866,4212720,4008210,439852,8660780,0.46219,0.399255,Talarico,19.8421,-25.3975,-0.0743965,12.2954,0.746881,0.737012
22795,0.488639,-0.572766,0.523927,0.507091,0.460774,0.0321344,4518380,4105680,286330,8910380,0.475508,0.679436,Talarico,17.5684,-27.4655,1.68425,11.7143,0.466142,0.647931
22837,-2.43471,0.352993,0.510104,0.478437,0.459485,0.0620779,4656740,4472270,604218,9733230,0.519423,0.389064,Talarico,14.0567,-25.7878,1.50348,11.0392,0.740773,0.677454
22851,2.36606,-0.944557,0.515227,0.49231,0.463211,0.044479200000000003,3864070,3635680,349111,7848860,0.418859,1.12068,Talarico,21.2173,-27.9753,0.564883,12.0512,0.625067,0.0803188
22871,-2.51296,-0.741572,0.495868,0.468584,0.476393,0.0550238,4348400,4420860,510614,9279870,0.495227,0.375633,Paxton,12.22,-26.1957,1.49582,12.9399,0.499394,0.714803
22946,0.379879,2.51715,0.496784,0.473753,0.479887,0.0463599,4636820,4696850,453744,9787420,0.522314,0.997059,Paxton,18.1047,-23.7219,-0.573038,12.1277,0.261683,0.285904
22977,0.369321,2.43828,0.50388,0.481851,0.47443,0.0437194,4837080,4762580,438879,10038500,0.535715,1.2379,Talarico,21.2964,-24.0677,-1.4308,12.1642,0.42834,0.104076
22993,-2.56903,-0.174113,0.473845,0.458059,0.508626,0.0333152,4562420,5066080,331830,9960330,0.531545,-0.0147465,Paxton,15.28,-23.8101,-0.499772,12.6737,0.0816495,0.0358821
22997,1.04507,-2.19231,0.48677,0.460228,0.485246,0.0545266,4411930,4651760,522714,9586400,0.511585,1.00619,Paxton,20.3714,-25.9015,-0.829951,12.703,0.375012,0.199342
23038,-2.37499,1.0021,0.492023,0.47231,0.487626,0.0400642,4295950,4435260,364408,9095610,0.485395,-0.0178977,Paxton,14.0859,-26.0257,0.813437,13.0841,0.501388,0.192735
23046,2.09544,-0.704684,0.516563,0.49167,0.46014,0.0481895,3832520,3586750,375633,7794910,0.415982,0.734449,Talarico,19.1379,-27.3344,0.608379,12.1815,0.679893,0.14971
23082,-0.991104,0.564155,0.496834,0.479111,0.485217,0.0356724,4329770,4384950,322375,9037100,0.48227,0.359936,Paxton,15.3483,-26.1124,1.52501,11.2386,0.63198,0.775131
23086,0.277864,1.01939,0.477147,0.45941,0.503417,0.0371726,4116590,4510920,333089,8960610,0.478187,0.687143,Paxton,18.8351,-24.5516,0.130878,10.7809,0.187545,0.226429
23087,-0.805973,-2.48856,0.482447,0.463491,0.497217,0.0392925,3966480,4255100,336259,8557850,0.456698,0.239355,Paxton,15.574,-26.683,1.84738,11.0458,0.142735,0.216927
23089,-0.0482781,1.75228,0.487059,0.469388,0.49433,0.0362819,4532860,4773720,350373,9656950,0.51535,0.709563,Paxton,18.6381,-24.9855,0.85533,10.2261,0.347676,0.30918
23092,0.288543,0.0650207,0.499978,0.480765,0.480807,0.038428,4004300,4004650,320068,8329020,0.444484,0.465844,Paxton,18.1279,-26.3843,-0.379742,13.156,0.750274,0.528791
23097,2.26915,1.21108,0.524186,0.488935,0.443815,0.0672508,4429760,4020970,609293,9060020,0.483496,1.25989,Talarico,21.4181,-26.5593,-0.704478,13.0922,0.372725,0.132024
23124,0.694618,-0.971045,0.515525,0.484574,0.455388,0.0600378,4342540,4080990,538032,8961560,0.478241,0.531735,Talarico,18.7268,-26.6455,1.25659,10.2474,0.661597,0.837993
23139,-2.09972,1.34325,0.51212,0.494849,0.471426,0.0337252,4435650,4225690,302301,8963640,0.478352,0.227673,Talarico,17.1512,-24.5791,0.487442,11.112,0.73979,0.675673
23150,-1.91912,-0.74417,0.483228,0.456252,0.487923,0.055825,4240810,4535200,518888,9294900,0.496029,-0.0630024,Paxton,10.3432,-29.9851,2.77754,14.5658,0.345554,0.0796624
23201,1.01329,1.64796,0.450535,0.427804,0.521743,0.0504528,4087730,4985330,482084,9555140,0.509919,0.89734,Paxton,19.9569,-23.7975,-0.300617,11.2447,0.0137504,0.0127548
23252,0.512551,-0.206974,0.499427,0.477555,0.478651,0.0437938,4234040,4243760,388279,8866070,0.473142,0.666051,Paxton,19.3746,-26.3614,-0.96881,13.8453,0.738033,0.793496
23302,0.988482,-0.0556908,0.511904,0.475046,0.452952,0.0720017,3691700,3520000,559543,7771240,0.414717,0.71511,Talarico,17.2088,-26.9017,1.23182,11.1952,0.77492,0.180967
23329,1.50927,1.96557,0.483803,0.467881,0.49921,0.0329091,4422700,4718840,311077,9452620,0.504445,0.575277,Paxton,18.9991,-26.1027,-2.2622,16.2858,0.196257,0.295922
23406,-0.819507,1.29269,0.534585,0.518903,0.451762,0.0293352,5332690,4642690,301473,10276800,0.548433,0.445522,Talarico,17.1111,-26.859,0.640792,11.4023,0.269532,0.0727288
23447,-1.87186,1.98001,0.512416,0.488297,0.464634,0.0470681,4033850,3838360,388832,8261040,0.440856,0.401612,Talarico,15.0322,-24.3554,1.79331,9.8308,0.494,0.400533
23503,1.73473,-0.902955,0.521083,0.494787,0.45475,0.0504627,4161730,3824970,424450,8411160,0.448868,0.973723,Talarico,20.1146,-27.8303,0.7277,11.8329,0.536589,0.242056
23524,-1.06635,0.325006,0.485085,0.461448,0.489825,0.0487267,4075580,4326200,430361,8832140,0.471335,0.726029,Paxton,15.9378,-26.8396,2.42655,10.5634,0.314228,0.389407
23533,0.170783,-1.15712,0.520138,0.497782,0.459238,0.0429798,4300280,3967300,371297,8638880,0.46102,0.349845,Talarico,20.0427,-29.372,3.24249,9.3245,0.562674,0.583437
23536,-1.71366,-0.908194,0.481089,0.460913,0.497148,0.041939,4576810,4936620,416449,9929880,0.529915,0.113554,Paxton,15.4354,-26.5206,1.70004,11.543,0.293982,0.0837587
23557,1.80743,-1.52478,0.519258,0.498842,0.461839,0.0393186,4568060,4229220,360054,9157340,0.488692,1.29763,Talarico,21.1125,-26.5743,-0.067493,12.0066,0.484946,0.171978
23577,-2.80715,0.11975,0.458906,0.434435,0.512239,0.0533258,3503760,4131260,430077,8065090,0.430401,-0.0890724,Paxton,14.5166,-25.9204,2.19791,11.1747,0.0311845,0.0138032
23601,-0.269436,-1.45129,0.519266,0.501934,0.464688,0.0333775,4600630,4259240,305931,9165800,0.489141,0.540117,Talarico,18.3627,-28.2044,0.927949,11.9818,0.607681,0.824336
23608,-1.61648,-0.641644,0.529889,0.506255,0.449143,0.0446017,4573350,4057420,402918,9033680,0.482087,0.0843321,Talarico,14.785,-26.7882,0.533607,12.6581,0.41617,0.251421
23609,-1.76372,-1.87267,0.479105,0.451776,0.491182,0.057042,3963530,4309260,500443,8773240,0.468193,-0.406227,Paxton,13.4079,-27.9682,2.17851,12.248,0.135585,0.0166709
23617,-0.0291656,1.65599,0.514547,0.484176,0.456799,0.0590248,4096630,3864990,499411,8461030,0.451531,0.873312,Talarico,16.0492,-25.3866,-0.228095,12.8369,0.717688,0.388869
23633,-0.213728,-1.93883,0.478542,0.46019,0.501459,0.0383515,4397540,4791900,366484,9555920,0.50996,0.287139,Paxton,15.9895,-26.0985,-0.0683721,13.8584,0.18097,0.16644
23636,0.0305483,-0.00195701,0.514595,0.492755,0.464803,0.0424426,4284370,4041330,369027,8694730,0.464,0.762967,Talarico,18.0207,-26.6719,0.0147261,13.5726,0.718792,0.665797
23638,0.652016,2.35166,0.511164,0.489931,0.46853,0.0415398,4252220,4066480,360534,8679240,0.463174,0.805061,Talarico,20.7102,-26.346,0.566709,10.3762,0.457334,0.61946
23640,-0.196005,2.18304,0.536339,0.519343,0.448968,0.0316892,4562840,3944540,278415,8785800,0.46886,0.48258,Talarico,17.156,-26.3545,2.44486,9.41068,0.212998,0.237562
23662,2.12712,0.0514132,0.523766,0.489778,0.445329,0.0648931,4310840,3919620,571165,8801620,0.469706,0.893811,Talarico,20.4008,-26.2065,-0.077738,10.7342,0.55164,0.43073
23696,0.471539,-2.1442,0.506826,0.476188,0.463361,0.0604505,4113060,4002270,522139,8637460,0.460945,0.467172,Talarico,18.792,-27.743,-0.112596,13.4397,0.634297,0.827194
23710,2.14298,-1.85466,0.513832,0.495104,0.468449,0.0364472,4294580,4063370,316147,8674100,0.4629,1.25428,Talarico,21.8077,-27.1284,-0.552403,12.8434,0.349451,0.14849300000000001
23750,1.2692,0.763817,0.485751,0.463503,0.490696,0.0458013,3675520,3891160,363198,7929870,0.423185,1.0915,Paxton,18.9577,-26.2961,1.01344,11.0736,0.310962,0.051441
23758,-0.696672,-0.950402,0.492402,0.474353,0.488993,0.0366535,4797090,4945140,370673,10112900,0.539683,0.733552,Paxton,14.8821,-26.3704,0.895198,12.610900000000001,0.516851,0.239209
23763,-0.0636461,-0.461974,0.525709,0.503449,0.454207,0.042344,4467550,4030580,375756,8873890,0.473561,0.238269,Talarico,15.7715,-28.2968,2.47053,11.3083,0.378202,0.446325
23781,-0.0213761,-0.259512,0.52762,0.501205,0.44873,0.0500645,4347090,3891960,434223,8673270,0.462855,0.221263,Talarico,17.91,-29.7894,1.26696,13.597,0.372221,0.343165
23807,0.614215,-0.697361,0.499806,0.480646,0.48102,0.0383342,4571240,4574790,364582,9510610,0.507543,0.340572,Paxton,18.0884,-26.5345,0.443832,11.9959,0.746611,0.673933
23811,1.24208,-1.7893,0.495046,0.481105,0.490734,0.0281609,4666530,4759930,273150,9699600,0.517628,0.693466,Paxton,19.2485,-27.7887,-0.29931,13.7131,0.676498,0.520779
23837,2.65602,0.496835,0.522263,0.501069,0.45835,0.0405805,4336170,3966490,351177,8653840,0.461821,0.960753,Talarico,20.678,-27.2336,-1.6189,15.5841,0.432312,0.318347
23880,-2.14726,0.218214,0.514397,0.48569,0.458504,0.055806,4566640,4311020,524709,9402370,0.501763,-0.110745,Talarico,13.3993,-26.0617,0.717964,12.7156,0.758929,0.226487
23987,-1.836,0.975621,0.513981,0.482773,0.456507,0.06072,4894920,4628610,615651,10139200,0.541085,-0.00776737,Talarico,16.7619,-25.5208,1.31065,10.6391,0.803008,0.146038
23990,0.216447,2.14598,0.508842,0.491801,0.474711,0.0334881,4374290,4222280,297857,8894420,0.474659,0.944565,Talarico,18.9972,-25.432,-0.600689,13.4657,0.630497,0.589756
23992,-0.98159,1.10339,0.520331,0.489997,0.451707,0.0582963,4365540,4024400,519380,8909320,0.475451,0.359069,Talarico,14.4266,-27.3211,0.532937,13.7339,0.594552,0.665269
24011,2.12984,1.69524,0.507083,0.486318,0.472732,0.0409505,4448730,4324440,374606,9147780,0.48818,1.16145,Talarico,21.3541,-26.9297,-0.595965,13.6623,0.460746,0.373116
24012,-1.67067,0.612413,0.507498,0.481445,0.467219,0.0513362,4137050,4014800,441131,8592980,0.458573,0.166382,Talarico,14.8365,-26.3064,1.88387,10.8707,0.855787,0.448294
24028,0.316342,-2.16883,0.492201,0.469538,0.484418,0.0460433,4663810,4811610,457337,9932760,0.530069,0.6264,Paxton,17.6314,-27.985,0.52797,14.5291,0.487612,0.358024
24103,1.28602,-2.38042,0.483406,0.462431,0.494179,0.0433895,4142300,4426700,388669,8957670,0.478035,0.417307,Paxton,19.0388,-28.7616,0.845246,13.0906,0.202186,0.326144
24117,1.51647,-0.969252,0.532083,0.512542,0.450732,0.036726,4822800,4241200,345576,9409570,0.502151,0.734178,Talarico,20.9652,-26.3091,-0.710859,11.3257,0.296762,0.309563
24145,-1.695,1.91444,0.523825,0.498417,0.453079,0.048504,5016410,4560090,488177,10064700,0.537111,0.104527,Talarico,15.8898,-23.7205,-0.729585,13.5674,0.471297,0.150481
24158,-0.519227,1.01223,0.494918,0.470558,0.480222,0.0492197,3921830,4002370,410218,8334420,0.444772,0.254671,Paxton,13.259,-26.5129,-0.158825,15.2172,0.603052,0.287668
24189,1.53198,0.372006,0.516541,0.497927,0.466038,0.036035,4498610,4210500,325564,9034670,0.482142,0.825868,Talarico,19.3296,-27.6627,0.0153681,13.7949,0.830663,0.781681
24203,-0.488564,1.3525,0.491161,0.471327,0.488292,0.0403808,4212590,4364210,360912,8937710,0.476967,0.736037,Paxton,18.8064,-25.7544,0.830773,10.736,0.486842,0.596
24262,-1.76686,0.259802,0.507355,0.478248,0.464381,0.0573716,4481670,4351720,537631,9371020,0.500091,0.0952991,Talarico,14.131,-28.0038,2.87107,11.3899,0.831596,0.488021
24269,2.16572,-1.20324,0.518121,0.493173,0.458677,0.0481496,4381110,4074660,427738,8883520,0.474077,0.919369,Talarico,18.8115,-27.7675,0.870585,11.4845,0.5351,0.560378
24277,-0.11244,1.76995,0.497755,0.472221,0.47648,0.0512981,4086760,4123620,443950,8654320,0.461845,0.441567,Paxton,17.2557,-26.7109,2.41336,9.45156,0.707021,0.702023
24280,2.74097,-0.938783,0.465478,0.446775,0.51304399999999994,0.0401806,4178250,4798000,375770,9352020,0.499076,1.6534,Paxton,22.1694,-25.1562,-2.50159,14.5046,0.0451448,0.0112235
24314,-2.01285,-1.84844,0.506691,0.482302,0.469564,0.048134,4283890,4170760,427535,8882190,0.474006,0.072573,Talarico,13.7543,-27.4766,2.96306,10.8092,0.452683,0.454557
24325,-0.408685,1.09781,0.491612,0.471155,0.487232,0.0416134,4062350,4200970,358795,8622110,0.460124,0.35423,Paxton,15.3152,-26.7954,-0.593212,15.1991,0.472952,0.436408
24326,-1.36447,-2.01729,0.497576,0.473881,0.478497,0.0476219,4642680,4687910,466559,9797150,0.522832,-0.0907411,Paxton,15.3988,-27.6414,1.36577,12.4893,0.511253,0.149788
24347,0.00368208,1.2795,0.522581,0.50282,0.459365,0.0378143,4590540,4193810,345229,9129580,0.487207,0.564348,Talarico,16.0541,-28.4645,2.24363,12.2918,0.564717,0.73464
24351,0.747551,-0.578139,0.499887,0.481331,0.481548,0.0371209,4762750,4764900,367310,9894960,0.528054,0.953043,Paxton,20.0091,-25.3514,-0.160603,11.593,0.747899,0.311608
24360,-2.88155,-0.266133,0.517441,0.498604,0.464991,0.0364055,4017790,3746940,293359,8058090,0.430028,-0.185364,Talarico,11.2937,-25.4138,2.03652,11.5102,0.424657,0.0463068
24377,-2.13385,-0.209333,0.506031,0.487129,0.475518,0.0373529,3852080,3760250,295376,7907710,0.422001,0.0381401,Talarico,16.6196,-26.1749,1.1073,11.4494,0.762031,0.138974
24393,0.227409,1.90368,0.522095,0.500979,0.458577,0.040444,4637720,4245200,374403,9257320,0.494023,0.686199,Talarico,17.3439,-26.6458,0.702495,13.132,0.513967,0.7161
24417,-1.80633,-0.847539,0.518241,0.489891,0.455404,0.0547051,4463630,4149410,498445,9111490,0.486243,0.110671,Talarico,16.759,-26.7595,2.68743,9.96889,0.682634,0.446936
24434,-1.30919,1.52002,0.480608,0.462374,0.499687,0.0379386,4319690,4668280,354438,9342400,0.498565,0.269249,Paxton,15.0939,-24.2954,2.07017,8.68856,0.221194,0.226696
24459,1.60846,-1.14758,0.519682,0.497818,0.46011,0.042072,4574860,4228330,386634,9189820,0.49042,0.72014,Talarico,19.7727,-27.7174,0.412137,11.9664,0.563199,0.786642
24503,0.9232,-0.0306112,0.471217,0.453774,0.50921,0.0370155,4074240,4571980,332346,8978570,0.479148,0.652267,Paxton,18.8665,-26.5515,-0.0747807,12.1291,0.110653,0.124264
24545,2.94528,-0.760879,0.478459,0.456611,0.497726,0.0456631,3632030,3959070,363219,7954320,0.424488,1.57194,Paxton,23.1794,-27.8641,-2.95681,16.0325,0.146072,0.0160642
24568,-1.50488,-1.01037,0.539825,0.509889,0.434656,0.0554548,5054130,4308410,549680,9912210,0.528973,0.385461,Talarico,15.9441,-25.5016,0.210945,12.596,0.110629,0.0755929
24585,-1.61159,-0.251053,0.523948,0.505204,0.459022,0.0357737,4564850,4147560,323239,9035650,0.482192,0.424074,Talarico,15.8252,-28.0909,3.34843,9.87525,0.574201,0.601403
24588,0.87821,1.50589,0.492293,0.4658,0.480385,0.0538149,4511210,4652470,521190,9684870,0.516839,0.673584,Paxton,18.7342,-25.6212,-0.301236,12.9823,0.455366,0.460483
24659,0.553928,1.09581,0.497527,0.478371,0.483128,0.0385012,4243490,4285680,341533,8870700,0.473393,0.812367,Paxton,19.0488,-25.7116,0.195168,12.0307,0.755752,0.744263
24666,-1.23653,0.363995,0.507725,0.490052,0.475141,0.0348072,4314840,4183550,306473,8804860,0.469878,0.36431,Talarico,17.462,-24.9066,0.978177,9.86378,0.838298,0.800451
24674,1.32261,-2.33447,0.494153,0.479234,0.490574,0.0301916,4696000,4807120,295846,9798960,0.52293,1.15852,Paxton,19.7346,-26.3636,0.0474696,12.4576,0.395005,0.157356
24677,1.41983,-1.42016,0.494974,0.474356,0.483989,0.0416556,4660150,4754780,409231,9824160,0.524273,0.793033,Paxton,21.7488,-28.3111,0.897046,11.9981,0.70887,0.388475
24690,0.776005,-1.27255,0.495178,0.476146,0.485419,0.0384349,4558190,4646960,367941,9573100,0.510873,0.754854,Paxton,21.2151,-25.8966,-0.0944981,11.1355,0.756157,0.562868
24717,-1.95084,0.819722,0.49344,0.470636,0.48315,0.0462139,4341860,4457310,426347,9225510,0.49233,-0.0758008,Paxton,15.7318,-26.6289,0.756882,12.8274,0.58817,0.163058
24773,2.71229,-1.29543,0.516247,0.500054,0.46858,0.0313656,4788920,4487500,300382,9576800,0.511072,1.53234,Talarico,25.7818,-30.1394,-1.10614,13.9096,0.320335,0.048346600000000003
24774,1.07087,0.3363,0.520385,0.503417,0.463977,0.0326065,4625220,4262860,299577,9187660,0.490305,0.548173,Talarico,18.3071,-28.6619,0.793058,12.2445,0.687779,0.79835
24825,0.40916400000000003,-1.88209,0.51622,0.502666,0.471079,0.0262552,3926360,3679630,205081,7811080,0.416844,0.957714,Talarico,18.151,-26.8915,0.422271,12.3875,0.638192,0.126934
24836,0.31811,-0.160154,0.503717,0.482058,0.474943,0.0429997,4302810,4239300,383812,8925920,0.476339,0.422766,Talarico,17.427,-28.1788,0.140643,13.7769,0.803712,0.88596
24851,0.281475,-1.90014,0.514128,0.500093,0.47261,0.0272971,4055930,3833030,221389,8110350,0.432816,-0.182891,Talarico,16.4233,-29.8585,1.86774,12.1428,0.662238,0.0615495
24871,-2.6964,0.863836,0.494816,0.4712,0.481074,0.0477263,4653980,4751500,471386,9876860,0.527085,0.615149,Paxton,13.5253,-24.9576,1.22852,12.3274,0.455988,0.445423
24890,1.38602,-1.75763,0.522945,0.495744,0.452241,0.0520149,3959490,3612040,415442,7986980,0.426232,0.980321,Talarico,20.0882,-30.8166,3.12655,11.0538,0.447349,0.11845
24923,-2.31338,-0.322818,0.498121,0.477332,0.480933,0.0417357,4339700,4372440,379444,9091590,0.485178,0.233331,Paxton,15.5012,-26.4711,2.29219,10.0825,0.637289,0.633791
24924,-0.916324,1.88345,0.508637,0.482374,0.465992,0.0516345,3814380,3684830,408300,7907510,0.421991,0.43991,Talarico,18.8683,-24.3809,0.0258797,11.877,0.679072,0.172606
24930,-2.28348,1.32313,0.500845,0.474588,0.472986,0.0524256,4324580,4309980,477717,9112280,0.486283,-0.0768445,Talarico,15.3205,-24.0585,-0.00778286,12.9572,0.637638,0.243384
24939,0.608398,0.328624,0.541753,0.525649,0.444625,0.0297261,4731790,4002430,267589,9001810,0.480386,0.603306,Talarico,17.8664,-26.9224,-1.3345,14.5575,0.0931341,0.177228
24952,0.707722,-2.19265,0.507508,0.47952,0.465333,0.0551463,4333780,4205560,498398,9037740,0.482309,1.08067,Talarico,17.928,-28.8099,0.59735,13.8079,0.635081,0.417257
24965,0.2834,1.31403,0.512978,0.496473,0.471353,0.032174,4468070,4241990,289554,8999620,0.480272,0.596186,Talarico,19.6459,-26.0328,0.00472993,11.8059,0.814718,0.908501
24984,-1.2881,-1.97683,0.497698,0.476654,0.481063,0.0422828,4521310,4563130,401074,9485510,0.506203,0.26084,Paxton,16.0839,-26.578,1.03851,12.1302,0.542138,0.549229
25009,-0.949193,0.531417,0.540887,0.513902,0.436208,0.0498899,5029980,4269520,488313,9787810,0.522333,0.23333,Talarico,14.3767,-27.2207,2.04246,11.7214,0.152296,0.0816716
25015,1.72025,0.881078,0.478791,0.45132,0.491304,0.0573757,3954720,4305090,502758,8762560,0.46762,0.79548,Paxton,20.7754,-25.3805,-2.27653,14.3506,0.11937,0.218335
25025,1.0705,1.63315,0.495218,0.471158,0.480257,0.0485852,4241410,4323320,437369,9002100,0.480406,0.867074,Paxton,18.5316,-26.0074,1.69583,9.62158,0.502913,0.671314
25041,0.437576,0.333269,0.530556,0.504807,0.446662,0.0485308,3777680,3342560,363176,7483410,0.39936,0.621915,Talarico,16.7387,-28.2333,1.75817,11.9417,0.418735,0.026874
25068,0.363721,1.72419,0.528357,0.501981,0.448098,0.0499209,4469080,3989360,444439,8902870,0.475107,0.0849077,Talarico,18.0141,-25.0856,-0.300383,12.9265,0.393633,0.285317
25073,0.371744,2.32264,0.503208,0.482717,0.476562,0.0407216,4362230,4306610,367994,9036830,0.482257,0.747517,Talarico,17.1516,-25.0945,-1.67775,14.3397,0.505427,0.940691
25092,-1.76671,0.0566798,0.518569,0.496076,0.460549,0.0433754,3884560,3606370,339655,7830580,0.417888,0.286026,Talarico,17.0445,-28.5831,2.02539,11.2962,0.719922,0.11921
25143,-1.62236,1.04931,0.490729,0.470945,0.48874,0.0403155,3980010,4130400,340711,8451130,0.451001,0.461031,Paxton,18.4297,-24.8173,1.25294,10.2116,0.478992,0.392644
25196,-1.88132,0.189451,0.500977,0.47847,0.476603,0.0449274,4056980,4041150,380943,8479070,0.452494,0.5534,Talarico,15.1716,-26.3245,1.849,11.2807,0.739112,0.68457
25203,0.529462,2.17982,0.508662,0.484201,0.467711,0.0480879,3902290,3769380,387551,8059220,0.430086,1.04591,Talarico,18.4498,-24.3538,-1.51984,13.3039,0.57608,0.197792
25213,2.47025,-0.818915,0.494171,0.472607,0.483755,0.0436383,4510800,4617210,416506,9544520,0.50935,0.900668,Paxton,20.3763,-28.8747,-0.249667,14.8296,0.581816,0.444451
25247,-2.97652,-0.00878317,0.528271,0.508817,0.454357,0.0368258,4715120,4210450,341258,9266820,0.494532,-0.119423,Talarico,11.2128,-25.8109,3.3334,9.67937,0.185538,0.0801809
25287,-0.826536,2.55233,0.487792,0.464299,0.48754,0.0481604,3958320,4156460,410585,8525360,0.454964,0.901071,Paxton,18.0686,-23.9517,0.281309,10.7524,0.188874,0.295262
25293,-0.303483,-1.15971,0.53342,0.507261,0.443698,0.0490407,4706400,4116660,455003,9278060,0.495132,0.715525,Talarico,18.5812,-24.0631,-0.285753,11.0313,0.253333,0.316197
25301,-2.29016,-1.53867,0.514655,0.499672,0.471214,0.0291136,4709810,4441580,274419,9425810,0.503017,0.0333968,Talarico,13.4403,-26.2586,0.871709,13.448,0.427135,0.356249
25347,1.01915,0.768358,0.54188,0.513099,0.433788,0.0531123,4515560,3817570,467417,8800540,0.469647,0.42677,Talarico,19.7434,-27.3084,1.55829,10.3435,0.124989,0.135575
25349,1.97488,-1.49344,0.513163,0.488532,0.46347,0.0479977,4949180,4695280,486251,10130700,0.540635,1.25425,Talarico,20.8654,-28.131,-0.428117,14.4145,0.594679,0.09362
25360,-1.59695,0.227587,0.49995,0.470416,0.470511,0.0590731,4341540,4342420,545195,9229150,0.492522,0.2844,Paxton,15.5846,-26.4722,2.68048,9.25086,0.753313,0.690886
25384,-2.24614,-0.685676,0.498788,0.476316,0.478632,0.0450521,3847860,3866570,363948,8078380,0.431107,0.27276,Paxton,13.583,-25.2667,1.84726,11.4681,0.641802,0.212916
25438,0.901923,-1.63056,0.520111,0.491322,0.453325,0.0553527,5133960,4736920,578396,10449300,0.557635,0.81154,Talarico,16.5063,-27.4988,0.744341,12.8872,0.577381,0.105155
25442,1.80337,0.202983,0.50338,0.477588,0.471175,0.051237,4291540,4233910,460409,8985860,0.479539,0.744335,Talarico,18.3409,-27.9642,0.417173,13.1185,0.751718,0.91675
25446,0.741984,-1.94228,0.531218,0.515039,0.454505,0.0304559,4795370,4231760,283566,9310700,0.496869,1.02379,Talarico,18.025,-27.5332,1.68905,10.8175,0.264317,0.187203
25460,-2.67509,-0.573724,0.505592,0.484922,0.474195,0.0408832,4713680,4609420,397405,9720510,0.518743,0.512171,Talarico,12.9265,-25.9436,3.01042,10.272,0.525776,0.744034
25463,-0.94675,-0.0599095,0.49911,0.479983,0.481694,0.0383234,4387440,4403080,350307,9140820,0.487808,0.612255,Paxton,17.1566,-26.3654,1.79498,11.2372,0.783609,0.893826
25501,1.40579,1.82062,0.481939,0.464093,0.498877,0.0370299,4517590,4856200,360458,9734250,0.519475,1.31339,Paxton,22.7855,-23.7273,-1.19896,10.9705,0.211105,0.0483999
25506,0.454451,2.06264,0.537635,0.512517,0.440764,0.0467193,5056180,4348310,460904,9865390,0.526476,0.370999,Talarico,19.6836,-26.0813,1.92812,9.10935,0.20034,0.112664
25519,0.0287367,-2.2052,0.494721,0.474348,0.484472,0.0411808,4374410,4467770,379767,9221940,0.49214,0.443843,Paxton,16.7422,-28.8224,0.745292,13.9812,0.515736,0.729868
25520,1.31513,0.683064,0.534549,0.502428,0.437481,0.0600907,4648220,4047360,555930,9251510,0.493715,0.590443,Talarico,15.9806,-28.7735,0.506472,14.0284,0.272904,0.31238
25523,-0.120751,-0.117789,0.531229,0.510779,0.450726,0.0384944,4498770,3969850,339046,8807660,0.47003,0.76168,Talarico,16.1297,-25.0553,0.424236,12.198,0.311762,0.352737
25528,-1.63663,2.01886,0.526176,0.501845,0.451914,0.046241,4742450,4270600,436979,9450030,0.504308,-0.124883,Talarico,16.5099,-25.6045,1.23608,10.7317,0.361,0.0860113
25557,-1.22626,0.30141,0.515226,0.495567,0.466277,0.038156,4530120,4262370,348795,9141290,0.487833,0.742781,Talarico,17.4638,-28.3135,2.63513,11.2455,0.730177,0.896021
25589,-2.83565,0.41843,0.511502,0.486273,0.464404,0.0493235,5226790,4991730,530163,10748700,0.573613,-0.415871,Talarico,11.4973,-26.627,3.25628,10.8727,0.546411,0.015464
25595,-1.44163,-1.99608,0.491833,0.47075,0.486384,0.0428656,4657430,4812120,424097,9893640,0.527983,0.220968,Paxton,17.2366,-26.926,1.7359,10.6715,0.454932,0.224529
25596,1.20875,1.06013,0.476835,0.455528,0.499788,0.0446845,4091590,4489130,401359,8982070,0.479335,1.08215,Paxton,21.3907,-25.7351,0.147048,10.7291,0.1298,0.0816131
25613,1.31114,-0.273676,0.53743,0.519846,0.447435,0.0327196,4837830,4163950,304497,9306270,0.496636,0.448971,Talarico,17.8009,-28.6328,0.255305,14.1011,0.134446,0.211286
25625,-0.236602,-0.15408,0.517702,0.497671,0.463637,0.0386926,4145080,3861610,322269,8328960,0.444482,0.893251,Talarico,17.8532,-28.5738,1.05158,12.1255,0.619728,0.28522
25636,3.00043,-0.234776,0.49473,0.471578,0.481626,0.0467961,4245080,4335530,421252,9001860,0.480393,0.722054,Paxton,23.6385,-27.6246,-2.76637,14.8381,0.4155,0.746129
25638,2.14184,-0.532767,0.480764,0.462871,0.499912,0.0372173,4195830,4531590,337367,9064780,0.483751,0.356787,Paxton,19.3535,-25.037,-0.788485,12.0809,0.28691,0.267662
25707,-0.9355,2.31116,0.496028,0.482937,0.490671,0.0263921,4817830,4894990,263290,9976110,0.532384,0.468313,Paxton,18.0557,-24.918,-0.0648471,11.8044,0.45755,0.361699
25770,-1.44248,-1.39668,0.514917,0.496576,0.467804,0.0356195,4533080,4270430,325159,9128680,0.487159,0.379606,Talarico,13.4202,-25.6104,0.970713,13.0596,0.614134,0.775048
25788,-1.91056,-0.404904,0.502481,0.477298,0.472585,0.050117,4444930,4401040,466724,9312690,0.496981,0.457584,Talarico,17.8209,-25.7975,0.944183,11.2474,0.749995,0.942753
25796,-2.28533,-1.38591,0.516163,0.497955,0.46677,0.0352756,4933790,4624800,349514,9908110,0.528757,0.381173,Talarico,15.4308,-26.4236,3.10123,9.30804,0.447816,0.416368
25834,0.135375,1.31105,0.502362,0.483699,0.479151,0.0371493,4878770,4832900,374702,10086400,0.538269,0.546778,Talarico,18.9432,-26.7528,1.41144,10.0026,0.963805,0.351322
25872,-1.4241,-1.03275,0.524,0.502978,0.456903,0.040118,5026670,4566210,400932,9993820,0.533326,0.577577,Talarico,16.3038,-28.8789,2.56729,11.2067,0.525651,0.272577
25886,1.33064,1.38782,0.514777,0.48625,0.458334,0.0554157,4489420,4231680,511639,9232750,0.492713,1.37173,Talarico,20.0812,-28.08,-0.00945618,12.947,0.658806,0.163091
25898,2.05077,-0.564881,0.51234,0.484302,0.460974,0.0547237,4268760,4063140,482348,8814250,0.470382,0.500664,Talarico,19.0984,-26.4961,-1.08148,14.0646,0.813376,0.825756
25922,-2.14411,1.22754,0.511494,0.492696,0.470553,0.0367506,3952940,3775290,294853,8023080,0.428158,-0.132309,Talarico,13.6998,-25.3912,1.73325,10.6201,0.768849,0.0805109
25938,2.06328,-1.00103,0.503815,0.471306,0.46417,0.0645241,3947170,3887400,540387,8374960,0.446936,1.10004,Talarico,17.6326,-27.887,-1.73255,16.2429,0.794616,0.176536
25957,-1.33995,1.4816,0.499804,0.477848,0.478223,0.0439286,4238790,4242110,389672,8870570,0.473385,0.272723,Paxton,17.1608,-25.8332,1.68426,10.3425,0.71237,0.717608
25959,0.665729,-1.07686,0.486553,0.463097,0.488694,0.0482086,4307910,4546020,448455,9302390,0.496428,0.352825,Paxton,15.7337,-26.3168,1.14971,11.5218,0.458734,0.419159
25966,-1.93015,-0.916385,0.535133,0.512158,0.444909,0.0429327,5011500,4353460,420099,9785060,0.522186,0.33461,Talarico,12.2613,-28.2362,3.07027,11.165,0.17615,0.166688
25996,1.00616,-1.25286,0.488038,0.472005,0.495142,0.0328532,4620210,4846700,321583,9788490,0.522369,0.538126,Paxton,16.5991,-27.3871,1.10754,11.5885,0.496069,0.30124
26002,0.903194,-2.53226,0.520217,0.497049,0.458416,0.0445356,4945540,4561150,443121,9949810,0.530978,0.533955,Talarico,18.275,-30.5405,3.08963,11.0841,0.303654,0.338043
26017,-0.171931,1.22381,0.517975,0.49289,0.45868,0.0484302,4162840,3873910,409031,8445780,0.450714,0.853562,Talarico,18.4531,-25.9474,-0.92837,13.6522,0.691266,0.374342
26041,-2.65823,0.587916,0.503874,0.483819,0.476379,0.0398023,4622950,4551870,380316,9555130,0.509917,0.125172,Talarico,14.0341,-26.7237,3.35953,9.06387,0.636929,0.401313
26075,2.22115,-0.294498,0.52634,0.500143,0.450085,0.0497722,4996880,4496750,497269,9990900,0.533171,0.783429,Talarico,19.8287,-25.8387,-0.909045,12.5971,0.482433,0.198956
26106,1.99166,-0.208097,0.494252,0.465649,0.476481,0.0578701,4078480,4173350,506867,8758700,0.467413,0.732083,Paxton,19.5274,-25.4866,-1.8736,15.0945,0.579466,0.634433
26126,2.13881,1.63758,0.51169,0.490253,0.467853,0.041894,4428610,4226270,378442,9033320,0.482067,1.19081,Talarico,20.4234,-27.2991,0.225932,12.4319,0.495212,0.337669
26130,-1.30299,1.78874,0.502912,0.486087,0.480458,0.0334553,4992780,4934960,343632,10271400,0.548139,0.295865,Talarico,14.5541,-26.4962,2.1378,10.6644,0.648732,0.169067
26134,2.14738,-0.452417,0.526132,0.502251,0.452359,0.0453896,4827700,4348130,436290,9612120,0.51296,0.607627,Talarico,20.7538,-27.909,-1.08002,14.6329,0.476855,0.458825
26148,0.502134,-0.440054,0.504263,0.477652,0.469576,0.0527719,4493910,4417930,496496,9408340,0.502083,0.926369,Talarico,18.1908,-25.8771,-0.813409,14.0774,0.787629,0.648791
26163,1.29164,2.27997,0.476313,0.458582,0.504193,0.0372246,4403520,4841490,357447,9602450,0.512442,0.835609,Paxton,21.3492,-25.0442,-0.964829,12.0219,0.0796842,0.114088
26164,1.61032,-0.184564,0.499918,0.477279,0.477435,0.045286,4873740,4875340,462439,10211500,0.544945,0.948508,Paxton,18.3494,-26.9998,-0.195099,13.7372,0.73957,0.182283
26205,-0.940375,-1.14936,0.479835,0.460955,0.499699,0.0393462,4468520,4844100,381424,9694040,0.517331,0.574998,Paxton,15.0997,-25.9366,2.51512,9.78121,0.229659,0.160311
26247,-2.12273,-1.53457,0.509554,0.482824,0.464719,0.0524563,4025960,3874990,437399,8338350,0.444984,0.462202,Talarico,16.9496,-25.3822,2.18775,9.21497,0.579155,0.537514
26260,1.72147,-1.04608,0.503431,0.473348,0.466896,0.0597561,4225740,4168140,533463,8927340,0.476417,0.756824,Talarico,20.3489,-27.5104,0.116695,13.013,0.836197,0.880231
26301,0.0347342,1.32044,0.525513,0.491772,0.44402199999999997,0.0642066,4393470,3966880,573619,8933960,0.476768,0.493912,Talarico,18.9906,-26.7807,1.15182,11.6389,0.486232,0.584406
26307,-0.415609,2.09868,0.499723,0.481715,0.48225,0.0360347,4681940,4687140,350232,9719310,0.518678,0.508561,Paxton,18.1181,-26.2229,1.47891,9.94719,0.642188,0.631363
26358,2.41704,-0.52905,0.512977,0.486854,0.462223,0.0509229,4399760,4177160,460196,9037120,0.482273,1.09955,Talarico,21.3228,-25.338,-1.30742,12.9527,0.737402,0.424201
26366,1.47806,0.366617,0.486704,0.463124,0.488427,0.0484494,4355420,4593390,455640,9404450,0.501877,0.812133,Paxton,19.7137,-27.0318,0.0179335,12.6938,0.396373,0.36243
26375,1.54561,1.12264,0.5074,0.485112,0.470962,0.0439259,5014020,4867780,454010,10335800,0.551579,0.648429,Talarico,18.878,-27.3334,-0.817478,15.2948,0.798205,0.210444
26381,-0.267124,0.511727,0.521311,0.492904,0.452605,0.0544905,4355930,3999790,481547,8837270,0.471609,0.282327,Talarico,17.146,-28.0267,-0.189902,14.4802,0.609475,0.57489
26389,2.2926,1.52776,0.51648,0.492029,0.460629,0.0473418,5006420,4686930,481706,10175100,0.543003,1.35092,Talarico,21.1554,-28.5877,0.381683,12.8289,0.411446,0.0533638
26403,1.52512,-1.32474,0.539844,0.512086,0.436495,0.0514196,4748670,4047700,476824,9273200,0.494875,0.974111,Talarico,19.7003,-29.5034,1.32801,11.8067,0.146464,0.0964337
26404,-0.520452,2.01123,0.501782,0.482848,0.479419,0.0377335,4780950,4747000,373621,9901570,0.528408,0.240218,Talarico,18.5136,-25.5016,-0.0113809,11.7798,0.716007,0.305827
26413,1.66976,-0.799639,0.502766,0.479493,0.474218,0.0462882,5230840,5173290,504962,10909100,0.582172,0.294505,Talarico,20.2518,-29.0331,1.59382,9.88186,0.802728,0.020288
26421,-1.41703,1.51144,0.513673,0.489136,0.463096,0.0477679,5191930,4915520,507031,10614500,0.566452,0.424703,Talarico,16.8733,-25.2057,0.616657,11.454,0.735281,0.0702013
26422,-2.36666,-0.945194,0.479356,0.461082,0.500796,0.0381215,4139210,4495740,342223,8977170,0.479077,0.276758,Paxton,14.1268,-26.6895,0.638,13.612,0.200152,0.216588
26430,2.31461,0.843765,0.517129,0.498184,0.46518,0.0366357,4876500,4553440,358611,9788550,0.522373,0.848062,Talarico,20.3129,-27.3932,-1.22678,14.4877,0.634032,0.413066
26436,0.851179,-1.9207,0.479717,0.462541,0.501654,0.035805,4102310,4449200,317557,8869070,0.473304,0.946253,Paxton,18.9338,-25.8949,1.36479,10.0094,0.213368,0.172091
26525,-1.82984,-1.50537,0.50975,0.479957,0.461596,0.0584464,4633880,4456610,564287,9654770,0.515232,0.316784,Talarico,13.907,-27.3684,0.820997,14.056,0.673088,0.683019
26541,-0.866377,-1.89629,0.532671,0.509844,0.447303,0.0428522,4818190,4227160,404967,9450310,0.504325,1.04817,Talarico,17.8097,-25.5606,1.61748,9.99895,0.286339,0.140205
26544,2.23056,-1.55691,0.497078,0.47392,0.479491,0.0465889,4221130,4270760,414960,8906850,0.47532,1.1576,Paxton,20.4157,-30.9386,0.121256,14.8169,0.577802,0.330538
26563,-1.6928,-0.148816,0.502909,0.4799,0.474348,0.0457524,4345340,4295060,414273,9054670,0.483211,0.354219,Talarico,16.056,-28.7233,2.50859,11.5318,0.799667,0.878911
26565,-2.75185,-0.997644,0.51296,0.488618,0.463928,0.0474543,4126740,3918210,400787,8445740,0.450715,0.139473,Talarico,11.409,-24.04,2.96167,9.48928,0.336616,0.329652
26584,-1.9276199999999999,-0.828867,0.51607,0.494565,0.463765,0.0416698,3691810,3461890,311055,7464760,0.398363,0.466979,Talarico,15.3902,-26.9629,1.67032,11.7233,0.714788,0.0626367
26588,1.69804,0.0507529,0.514425,0.48979,0.46232,0.0478901,4826990,4556270,471968,9855230,0.525931,0.398984,Talarico,18.2403,-27.2441,0.597704,12.9467,0.823227,0.502789
26632,-1.80731,0.849585,0.51491,0.492093,0.463595,0.0443122,4187870,3945340,377111,8510330,0.454159,0.32757,Talarico,15.6234,-25.8566,2.31028,9.27405,0.775494,0.553842
26636,-1.72138,0.773488,0.518429,0.489726,0.454908,0.0553661,4996600,4641360,564892,10202900,0.54448,0.596152,Talarico,13.6282,-24.3621,2.01541,10.4383,0.682619,0.215251
26658,0.95046,1.01924,0.498979,0.473641,0.475579,0.0507795,4450450,4468660,477137,9396250,0.501439,0.70339,Paxton,19.4204,-26.697,0.866981,11.6898,0.785347,0.819649
26662,-0.908592,1.21819,0.50338,0.483453,0.476961,0.0395859,4972560,4905780,407161,10285500,0.548894,0.724789,Talarico,17.0036,-26.1346,2.47133,9.2466,0.882598,0.246631
26668,-0.477866,1.59852,0.501971,0.477465,0.473716,0.0488185,4122940,4090570,421551,8635060,0.460821,0.522545,Talarico,16.0441,-26.0691,0.656166,12.5931,0.859667,0.794141
26706,0.58805,-2.23799,0.517692,0.496488,0.462554,0.0409582,4025900,3750730,332120,8108750,0.432731,0.762357,Talarico,18.729,-28.3538,0.831401,12.1541,0.550843,0.232391
26713,-2.66144,1.39821,0.491658,0.473107,0.489161,0.037732,4039750,4176830,322185,8538770,0.455675,-0.0656879,Paxton,12.4623,-23.0884,1.07022,11.0255,0.300814,0.132369
26735,-1.61457,-0.614533,0.516804,0.489185,0.457373,0.0534423,4187170,3914870,457438,8559480,0.456781,0.496141,Talarico,16.0192,-27.4189,1.02436,12.9301,0.787747,0.667943
26754,-0.704981,-2.453,0.507758,0.482809,0.468056,0.0491352,4705880,4562080,478914,9746870,0.520151,0.611984,Talarico,15.6059,-27.1961,2.73895,9.39011,0.388626,0.704843
26775,-2.17627,-0.29696,0.491703,0.468901,0.484725,0.0463736,4161990,4302440,411614,8876040,0.473681,0.176481,Paxton,16.8608,-27.0745,2.81042,9.07923,0.548358,0.420755
26782,0.224257,0.588823,0.52209,0.495043,0.453152,0.051805,4235360,3876960,443220,8555550,0.456575,0.438811,Talarico,20.145,-25.5067,-0.981614,13.0654,0.645228,0.552123
26790,-0.935394,2.22897,0.510275,0.480898,0.461532,0.0575705,4374900,4198720,523740,9097370,0.485491,0.372139,Talarico,17.3825,-25.3317,0.631143,11.7073,0.545926,0.857825
26872,-0.232024,2.36805,0.536274,0.51706,0.447112,0.0358279,5091640,4402840,352808,9847290,0.525508,0.980166,Talarico,18.1274,-27.0689,1.4684,11.3107,0.179309,0.0814852
26885,0.889508,1.7919,0.526614,0.495982,0.44585,0.0581678,4204880,3779870,493140,8477890,0.452431,0.563708,Talarico,20.76,-26.2651,0.486666,10.2176,0.422794,0.430922
26886,-0.198303,2.10169,0.505465,0.478626,0.468277,0.0530977,4453490,4357190,494060,9304740,0.496557,0.7445,Talarico,17.1965,-25.1487,1.27872,10.8729,0.711343,0.962274
26906,1.82107,-0.314643,0.50833,0.481632,0.465847,0.0525213,4354570,4211860,474860,9041290,0.482495,0.546988,Talarico,19.7051,-28.4283,-0.0570003,13.5727,0.83538,0.928996
26918,-1.13665,1.42339,0.510595,0.49103,0.470652,0.0383186,4496200,4309610,350871,9156680,0.488654,0.328534,Talarico,16.2452,-26.8356,0.980521,12.0833,0.801138,0.82171400000000006
26930,-1.9625,-2.00801,0.514608,0.499311,0.470963,0.0297263,4541230,4283410,270361,9095000,0.485363,0.24576,Talarico,15.5429,-25.1274,1.90249,9.72147,0.27606,0.666156
26934,-2.41749,0.979229,0.491353,0.463675,0.479996,0.0563293,4295500,4446690,521836,9264030,0.494382,0.157557,Paxton,14.4328,-24.6121,1.44644,11.2192,0.473228,0.357876
26954,-2.65197,0.397201,0.513263,0.488084,0.462859,0.0490575,4344350,4119830,436653,8900840,0.474999,-0.00454005,Talarico,13.6296,-24.681,0.315381,13.2846,0.624583,0.340379
27021,-1.47165,1.90958,0.511898,0.484103,0.461599,0.0542986,4522920,4312670,507307,9342900,0.498592,0.331046,Talarico,15.4681,-25.7448,0.693339,11.7396,0.595047,0.813378
27033,1.61694,-0.578624,0.502881,0.475713,0.470262,0.0540244,4243280,4194660,481889,8919830,0.476017,0.580958,Talarico,17.1195,-27.6002,0.477537,13.91,0.781328,0.840577
27040,-2.15913,-1.69414,0.502818,0.477741,0.472386,0.0498728,4622920,4571110,482600,9676620,0.516401,-0.0773482,Talarico,11.8048,-26.84,1.98238,13.3654,0.469168,0.232647
27064,-1.45231,-1.40592,0.468281,0.451403,0.512554,0.0360425,3874240,4399080,309341,8582660,0.458021,-0.00522769,Paxton,14.2912,-28.4505,3.1581,10.7931,0.0629183,0.0178216
27074,1.3357,1.99658,0.516608,0.493399,0.461675,0.0449261,3618360,3385710,329467,7333530,0.391362,0.733297,Talarico,17.6824,-27.5699,0.0390891,14.3461,0.502297,0.0412819
27099,0.52727,0.707477,0.506078,0.484018,0.472392,0.0435906,3852830,3760290,346986,7960110,0.424798,0.55082,Talarico,17.1418,-27.327,-0.430632,14.2708,0.898012,0.225451
27117,-0.549146,-0.36513,0.503406,0.477684,0.47122000000000003,0.0510959,4518050,4456910,483278,9458240,0.504746,0.411315,Talarico,15.3856,-26.5972,0.22255,13.4724,0.787698,0.848526
27130,-1.69743,1.45047,0.503159,0.483935,0.477858,0.0382067,4390920,4335780,346663,9073360,0.484205,0.623523,Talarico,16.064,-23.2869,0.300001,10.6466,0.711923,0.931641
27160,-1.22219,-1.59875,0.499094,0.483924,0.485681,0.0303948,4456820,4473010,279929,9209760,0.491485,0.0949862,Paxton,13.6562,-24.8008,1.19495,11.4106,0.696685,0.396859
27162,0.589218,-0.210915,0.483757,0.446961,0.476977,0.0760624,3816630,4072930,649501,8539060,0.455694,0.592628,Paxton,17.3734,-27.0277,0.500168,12.4208,0.344452,0.285002
27184,-2.01966,-0.676693,0.506349,0.480361,0.468314,0.0513247,4490020,4377410,479741,9347170,0.498819,-0.101399,Talarico,14.9138,-27.3454,2.00017,11.0837,0.760093,0.258374
27188,2.47118,-0.748663,0.503975,0.486457,0.478784,0.0347584,4336160,4267760,309828,8913750,0.475689,1.01255,Talarico,21.7353,-25.7809,-1.57016,14.214,0.693926,0.494798
27189,-0.242455,1.8135,0.514054,0.499465,0.472155,0.0283797,4382710,4143080,249027,8774820,0.468275,0.213403,Talarico,17.1115,-26.9622,2.23253,9.74856,0.697418,0.580827
27191,-0.116171,0.833961,0.510739,0.491684,0.471007,0.0373092,4541300,4350320,344596,9236210,0.492899,0.81815,Talarico,19.1266,-25.0921,-0.884547,12.3639,0.923196,0.892603
27228,-0.858226,-1.47482,0.505268,0.477947,0.467981,0.0540722,4384740,4293310,496065,9174120,0.489585,0.422169,Talarico,18.0318,-26.6423,0.873783,11.3291,0.818496,0.947619
27240,1.44747,-0.0572516,0.494614,0.477391,0.487787,0.0348229,4224190,4316180,308130,8848500,0.472208,1.2529,Paxton,20.0267,-28.4716,1.58686,11.4233,0.665341,0.214877
27282,-0.45534,-0.916007,0.509645,0.48749,0.469038,0.0434729,3972520,3822160,354258,8148940,0.434875,0.605435,Talarico,16.4235,-27.9912,0.941875,13.7422,0.74682,0.31967
27291,1.88197,-0.339407,0.500625,0.480469,0.479269,0.0402626,4591690,4580220,384777,9556690,0.510002,0.930738,Talarico,19.3164,-26.2162,-1.05815,13.7794,0.736731,0.527246
27346,0.58846,-0.366293,0.511634,0.488404,0.466192,0.0454045,4606830,4397320,428275,9432430,0.50337,0.314073,Talarico,18.4825,-26.0812,-0.00537845,12.0457,0.75822,0.791216
27352,-1.75707,0.935459,0.499006,0.474672,0.476563,0.0487648,4774500,4793510,490501,10058500,0.53678,0.432595,Paxton,16.3131,-26.8,0.787087,12.3157,0.73178,0.315423
27358,0.0572095,0.313541,0.486682,0.463923,0.489314,0.0467633,4065560,4288080,409808,8763440,0.467668,0.414759,Paxton,19.5989,-25.6218,-0.22121,11.3558,0.364373,0.371064
27360,2.00032,-2.0647,0.543232,0.521112,0.438168,0.0407196,4698440,3950600,367135,9016170,0.481155,0.659093,Talarico,20.4783,-29.8273,1.52942,11.1262,0.0604592,0.15044
27377,0.515141,-2.49989,0.467112,0.445599,0.508347,0.0460536,4036200,4604570,417150,9057920,0.483383,0.707157,Paxton,17.7467,-28.0232,2.643,9.08667,0.0412654,0.0853523
27380,-2.15136,0.991662,0.486998,0.465719,0.490588,0.0436936,4416080,4651890,414315,9482280,0.506028,-0.238746,Paxton,15.7635,-24.8756,2.06649,9.6237,0.391172,0.0549457
27394,1.20492,2.15586,0.542019,0.522352,0.441363,0.0362847,4972960,4201920,345442,9520320,0.508059,0.715483,Talarico,18.9979,-26.7318,-0.151499,12.3021,0.0759734,0.101871
27417,1.92721,0.0265821,0.481118,0.453524,0.489122,0.0573541,4117620,4440820,520728,9079180,0.484516,1.17519,Paxton,22.0298,-28.2562,-0.2217,12.97,0.255799,0.1074
27420,0.287707,-0.902187,0.512727,0.4936,0.469095,0.0373055,4611200,4382280,348508,9341990,0.498545,0.733786,Talarico,19.4115,-27.9391,1.18466,11.17,0.681226,0.90695
27430,-0.499944,-2.43067,0.495725,0.474045,0.482221,0.0437337,4486130,4563500,413874,9463510,0.505026,0.0858106,Paxton,15.4844,-27.4844,1.32188,12.3687,0.345395,0.301032
27452,-1.12423,-0.818142,0.521987,0.495722,0.45396,0.0503183,4502490,4123180,457026,9082700,0.484705,0.226344,Talarico,17.6623,-27.1124,1.46131,11.1094,0.608705,0.499952
27500,1.85754,1.38171,0.47937,0.463083,0.502941,0.0339763,3994390,4338180,293067,8625640,0.460315,0.725284,Paxton,20.8751,-25.7716,-0.197764,11.2268,0.160398,0.226009
27504,0.638798,0.317613,0.502273,0.48234900000000003,0.477984,0.0396667,4244940,4206520,349089,8800560,0.469648,0.923811,Talarico,18.7688,-26.9063,0.615355,12.0973,0.78189,0.619446
27518,0.666896,1.45639,0.516105,0.498637,0.467518,0.0338445,4615550,4327500,313276,9256320,0.493974,1.13983,Talarico,19.4909,-26.1974,-0.292574,12.2806,0.648871,0.39974
27525,2.5103,0.258932,0.515506,0.486492,0.457225,0.0562828,4146500,3897050,479713,8523260,0.454852,0.968334,Talarico,22.5321,-26.0991,-0.285038,10.766,0.684251,0.324553
27529,2.126,1.08239,0.523305,0.491948,0.448131,0.0599213,4004570,3647890,487773,8140230,0.434411,1.01169,Talarico,21.9256,-26.4402,0.465515,11.1944,0.451873,0.148646
27549,1.03843,-2.14879,0.513365,0.491008,0.465442,0.0435503,4396200,4167290,389924,8953410,0.477807,0.816192,Talarico,18.3849,-29.7818,1.98456,11.8904,0.582256,0.809093
27558,-0.106191,-1.88442,0.519201,0.502066,0.46493,0.0330039,4745850,4394820,311974,9452650,0.504449,0.863979,Talarico,18.3065,-23.941,-0.118477,10.4883,0.59913400000000006,0.597471
27582,0.490182,1.42184,0.475618,0.457634,0.504555,0.0378103,3612590,3982990,298477,7894060,0.421271,0.543979,Paxton,17.8023,-27.2601,0.202672,13.321,0.144824,0.0315008
27622,-0.751812,-0.86647,0.480096,0.457997,0.495973,0.0460297,4204320,4552940,422543,9179800,0.489885,0.871639,Paxton,17.9088,-25.8999,1.24865,10.6018,0.261503,0.194243
27628,-2.26831,0.325669,0.475198,0.458138,0.505961,0.035902,4139220,4571300,324370,9034880,0.482152,0.279047,Paxton,14.041,-24.1222,1.16433,11.5795,0.0899716,0.142476
27681,-0.942294,-1.31267,0.510539,0.488769,0.46859,0.0426407,4928380,4724910,429957,10083200,0.5381,0.713276,Talarico,15.1311,-26.4829,1.85528,11.4317,0.796334,0.317641
27713,-0.123798,-2.42424,0.502685,0.484513,0.479337,0.0361502,4762620,4711740,355346,9829700,0.524572,-0.130673,Talarico,15.0571,-27.8614,1.3622,12.1429,0.428399,0.167043
27740,2.21502,-1.4081,0.473054,0.453238,0.504872,0.0418897,3979120,4432430,367763,8779320,0.468515,1.06484,Paxton,21.0015,-26.9401,-0.194345,12.6295,0.124575,0.0747376
27757,-0.551372,0.394145,0.526123,0.503639,0.453626,0.0427351,4498730,4051990,381729,8932450,0.476686,0.561717,Talarico,17.1469,-26.2577,0.790026,12.2236,0.520931,0.589028
27782,0.94582,-0.265121,0.522825,0.492221,0.449243,0.0585362,4348450,3968760,517128,8834340,0.471452,0.841073,Talarico,18.692,-28.5928,0.978333,12.8166,0.520575,0.527113
27815,-0.397777,0.481712,0.495804,0.474919,0.482958,0.042123,4441810,4517000,393967,9352780,0.49912,0.78643,Paxton,17.0824,-26.0408,1.37655,10.7241,0.610617,0.689154
27818,-2.50338,0.426037,0.511038,0.483463,0.462579,0.0539584,4044750,3870030,451427,8366210,0.446467,-0.025996,Talarico,15.8185,-27.4038,1.88392,11.9779,0.710116,0.177757
27844,-1.85449,1.23829,0.516159,0.496594,0.465501,0.0379048,4711880,4416860,359656,9488390,0.506355,0.149676,Talarico,11.9849,-26.4435,2.6821,11.7626,0.743667,0.461309
27859,2.28488,-0.389651,0.532091,0.510826,0.44921,0.0399637,5086470,4472940,397932,9957340,0.53138,1.11143,Talarico,18.2856,-27.35,0.21477,13.4492,0.316386,0.0590033
27868,0.154621,-0.157055,0.489515,0.468565,0.488638,0.0427967,3760440,3921530,343462,8025430,0.428285,0.643868,Paxton,18.2595,-27.7939,0.353003,13.5525,0.495979,0.16348
27951,-1.45846,-0.0433156,0.529628,0.507635,0.45084,0.0415245,4911240,4361770,401739,9674750,0.516303,0.446757,Talarico,14.768,-28.5073,2.36751,12.2104,0.424107,0.32836
27970,-0.731864,0.384488,0.532171,0.503349,0.442492,0.054159,4781000,4202960,514423,9498380,0.506892,0.592209,Talarico,16.6421,-27.4804,2.66175,9.58839,0.371781,0.327952
27978,-1.77851,1.05806,0.499297,0.475331,0.476668,0.0480012,4275340,4287370,431744,8994450,0.479997,0.644235,Paxton,16.1079,-24.8547,0.666516,11.2719,0.730339,0.851542
27993,-2.60919,0.247909,0.515602,0.498852,0.468662,0.0324859,4428530,4160520,288392,8877450,0.473753,0.261694,Talarico,12.9553,-27.2484,2.31308,11.4984,0.61543,0.660091
28005,-2.24064,-1.04162,0.484466,0.464427,0.49421,0.0413628,4206900,4476680,374675,9058260,0.483401,-0.309355,Paxton,13.4188,-27.705,2.36353,11.7348,0.305109,0.0378626
28024,-0.561607,1.96941,0.516873,0.49548,0.463131,0.0413886,4539310,4242950,379179,9161440,0.488908,0.576665,Talarico,17.9061,-25.9629,-0.204008,12.8986,0.63709,0.895421
28070,1.30969,0.183377,0.512566,0.492307,0.468168,0.0395253,4522260,4300520,363074,9185860,0.49021,0.654716,Talarico,19.0028,-28.2657,-0.989613,15.8522,0.81306,0.977137
28101,1.47966,-0.915506,0.469283,0.450257,0.5092,0.0405435,3974380,4494670,357874,8826920,0.471056,1.28162,Paxton,20.1837,-28.2617,0.891422,11.8209,0.109257,0.0198464
28143,2.48368,0.0404071,0.503524,0.477766,0.471078,0.0511559,4773810,4706980,511146,9991930,0.533231,1.36557,Talarico,20.0623,-24.6292,-0.153716,10.6221,0.664186,0.065941
28158,1.37964,-0.323291,0.486321,0.467141,0.493419,0.0394392,4408570,4656570,372201,9437340,0.503631,0.779688,Paxton,19.5975,-26.6577,-0.0838219,12.7968,0.432733,0.359029
28183,2.34302,-1.66168,0.470635,0.44989,0.506032,0.0440775,3855360,4336470,377724,8569550,0.457321,0.819007,Paxton,21.0049,-28.4875,0.310026,12.4745,0.0663101,0.0783308
28202,-1.65502,1.92141,0.487746,0.462853,0.486111,0.0510362,4505860,4732260,496835,9734960,0.519515,0.563491,Paxton,15.5402,-24.1582,-0.755516,13.3914,0.318362,0.313209
28209,-1.23108,1.03956,0.544836,0.515372,0.43055,0.0540786,4397180,3673480,461402,8532060,0.455319,0.416904,Talarico,15.6957,-25.8586,0.372564,12.7609,0.114656,0.0539217
28210,-2.915,0.832378,0.483662,0.463237,0.494534,0.0422292,4612370,4923990,420469,9956830,0.531353,-0.106119,Paxton,11.1694,-25.1303,2.04063,11.9371,0.136379,0.0484588
28212,-1.65585,-1.05197,0.507815,0.490705,0.475602,0.0336931,4834080,4685290,331921,9851300,0.525725,0.534515,Talarico,14.2577,-29.2428,1.2227,14.0326,0.795984,0.594544
28251,-0.432009,-1.8106,0.506489,0.485257,0.472823,0.0419203,4447630,4333660,384221,9165510,0.489126,0.582189,Talarico,16.8881,-29.1739,1.1562,12.8385,0.760041,0.972501
28256,-0.00323677,0.575504,0.504831,0.481655,0.472436,0.0459088,4722890,4632500,450161,9805550,0.52328,0.432452,Talarico,18.008,-26.1755,0.396709,11.9253,0.903031,0.577684
28259,-1.88672,1.51067,0.501112,0.475627,0.473517,0.0508556,4350610,4331310,465181,9147100,0.48814,-0.130205,Talarico,14.217,-26.1301,2.88026,9.61462,0.630471,0.197433
28270,1.93994,0.636929,0.527386,0.498259,0.446511,0.0552297,4106780,3680270,455218,8242270,0.439854,1.28369,Talarico,19.9252,-27.3537,0.238699,12.1398,0.435898,0.0457516
28283,2.43436,0.748989,0.52784,0.491155,0.439345,0.0695005,4282360,3830630,605972,8718960,0.465297,0.994799,Talarico,20.7938,-27.3803,0.213981,12.5296,0.35202,0.282529
28299,1.17504,1.70645,0.534367,0.514086,0.447961,0.0379526,4817250,4197630,355635,9370510,0.500066,1.29468,Talarico,20.6282,-25.8148,-1.98623,14.0623,0.244162,0.0505399
28308,1.33723,-2.34831,0.488895,0.466722,0.487924,0.045354,4329440,4526120,420716,9276270,0.495037,1.02284,Paxton,19.2659,-28.4791,-0.306337,14.7143,0.327722,0.294355
28335,-2.07918,-0.92255,0.507277,0.480402,0.466619,0.0529796,4427890,4300850,488316,9217060,0.491877,0.00704117,Talarico,12.3582,-27.1698,1.95053,12.0254,0.722808,0.396223
28366,-0.0632206,2.09188,0.504854,0.473849,0.464737,0.0614145,4216360,4135270,546472,8898100,0.474852,0.475262,Talarico,18.5926,-25.7127,-0.0797773,12.8163,0.717999,0.879738
28379,2.42537,-0.807159,0.489753,0.468736,0.488349,0.0429152,4093970,4265270,374824,8734060,0.4661,1.15195,Paxton,20.0355,-26.288,-1.18055,13.9669,0.50101,0.212023
28385,0.0368703,1.26805,0.474962,0.455785,0.503839,0.0403754,4871840,5385490,431568,10688900,0.570421,0.552238,Paxton,19.3501,-27.6253,2.66221,8.26845,0.148199,0.0178353
28393,2.50589,0.948657,0.497264,0.473866,0.47908,0.0470547,4474520,4523750,444318,9442590,0.50391,1.0895,Paxton,20.3385,-26.0591,-0.532461,12.1274,0.318186,0.360331
28407,-1.56206,0.267927,0.486803,0.465925,0.491186,0.0428893,4037730,4256640,371681,8666060,0.462476,0.286843,Paxton,11.7706,-27.7728,2.70894,12.3333,0.35949,0.326707
28414,1.84568,-1.40985,0.489393,0.468027,0.488316,0.0436565,4184940,4366350,390361,8941650,0.477178,0.944089,Paxton,20.32,-27.541,-0.656937,13.2285,0.45735,0.398765
28445,0.210376,-1.20522,0.506919,0.486451,0.473172,0.0403777,4209430,4094520,349402,8653350,0.461794,0.511322,Talarico,17.4763,-26.4113,2.06252,9.81219,0.730904,0.833884
28455,-1.3509,-2.22504,0.494365,0.475653,0.486497,0.0378496,4229180,4325590,336532,8891290,0.474493,0.269487,Paxton,15.2354,-28.5937,1.61268,12.1521,0.373394,0.596858
28460,0.085634,1.99614,0.502673,0.483614,0.47847,0.0379157,4539810,4491530,355925,9387270,0.500961,0.528736,Talarico,19.8807,-25.5381,0.810275,10.2308,0.746773,0.941492
28462,-1.38783,-1.8408,0.504438,0.476459,0.468076,0.0554651,4346410,4269940,505970,9122310,0.486821,0.679886,Talarico,14.7314,-26.9255,2.58065,10.4538,0.64625,0.979777
28467,1.89937,-1.99993,0.499093,0.477478,0.479213,0.043309,4079020,4093840,369982,8542840,0.455897,1.24269,Paxton,18.1649,-29.4898,2.85735,10.8746,0.467905,0.157464
28474,-1.16626,-1.42826,0.509518,0.486821,0.468633,0.0445456,4199070,4042190,384227,8625480,0.460305,0.373332,Talarico,16.4359,-25.8472,0.223767,13.5296,0.780928,0.726451
28483,1.3253,0.983482,0.510846,0.485151,0.464551,0.0502974,4465640,4276020,462969,9204630,0.491212,0.906323,Talarico,20.1683,-27.436,2.45424,8.94821,0.80417,0.751566
28504,-2.18287,-0.854617,0.490663,0.466557,0.484313,0.0491299,4511270,4682960,475051,9669280,0.516007,0.334258,Paxton,15.5665,-26.2939,1.027,11.3559,0.486929,0.419415
28506,0.267774,1.76617,0.497729,0.474498,0.478827,0.0466752,4346320,4385980,427537,9159840,0.488824,0.646493,Paxton,17.8977,-27.3686,0.642938,12.8916,0.689697,0.855349
28518,1.60875,-0.733323,0.466517,0.44444,0.508236,0.0473234,3980190,4551520,423806,8955520,0.477919,0.929287,Paxton,18.3939,-26.7333,-0.579534,13.946,0.0763699,0.0597697
28526,-0.676059,-2.45272,0.530394,0.507584,0.44941,0.0430061,4955400,4387460,419856,9762720,0.520995,0.0424132,Talarico,13.7025,-28.7554,2.8372,12.0698,0.175542,0.120972
28542,0.0959725,2.22935,0.533377,0.502958,0.440011,0.0570318,4926510,4309940,558631,9795090,0.522724,0.262161,Talarico,19.1306,-23.8652,-0.182731,10.9341,0.222594,0.17738399999999999
28544,0.0315135,-1.48869,0.496529,0.472759,0.479369,0.0478719,4205830,4264640,425886,8896360,0.474762,0.708902,Paxton,18.3201,-26.0936,0.602512,10.9216,0.681678,0.764189
28558,1.42709,-2.22785,0.532355,0.512827,0.450491,0.0366811,5001450,4393510,357740,9752700,0.520461,0.5287,Talarico,16.7138,-26.2192,-0.417501,13.565,0.17405,0.251654
28605,-0.792879,0.180624,0.496964,0.470285,0.476031,0.0536846,4030840,4080090,460134,8571060,0.457401,1.12415,Paxton,16.6067,-26.5078,-0.355928,14.5387,0.691618,0.244495
28691,-2.44852,-1.27902,0.512471,0.491439,0.467521,0.0410403,4928540,4688660,411584,10028800,0.535193,-0.162623,Talarico,14.8441,-25.0281,1.34528,11.8193,0.459372,0.0899441
28714,1.34287,-1.16329,0.526402,0.506311,0.455523,0.0381663,4955650,4458540,373562,9787750,0.522332,0.681108,Talarico,18.4617,-28.5861,0.16883,14.7932,0.47488,0.339314
28720,-1.94935,2.17379,0.53063,0.508095,0.449437,0.042468,4893610,4328660,409021,9631280,0.513981,0.318838,Talarico,13.0705,-23.9839,1.46674,10.7573,0.157342,0.267054
28730,-1.46872,-1.39448,0.502765,0.483855,0.478533,0.0376121,3979640,3935870,309355,8224870,0.438927,0.356422,Talarico,16.2403,-26.8193,1.03617,12.2051,0.775158,0.375243
28757,2.84623,-0.0978741,0.495303,0.472727,0.481692,0.0455814,4245060,4325560,409318,8979940,0.479222,0.997769,Paxton,22.1872,-26.6246,-0.884798,12.5199,0.455041,0.499056
28804,-1.80939,-0.552176,0.48863,0.473043,0.495057,0.0319009,4763180,4984840,321218,10069200,0.537354,-0.0499277,Paxton,15.5296,-27.134,1.20725,13.2331,0.497063,0.0540777
28844,-0.659296,1.7895,0.508814,0.4882,0.471286,0.0405146,4263090,4115390,353784,8732260,0.466005,0.463248,Talarico,16.6338,-26.4212,0.621598,12.7712,0.748504,0.83894
28845,-2.02494,1.57355,0.509509,0.489393,0.471125,0.0394824,4768260,4590270,384685,9743210,0.519954,0.382875,Talarico,16.4619,-23.6386,0.0447202,11.555,0.657624,0.659693
28848,-0.72453,-0.0662859,0.530559,0.509378,0.4507,0.0399221,4444380,3932400,348324,8725100,0.465623,0.618974,Talarico,19.3938,-28.1789,0.384482,12.2358,0.379195,0.389869
28909,-2.1352,0.25284,0.518133,0.497572,0.462745,0.0396837,4439530,4128790,354073,8922390,0.47615,0.0353955,Talarico,12.2186,-24.9377,0.982597,12.4326,0.666378,0.315823
28910,-1.68395,0.972004,0.543757,0.520526,0.43675,0.0427239,4740200,3977290,389067,9106550,0.485978,0.301658,Talarico,16.0371,-26.5989,2.36273,10.5788,0.126594,0.106328
28940,2.00904,-1.92215,0.525789,0.499012,0.450061,0.0509268,4147690,3740820,423293,8311800,0.44356,0.928799,Talarico,20.3572,-29.9103,2.95324,9.59916,0.233337,0.200224
28951,-2.11256,-0.0230188,0.495298,0.469728,0.478647,0.0516248,4390580,4473950,482541,9347080,0.498812,0.0422224,Paxton,14.0605,-26.8072,2.72629,10.3466,0.603016,0.277546
28976,0.892773,-2.30948,0.512846,0.494537,0.469762,0.0357014,4109780,3903890,296692,8310360,0.443491,1.24066,Talarico,18.4244,-28.0178,1.10779,11.906,0.557777,0.118657
28988,0.209313,-2.66749,0.485086,0.462248,0.490672,0.0470801,4170440,4426880,424760,9022080,0.481468,0.615995,Paxton,16.378,-27.3384,-0.838741,15.6079,0.172095,0.413155
29000,-1.01379,2.00952,0.512495,0.491932,0.467945,0.0401232,4872080,4634510,397379,9903970,0.528532,0.692425,Talarico,16.7642,-25.2723,-0.382725,13.1338,0.61987,0.427448
29061,1.62649,1.73566,0.490878,0.473585,0.491186,0.0352288,4117080,4270090,306259,8693420,0.463933,0.651972,Paxton,20.9064,-23.8594,-2.31031,13.7603,0.328208,0.539131
29099,-0.927052,0.689286,0.492739,0.471919,0.485827,0.0422536,5072690,5222180,454187,10749100,0.57363,0.52766,Paxton,16.4802,-26.1914,-0.904558,14.7957,0.482178,0.0421792
29105,1.34758,0.509609,0.515399,0.491706,0.462325,0.0459687,4556470,4284200,425976,9266660,0.494523,1.05837,Talarico,19.4746,-27.8104,0.658336,11.7611,0.823756,0.505836
29111,-1.52501,1.62842,0.530164,0.506651,0.448998,0.0443509,4373490,3875820,382844,8632150,0.460661,0.421613,Talarico,16.936,-26.9283,1.7267,10.745,0.374276,0.35171
29127,-0.488702,-0.219314,0.510662,0.488327,0.467934,0.0437389,4097000,3925910,366964,8389870,0.447733,0.454025,Talarico,16.904,-24.313,-0.180001,11.8916,0.805521,0.58601
29148,-1.15753,0.891491,0.521363,0.497841,0.457043,0.0451161,4894780,4493650,443582,9832020,0.524693,0.332921,Talarico,19.0391,-25.5854,1.61339,9.03062,0.589832,0.381831
29186,0.794408,-0.806712,0.49301,0.467528,0.480786,0.051685300000000003,3988190,4101290,440895,8530380,0.45523,0.768739,Paxton,19.426,-28.0678,1.86612,10.2578,0.663536,0.478862
29196,0.0238471,0.0706804,0.529719,0.511199,0.453839,0.0349627,4439500,3941360,303634,8684500,0.463456,0.945684,Talarico,17.9891,-25.3976,0.276511,10.924,0.401727,0.288397
29209,1.10631,-0.461372,0.481426,0.448159,0.482741,0.0690996,3828700,4124140,590330,8543180,0.455913,0.62991,Paxton,20.4372,-28.4644,1.17331,12.6104,0.335504,0.247176
29227,0.596364,0.992605,0.505217,0.479158,0.469262,0.0515798,4100940,4016250,441453,8558640,0.456738,1.01071,Talarico,20.6894,-25.3479,0.294912,10.7816,0.956845,0.322158
29251,2.25332,-1.93862,0.489074,0.467878,0.488784,0.0433383,4488110,4688640,415722,9592480,0.51191,0.905049,Paxton,19.9536,-27.8733,-0.26751,12.5782,0.216013,0.299909
29261,1.56314,0.70546,0.529915,0.50121,0.444621,0.0541692,4680320,4151880,505834,9338040,0.498334,0.819079,Talarico,20.3553,-28.0209,0.985836,11.2384,0.391353,0.334176
29285,0.354173,1.70844,0.505939,0.489785,0.478286,0.031929,3758380,3670150,245008,7673530,0.409504,0.989666,Talarico,18.2424,-28.526,2.07025,11.1605,0.845714,0.0878371
29298,1.50197,-0.630809,0.504122,0.482631,0.474738,0.0426311,4751710,4674010,419722,9845440,0.52541,0.772532,Talarico,20.1818,-27.7716,0.233775,12.6555,0.799195,0.499815
29299,0.59844,-0.554118,0.48835,0.469221,0.491608,0.0391718,4443700,4655720,370972,9470390,0.505397,0.741314,Paxton,17.8323,-26.7194,-0.150715,13.7366,0.506529,0.421884
29317,-1.93997,0.461475,0.519642,0.49926,0.461516,0.0392235,4256640,3934840,334415,8525890,0.454993,0.224705,Talarico,12.6118,-27.1525,1.21012,13.1759,0.628259,0.380618
29326,-1.40497,-0.747676,0.51707,0.500944,0.467869,0.0311873,4160280,3885600,259007,8304890,0.443197,0.333607,Talarico,15.4663,-27.844,2.42888,10.8542,0.761593,0.36613
29350,0.123537,1.03798,0.50307,0.481287,0.475413,0.0433001,4080350,4030540,367098,8477990,0.452433,0.222225,Talarico,18.2703,-26.9842,1.35376,10.7107,0.971905,0.428034
29411,-2.49398,-0.0076005,0.507713,0.483194,0.468513,0.0482929,4464010,4328380,446156,9238540,0.493022,0.325193,Talarico,12.6254,-27.5167,3.22106,11.3239,0.708557,0.845859
29412,2.34786,-1.133,0.498612,0.480939,0.483616,0.0354455,4703100,4729280,346622,9779000,0.521864,0.905243,Paxton,20.0913,-28.4509,0.326449,13.5408,0.671476,0.380558
29420,-0.766385,-1.45413,0.489561,0.471241,0.491339,0.03742,4497290,4689090,357118,9543500,0.509295,0.235652,Paxton,17.5751,-25.7074,-0.210161,13.1873,0.407605,0.353071
29445,-0.302988,0.114149,0.493986,0.477122,0.488739,0.0341385,4151620,4252700,297052,8701380,0.464356,0.481415,Paxton,16.8461,-26.6993,-0.697186,15.2991,0.577772,0.609455
29463,0.0821675,1.88299,0.504908,0.48039,0.471052,0.0485579,4407920,4322230,445553,9175710,0.489669,0.625185,Talarico,18.4917,-24.3495,-0.378602,11.1868,0.810325,0.9827
29476,0.314546,-0.0754147,0.503543,0.47752,0.4708,0.0516801,4314950,4254220,466990,9036160,0.482221,0.33711,Talarico,15.9861,-27.4175,-1.89836,17.0786,0.80534,0.861485
29485,2.32533,-1.52565,0.508813,0.478493,0.461917,0.0595907,4048120,3907890,504147,8460160,0.451485,1.09194,Talarico,21.2991,-28.015,-1.28004,15.4698,0.543327,0.219186
29489,-2.10506,-0.278457,0.520524,0.500595,0.461119,0.0382858,5204750,4794320,398063,10397100,0.554854,0.281562,Talarico,15.7076,-26.8528,1.31359,11.999,0.614432,0.0906042
29500,-0.177385,-0.765909,0.494134,0.467363,0.478459,0.0541774,4531970,4639560,525352,9696880,0.517482,0.485525,Paxton,20.0456,-26.5698,1.2166,8.78465,0.594122,0.4819
29524,1.06482,0.723064,0.491372,0.470437,0.486959,0.0426037,4357850,4510900,394655,9263410,0.49435,0.804884,Paxton,18.5358,-27.1027,0.658216,12.1163,0.524506,0.549958
29528,3.0919,-0.253046,0.524356,0.488736,0.443333,0.0679309,4716820,4278630,655605,9651060,0.515038,0.991975,Talarico,23.5194,-27.9594,1.09043,9.71356,0.305803,0.256648
29549,1.73686,0.757432,0.516672,0.497615,0.465502,0.0368831,4755680,4448770,352490,9556940,0.510013,1.10666,Talarico,20.243,-27.6568,-0.587168,13.6512,0.795561,0.337072
29554,-0.437694,1.41285,0.526191,0.498568,0.448935,0.0524968,4069510,3664390,428500,8162400,0.435592,0.409894,Talarico,17.1384,-26.1976,-0.153543,12.938,0.404242,0.203178
29566,-2.72233,1.14077,0.500079,0.477799,0.477649,0.0445516,4147280,4145980,386706,8679960,0.463217,-0.277859,Talarico,9.33397,-24.9961,2.24647,11.7011,0.515375,0.100143
29570,-2.12156,-0.555078,0.492613,0.47,0.484097,0.0459029,4631340,4770240,452323,9853900,0.52586,0.0082943,Paxton,16.8207,-25.0835,0.147865,11.9016,0.589866,0.10903500000000001
29575,1.39805,1.14397,0.529338,0.507628,0.451359,0.0410138,5053390,4493240,408289,9954920,0.531253,0.765498,Talarico,18.5625,-28.1854,0.628793,13.816,0.398888,0.186957
29614,-1.40775,0.289018,0.499675,0.472715,0.473329,0.0539551,4380730,4386420,500011,9267160,0.494549,0.452784,Paxton,15.4636,-26.4964,2.50388,10.3925,0.753522,0.9022
29616,-0.536418,0.404103,0.5135,0.495975,0.469897,0.0341279,4602910,4360890,316725,9280520,0.495262,0.621439,Talarico,18.6567,-26.7946,0.416961,12.2917,0.749315,0.958579
29642,0.242512,0.191013,0.48628,0.464347,0.49055,0.0451034,4149540,4383700,403058,8936310,0.476896,0.88798,Paxton,16.4442,-28.3899,0.743679,13.6715,0.364186,0.346415
29646,-1.0136,2.30585,0.516332,0.484678,0.454016,0.061306,4636390,4343090,586449,9565930,0.510495,0.206321,Talarico,17.1089,-25.333,-0.0164769,12.4078,0.512928,0.506177
29715,0.095027,-0.805406,0.496306,0.467755,0.474717,0.0575284,4856210,4928500,597258,10382000,0.554045,0.576573,Paxton,19.4079,-27.1745,0.766486,11.3567,0.659302,0.171808
29735,-0.147465,-2.6013,0.50424,0.48479,0.476636,0.0385739,3887740,3822360,309341,8019440,0.427967,0.751075,Talarico,15.5649,-28.6736,1.33844,14.0133,0.324842,0.223027
29742,1.76212,0.677129,0.487135,0.469062,0.493839,0.0370991,3937950,4145950,311460,8395360,0.448027,0.991808,Paxton,20.2305,-26.1334,-0.40095,12.7178,0.338211,0.194536
29746,3.18921,-0.298641,0.53247,0.510228,0.448001,0.0417709,4400870,3864150,360287,8625300,0.460298,1.75839,Talarico,23.9633,-27.3159,-2.04717,14.1238,0.117662,0.0111219
29781,-1.27091,1.1868,0.481122,0.461845,0.498087,0.040068,4187640,4516250,363304,9067190,0.48388,0.163917,Paxton,13.483,-27.2476,2.19007,11.5198,0.236868,0.201272
29784,2.99041,-0.138509,0.503679,0.476091,0.469137,0.0547723,4214560,4153000,484868,8852430,0.472417,1.45399,Talarico,23.8586,-27.9018,-2.4762,15.2916,0.49516,0.0938364
29796,-1.26332,-0.248633,0.53123,0.503673,0.444453,0.0518732,5254590,4636780,541169,10432500,0.556742,0.463949,Talarico,14.3722,-27.8585,2.13334,12.713,0.393813,0.0599617
29806,-2.05845,-0.317688,0.527266,0.51069,0.457873,0.031437,4330710,3882810,266589,8480120,0.452546,0.178755,Talarico,12.014,-27.0718,2.27483,12.2719,0.406156,0.227096
29819,-1.20133,-1.02829,0.521788,0.505381,0.463175,0.0314433,4316850,3956340,268582,8541780,0.455838,0.70215,Talarico,17.0235,-27.3048,0.338298,13.0565,0.579249,0.517974
29848,-2.69204,1.50518,0.530432,0.512543,0.453731,0.0337254,5042860,4464220,331821,9838900,0.525061,-0.174485,Talarico,14.6545,-22.9948,2.18633,8.17368,0.187597,0.0338052
29853,2.22368,-1.7622,0.515059,0.502272,0.472903,0.0248255,4802820,4521980,237386,9562190,0.510293,1.10457,Talarico,21.646,-28.3791,0.251408,11.676,0.360467,0.348309
29865,1.40451,1.00084,0.490978,0.471631,0.488963,0.039406,4679300,4851270,390968,9921540,0.529472,0.770187,Paxton,21.6849,-25.102,-1.42158,12.2405,0.447795,0.282146
29916,0.78985,-2.07882,0.506322,0.484121,0.472031,0.0438478,3686720,3594660,333914,7615300,0.406397,0.203552,Talarico,13.8981,-29.0335,0.0498902,16.3548,0.690666,0.0941035
29962,1.77223,0.00433915,0.52365,0.506041,0.46033,0.033629,4867910,4428200,323498,9619610,0.513359,0.827972,Talarico,20.8018,-27.9016,0.495039,11.3566,0.552833,0.42103
29964,-1.8505,-0.188828,0.503475,0.483933,0.477253,0.0388139,4453690,4392210,357208,9203100,0.491133,0.459867,Talarico,15.5454,-28.5788,3.22467,10.9886,0.779288,0.96475
29981,0.822714,0.613227,0.526201,0.499903,0.450121,0.0499755,4282530,3856060,428126,8566720,0.457172,0.599515,Talarico,18.7892,-26.9981,0.707171,11.2945,0.558686,0.48136
29994,-0.375209,-2.61215,0.513772,0.493646,0.467181,0.039173,4721990,4468840,374711,9565540,0.510472,0.36589699999999997,Talarico,17.094,-28.3554,3.78666,8.26612,0.320362,0.74987
30010,-0.457377,-0.371401,0.516186,0.490466,0.459707,0.0498262,4342170,4069860,441119,8853150,0.472456,0.806463,Talarico,18.3094,-25.3502,1.83475,9.82175,0.669358,0.714192
30033,-1.96054,1.75794,0.514083,0.494302,0.46722,0.0384775,4169970,3941510,324599,8436080,0.450198,0.127635,Talarico,14.3974,-25.3602,0.645254,12.6869,0.594815,0.304688
30100,1.05605,-0.61838,0.521017,0.49677,0.456691,0.0465387,4885560,4491400,457692,9834650,0.524835,1.01358,Talarico,20.0283,-27.4626,-0.199045,12.5215,0.547223,0.199918
30148,1.69002,-0.339512,0.512375,0.489693,0.466038,0.0442699,4956790,4717350,448111,10122200,0.540182,0.552824,Talarico,19.2382,-29.8271,0.633798,14.6874,0.803366,0.28879
30220,-1.33679,-1.5387,0.512252,0.492319,0.468769,0.0389126,4271620,4067280,337626,8676530,0.463029,0.476443,Talarico,16.2709,-26.7949,1.04608,12.7242,0.660435,0.783923
30230,-1.94259,0.650704,0.506611,0.487621,0.474895,0.0374848,4681550,4559370,359884,9600800,0.512354,0.314559,Talarico,13.9644,-27.3204,1.84193,12.8379,0.854857,0.678171
30243,1.45647,0.0731459,0.507884,0.484309,0.469273,0.0464187,3692200,3577570,353880,7623660,0.406845,0.705545,Talarico,18.1243,-28.0185,-0.555876,14.7406,0.789871,0.142353
30250,-2.07546,-1.42865,0.495502,0.465181,0.473627,0.0611918,4046220,4119680,532256,8698160,0.464184,0.139956,Paxton,13.0244,-27.563,2.51718,11.2494,0.54179,0.369474
30275,0.540608,1.25966,0.48596,0.469353,0.496473,0.0341749,4579030,4843610,333412,9756050,0.520638,1.02396,Paxton,18.7141,-24.7626,-0.598843,12.0156,0.328788,0.153331
30294,-1.16544,1.37397,0.504163,0.478084,0.47019,0.0517255,4107840,4040010,444441,8592300,0.458535,0.70275,Talarico,15.8819,-26.6715,2.50862,10.8153,0.822837,0.676414
30300,-1.94801,1.79775,0.48529,0.456185,0.483841,0.0599744,3780220,4009400,496984,8286610,0.442221,0.44902,Paxton,17.3124,-25.6587,0.453316,12.5745,0.239451,0.194666
30306,-2.09106,-1.71841,0.506845,0.491581,0.478303,0.0301167,4324750,4207940,264956,8797640,0.469489,0.512721,Talarico,14.3304,-26.2173,1.52628,11.4239,0.508554,0.86106
30308,-2.19182,0.0167579,0.488986,0.468729,0.489844,0.0414267,4278020,4470740,378095,9126850,0.487062,0.197237,Paxton,12.0203,-25.4534,1.5562,13.0056,0.407005,0.383079
30318,0.969663,-0.889037,0.50683,0.477909,0.465028,0.0570628,4321730,4205250,516019,9043000,0.482588,0.839941,Talarico,18.7593,-28.2302,0.630732,12.3324,0.79447,0.864011
30342,1.62142,1.33893,0.499849,0.476662,0.47695,0.0463887,4068040,4070500,395901,8534430,0.455448,0.631027,Paxton,20.1215,-26.5377,-0.00551291,12.3974,0.624113,0.665839
30380,-1.49313,-1.81122,0.488606,0.464606,0.486275,0.049119,4057520,4246770,428969,8733260,0.466055,0.281383,Paxton,16.989,-27.4418,1.08001,12.6689,0.412354,0.384979
30398,0.798597,1.04989,0.505292,0.48573,0.475557,0.0387128,4287500,4197700,341715,8826920,0.471054,0.495991,Talarico,17.7113,-27.0771,1.80506,10.3093,0.937017,0.86334
30401,-0.280865,0.712299,0.486555,0.471214,0.497255,0.0315314,4170470,4400950,279068,8850490,0.472312,0.64868,Paxton,17.4224,-26.7314,-0.904638,15.2655,0.326761,0.44532
30410,1.27281,2.00385,0.479073,0.460805,0.501063,0.0381316,4260440,4632650,352551,9245650,0.493402,1.32569,Paxton,22.3569,-23.8572,-2.07726,13.076,0.151119,0.0532549
30424,1.67427,-0.490292,0.506268,0.489155,0.477042,0.0338038,5109130,4982610,353074,10444800,0.557394,0.828782,Talarico,18.1983,-28.8617,0.0611385,14.0965,0.815884,0.131303
30430,1.61334,1.61063,0.494026,0.477042,0.48858,0.0343781,4885560,5003720,352078,10241400,0.54654,1.11012,Paxton,21.7343,-25.9409,-1.06655,13.2899,0.409351,0.0764207
30455,0.373123,-1.76815,0.48602,0.462941,0.489574,0.0474852,3885060,4108560,398501,8392120,0.447852,0.768767,Paxton,17.3588,-27.2419,2.02657,10.2123,0.30833,0.248998
30457,1.95921,0.107033,0.498724,0.46928,0.471681,0.0590396,4643230,4666990,584160,9894380,0.528021,0.916653,Paxton,21.9492,-27.1465,0.0372777,11.4195,0.696724,0.329376
30462,1.0676,0.0706937,0.526387,0.490689,0.441494,0.0678173,4590260,4130050,634412,9354720,0.499222,0.546259,Talarico,18.459,-28.2882,1.59632,12.4179,0.471546,0.551528
30479,2.82042,0.40874,0.520029,0.501103,0.462503,0.036394,4795380,4425990,348278,9569650,0.510693,0.687353,Talarico,20.0788,-27.2403,-1.20103,14.0494,0.403367,0.623679
30502,0.963848,-2.14812,0.529818,0.497678,0.44166,0.060662,4539160,4028240,553279,9120690,0.486732,0.957679,Talarico,17.9992,-27.1621,3.10756e-4,13.4079,0.254138,0.266442
30531,2.03303,-1.31329,0.493774,0.467379,0.479165,0.0534557,3906180,4004690,446763,8357630,0.446011,0.51888,Paxton,18.673,-27.8441,0.457233,13.3643,0.604027,0.441555
30560,2.22199,0.500306,0.522403,0.498926,0.456133,0.0449418,4627820,4230890,416861,9275580,0.494999,0.747732,Talarico,20.305,-25.7021,0.778341,9.61218,0.579715,0.65868
30576,0.286752,-2.78576,0.511228,0.480691,0.459577,0.0597321,4167060,3984010,517810,8668880,0.462623,0.0432634,Talarico,15.6898,-27.3852,0.673924,13.8049,0.29035300000000003,0.338058
30597,0.881596,-0.598109,0.497819,0.46689,0.470981,0.0621286,4203190,4240020,559314,9002520,0.480428,0.385459,Paxton,18.9974,-27.1435,-0.858404,13.968,0.721366,0.813123
30667,2.36803,-0.509776,0.488416,0.473481,0.495941,0.0305773,3887940,4072370,251082,8211390,0.438209,0.879009,Paxton,19.6255,-27.5255,-0.619437,14.0195,0.438829,0.179903
30670,0.411104,-2.49729,0.48735,0.463945,0.488031,0.0480239,3176620,3341530,328818,6846960,0.365391,0.480584,Paxton,16.9326,-29.2438,3.09137,10.9629,0.271961,0.00955514
30681,-2.05119,-0.583974,0.515154,0.489083,0.460309,0.0506076,4390810,4132490,454336,8977630,0.479097,0.0478914,Talarico,11.3896,-27.8427,3.07924,12.0432,0.740595,0.397832
30733,1.10957,-1.6417,0.510093,0.485334,0.466127,0.0485383,4128160,3964800,412858,8505820,0.453922,0.650413,Talarico,17.0335,-29.5998,2.75648,10.6913,0.777502,0.62962
30752,1.52811,1.95559,0.499672,0.475078,0.475701,0.0492215,4135140,4140560,428431,8704140,0.464504,0.930598,Paxton,21.8202,-24.1389,-1.51797,12.0243,0.397461,0.53897
30753,-0.458362,-0.893372,0.501881,0.484256,0.480626,0.0351173,4406070,4373040,319519,9098630,0.485558,0.816309,Talarico,16.5762,-25.8593,0.982625,11.9471,0.688816,0.887499
30792,-0.61664,-1.49981,0.507456,0.478717,0.46465,0.0566325,4515740,4383050,534214,9433000,0.503398,0.512526,Talarico,16.5393,-24.4533,-0.969887,13.1293,0.832154,0.950263
30804,-2.01622,0.806963,0.523653,0.490893,0.446546,0.0625617,4908420,4465000,625553,9998970,0.533604,0.0809365,Talarico,15.76,-26.1828,3.01818,9.53277,0.517949,0.162204
30824,1.26968,2.14962,0.523607,0.501053,0.455873,0.0430738,4585550,4172070,394204,9151820,0.488392,0.545666,Talarico,20.2646,-24.2683,-0.0893945,10.7187,0.315533,0.694619
30860,1.36652,-1.68594,0.497498,0.48282,0.487677,0.0295031,4378740,4422780,267566,9069090,0.48398,1.13885,Paxton,19.6443,-26.6061,-0.470472,13.1777,0.744548,0.34162
30885,0.558648,-1.55322,0.510684,0.481666,0.461513,0.0568206,4201710,4025910,495662,8723280,0.465526,0.574451,Talarico,16.5278,-27.5597,0.416191,13.1139,0.753474,0.811538
30929,-0.918639,1.6047,0.477616,0.462112,0.505426,0.0324621,4525630,4949820,317913,9793360,0.522632,0.269598,Paxton,15.4805,-24.9809,0.932893,11.1727,0.150006,0.118169
30980,0.0197225,-2.49104,0.474549,0.445207,0.492962,0.0618305,4114500,4555840,571423,9241760,0.493195,0.655368,Paxton,17.2629,-26.9783,1.21459,11.167,0.105194,0.156287
31001,-1.49264,1.62252,0.540951,0.517437,0.439096,0.0434665,5006800,4248750,420588,9676140,0.516374,0.144831,Talarico,15.0779,-26.8032,0.570544,13.6258,0.134569,0.0745564
31006,-1.02794,2.37613,0.498526,0.467902,0.47067,0.0614275,3862120,3884970,507030,8254120,0.440489,0.546758,Paxton,15.9127,-23.6508,-1.36853,15.3816,0.428283,0.429202
31017,-0.771029,-1.23109,0.478479,0.456819,0.497913,0.0452676,4393960,4789220,435411,9618590,0.513305,0.13659,Paxton,15.8084,-26.5766,0.620569,13.3887,0.192784,0.107872
31071,0.408581,-1.94252,0.499471,0.48001,0.481026,0.0389632,4198230,4207120,340777,8746130,0.466744,0.556604,Paxton,17.1852,-26.6041,-0.181427,13.8547,0.72816,0.759837
31074,-0.124456,2.60466,0.50495,0.480904,0.471476,0.0476206,4780120,4686400,473342,9939860,0.530449,0.730555,Talarico,20.9263,-22.8252,-1.81663,11.9694,0.349042,0.456368
31147,1.7684,-1.61009,0.515028,0.487979,0.459502,0.0525182,4372760,4117580,470613,8960950,0.478208,0.75752,Talarico,22.7528,-28.4938,-0.386882,13.0455,0.536911,0.834899
31186,0.281507,-0.486044,0.489748,0.466746,0.486288,0.0469667,4502030,4690520,453020,9645560,0.514743,0.69438,Paxton,15.5316,-25.5161,-0.904852,14.3217,0.536714,0.400767
31192,2.62518,-1.05742,0.488235,0.469469,0.492096,0.0384352,4259730,4465030,348742,9073510,0.484214,1.1463,Paxton,22.4936,-27.666,-1.06992,12.4277,0.39283,0.228962
31233,-0.324054,1.71245,0.522308,0.499158,0.456519,0.0443235,4086820,3737720,362896,8187440,0.436927,0.523409,Talarico,16.9259,-25.9759,1.01954,11.9488,0.525821,0.277194
31244,-0.345937,-0.275505,0.498619,0.475969,0.478606,0.0454253,3995790,4017930,381349,8395080,0.44801,0.294865,Paxton,16.188,-27.263,1.77358,12.1507,0.707165,0.417211
31255,-1.04169,-1.26213,0.501861,0.483786,0.480198,0.0360169,4596770,4562680,342220,9501660,0.507065,0.220799,Talarico,17.7285,-27.3924,1.43139,11.1927,0.742178,0.519524
31307,-1.36104,-1.52452,0.514473,0.49073,0.46312,0.0461504,4344830,4100380,408607,8853810,0.472491,0.700579,Talarico,14.7473,-26.6687,-0.251143,15.4305,0.589295,0.807784
31329,-1.89078,-1.7782,0.496514,0.47743,0.484134,0.0384361,4277720,4337780,344383,8959880,0.478154,-0.0899281,Paxton,14.2058,-28.0656,1.22523,14.3894,0.516637,0.188318
31331,-0.139891,-0.636783,0.481946,0.457971,0.492284,0.0497454,4252040,4570610,461862,9284520,0.495475,0.248447,Paxton,14.706,-27.4095,0.487544,14.5407,0.329957,0.251332
31334,1.7414,0.247362,0.483282,0.459292,0.491068,0.0496405,3632680,3884010,392622,7909310,0.422088,1.48651,Paxton,21.2376,-26.2152,-0.785796,12.7697,0.288434,0.0237199
31370,1.99204,0.824862,0.511833,0.490255,0.467586,0.0421587,4917300,4689920,422855,10030100,0.535263,1.00255,Talarico,21.3764,-26.0684,-0.0976409,11.5339,0.791472,0.198457
31422,2.18189,1.72166,0.52478,0.492975,0.446419,0.0606056,4648530,4209520,571482,9429530,0.503214,1.21091,Talarico,22.9081,-26.2684,-0.399933,11.4922,0.243049,0.165382
31425,3.0511,-0.913715,0.51845,0.498894,0.463386,0.0377197,4444050,4127750,335999,8907800,0.475371,0.806628,Talarico,19.8112,-28.8613,0.472988,11.7189,0.239666,0.702637
31459,-1.1859,0.19501,0.496411,0.476588,0.48348,0.0399314,3926030,3982800,328946,8237780,0.439615,0.348832,Paxton,15.0769,-27.0249,1.22822,12.5498,0.668108,0.326485
31460,2.4329,0.866353,0.513955,0.49791,0.470872,0.0312177,4608970,4358690,288971,9256640,0.49399,1.07036,Talarico,20.7703,-28.541,-0.251753,13.2332,0.599242,0.497896
31497,-0.0481897,0.0504609,0.47366,0.452798,0.503159,0.0440426,4081200,4535110,396968,9013280,0.481,0.834121,Paxton,18.4197,-26.5148,1.465,11.2412,0.117816,0.134277
31499,1.53603,0.985827,0.507931,0.491441,0.476095,0.0324638,4176530,4046110,275895,8498540,0.453532,0.617648,Talarico,19.2297,-26.5712,-0.0859138,13.0707,0.807628,0.6637
31501,0.980436,2.10368,0.548858,0.522603,0.429561,0.047836,4882240,4013030,446892,9342170,0.498554,0.683145,Talarico,19.5074,-27.5364,0.785873,12.2776,0.047,0.0629214
31526,0.682153,0.0236658,0.518498,0.486305,0.451606,0.0620892,4740230,4402000,605211,9747440,0.520179,0.804223,Talarico,16.4304,-28.0754,0.457194,14.7663,0.682587,0.457404
31554,2.54648,-1.43391,0.490812,0.471412,0.489061,0.039527,3996810,4146440,335125,8478380,0.452458,0.949595,Paxton,20.6076,-27.556,-1.16486,13.7024,0.373584,0.281102
31558,-0.899823,1.47885,0.49777,0.478492,0.482779,0.0387291,4532750,4573360,366880,9472990,0.505537,0.916899,Paxton,15.0326,-25.6291,0.210868,13.4054,0.735384,0.550182
31578,0.316448,0.783912,0.504773,0.478693,0.46964,0.0516668,4274470,4193640,461357,8929460,0.476527,0.233886,Talarico,15.9405,-27.9683,0.831667,13.2876,0.93847,0.702367
31652,0.768633,0.22984,0.463988,0.448872,0.51855,0.0325786,3831610,4426380,278094,8536080,0.455536,0.584661,Paxton,17.9356,-25.7887,-0.597363,12.7285,0.0614563,0.0318503
31663,1.92408,-0.131462,0.498097,0.476056,0.479693,0.0442513,4520060,4554600,420158,9494820,0.506697,1.159,Paxton,21.0819,-27.3587,0.284796,11.7021,0.693056,0.278027
31731,-2.29632,-0.761545,0.502529,0.478372,0.473558,0.0480695,4688070,4640890,471083,9800050,0.522988,-0.0515035,Talarico,12.1701,-27.966,3.26436,11.617,0.64344,0.207351
31742,-1.00407,-1.6489,0.505591,0.487166,0.476392,0.0364421,4286960,4192140,320683,8799790,0.469609,0.20234,Talarico,17.104,-25.9951,0.394874,12.0453,0.791357,0.607211
31749,0.37974,1.41869,0.498866,0.475634,0.477796,0.0465704,4751320,4772920,465212,9989450,0.533094,0.558421,Paxton,16.9644,-26.9828,0.342384,13.6987,0.828646,0.433209
31775,0.768726,-1.07294,0.500388,0.478791,0.478049,0.0431604,4105490,4099130,370088,8574700,0.457597,0.940318,Talarico,17.6175,-26.5196,0.78243,11.5609,0.788608,0.426856
31817,0.68465,1.19901,0.532115,0.508039,0.446716,0.0452447,4654930,4093050,414556,9162540,0.488969,0.732674,Talarico,17.1828,-26.9748,0.551756,13.417,0.351204,0.365654
31826,2.17034,0.942905,0.517581,0.487023,0.453937,0.0590401,4620510,4306620,560129,9487260,0.506296,0.902344,Talarico,21.2729,-26.9118,-0.105671,12.2171,0.642794,0.575237
31829,-2.16762,-0.636723,0.520524,0.504831,0.46502,0.0301487,4646430,4280020,277487,9203940,0.491174,0.0373944,Talarico,15.321,-27.2479,2.56216,10.6308,0.545146,0.303542
31846,2.11146,-1.65163,0.514586,0.490233,0.462441,0.0473259,4321140,4076170,417152,8814460,0.470392,0.65839,Talarico,17.73,-29.0988,-0.115841,14.3783,0.459326,0.794395
31873,2.41986,0.0307208,0.535104,0.517817,0.449877,0.0323059,4835690,4201230,301692,9338610,0.498364,1.64193,Talarico,21.505,-27.0027,-0.0165294,12.234,0.191171,0.0118939
31915,-0.346205,0.0890424,0.502724,0.486694,0.481419,0.0318873,5002730,4948510,327770,10279000,0.548547,0.948605,Talarico,18.2822,-27.9372,2.49604,10.3077,0.829057,0.160474
31922,0.12677,-2.4332,0.494196,0.478891,0.490138,0.0309709,4249620,4349430,274832,8873880,0.473562,0.450285,Paxton,15.344,-28.5537,2.04463,11.4471,0.41907,0.65927500000000006
31942,-1.80695,-0.367517,0.501909,0.479121,0.475475,0.0454037,4281510,4248930,405735,8936170,0.476885,0.265696,Talarico,18.2582,-26.5138,1.84852,10.2144,0.757822,0.74647
31972,-1.23783,-1.98428,0.499622,0.478748,0.479472,0.0417804,4462940,4469690,389481,9322110,0.497481,0.378279,Paxton,14.4772,-27.8728,1.96041,12.7538,0.556029,0.806389
31988,2.35733,-1.6469,0.520798,0.500946,0.460936,0.0381182,4300080,3956630,327203,8583910,0.458088,1.25502,Talarico,20.9422,-30.6541,-0.304014,15.0884,0.274021,0.0892425
31998,0.148658,-2.19799,0.52216,0.500864,0.458351,0.0407842,4868360,4455130,396419,9719910,0.518708,0.472821,Talarico,19.2619,-29.0497,1.2108,12.1916,0.489143,0.473816
32004,1.29867,-0.779002,0.518047,0.495563,0.461036,0.0434006,4793910,4459910,419843,9673660,0.516244,0.413955,Talarico,18.021,-29.702,2.04935,12.1551,0.602502,0.578776
32020,0.449441,-0.235414,0.464433,0.440507,0.507977,0.051516,4176920,4816680,488479,9482090,0.506022,0.768682,Paxton,18.437,-26.9404,1.12143,11.4164,0.0605622,0.0455186
32025,0.064402,-0.988933,0.504009,0.479579,0.47195,0.0484711,3842720,3781590,388384,8012690,0.427606,0.635319,Talarico,16.5106,-27.3703,1.85145,11.3184,0.723148,0.234304
32047,-1.39927,-1.3083,0.51768,0.500051,0.465895,0.0340541,3869160,3604880,263495,7737540,0.41292,0.918576,Talarico,15.1741,-27.8066,1.42827,12.3345,0.572844,0.107441
32061,0.830075,-0.803737,0.535407,0.514183,0.446176,0.0396412,4331420,3758530,333933,8423880,0.449548,0.724799,Talarico,18.7162,-27.3335,1.67455,10.4368,0.179593,0.136846
32065,-1.437,1.21367,0.513415,0.494422,0.468583,0.036995,4119630,3904340,308250,8332220,0.444655,0.617617,Talarico,16.1022,-26.4372,2.00102,11.0395,0.806931,0.479902
32138,3.10287,-0.801113,0.526889,0.495723,0.445125,0.0591518,4824350,4331940,575662,9731940,0.519354,1.59746,Talarico,21.1749,-29.2196,0.236238,12.8613,0.155745,0.0240533
32154,-0.411299,0.530257,0.520851,0.505952,0.465442,0.028606,4424200,4069970,250140,8744320,0.466648,0.597826,Talarico,18.4946,-26.634,0.0922127,12.624,0.603996,0.667928
32161,0.459734,2.24452,0.511647,0.494194,0.471694,0.0341123,4401180,4200800,303797,8905780,0.475264,0.540647,Talarico,19.4187,-27.0705,0.0753946,12.3288,0.53397,0.870861
32173,-1.90007,-0.362714,0.510474,0.48823,0.468195,0.043575,4642790,4452260,414373,9509420,0.507478,0.55942,Talarico,16.8188,-28.3932,2.49528,11.337,0.834366,0.905712
32178,2.13942,-1.3498000000000001,0.484399,0.464193,0.494094,0.0417132,4009740,4268020,360322,8638080,0.460977,0.768085,Paxton,19.066,-25.8474,-0.769589,13.1761,0.340042,0.311969
32192,0.67504,1.99859,0.51938,0.503325,0.465762,0.0309131,4579280,4237530,281249,9098060,0.485524,0.964684,Talarico,18.6701,-25.639,-0.964479,13.9268,0.533036,0.555805
32302,-2.53932,-0.445831,0.499919,0.477433,0.477587,0.0449798,4488860,4490310,422903,9402070,0.501748,0.0508702,Paxton,14.0638,-25.7205,2.56094,9.9453,0.578757,0.333588
32342,1.82543,0.416585,0.494612,0.470934,0.481194,0.0478715,4109390,4198920,417728,8726030,0.46567,1.0795,Paxton,21.1469,-27.8033,0.3918,11.7222,0.604299,0.337514
32352,1.58222,1.59781,0.521807,0.494129,0.452828,0.0530429,4134790,3789190,443854,8367840,0.446555,1.05172,Talarico,19.9285,-27.0158,1.11295,10.115,0.459857,0.17896
32371,-1.23045,0.137696,0.498663,0.477324,0.479885,0.042791,4984780,5011520,446874,10443200,0.557309,0.356506,Paxton,16.3671,-27.0329,0.893447,12.5638,0.755987,0.113509
32384,-1.4998,0.735092,0.511652,0.493995,0.471494,0.034511,4649870,4438080,324845,9412800,0.502324,0.1455,Talarico,14.9313,-28.5635,1.55644,13.9697,0.832593,0.565466
32390,1.59072,-0.138805,0.469204,0.452049,0.511389,0.0365621,4121410,4662410,333343,9117160,0.486544,0.855992,Paxton,20.3206,-27.4401,-0.705175,13.3965,0.088748,0.0847592
32407,-1.58488,1.0187,0.517728,0.493343,0.459556,0.0471008,4279250,3986190,408552,8674000,0.462898,-0.279747,Talarico,16.0922,-26.2785,0.383675,12.158,0.718902,0.0637812
32425,-2.58794,1.34003,0.502699,0.479461,0.474313,0.0462259,4430150,4382580,427120,9239850,0.493093,-0.285868,Talarico,10.0314,-23.438,0.716255,12.7078,0.546524,0.0897439
32445,0.0384067,-0.875679,0.491582,0.466461,0.482436,0.0511032,4167720,4310450,456595,8934760,0.476811,0.626429,Paxton,18.3699,-26.9586,0.0146211,12.9389,0.574356,0.619399
32513,0.452848,-0.782009,0.482405,0.463895,0.497735,0.0383704,3707500,3977960,306661,7992120,0.426506,0.962884,Paxton,20.3814,-27.6934,0.0305597,12.88,0.353439,0.0626522
32524,-2.60647,1.21404,0.51563,0.491782,0.461968,0.0462498,4607880,4328520,433349,9369750,0.500022,0.0307086,Talarico,13.698,-24.4349,0.756515,12.6013,0.514181,0.360567
32558,-1.05167,1.00994,0.501055,0.481839,0.47981,0.0383511,4768130,4748060,379511,9895700,0.528095,-0.223984,Talarico,14.6185,-25.5893,0.0996671,13.2826,0.793352,0.0962626
32564,0.447141,-2.45483,0.516907,0.487648,0.455747,0.0566047,4557170,4259050,528983,9345210,0.498713,0.579717,Talarico,14.268,-29.2176,3.27082,11.4006,0.476849,0.870561
32592,1.82133,-0.909724,0.500923,0.479944,0.478176,0.04188,4807430,4789720,419497,10016600,0.534546,0.952185,Talarico,20.098,-28.4631,-0.699691,15.0238,0.782616,0.272412
32593,2.64573,-0.916439,0.514112,0.490209,0.463298,0.0464937,4580540,4329080,434440,9344070,0.498652,1.18904,Talarico,21.5349,-25.8621,-2.01852,15.0523,0.518988,0.360755
32609,-1.84883,1.20352,0.49271,0.474326,0.488362,0.0373118,5051190,5200670,397341,10649200,0.568303,0.124704,Paxton,13.7146,-25.525,1.58108,10.6721,0.536635,0.0232062
32622,-0.840226,0.246664,0.516111,0.495013,0.464109,0.0408782,4180720,3919720,345244,8445680,0.450711,0.81165,Talarico,17.6248,-27.0851,1.63126,11.6223,0.68354,0.431347
32633,-1.71399,-0.297602,0.522585,0.486389,0.444348,0.0692636,4903070,4479270,698216,10080600,0.537957,0.363046,Talarico,15.7547,-28.3112,2.39314,10.7949,0.608595,0.208231
32652,3.15833,-0.130513,0.527457,0.506079,0.453391,0.0405302,4404260,3945730,352723,8702710,0.464426,1.48954,Talarico,23.4335,-27.9471,-0.396605,11.2276,0.221807,0.0347503
32656,1.57671,1.67276,0.510979,0.48449,0.463671,0.0518386,4733100,4529710,506423,9769230,0.521341,1.04032,Talarico,17.971800000000002,-25.3517,-1.6503,15.0774,0.645208,0.284938
32701,1.71219,0.150457,0.512719,0.488122,0.463905,0.0479729,4481260,4258930,440420,9180610,0.48993,1.20618,Talarico,20.3627,-27.9772,0.745873,11.6477,0.853874,0.360239
32706,0.654076,-0.641453,0.50302500000000006,0.48186,0.476066,0.0420743,3988900,3940940,348297,8278140,0.441769,0.784602,Talarico,20.3233,-29.3018,0.936428,12.1092,0.772202,0.35311
32729,-0.150867,-2.61302,0.499452,0.479562,0.480614,0.0398238,4674410,4684670,388173,9747250,0.520168,0.233267,Paxton,17.5927,-27.0009,0.796036,11.6828,0.321941,0.390334
32748,2.04319,1.82123,0.488943,0.461362,0.482229,0.056409,4533760,4738810,554326,9826900,0.524422,1.38437,Paxton,21.8544,-25.338,-1.26833,13.2079,0.245198,0.0513275
32794,0.350847,0.0314814,0.521205,0.499466,0.458824,0.0417094,4670880,4290800,390055,9351740,0.499061,0.715764,Talarico,19.7661,-28.8774,0.722708,13.0585,0.620778,0.69913
32805,-2.20738,-0.695879,0.49178,0.474442,0.490302,0.0352558,4242300,4384120,315246,8941670,0.477178,-0.300218,Paxton,12.4894,-28.2324,3.87098,10.3626,0.538069,0.0568318
32813,0.432019,-1.11259,0.504567,0.482334,0.473603,0.0440629,4381700,4302380,400283,9084360,0.484795,0.710043,Talarico,15.8239,-26.3139,0.43937,12.3387,0.749087,0.971397
32817,1.30077,-2.21573,0.492821,0.474464,0.488288,0.0372476,4190990,4313100,329012,8833110,0.471386,0.967909,Paxton,18.585,-26.938,0.253896,12.1659,0.46159,0.450718
32839,-0.478138,2.62388,0.50653,0.48569,0.473168,0.0411419,3623660,3530240,306954,7460850,0.398157,0.344833,Talarico,18.7273,-23.4879,-1.66941,12.8522,0.333582,0.0664143
32846,0.587346,2.06209,0.485481,0.465785,0.493646,0.0405689,4728180,5010990,411814,10151000,0.541715,0.573506,Paxton,18.5953,-25.2492,-0.139938,12.6493,0.231153,0.158526
32866,0.702662,0.871163,0.511551,0.491834,0.469623,0.0385432,4288330,4094680,336061,8719070,0.465303,0.401453,Talarico,17.8867,-27.2825,1.29765,11.7698,0.845938,0.768134
32881,1.24404,-1.95969,0.50174,0.481978,0.478636,0.0393861,4350480,4320310,355511,9026310,0.481696,0.93594,Talarico,18.1325,-27.5775,1.09673,11.193,0.708251,0.670453
32898,-0.791229,2.57499,0.515619,0.495079,0.465087,0.0398341,4610240,4330940,370940,9312120,0.496947,0.488376,Talarico,15.9559,-23.3491,-1.01322,12.6671,0.382048,0.867304
32899,0.949387,0.35021,0.452479,0.42443,0.513581,0.0619894,3961640,4793780,578611,9334030,0.498119,0.574173,Paxton,18.9109,-23.9994,-1.3301,12.9302,0.0159705,0.0154773
32912,-1.09754,-0.358586,0.531435,0.50608,0.446211,0.0477091,4280140,3773800,403497,8457440,0.451336,0.429439,Talarico,15.1468,-28.0265,1.33049,12.8449,0.378712,0.262607
32930,-0.274718,-1.86157,0.511983,0.488269,0.465413,0.0463177,4366700,4162300,414230,8943230,0.477265,0.706562,Talarico,17.7746,-25.4041,1.07211,10.0258,0.718499,0.888985
32932,-1.11087,2.43841,0.513274,0.491997,0.46655,0.0414525,4608800,4370420,388307,9367520,0.499906,0.652918,Talarico,18.0207,-22.8578,-1.34651,12.360900000000001,0.414722,0.928085
32956,1.88583,-0.958487,0.521428,0.495309,0.454599,0.0500926,4751380,4360860,480527,9592770,0.511927,0.855448,Talarico,19.2252,-29.8653,1.63658,13.0864,0.519013,0.477152
32986,1.18668,1.13727,0.501166,0.481126,0.478887,0.039987,3789090,3771460,314916,7875460,0.420279,0.905335,Talarico,18.6848,-26.7378,0.34859,12.4496,0.814894,0.144192
32988,2.09306,0.778011,0.522148,0.504208,0.461435,0.0343571,5110470,4676930,348231,10135600,0.540895,0.821301,Talarico,19.4163,-26.0583,-0.441179,12.9619,0.569317,0.187435
33089,-0.663526,2.08988,0.530366,0.510514,0.452055,0.0374309,4689250,4152290,343816,9185360,0.490183,0.389911,Talarico,15.1071,-24.9892,0.197518,12.6258,0.269939,0.39174
33110,-0.916481,2.33473,0.510597,0.488662,0.468378,0.0429607,4308240,4129410,378759,8816410,0.470495,0.260042,Talarico,17.6121,-23.8206,-0.830638,12.4858,0.497066,0.677613
33145,1.23162,0.875408,0.515103,0.489818,0.461095,0.0490867,4535630,4269660,454534,9259820,0.494159,0.885932,Talarico,19.1582,-28.6272,0.0704208,13.5156,0.768915,0.736488
33158,0.0205126,-1.14883,0.52769,0.505148,0.452133,0.042719,4579010,4098440,387234,9064680,0.483744,0.590874,Talarico,17.4016,-27.1388,2.62341,8.60704,0.393043,0.557781
33169,-1.36053,0.850409,0.520102,0.499956,0.461309,0.0387355,4956610,4573460,384027,9914100,0.529075,0.287364,Talarico,17.6173,-24.6052,-0.430818,12.0953,0.636216,0.338499
33172,-1.91051,-1.76209,0.509853,0.488552,0.469671,0.041777,5057990,4862500,432518,10353000,0.552498,-0.187649,Talarico,14.9541,-27.8919,1.33801,12.5408,0.523885,0.0377648
33176,-2.46595,-0.802181,0.519128,0.498108,0.461401,0.0404907,4487480,4156780,364783,9009050,0.480777,0.0268064,Talarico,12.8578,-27.4297,3.47061,10.1238,0.425765,0.307353
33207,-0.591339,0.820601,0.514112,0.49155,0.464565,0.0438851,4202800,3972070,375221,8550090,0.456281,0.919852,Talarico,18.6789,-25.4537,0.478143,11.3638,0.776679,0.395101
33211,-1.84816,0.576638,0.527152,0.498815,0.44743,0.0537553,4196820,3764480,452274,8413570,0.448998,0.272301,Talarico,15.6077,-27.4073,2.83625,10.5915,0.422756,0.258637
33236,-1.75815,-0.97219,0.497677,0.471705,0.476109,0.0521868,4072420,4110440,450550,8633400,0.46073,0.267219,Paxton,14.0505,-27.0086,0.995111,13.468,0.668139,0.540818
33239,-1.63284,2.00868,0.522474,0.505598,0.462101,0.0323015,4919200,4496000,314277,9729480,0.519221,0.124057,Talarico,15.9148,-25.2664,1.20842,10.876,0.475571,0.26749
33271,-0.154363,-1.11307,0.483277,0.460369,0.49222900000000003,0.0474027,4167100,4455490,429073,9051670,0.483052,0.265874,Paxton,20.2501,-24.3068,-1.21672,12.5394,0.352801,0.301904
33281,1.86673,0.39979,0.494011,0.463704,0.474947,0.061349,4003590,4100660,529683,8633930,0.46075700000000003,1.23373,Paxton,19.0299,-28.7003,0.67107000000000006,13.2393,0.576906,0.190743
33293,0.367818,2.53456,0.505088,0.480814,0.471127,0.0480593,4343880,4256350,434188,9034420,0.482128,0.6882,Talarico,19.2945,-24.1196,-1.55811,12.9386,0.365135,0.944542
33296,-1.37461,2.0025,0.516819,0.491405,0.459421,0.0491749,3745160,3501400,374778,7621330,0.406715,0.404042,Talarico,16.5065,-26.1603,1.96032,9.90603,0.596849,0.0909423
33327,2.24948,0.433548,0.491853,0.467152,0.482628,0.0502202,4232620,4372830,455019,9060470,0.483521,0.395276,Paxton,22.1597,-29.0047,-1.11727,14.4835,0.39765,0.609311
33353,-0.793411,-2.37862,0.500844,0.476665,0.475058,0.048277,4587120,4571650,464587,9623360,0.513558,0.365574,Talarico,15.708,-27.1944,2.92347,9.12445,0.373869,0.639097
33367,-0.22899,2.06529,0.50506,0.485612,0.475881,0.0385063,3903020,3824810,309488,8037320,0.428918,0.454529,Talarico,18.7452,-24.2574,-0.931153,12.6407,0.730859,0.257567
33368,1.93384,-1.08614,0.506927,0.483988,0.470761,0.0452506,4728090,4598880,442054,9769030,0.521334,1.48038,Talarico,20.9456,-27.1473,-0.116339,12.3469,0.809945,0.0546637
33407,-1.93886,1.45033,0.495044,0.470793,0.48022,0.0489874,4129680,4212370,429705,8771750,0.468115,0.149548,Paxton,15.0995,-24.6465,1.2051,10.8092,0.527993,0.412378
33435,0.232404,1.9202,0.501611,0.484506,0.481393,0.0341006,5033750,5001420,354287,10389500,0.554443,0.736149,Talarico,18.4665,-25.6121,1.25399,10.7181,0.753155,0.185938
33494,2.59682,0.673664,0.505553,0.481315,0.47074,0.0479452,4575020,4474510,455732,9505270,0.507257,0.832708,Talarico,22.6469,-27.2854,0.760733,10.8076,0.461666,0.732999
33498,-1.00652,1.09937,0.531281,0.506499,0.446856,0.046645,4666700,4117160,429769,9213620,0.491691,0.578367,Talarico,16.8087,-27.034300000000002,1.61891,11.6988,0.369147,0.417923
33555,2.50833,-0.861623,0.498814,0.472588,0.474834,0.0525777,4170100,4189920,463943,8823960,0.470898,0.52917,Paxton,21.0364,-27.1161,-1.59204,14.0088,0.619935,0.769406
33566,2.55406,0.128194,0.512209,0.48984,0.466488,0.0436713,4709480,4484960,419869,9614310,0.513075,1.17583,Talarico,21.3667,-29.5562,-0.304593,13.6817,0.717688,0.256387
33592,0.963607,2.04707,0.490855,0.46644,0.48382,0.04974,3812850,3954930,406593,8174370,0.436231,0.74029,Paxton,18.9412,-25.332,-0.944662,13.361,0.28962,0.239571
33597,-2.75214,-0.699679,0.511534,0.485749,0.463843,0.0504082,4487890,4285500,465727,9239110,0.493054,-0.213738,Talarico,10.421,-28.2775,3.83721,11.0258,0.43474,0.164979
33622,0.479004,-2.10947,0.497432,0.475775,0.480687,0.0435376,4886960,4937410,447199,10271600,0.548152,0.565646,Paxton,17.9457,-28.9291,0.861496,14.3296,0.651728,0.237282
33631,2.50583,0.971203,0.508519,0.479819,0.463743,0.0564383,4824850,4663200,567520,10055600,0.536623,1.6654,Talarico,21.566,-27.194,-0.571516,13.3862,0.4916,0.0139491
33636,-1.21448,1.72462,0.538434,0.519153,0.445038,0.0358093,4651960,3987840,320875,8960660,0.478194,0.110052,Talarico,15.7986,-26.4273,0.661798,12.4294,0.167894,0.139264
33639,-1.06839,-0.045735,0.489337,0.471587,0.492139,0.036274,4718830,4924470,362967,10006300,0.533993,0.469377,Paxton,14.5646,-26.5348,1.19604,13.3996,0.436525,0.247733
33652,-2.05105,-0.638973,0.513644,0.491491,0.465379,0.04313,4282820,4055280,375832,8713940,0.465028,0.192777,Talarico,13.3274,-29.6513,2.80564,12.8413,0.752744,0.5251
33656,-2.33258,0.920709,0.469827,0.446672,0.504043,0.0492847,4343260,4901120,479225,9723600,0.518906,-0.0286073,Paxton,11.9832,-25.7054,2.46401,10.9065,0.0853087,0.0291322
33690,-2.37632,-1.22053,0.496038,0.478821,0.486471,0.0347077,4430040,4500820,321115,9251980,0.49374,0.167145,Paxton,13.5722,-27.1878,0.957211,12.9358,0.453884,0.446277
33805,-0.435468,-0.883511,0.486438,0.469333,0.495503,0.0351644,4676850,4937630,350409,9964890,0.531784,0.246302,Paxton,16.1228,-25.8336,-0.306593,12.4722,0.454203,0.15322
33813,-0.417904,-0.71744,0.521037,0.498986,0.458692,0.0423215,4513480,4149010,382811,9045300,0.48271,0.753969,Talarico,17.0738,-27.7434,1.70733,11.0134,0.517075,0.718951
33844,-0.761377,-1.76985,0.504377,0.490026,0.481522,0.0284522,4135500,4063730,240118,8439350,0.450371,0.480352,Talarico,17.8666,-24.7827,0.35018,12.0759,0.757651,0.686843
33904,0.749037,2.36668,0.51633,0.49537,0.464035,0.0405952,4346800,4071850,356218,8774870,0.468277,0.716025,Talarico,20.0075,-25.7525,-0.729752,11.9909,0.423539,0.732168
33966,-1.29123,-2.12424,0.483546,0.458151,0.489331,0.0525187,4707110,5027460,539586,10274200,0.54829,0.387969,Paxton,16.6563,-26.0416,0.73387,11.7562,0.22294,0.0948343
33994,0.926613,-1.50571,0.501164,0.478164,0.475943,0.0458928,4122140,4102990,395631,8620770,0.460054,0.491905,Talarico,19.0558,-27.6012,0.567939,12.8556,0.835857,0.781987
34000,0.325383,-1.91866,0.506234,0.486677,0.47469,0.0386335,5045700,4921420,400539,10367700,0.553278,0.859836,Talarico,17.1011,-29.042,1.54891,13.2396,0.698797,0.157809
34043,-0.259104,2.68397,0.521661,0.500988,0.459383,0.0396295,4897730,4491000,387424,9776150,0.521712,0.512221,Talarico,18.721,-24.3589,0.187034,10.7792,0.279081,0.449841
34071,-1.02728,-1.37972,0.499892,0.482018,0.482226,0.0357569,4407000,4408900,326919,9142830,0.487917,0.368789,Paxton,17.29,-26.7329,1.04064,11.5438,0.703298,0.854179
34090,-1.42792,0.931289,0.519214,0.499036,0.462101,0.038863,3665180,3393910,285430,7344530,0.391946,0.445149,Talarico,15.7325,-26.5359,3.5919,8.70461,0.667564,0.0368903
34112,-0.774824,-0.523153,0.50707,0.48307,0.469599,0.0473313,3832790,3725910,375538,7934240,0.423417,0.213666,Talarico,14.5614,-27.3104,0.850929,13.9939,0.810196,0.15899
34124,-1.37625,-0.105923,0.477249,0.452142,0.495251,0.0526071,3825980,4190770,445156,8461900,0.451576,0.281563,Paxton,17.5792,-27.9863,2.05905,11.0276,0.145924,0.122997
34152,0.258199,0.250468,0.518219,0.489318,0.454913,0.0557691,4034430,3750750,459816,8244990,0.44,1.04928,Talarico,18.6458,-26.7145,1.58262,10.3939,0.69741,0.17021
34153,-0.621998,0.932539,0.528195,0.503875,0.450081,0.0460436,4993490,4460390,456300,9910180,0.528864,0.00972573,Talarico,16.0926,-28.0021,1.98379,10.8992,0.427415,0.106049
34167,1.03732,1.62104,0.525472,0.499064,0.45068,0.0502566,4579360,4135400,461150,9175910,0.489681,0.300649,Talarico,16.9638,-26.8732,0.304324,12.9143,0.461093,0.475297
34178,-0.887659,0.310384,0.522909,0.492825,0.449643,0.0575312,4936870,4504300,576318,10017500,0.534588,0.350639,Talarico,17.2516,-27.8423,-0.242755,13.7962,0.55574,0.242135
34188,0.64453,0.545928,0.52786,0.500241,0.447437,0.0523222,4217860,3772630,441162,8431650,0.449963,0.661701,Talarico,19.6754,-26.995,1.6873,9.51208,0.527789,0.339357
34199,1.91561,-0.0787878,0.522545,0.499312,0.456225,0.044463,5025200,4591570,447487,10064300,0.537092,0.885664,Talarico,18.806,-25.4552,0.203863,12.2229,0.581224,0.182178
34208,-2.19784,0.526868,0.499315,0.478681,0.479994,0.0413246,4568180,4580720,394372,9543270,0.509284,0.0316905,Paxton,14.1149,-27.8899,2.60019,11.1414,0.705954,0.282258
34211,-0.180264,-2.02873,0.536827,0.512852,0.442487,0.0446612,4683070,4040540,407821,9131430,0.487306,0.414487,Talarico,18.1251,-26.1574,0.725407,11.4594,0.19562,0.238635
34248,-1.33764,-0.43182,0.507486,0.488067,0.473669,0.0382642,4974260,4827510,389979,10191700,0.543891,0.349992,Talarico,11.6197,-28.1173,1.18755,14.5263,0.882875,0.203828
34249,-1.00248,-0.136283,0.499907,0.483515,0.483695,0.0327899,4174780,4176340,283116,8634230,0.460771,0.448018,Paxton,16.4437,-28.0896,1.8438,11.2837,0.800472,0.754171
34288,2.24962,-0.13485,0.479106,0.457171,0.497046,0.0457823,4340070,4718620,434626,9493310,0.50662,0.939415,Paxton,20.289,-26.3446,-0.68831,13.1531,0.203493,0.134185
34303,1.00297,1.73135,0.502053,0.480427,0.476499,0.0430737,4362470,4326800,391126,9080400,0.484584,0.552349,Talarico,17.9292,-26.6135,0.827972,11.4495,0.721222,0.919926
34304,1.15308,1.68501,0.492048,0.470802,0.486018,0.0431799,4586860,4735110,420687,9742660,0.519924,0.955809,Paxton,19.2854,-25.3473,-0.986008,13.7898,0.393056,0.263396
34319,0.726629,-0.81104,0.512729,0.490593,0.466235,0.0431718,4692040,4459080,412896,9564010,0.510393,0.626832,Talarico,18.0824,-28.7681,1.23081,12.2797,0.715063,0.813102
34339,-2.00414,0.73459700000000006,0.485543,0.468088,0.495962,0.0359505,4109330,4354030,315608,8778970,0.468494,0.235377,Paxton,13.81,-27.3148,2.06152,11.9752,0.341991,0.311769
34350,-1.06931,0.498408,0.52119,0.500417,0.459726,0.039857,4712780,4329560,375361,9417690,0.502582,0.265479,Talarico,16.0979,-25.6059,0.306241,12.2275,0.592247,0.490776
34378,0.203655,-1.93709,0.523071,0.498071,0.454133,0.047796,4495720,4099130,431420,9026270,0.481693,0.838408,Talarico,18.5312,-25.9411,0.366494,11.3548,0.51348,0.577077
34424,2.26145,0.706774,0.542023,0.513525,0.433898,0.0525769,5080560,4292780,520170,9893510,0.527975,0.765316,Talarico,18.0362,-26.6643,-0.0603484,12.7463,0.101476,0.0702704
34472,1.7639,-1.661,0.503011,0.482836,0.477055,0.0401092,3869050,3822730,321402,8013180,0.42763,1.16336,Talarico,22.77,-29.3671,-0.300248,13.8759,0.753353,0.114342
34477,2.4419400000000002,-0.779805,0.528481,0.501791,0.447705,0.0505032,4373880,3902440,440213,8716540,0.465163,0.987886,Talarico,19.5156,-27.118,-0.598516,13.3147,0.311105,0.283454
34486,2.28536,1.11749e-4,0.518179,0.493712,0.459072,0.0472165,4462450,4149350,426770,9038570,0.482352,0.956326,Talarico,18.8513,-25.9804,-0.570756,13.0097,0.679263,0.58531
34491,-1.94146,-0.418629,0.527884,0.500363,0.447503,0.0521342,4908100,4389590,511388,9809080,0.52347,0.309063,Talarico,16.1302,-27.9051,4.00315,8.83629,0.413661,0.261854
34522,1.56651,-0.389978,0.509339,0.483342,0.465616,0.0510417,4183730,4030300,441809,8655840,0.461926,0.621087,Talarico,19.7027,-29.2928,1.87725,11.6119,0.819146,0.763639
34527,0.0672651,-0.962756,0.530007,0.497942,0.441559,0.0604996,3936240,3490540,478251,7905030,0.421858,0.525094,Talarico,16.4625,-25.7873,-1.25356,15.0719,0.307566,0.0834104
34584,-1.47211,1.1466,0.507289,0.483588,0.469691,0.0467209,4139270,4020330,399908,8559510,0.456785,0.535865,Talarico,18.3549,-25.882,1.87581,10.0819,0.860793,0.777032
34590,-0.959304,2.45503,0.518699,0.498679,0.462723,0.0385978,4846410,4496980,375113,9718510,0.518635,0.301544,Talarico,17.1448,-24.6295,-0.763614,12.9787,0.419875,0.485457
34651,1.64971,-2.105,0.515003,0.492293,0.463609,0.0440981,4088220,3850020,366211,8304460,0.443173,0.79792,Talarico,18.8056,-28.8148,0.947288,13.1868,0.335758,0.354841
34668,-1.75241,-1.5693,0.525263,0.500674,0.452512,0.046814,4421670,3996340,413435,8831440,0.471298,0.176271,Talarico,15.3058,-26.8908,1.87537,11.1391,0.303363,0.390791
34686,1.23171,1.54554,0.528214,0.501388,0.447825,0.0507876,4767060,4257790,482875,9507720,0.507388,0.767701,Talarico,19.5157,-26.5998,-0.327168,12.1617,0.401687,0.373195
34688,-0.697369,1.26131,0.514144,0.492139,0.465061,0.0428,4670200,4413250,406155,9489600,0.50642,0.956397,Talarico,19.4637,-24.7159,-0.0237466,10.5853,0.782895,0.55433
34696,-0.265689,-1.12929,0.503333,0.484745,0.478325,0.0369294,4448840,4389910,338926,9177680,0.489775,0.615027,Talarico,19.9111,-24.5679,-0.701936,11.9128,0.742778,0.972724
34703,-0.34864,-1.14989,0.517614,0.493615,0.460021,0.0463641,4120440,3840010,387023,8347470,0.445472,0.279509,Talarico,15.5907,-27.363,1.67333,13.3244,0.653259,0.353368
34728,1.75206,-2.01035,0.492106,0.475035,0.490275,0.0346899,4004630,4133110,292442,8430180,0.449881,1.18609,Paxton,19.9692,-29.3394,1.93016,11.7837,0.391406,0.162172
34742,-1.43789,-1.90936,0.510604,0.487535,0.467286,0.0451782,4758580,4560940,440961,9760480,0.520878,0.306773,Talarico,16.8143,-28.4556,0.402469,14.3218,0.515512,0.581897
34786,-1.40348,1.538,0.503534,0.482139,0.475372,0.0424888,4616540,4551750,406836,9575130,0.510985,0.35798,Talarico,16.3255,-24.4069,-0.178721,12.8473,0.728439,0.704123
34797,-2.098,-0.98931,0.546572,0.527908,0.437945,0.0341468,5140870,4264790,332528,9738180,0.519687,0.38445,Talarico,14.1833,-27.7325,2.9844,10.5028,0.0370745,0.0361757
34816,0.591619,-0.30495,0.486989,0.472087,0.497312,0.0306012,4525080,4766870,293321,9585270,0.511524,0.409007,Paxton,18.7079,-27.8417,0.399952,12.8112,0.448575,0.369818
34818,0.559668,1.48558,0.499831,0.478236,0.478559,0.0432051,4372770,4375720,395047,9143540,0.487953,0.602111,Paxton,17.8004,-23.7659,-0.41045,11.8178,0.84088,0.911562
34821,-0.4565,-1.79325,0.524773,0.504822,0.45716,0.0380185,4543780,4114790,342196,9000770,0.480332,0.555516,Talarico,16.5079,-27.5887,2.48329,10.4102,0.424362,0.646165
34833,2.81762,0.885604,0.533628,0.498192,0.435402,0.0664056,4115260,3596600,548536,8260390,0.440824,1.3305,Talarico,23.0433,-27.6862,-0.82304,12.6954,0.13159,0.0243706
34855,-1.4308,0.837448,0.498004,0.472918,0.476709,0.0503728,3953240,3984930,421078,8359240,0.446098,0.570754,Paxton,18.4399,-24.8168,1.76726,8.77222,0.679527,0.524471
34883,0.561646,-1.18252,0.509649,0.485838,0.467442,0.0467208,4374810,4209160,420706,9004680,0.480541,0.879604,Talarico,18.8783,-27.8049,0.324929,12.3635,0.746073,0.769956
34885,0.7259,-2.32651,0.51327,0.493289,0.467783,0.0389278,4405490,4177700,347659,8930860,0.476601,0.575357,Talarico,16.7167,-29.3743,1.91475,11.466,0.578955,0.870052
34890,-2.15402,-0.489144,0.497967,0.480384,0.484307,0.0353097,3945660,3977880,290018,8213560,0.438323,0.272758,Paxton,14.0687,-26.5178,1.6924,12.3878,0.667786,0.28002
34905,-1.87911,0.565864,0.507298,0.482973,0.469076,0.0479517,4076240,3958960,404708,8439910,0.450403,0.477686,Talarico,16.5515,-24.3091,0.51122,11.1816,0.850592,0.679106
34920,1.10626,-0.679627,0.526747,0.498834,0.448176,0.0529903,4828580,4338210,512931,9679720,0.516566,1.13836,Talarico,20.7594,-28.416,1.04247,11.5472,0.415595,0.133267
34928,-1.27332,1.97499,0.512064,0.492645,0.469432,0.0379234,4554460,4339860,350599,9244920,0.493361,0.161934,Talarico,16.7304,-25.4872,1.05985,11.558,0.597605,0.617494
34932,3.20022,-0.343539,0.516002,0.49538,0.464654,0.0399656,4182110,3922720,337399,8442230,0.450527,1.22896,Talarico,24.1257,-28.8526,-0.361613,12.1977,0.322321,0.117688
34935,-1.68508,-0.0803898,0.529692,0.513954,0.456335,0.029711,4528230,4020580,261771,8810580,0.470185,0.214218,Talarico,14.8679,-27.1866,2.67994,10.359,0.405296,0.35486
34936,1.81614,0.104409,0.477128,0.455859,0.499565,0.0445759,4199930,4602600,410687,9213210,0.491668,0.904243,Paxton,20.5445,-25.4061,-0.543963,12.1205,0.178498,0.12683
34941,0.942107,-1.88726,0.528324,0.508516,0.453992,0.0374916,4747340,4238320,350009,9335660,0.498205,0.79435,Talarico,20.4454,-27.567,0.871451,10.9682,0.351284,0.399664
34979,-1.48435,0.116201,0.494044,0.476668,0.488161,0.0351718,4390780,4496640,323982,9211400,0.491573,0.540666,Paxton,15.7516,-27.0215,1.35653,11.369,0.590009,0.694061
35003,1.59565,0.719498,0.520356,0.501734,0.462478,0.0357885,4793370,4418340,341910,9553620,0.509838,1.08197,Talarico,20.0368,-27.396,1.80455,9.97087,0.678116,0.307704
35084,-0.576638,-1.37533,0.50513,0.47623,0.466558,0.0572124,4680810,4585740,562334,9828880,0.524526,0.501176,Talarico,16.568,-27.6438,1.99208,11.1538,0.810874,0.608024
35123,-0.34174,0.576477,0.484659,0.468012,0.497639,0.034349,3857450,4101650,283112,8242220,0.439849,0.421779,Paxton,16.3066,-24.9775,-0.0679605,13.0749,0.309267,0.163298
35131,-0.908669,-0.619922,0.489797,0.474953,0.494741,0.0303062,4151720,4324700,264917,8741340,0.466491,0.581244,Paxton,18.1923,-28.1129,2.40757,10.9672,0.486456,0.514222
35132,1.12659,-0.59318,0.525281,0.501637,0.45335,0.0450137,4221580,3815220,378818,8415620,0.449107,0.548306,Talarico,17.5043,-27.2639,1.2133100000000001,12.1357,0.440602,0.420973
35134,2.64773,-1.35449,0.483846,0.462092,0.492947,0.0449614,3965410,4230190,385833,8581430,0.457955,1.22336,Paxton,20.8765,-27.7091,-0.974037,13.3332,0.244006,0.0813935
35142,0.765126,0.150301,0.520671,0.501595,0.461767,0.0366375,4575050,4211770,334170,9120990,0.48675,0.961667,Talarico,19.6567,-28.8107,1.41487,11.3119,0.657671,0.520895
35144,-1.61066,1.22508,0.510386,0.48394,0.464244,0.0518164,4241960,4069310,454194,8765460,0.467774,0.510294,Talarico,18.2986,-24.7526,0.466856,10.3281,0.845241,0.838205
35156,-1.86531,-1.42851,0.509334,0.488606,0.470697,0.040697,3999020,3852440,333086,8184540,0.436774,0.198459,Talarico,15.9701,-27.2221,1.01008,13.0394,0.696877,0.251995
35175,-2.28558,2.03852,0.528349,0.503922,0.449847,0.046231,4462190,3983360,409372,8854920,0.472548,0.10635,Talarico,14.6417,-23.0433,0.989483,10.5854,0.175835,0.305601
35204,-1.04764,0.110728,0.504035,0.478622,0.47096,0.0504177,3729180,3669480,392829,7791490,0.415799,0.559073,Talarico,16.6243,-26.3446,1.37536,11.8194,0.867067,0.164744
35205,0.43764,-0.680722,0.506017,0.479718,0.46831,0.0519717,4147940,4049300,449379,8646610,0.461433,0.35416,Talarico,16.5628,-27.5416,0.393069,12.4091,0.75722,0.7362
35225,-1.34539,0.805934,0.519335,0.492512,0.45584,0.0516485,4209380,3895950,441427,8546750,0.456104,0.696417,Talarico,16.724,-25.9882,1.15628,11.4185,0.650347,0.573694
35273,0.420119,1.15909,0.512869,0.481478,0.457315,0.0612078,3799060,3608400,482955,7890420,0.421075,0.821872,Talarico,18.0184,-28.0604,1.07892,12.2581,0.837638,0.194339
35292,1.49894,1.75163,0.531683,0.500676,0.441005,0.0583193,5089790,4483180,592864,10165800,0.54251,1.14562,Talarico,21.8199,-26.9703,0.467105,11.6017,0.267262,0.0432208
35315,-2.20172,1.34269,0.513724,0.487396,0.461354,0.0512497,4399220,4164170,462578,9025960,0.481678,0.216826,Talarico,14.3198,-24.742,1.80811,10.6091,0.691964,0.651267
35328,0.640394,-0.401272,0.503945,0.486916,0.479293,0.0337919,4538810,4467750,314993,9321560,0.497455,0.288871,Talarico,16.5771,-27.3946,0.652444,13.4896,0.786183,0.731034
35332,0.814234,-1.16545,0.50653,0.488792,0.476191,0.0350169,4856520,4731310,347919,9935740,0.530229,0.456134,Talarico,18.1061,-27.6865,0.756387,13.0134,0.799509,0.458723
35369,1.27953,0.568624,0.527473,0.50043,0.448301,0.0512688,4477540,4011120,458722,8947380,0.477485,0.723266,Talarico,19.3068,-28.7853,0.657388,12.092,0.477545,0.526574
35381,-1.19054,-2.15239,0.517591,0.490756,0.457397,0.0518475,4680060,4361930,494440,9536430,0.508921,-0.216503,Talarico,13.4236,-25.0938,0.768155,13.1632,0.30620000000000003,0.108251
35395,-2.67441,-0.22274,0.501358,0.479013,0.476417,0.0445702,4250160,4227130,395460,8872750,0.4735,-0.181475,Talarico,11.028,-28.3521,3.97149,10.6426,0.551723,0.161118
35407,-1.60837,-0.494315,0.528507,0.503762,0.449418,0.0468203,4593950,4098370,426968,9119290,0.486658,0.118806,Talarico,16.23,-26.5967,2.76689,8.97943,0.461416,0.28031
35418,-1.76891,-0.756233,0.477195,0.461364,0.50546,0.0331764,4215450,4618350,303130,9136930,0.487603,0.458566,Paxton,16.2077,-27.7592,2.20553,10.9247,0.197503,0.199638
35423,-0.894293,-0.246222,0.525977,0.508703,0.458455,0.0328429,4120900,3713860,266054,8100820,0.432306,0.426233,Talarico,19.5485,-25.979,-0.323357,12.3628,0.481889,0.177389
35427,1.31797,1.01368,0.505497,0.48465,0.47411,0.0412409,4617550,4517130,392927,9527610,0.508448,0.668165,Talarico,21.1461,-26.2432,2.6179,8.30609,0.838823,0.8785
35432,0.252745,-1.89777,0.49682,0.469488,0.475498,0.0550142,4217640,4271620,494219,8983480,0.479409,0.61212,Paxton,18.1568,-26.2823,-0.553531,13.7656,0.688961,0.788997
35468,-2.05612,0.0713823,0.518774,0.497977,0.461934,0.0400893,4415020,4095470,355429,8865930,0.473138,0.212188,Talarico,13.06,-27.4512,2.33432,12.3573,0.680349,0.544735
35469,-0.801901,2.15782,0.540786,0.509136,0.432339,0.0585246,4874020,4138830,560262,9573100,0.510877,0.489366,Talarico,16.2552,-26.4512,0.884391,12.8214,0.112738,0.117859
35473,-0.589207,0.776117,0.483717,0.459172,0.490086,0.0507424,4633640,4945600,512057,10091300,0.538533,0.739182,Paxton,17.5751,-26.5354,1.10873,11.6089,0.280817,0.108246
35509,-0.474613,1.27231,0.50779,0.47558,0.460989,0.0634318,4324020,4191360,576729,9092110,0.485208,0.807417,Talarico,18.9369,-26.3321,-0.0674778,13.3447,0.958263,0.92567
35511,-0.783199,0.393733,0.49111900000000003,0.469682,0.486668,0.0436502,4328390,4484930,402262,9215590,0.491799,0.654194,Paxton,16.153,-26.6805,0.858627,12.1286,0.447528,0.575938
35520,0.444681,0.955559,0.496931,0.468851,0.474642,0.0565071,4452060,4507060,536574,9495690,0.506746,0.940234,Paxton,19.8293,-25.1913,1.10566,9.11299,0.720334,0.497449
35529,-0.309832,-0.90130999999999994,0.515587,0.491057,0.461366,0.0475769,4281470,4022590,414817,8718880,0.465291,0.577467,Talarico,18.9135,-27.8335,2.08498,10.8607,0.682757,0.746718
35581,-1.08136,-2.28476,0.504463,0.483288,0.474736,0.0419761,4006340,3935450,347972,8289760,0.44239,-0.057347,Talarico,14.1198,-28.139,3.28135,10.795,0.41866,0.146877
35591,-1.52607,-1.30403,0.501046,0.484409,0.482387,0.0332048,4774620,4754690,327286,9856590,0.526006,0.515836,Talarico,18.7194,-25.0389,2.0163,9.01825,0.750171,0.545929
35604,1.51961,1.33031,0.512807,0.491873,0.467305,0.0408216,4552320,4324940,377807,9255070,0.493907,0.993667,Talarico,19.5969,-27.4369,-0.812335,13.7762,0.709628,0.597866
35619,2.33737,1.12281,0.501187,0.480879,0.478601,0.0405194,4464040,4442890,376145,9283080,0.495396,0.708717,Talarico,21.4605,-25.4472,-2.05004,15.198,0.45641,0.935131
35634,1.05901,-1.14457,0.480085,0.456224,0.494075,0.0497003,3821770,4138850,416337,8376960,0.447045,0.577876,Paxton,21.3293,-26.1252,-0.383922,11.1275,0.276995,0.166213
35666,-1.8198,-1.30682,0.489828,0.464832,0.484138,0.0510299,4984500,5191510,547204,10723200,0.572255,0.488713,Paxton,16.7414,-26.2481,2.65095,9.0183,0.456418,0.0464989
35674,0.819742,1.92218,0.496873,0.470954,0.47688,0.052166,4508430,4565170,499385,9572990,0.51087,0.781651,Paxton,20.5758,-26.0828,-0.0544999,12.1657,0.509734,0.58471
35703,-0.463255,-0.38402,0.504401,0.473111,0.464855,0.0620341,4446060,4368480,582966,9397510,0.501506,0.48778,Talarico,17.4629,-27.1946,-0.349487,13.5538,0.785056,0.94564
35711,1.22509,1.66622,0.506287,0.486134,0.47406,0.0398065,4730220,4612740,387328,9730280,0.519263,0.666584,Talarico,20.5858,-26.1149,-0.36954,12.72,0.727186,0.694081
35755,0.693766,0.521709,0.502442,0.478667,0.474014,0.0473188,4442700,4399520,439185,9281400,0.495311,0.67036,Talarico,18.2557,-26.5936,-0.868971,14.6584,0.810403,0.969006
35789,-0.345347,2.3109,0.50489,0.482042,0.472705,0.0452524,4603640,4514470,432173,9550280,0.50965800000000006,0.745189,Talarico,16.3922,-25.245,0.25841,12.6617,0.576807,0.791184
35874,-1.85712,0.157089,0.466065,0.449063,0.514458,0.0364794,4015280,4600010,326180,8941480,0.477168,0.427275,Paxton,17.0765,-26.9115,0.58167,12.9619,0.0549415,0.0463782
35900,1.29355,-1.28042,0.519628,0.501359,0.463483,0.0351572,5008750,4630360,351233,9990350,0.533145,0.801171,Talarico,20.4073,-28.3665,1.2335,11.4236,0.58035,0.266634
35904,-2.83798,0.655787,0.508241,0.490161,0.474266,0.0355731,4561710,4413780,331063,9306550,0.496653,-0.117376,Talarico,14.4051,-26.2048,2.09591,11.1987,0.544881,0.25526
35935,1.85516,-1.546,0.510045,0.487538,0.468334,0.0441273,4418290,4244250,399901,9062440,0.483624,0.843206,Talarico,18.8934,-29.8217,-0.665776,16.3898,0.65605,0.856632
35958,-0.832695,0.812596,0.50034,0.474128,0.473484,0.0523883,5027540,5020710,555513,10603800,0.565879,-0.0626718,Talarico,14.8753,-25.8286,0.958235,12.8475,0.772732,0.0270756
35963,-0.233053,0.110985,0.514941,0.499095,0.470133,0.0307721,4255840,4008880,262397,8527120,0.455057,0.503135,Talarico,16.2921,-27.3593,1.69525,11.4944,0.713331,0.673832
35977,2.14152,1.12073,0.510435,0.486923,0.467014,0.0460629,4575870,4388780,432877,9397530,0.501505,1.28604,Talarico,21.146,-27.529,-0.415741,13.444,0.672604,0.261017
35996,-0.250264,-1.58251,0.499785,0.480988,0.481402,0.0376098,4471910,4475760,349671,9297350,0.496161,0.440173,Paxton,18.0017,-27.2785,0.119895,13.298,0.724929,0.887294
36020,2.10477,1.32946,0.498755,0.475039,0.477411,0.0475505,4269240,4290560,427343,8987140,0.479607,0.986193,Paxton,20.9275,-28.2241,-0.691379,13.3668,0.468354,0.562198
36027,-1.99067,1.81015,0.505676,0.480387,0.469603,0.0500096,4154030,4060780,432446,8647260,0.461466,0.00550664,Talarico,17.9095,-24.2794,-0.511668,12.4348,0.482699,0.28137
36039,-1.16708,1.75226,0.524471,0.501926,0.455087,0.0429872,4334500,3930020,371226,8635740,0.460854,0.40756,Talarico,15.4513,-27.1273,1.23854,13.0314,0.498459,0.516995
36051,-0.979021,0.741707,0.506305,0.488445,0.476281,0.0352742,4540880,4427790,327930,9296600,0.496122,0.402931,Talarico,16.1515,-26.2872,0.140064,13.9089,0.862935,0.923481
36064,-2.29312,0.630085,0.519004,0.497279,0.460862,0.041859,4446880,4121220,374321,8942420,0.477218,0.597889,Talarico,14.7909,-25.8409,1.49098,11.4022,0.583153,0.774095
36087,1.05664,2.10706,0.507118,0.485817,0.472179,0.0420041,4541570,4414090,392668,9348330,0.498884,0.887315,Talarico,21.6894,-24.463,-1.8528,12.6252,0.532042,0.750278
36129,-0.898974,-1.76591,0.51537,0.493985,0.464521,0.0414938,4206930,3956000,353374,8516310,0.454478,0.433333,Talarico,17.8335,-24.2733,-0.0390372,11.5902,0.577247,0.642923
36134,0.411821,-2.71623,0.508743,0.485001,0.468332,0.0466675,4906030,4737410,472065,10115500,0.539824,0.455767,Talarico,17.2233,-29.1547,0.442514,14.4489,0.322808,0.28185
36154,-1.04885,2.07928,0.489147,0.46586,0.486532,0.0476081,4225670,4413180,431838,9070680,0.484064,0.591605,Paxton,16.7532,-23.8503,0.895945,9.71796,0.386726,0.523523
36169,-0.647965,1.50977,0.512614,0.476602,0.453146,0.070252,4333940,4120640,638830,9093410,0.485278,0.813675,Talarico,17.8545,-26.4772,-0.237042,12.3927,0.782924,0.882104
36175,1.12345,1.27377,0.52526,0.508521,0.459611,0.031868,4587440,4146220,287486,9021140,0.481423,0.710726,Talarico,20.7406,-27.385,-0.436834,12.9448,0.479846,0.617267
36205,-0.27327,-1.74014,0.51174,0.492877,0.470262,0.0368614,4591200,4380550,343368,9315120,0.497112,0.908557,Talarico,18.2246,-26.3414,1.16785,10.8149,0.747502,0.718536
36220,0.656445,-0.830954,0.492814,0.469677,0.483374,0.0469487,4197670,4320080,419597,8937340,0.476951,0.494572,Paxton,18.2023,-27.2881,-0.273868,13.6332,0.661368,0.633835
36244,-2.14315,1.63148,0.520616,0.500687,0.461034,0.0382786,4475090,4120680,342130,8937900,0.476979,0.250096,Talarico,15.2326,-23.8994,1.05278,10.4025,0.529661,0.564645
36264,-0.0662245,2.27618,0.488723,0.46624,0.487756,0.0460047,3649160,3817560,360069,7826800,0.417682,0.798649,Paxton,18.729,-25.0071,-0.135207,12.8455,0.25055500000000003,0.0820053
36326,-1.69213,-1.00446,0.495672,0.47706,0.48539,0.0375503,3932400,4001070,309527,8242990,0.439894,0.0791474,Paxton,14.9488,-27.1862,2.26302,11.1466,0.623219,0.174519
36328,-2.69062,1.46595,0.509346,0.491352,0.473321,0.0353262,4959460,4777470,356565,10093500,0.538648,-0.0144027,Talarico,12.268,-23.2166,0.242881,12.3232,0.455259,0.154258
36338,2.40419,-0.406777,0.52481,0.50598,0.45814,0.0358803,4462510,4040590,316448,8819540,0.470662,0.598311,Talarico,19.0491,-29.2906,-0.467796,14.9545,0.47928,0.605487
36341,0.505437,-2.33998,0.496145,0.472083,0.479419,0.0484981,3873770,3933970,397961,8205710,0.437903,0.708181,Paxton,20.7262,-25.7875,-1.26177,13.3335,0.514889,0.303742
36379,0.33996,2.45396,0.515395,0.495475,0.465874,0.0386505,4427680,4163160,345390,8936230,0.47689,1.04654,Talarico,20.6959,-24.888,-1.22684,13.3344,0.407293,0.442102
36415,-2.53104,-0.467116,0.515807,0.490022,0.459988,0.0499904,5060420,4750260,516247,10326900,0.551107,0.0425198,Talarico,13.3446,-27.0972,4.36728,8.40249,0.565786,0.113278
36453,2.35377,1.63918,0.499298,0.475813,0.47715,0.0470366,5049850,5064040,499204,10613100,0.566375,1.50329,Paxton,23.083,-26.0705,-1.26923,12.9504,0.303585,0.0113943
36458,-1.60596,1.65498,0.52448,0.504205,0.457137,0.0386572,4825090,4374660,369937,9569690,0.510692,0.151368,Talarico,16.2227,-25.1926,0.888976,10.7727,0.543293,0.277216
36476,2.12951,-1.95204,0.526783,0.503453,0.452259,0.0442884,4519510,4059940,397578,8977020,0.479068,1.05827,Talarico,18.2333,-29.2076,1.72671,11.5437,0.190067,0.240855
36518,0.312444,-1.21275,0.500401,0.482992,0.482218,0.0347897,4367020,4360030,314555,9041600,0.482511,0.315628,Talarico,19.369,-24.5166,-0.00543261,10.8115,0.757524,0.808116
36583,-1.86468,0.131898,0.504363,0.476082,0.467845,0.056073,4302480,4228050,506747,9037270,0.482282,-0.103031,Talarico,14.2383,-29.0656,2.62136,12.5668,0.791153,0.255171
36621,1.17977,-1.51551,0.518352,0.497142,0.461939,0.0409191,4805820,4465520,395561,9666890,0.515881,1.17134,Talarico,18.0831,-28.1898,1.53711,11.5505,0.596105,0.210931
36654,0.479965,-1.96175,0.492108,0.463461,0.478326,0.0582127,4381690,4522230,550360,9454290,0.504536,0.690905,Paxton,18.6507,-28.055,0.320405,13.2767,0.539465,0.54846
36658,-1.95766,-0.320766,0.482148,0.45967,0.49371,0.0466206,4153690,4461280,421275,9036250,0.482225,0.60767,Paxton,15.821,-26.8005,0.969987,12.6096,0.263918,0.340907
36662,-1.39803,0.753009,0.482293,0.462113,0.496046,0.0418404,4342990,4661890,393220,9398100,0.501538,0.605131,Paxton,16.6459,-25.6616,0.108759,12.2763,0.252312,0.27431
36673,2.52944,-0.460527,0.504864,0.490689,0.481234,0.0280771,4331260,4247810,247834,8826910,0.471058,1.22793,Talarico,23.1307,-26.517,-1.48708,13.8335,0.735065,0.251764
36749,0.755197,1.43149,0.510209,0.472958,0.454031,0.0730109,4815230,4622540,743331,10181100,0.543323,0.703689,Talarico,18.1629,-26.1235,0.306818,12.7225,0.78505,0.271011
36787,1.36491,0.251155,0.501452,0.476053,0.473296,0.050651,4683100,4655980,498271,9837340,0.524977,0.675705,Talarico,18.5135,-27.7474,-0.22639,14.384,0.75731,0.57066
36791,-0.514547,1.69813,0.490303,0.473886,0.492629,0.033485,4403410,4577580,311147,9292140,0.495883,0.293184,Paxton,16.783,-25.0855,-0.931219,14.1629,0.455224,0.481361
36798,-0.131904,-2.19072,0.523634,0.498602,0.453594,0.0478036,4548900,4138270,436126,9123290,0.48687,0.803069,Talarico,16.5132,-28.8491,1.46068,12.9433,0.427172,0.593818
36824,2.08126,0.91182,0.502617,0.48452,0.479476,0.0360039,4361770,4316360,324116,9002240,0.480412,0.759724,Talarico,20.7436,-26.0397,0.225352,11.6542,0.624554,0.917701
36853,2.14012,-0.804234,0.515399,0.483189,0.454315,0.0624962,4765500,4480740,616376,9862610,0.526327,0.853881,Talarico,20.4947,-29.9018,2.61302,10.7863,0.706687,0.37018
36889,1.6804,0.21512,0.489231,0.475447,0.496377,0.0281758,4455510,4651650,264041,9371200,0.500104,1.00971,Paxton,19.2025,-25.3927,0.281227,10.8416,0.474952,0.295172
36897,-1.3573,0.978741,0.535967,0.511647,0.442978,0.0453756,4923220,4262460,436617,9622290,0.513502,0.466119,Talarico,16.5362,-24.9701,1.55024,10.1462,0.323448,0.203189
36898,1.38051,-1.72222,0.503176,0.48207,0.475984,0.0419454,4245100,4191510,369370,8805980,0.46994,0.945491,Talarico,21.0289,-28.8536,0.862888,11.0876,0.796394,0.580076
36902,2.24199,-0.501397,0.493973,0.468688,0.480125,0.0511864,4315930,4421240,471351,9208520,0.49142,0.861784,Paxton,21.7269,-25.5754,-0.580673,11.6402,0.572416,0.613096
36911,-1.15378,0.0107764,0.528064,0.499068,0.446022,0.0549096,5085340,4544820,559511,10189700,0.543782,0.446778,Talarico,16.4029,-28.555,2.84389,10.4586,0.469674,0.129962
36933,-2.2919,-0.503292,0.476004,0.445984,0.490949,0.0630669,3908270,4302300,552670,8763240,0.467658,0.584324,Paxton,15.3121,-25.5201,1.97895,11.0426,0.147564,0.18618
36942,0.622672,-1.20086,0.507038,0.481803,0.468428,0.0497685,4391740,4269820,453650,9115200,0.486444,0.683059,Talarico,20.7657,-26.0023,0.160708,10.9366,0.773937,0.987453
36953,-0.219785,2.61086,0.544989,0.529687,0.442235,0.0280785,4976480,4154860,263801,9395130,0.501379,0.809408,Talarico,19.8858,-24.4316,-0.336801,11.3116,0.043785,0.0749819
36958,1.23423,1.463,0.468239,0.446421,0.506982,0.0465976,4105930,4662940,428579,9197450,0.490832,0.725174,Paxton,20.3557,-25.4214,-0.8595,12.6654,0.0695434,0.0902428
36959,0.922617,0.518797,0.503673,0.480871,0.473859,0.0452701,4839080,4768510,455560,10063200,0.53703,0.859675,Talarico,18.167,-27.895,-0.503083,14.5769,0.791691,0.318303
36962,1.84132,1.17707,0.537897,0.512221,0.440045,0.047734,4690260,4029360,437086,9156700,0.488656,0.773222,Talarico,19.2709,-26.0801,-0.724836,12.6596,0.183156,0.210207
37012,-0.697729,0.171348,0.49473,0.471315,0.481357,0.0473277,4801570,4903870,482156,10187600,0.54367,0.300178,Paxton,16.2152,-26.1479,1.38936,11.2378,0.601881,0.178586
37022,-2.10406,1.8006,0.467352,0.451978,0.515127,0.0328946,4087620,4658730,297493,9043840,0.48263,0.570101,Paxton,15.2987,-22.946,1.05471,9.7854,0.0492025,0.0748611
37050,-1.47243,1.14869,0.524268,0.500123,0.453823,0.046054,4542140,4121640,418265,9082050,0.484673,0.173224,Talarico,18.8292,-25.6549,1.50062,10.2703,0.561315,0.407523
37055,1.02093,-0.571271,0.508117,0.485956,0.470431,0.0436135,4486070,4342750,402615,9231430,0.492643,1.16945,Talarico,19.3795,-28.8506,1.40638,12.2608,0.788557,0.384373
37086,1.1256,-2.24583,0.528084,0.503361,0.449822,0.0468168,4896520,4375710,455417,9727640,0.519123,0.478581,Talarico,15.2062,-28.6636,1.0933,13.9529,0.247074,0.354394
37107,2.88097,-0.235334,0.480001,0.454813,0.492711,0.0524764,4004880,4338590,462084,8805550,0.469917,1.27064,Paxton,24.3285,-25.6315,-3.53284,14.6804,0.142992,0.0495025
37113,-1.96467,-1.52919,0.530245,0.51429,0.45562,0.03009,4390700,3889810,256890,8537400,0.455606,0.232809,Talarico,14.184,-27.1598,3.06665,9.23124,0.19114,0.244037
37126,2.06615,1.81034,0.494665,0.467492,0.477577,0.0549304,3722170,3802470,437356,7962000,0.424899,1.06361,Paxton,23.118,-24.0936,-0.739568,9.82108,0.289504,0.0937856
37129,0.301222,-0.52438,0.513434,0.499282,0.473154,0.0275644,4760880,4511740,262839,9535460,0.508871,0.747659,Talarico,15.7815,-26.9609,0.800819,13.4308,0.701269,0.751891
37169,-2.47547,0.937226,0.478397,0.459157,0.500626,0.0402174,4982050,5432010,436376,10850400,0.579046,0.182534,Paxton,15.8347,-24.5554,0.57914,11.1354,0.139968,0.010215
37176,-1.36649,1.43109,0.502052,0.482973,0.479026,0.0380017,4206820,4172440,331005,8710270,0.464829,0.550934,Talarico,19.2407,-23.7806,0.778324,9.11663,0.751944,0.797102
37192,-0.205118,0.623502,0.502061,0.484774,0.480794,0.034432,4446940,4410430,315852,9173220,0.489536,0.715868,Talarico,17.2857,-26.1061,-0.0329778,12.5073,0.857075,0.966984
37201,-0.334382,0.215757,0.478709,0.452302,0.492534,0.0551643,3946010,4297010,481269,8724290,0.465575,0.620866,Paxton,17.6432,-25.5428,0.572945,11.5916,0.19864,0.243483
37205,-1.63964,1.43672,0.474726,0.457421,0.506126,0.0364531,4498530,4977530,358500,9834560,0.524828,0.880901,Paxton,19.4263,-23.7741,0.242368,10.1107,0.135067,0.0734941
37245,0.494552,1.12141,0.53444,0.510367,0.444589,0.0450431,4760880,4147280,420177,9328340,0.497814,0.600231,Talarico,18.6199,-26.5539,0.447341,11.3905,0.277822,0.300026
37255,2.33765,1.26927,0.50504,0.4875,0.477771,0.0347294,4657230,4564280,331780,9553290,0.50982,0.974808,Talarico,20.2572,-28.8986,1.88549,10.8009,0.490521,0.504359
37308,-0.637142,1.506,0.522753,0.499642,0.456147,0.044211,4083400,3727930,361321,8172660,0.436139,0.593956,Talarico,17.3065,-27.4894,1.41655,11.151,0.505273,0.258605
37317,2.62879,0.67847,0.492052,0.466455,0.481524,0.0520205,3982260,4110910,444113,8537280,0.455599,0.625848,Paxton,23.2005,-27.6477,0.16031,11.4088,0.247192,0.51502
37318,2.15782,-0.984395,0.521975,0.49332,0.451782,0.0548973,4771440,4369680,530971,9672090,0.516159,1.46839,Talarico,22.4555,-29.962,0.983187,11.0463,0.460608,0.0539782
37322,-0.416137,0.182808,0.499505,0.475403,0.476346,0.0482508,3913840,3921600,397233,8232680,0.439345,0.885698,Paxton,20.5669,-26.2235,1.3147,10.5143,0.761766,0.256164
37346,-0.529252,-1.86967,0.475232,0.456437,0.504014,0.0395491,4599620,5079070,398546,10077200,0.537782,0.54266,Paxton,15.7074,-25.9593,0.73606799999999994,12.1028,0.139405,0.0711341
37358,2.45444,-1.40765,0.497763,0.475205,0.479478,0.0453169,3929780,3965100,374754,8269630,0.441315,1.54237,Paxton,22.8071,-27.4385,-1.74897,14.9787,0.553682,0.022281
37376,-2.42043,-0.0311303,0.490182,0.47131,0.49019,0.0385005,4141900,4307820,338345,8788070,0.468981,0.177849,Paxton,13.6231,-26.4792,2.49634,10.9028,0.386559,0.362011
37380,0.721993,-0.411784,0.497832,0.48026,0.484444,0.0352958,3491940,3522360,256634,7270940,0.388019,0.446588,Paxton,17.1402,-27.284300000000002,0.302158,13.5782,0.714057,0.0285788
37423,-0.35343,1.93768,0.502071,0.48053,0.476565,0.0429047,4980140,4939040,444657,10363800,0.553076,0.551996,Talarico,15.8727,-27.1149,1.93964,10.817,0.76581,0.174948
37451,0.979388,-1.92226,0.510775,0.485671,0.46518,0.0491488,4642400,4446530,469800,9558730,0.510108,0.439878,Talarico,19.1682,-27.4346,2.11944,10.3638,0.725595,0.85258
37463,-0.692307,1.50475,0.505292,0.480282,0.470222,0.0494952,4191600,4103800,431963,8727360,0.465741,0.761903,Talarico,17.3544,-26.6212,1.18374,11.2602,0.87664,0.731343
37467,0.898888,0.739029,0.532737,0.503081,0.441251,0.0556686,5054510,4433290,559309,10047100,0.536172,0.324785,Talarico,18.7806,-27.6375,0.775661,12.6253,0.34261200000000003,0.122892
37469,-1.27381,-0.0371226,0.507656,0.484273,0.469666,0.0460608,3617950,3508820,344115,7470890,0.398693,0.225182,Talarico,15.4262,-29.1235,3.61143,9.70722,0.895815,0.064562
37485,2.49434,-1.48188,0.506697,0.485406,0.472575,0.0420193,4322010,4207760,374136,8903910,0.475164,1.33478,Talarico,22.6125,-27.9267,-0.471072,12.7421,0.498675,0.180492
37487,1.46355,-0.895941,0.534895,0.512334,0.445487,0.042179,4671370,4061870,384581,9117830,0.48658,0.864841,Talarico,19.0033,-30.0912,0.951597,14.474,0.220259,0.227988
37488,0.318879,-1.65502,0.50953,0.485153,0.467004,0.0478434,4880200,4697640,481262,10059100,0.536813,0.613784,Talarico,18.0646,-27.8295,1.19508,11.5253,0.729665,0.353926
37491,-1.72208,0.683173,0.496507,0.473517,0.48018,0.0463024,4234530,4294120,414069,8942710,0.477236,0.138431,Paxton,15.3939,-25.4792,1.63712,9.71181,0.657989,0.468635
37503,0.0665901,2.12461,0.502191,0.485939,0.481699,0.032362,4276290,4238970,284787,8800040,0.469621,0.751051,Talarico,18.6311,-25.6215,-0.136282,11.7694,0.666544,0.792911
37515,-0.262842,1.3135,0.510579,0.484319,0.464249,0.0514317,4057250,3889120,430855,8377220,0.447056,1.38102,Talarico,20.2226,-24.7228,2.06136,6.94918,0.913936,0.0714249
37519,-1.46671,0.487352,0.523074,0.501357,0.457126,0.0415164,4669570,4257600,386677,9313840,0.497039,0.301632,Talarico,15.1372,-27.2033,2.10332,11.8693,0.563607,0.504536
37522,1.37329,0.976001,0.497443,0.475196,0.480082,0.0447218,4271590,4315510,402009,8989110,0.47971,0.958409,Paxton,18.7955,-24.7163,-0.852992,12.2445,0.674138,0.593991
37529,-1.89627,0.237034,0.492047,0.472624,0.487902,0.0394744,4198960,4334700,350705,8884370,0.474121,0.230012,Paxton,15.3112,-27.0078,2.68042,10.3418,0.517439,0.492686
37557,1.10761,-1.64212,0.512861,0.490648,0.466041,0.0433105,4558570,4329950,402394,9290910,0.495818,0.769097,Talarico,20.5142,-27.8454,1.65684,10.2284,0.715026,0.898372
37569,-0.678996,-0.333549,0.508884,0.488357,0.471305,0.0403373,4648530,4486220,383959,9518710,0.507971,0.158054,Talarico,15.8125,-26.207,0.892498,12.3847,0.844255,0.531806
37605,2.32012,1.57778,0.508135,0.487645,0.47203,0.0403242,4494980,4351040,371697,9217710,0.49191,1.53003,Talarico,22.9625,-26.1625,-0.984898,11.9646,0.430313,0.0714727
37607,-1.29088,-1.04792,0.499097,0.476728,0.478452,0.0448197,4763200,4780420,447813,9991430,0.533199,0.937542,Paxton,17.8293,-28.258,0.922411,12.7512,0.675179,0.282778
37634,-0.95547,1.50528,0.490788,0.461298,0.478615,0.0600868,3761320,3902520,489935,8153780,0.435136,0.285556,Paxton,15.1422,-25.3356,-0.707376,14.3664,0.504783,0.175916
37641,-1.03928,-1.81264,0.503065,0.478644,0.472811,0.0485457,3900840,3853300,395636,8149770,0.434918,0.692965,Talarico,18.709,-27.7665,1.75724,11.4393,0.706602,0.293295
37686,-2.71306,-0.0993187,0.504006,0.475013,0.467461,0.0575259,4240490,4173080,513540,8927110,0.4764,-0.0797357,Talarico,13.513,-24.1165,1.00899,11.7549,0.575096,0.267283
37696,-1.50892,1.94777,0.495997,0.482506,0.490294,0.0271993,4304160,4373630,242629,8920420,0.476045,0.0635227,Paxton,16.6035,-25.8106,1.33417,10.9276,0.503092,0.340205
37737,-2.95912,1.08223,0.527058,0.501559,0.45006,0.0483804,4483190,4022870,432449,8938510,0.477009,-0.57675,Talarico,13.3725,-24.3742,3.42646,7.9972,0.195682,0.0127973
37751,1.53727,1.30759,0.530307,0.504558,0.446887,0.0485552,4598730,4073090,442550,9114370,0.486396,1.03505,Talarico,18.9398,-27.0012,0.945425,11.9647,0.354659,0.214412
37758,-2.22432,-1.53104,0.473751,0.448734,0.498458,0.0528081,3991780,4434110,469763,8895660,0.474724,-0.145754,Paxton,15.1492,-26.4438,0.998637,11.4362,0.0751478,0.0283796
37779,2.84378,-0.246308,0.511551,0.489644,0.467531,0.0428242,4422900,4223160,386826,9032890,0.482046,1.30474,Talarico,24.2356,-28.5651,-0.128417,11.7973,0.603347,0.223507
37872,-3.03115,0.379784,0.495838,0.470973,0.478879,0.0501487,4559560,4636110,485498,9681170,0.516645,0.0268189,Paxton,12.6836,-24.8636,1.76483,10.9137,0.284715,0.191389
37896,1.37825,1.99715,0.502456,0.478319,0.473644,0.0480374,4390990,4348070,440985,9180040,0.489901,1.06561,Talarico,19.4133,-25.3439,-1.08308,13.2368,0.47551,0.453454
37904,0.371452,-0.522052,0.534101,0.509716,0.444628,0.0456556,4919020,4290880,440599,9650500,0.515007,1.09187,Talarico,17.6838,-26.4668,-0.322423,13.316,0.192857,0.0837014
37941,-1.31973,-0.594731,0.525356,0.504999,0.456252,0.0387493,4373050,3950920,335550,8659520,0.462124,0.25705,Talarico,16.5633,-28.8368,2.54174,11.435,0.555968,0.398461
37949,1.2092,-1.63879,0.480314,0.460763,0.498532,0.0407049,4063190,4396250,358952,8818390,0.470604,1.23085,Paxton,18.5299,-26.9779,0.783026,12.1699,0.247056,0.0630077
37956,2.03538,-1.35166,0.503194,0.481887,0.475769,0.0423443,4452520,4396000,391252,9239780,0.493089,1.01175,Talarico,20.0265,-28.7891,0.384956,12.7761,0.792776,0.533425
37962,-2.37032,0.711846,0.49716,0.480759,0.486251,0.0329896,4541320,4593200,311625,9446150,0.504102,-0.124157,Paxton,14.4812,-24.3703,0.146231,12.084,0.648374,0.169501
37988,-1.70733,-1.60447,0.523781,0.497562,0.45238,0.0500579,4939720,4491160,496967,9927840,0.529808,0.558513,Talarico,14.7252,-28.3957,0.637444,15.0958,0.32103,0.319348
38012,-0.353077,2.18939,0.536987,0.509772,0.439548,0.0506804,4802910,4141280,477495,9421690,0.502796,0.768096,Talarico,18.2011,-22.9732,-0.411408,10.8693,0.199825,0.178924
38013,1.47413,1.99987,0.491249,0.469018,0.485728,0.0452541,4250070,4401480,410076,9061630,0.483581,0.813262,Paxton,19.7012,-26.4339,0.0618171,13.0005,0.255007,0.569079
38040,0.190517,2.54195,0.520936,0.501204,0.460917,0.037879,5136420,4723560,388190,10248200,0.546902,0.866909,Talarico,20.4677,-22.8408,-2.42002,12.9095,0.311724,0.149486
38075,3.08372,-0.109473,0.500606,0.475635,0.474483,0.0498819,3922890,3913380,411410,8247680,0.440148,1.87788,Talarico,22.1233,-27.7282,-0.141089,12.4949,0.402509,0.0167708
38088,1.99224,0.647582,0.516562,0.490031,0.458608,0.051361,5114010,4786090,536009,10436100,0.556931,0.48561,Talarico,18.2317,-26.642,0.516444,11.9026,0.802648,0.117554
38107,2.62524,0.724805,0.513061,0.497437,0.472109,0.0304537,4028030,3822940,246601,8097560,0.432134,1.0746,Talarico,20.8648,-28.165,-0.692,13.5111,0.520675,0.166973
38117,0.149199,2.09686,0.532816,0.504656,0.442492,0.0528521,4862460,4263500,509241,9635200,0.51419,0.860922,Talarico,18.8091,-27.4907,0.801786,11.785,0.254468,0.188252
38120,1.13734,-0.114917,0.476126,0.453342,0.498805,0.0478526,4042850,4448290,426744,8917890,0.47591,0.616508,Paxton,18.5068,-26.2632,-0.197923,12.2342,0.196737,0.204579
38131,-0.180582,0.464683,0.533783,0.507525,0.443283,0.0491921,4306630,3761500,417422,8485550,0.452839,0.644222,Talarico,18.6097,-27.56,1.46167,11.1747,0.321866,0.217313
38150,-0.399023,0.234357,0.480321,0.454545,0.491791,0.0536632,3559430,3851090,420223,7830740,0.417895,0.721509,Paxton,15.9579,-26.3721,-0.018638,14.3295,0.233343,0.0428568
38159,-2.49339,1.0441,0.507209,0.488066,0.474192,0.0377422,4586410,4456040,354668,9397120,0.501484,0.0694287,Talarico,14.0652,-25.0258,0.670347,12.6814,0.734957,0.442468
38176,1.20007,0.313544,0.496781,0.468901,0.474977,0.0561222,4477940,4535970,535960,9549870,0.509637,0.906857,Paxton,18.8388,-27.4921,-0.341984,13.7704,0.736296,0.490245
38182,-0.664714,0.533639,0.518878,0.489033,0.453449,0.0575181,4593270,4259040,540241,9392550,0.501242,0.479566,Talarico,17.3372,-26.6294,2.51267,9.55853,0.622318,0.748702
38201,-0.94992,2.46251,0.493211,0.478965,0.492151,0.0288842,4639560,4767290,279791,9686640,0.516934,0.964895,Paxton,17.3492,-25.2381,0.940299,10.9845,0.325239,0.298417
38236,-0.580471,2.54072,0.514415,0.495551,0.467778,0.0366705,4162330,3929060,308010,8399400,0.448243,0.349891,Talarico,17.1112,-23.7305,-2.4275,15.2785,0.413378,0.489903
38245,1.16908,-1.2778,0.532191,0.502563,0.441764,0.055673,4310740,3789240,477536,8577520,0.457745,0.571629,Talarico,21.1296,-29.6039,1.9364,10.6077,0.310341,0.30208
38267,-0.144842,1.45089,0.495997,0.476425,0.484116,0.0394596,4393010,4463930,363849,9220790,0.492073,0.688659,Paxton,16.5136,-26.716,-0.5977,14.0152,0.693297,0.778927
38335,-0.365567,1.05606,0.497314,0.482769,0.487984,0.0292466,4509730,4558450,273204,9341390,0.498512,0.469543,Paxton,17.0179,-25.6581,-0.523715,13.3815,0.72691,0.801188
38381,-2.31094,0.397948,0.505866,0.486186,0.474911,0.0389027,4610900,4503980,368946,9483820,0.50611,0.0109873,Talarico,13.8391,-25.7398,0.980135,12.1141,0.758953,0.336915
38396,-0.0938947,0.364391,0.514623,0.490353,0.462487,0.0471593,4375660,4127000,420825,8923480,0.476212,0.147684,Talarico,16.8675,-26.1652,-1.6309,15.0779,0.754886,0.534933
38423,-1.20171,0.0379276,0.49882,0.472815,0.475051,0.0521341,4278680,4298930,471782,9049390,0.48293,0.438426,Paxton,16.643,-28.0995,2.3448,10.9132,0.771979,0.868426
38427,1.19262,-0.900915,0.471094,0.449477,0.504637,0.0458853,4286480,4812510,437589,9536580,0.508925,0.936294,Paxton,21.2703,-26.3642,-0.714,11.3206,0.132578,0.0649848
38439,-0.985764,-0.899708,0.51569,0.494852,0.46474,0.0404084,4416530,4147780,360643,8924950,0.476289,0.33096,Talarico,16.1079,-26.1625,1.19572,11.3337,0.746134,0.723067
38445,1.11477,-1.43425,0.513343,0.478541,0.453664,0.0677952,4989640,4730240,706885,10426800,0.556432,0.659222,Talarico,19.6898,-29.2729,0.450683,14.3108,0.712947,0.155109
38458,1.5647,0.676083,0.499814,0.485087,0.485448,0.0294641,4295590,4298780,260913,8855280,0.472571,1.39592,Paxton,20.0707,-27.3333,-1.40456,15.1931,0.736826,0.118512
38465,-0.162309,1.83578,0.496259,0.477774,0.484977,0.0372496,4687960,4758630,365496,9812080,0.523632,0.302263,Paxton,19.8442,-24.8026,1.12282,8.60759,0.626931,0.395874
38500,-0.709206,0.47478,0.480592,0.464435,0.501946,0.0336191,4487400,4849840,324830,9662060,0.515623,0.383665,Paxton,17.2627,-25.6932,-0.837497,13.5894,0.240606,0.186768
38508,1.6698,2.07516,0.493698,0.477826,0.490025,0.0321486,4541110,4657040,305530,9503680,0.507173,0.959146,Paxton,23.3295,-24.5518,-0.387667,9.697,0.228681,0.406844
38512,-0.604438,2.41541,0.498762,0.472837,0.475184,0.0519787,4214200,4235110,463264,8912570,0.475627,0.958087,Paxton,18.2101,-24.2275,-0.49114,11.3502,0.433127,0.597167
38531,-2.44738,1.83264,0.510643,0.487272,0.46696,0.0457681,4219590,4043690,396334,8659610,0.462128,0.0452528,Talarico,13.7476,-24.2266,1.80403,9.87972,0.363973,0.340432
38556,0.543009,-1.11211,0.487967,0.471057,0.494289,0.0346532,4441450,4660490,326734,9428680,0.503169,0.42404,Paxton,16.6545,-26.9533,1.31663,11.771,0.49797,0.448263
38565,-0.85753,-1.08211,0.518171,0.498228,0.463284,0.0384886,4722130,4390940,364790,9477860,0.505795,0.51647,Talarico,18.2092,-26.5818,2.15719,9.73056,0.656137,0.741053
38570,0.743718,0.931362,0.541985,0.522277,0.44136,0.0363629,4803410,4059220,334432,9197060,0.490807,0.85413,Talarico,18.1997,-27.8899,2.13161,10.4137,0.116819,0.121877
38579,0.802863,1.18474,0.514508,0.490432,0.462774,0.0467943,4023710,3796790,383920,8204420,0.437836,0.817894,Talarico,18.029,-28.0265,0.375705,13.337,0.740564,0.290014
38587,2.23193,0.619586,0.528081,0.49835,0.445349,0.0563014,4567060,4081340,515966,9164360,0.489064,1.03576,Talarico,18.765,-26.6651,2.27849,9.14461,0.394054,0.239689
38589,2.38816,-0.583809,0.501935,0.480847,0.47714,0.0420131,4286450,4253400,374520,8914370,0.475724,0.866795,Talarico,19.9351,-28.2489,-1.04055,15.0526,0.711215,0.772879
38591,0.0457187,-1.3070600000000001,0.502757,0.485193,0.479872,0.0349348,4504940,4455530,324364,9284840,0.495493,0.575788,Talarico,15.4812,-27.3681,0.747573,13.22,0.762482,0.971353
38601,-0.570771,2.31524,0.504348,0.481671,0.473366,0.0449631,4588310,4509190,428310,9525810,0.508353,0.850813,Talarico,17.7451,-26.4147,1.19413,11.1376,0.552695,0.687811
38620,-1.04687,1.11359,0.493695,0.472147,0.484207,0.043646,4243990,4352390,392321,8988700,0.479688,0.81572,Paxton,17.846,-26.3099,0.487209,13.2089,0.571901,0.661618
38648,-0.0988212,1.29451,0.508729,0.491227,0.47437,0.0344025,4772960,4609170,334268,9716390,0.518525,0.372382,Talarico,16.6822,-25.3054,1.43622,9.96847,0.955678,0.673299
38654,0.08661,1.00018,0.498957,0.473487,0.475468,0.0510451,4606160,4625430,496575,9728170,0.519151,0.687082,Paxton,19.3266,-25.3224,0.736147,10.9348,0.819481,0.601147
38667,1.30891,-0.201976,0.49615,0.46932,0.47660400000000003,0.0540759,4038380,4101050,465309,8604730,0.459198,0.793143,Paxton,17.907,-24.4484,-0.560841,12.6535,0.686316,0.569062
38672,1.15396,-2.34816,0.533556,0.51218,0.447757,0.0400622,4481380,3917700,350529,8749620,0.46693,1.00762,Talarico,18.8057,-30.9546,3.13966,11.1174,0.140365,0.208592
38678,-0.591933,0.233,0.47682,0.450171,0.49394,0.0558885,3220800,3533950,399861,7154620,0.381813,0.468356,Paxton,18.7321,-25.2401,1.28593,8.95679,0.160822,0.00967731
38682,-0.772217,0.44208,0.477152,0.458162,0.502039,0.0397991,3888990,4261430,337825,8488250,0.452983,0.257847,Paxton,17.8397,-25.4286,-0.392146,13.155,0.166521,0.123911
38687,1.39991,-1.55382,0.488035,0.45719,0.479608,0.0632023,3961700,4155960,547668,8665320,0.462431,0.898693,Paxton,19.968,-28.0385,-0.15957,12.754,0.452479,0.347994
38698,2.18937,1.6974,0.479898,0.459902,0.498432,0.0416658,3821840,4142020,346247,8310100,0.443475,1.05889,Paxton,22.6696,-27.1083,-0.505232,12.236,0.136903,0.0877911
38706,1.58018,0.252342,0.508397,0.484063,0.468072,0.0478645,4233690,4093830,418630,8746140,0.466743,1.01341,Talarico,19.2292,-29.1032,1.41222,11.5212,0.800245,0.406393
38707,2.58358,0.175441,0.534367,0.515599,0.449279,0.035122,5008010,4363840,341139,9712980,0.51834,0.820606,Talarico,20.9564,-26.5914,-0.832952,12.7533,0.18342,0.171132
38715,1.52821,0.896726,0.520954,0.49416,0.454407,0.0514325,4375250,4023290,455379,8853920,0.472497,0.718558,Talarico,18.3084,-26.1163,-0.0899759,13.3387,0.607397,0.682765
38717,-0.847525,0.0647114,0.505844,0.485268,0.474055,0.040677,4484230,4380620,375885,9240730,0.493138,0.463588,Talarico,18.3954,-25.1352,0.568316,10.9423,0.879414,0.966045
38757,0.951697,-2.12705,0.511896,0.492487,0.469598,0.037915,4803120,4579880,369777,9752780,0.520465,0.56498,Talarico,16.1595,-29.7638,1.34254,13.1325,0.639115,0.653668
38822,2.12354,0.675277,0.52073,0.492635,0.453412,0.0539525,5114130,4706950,560090,10381200,0.553999,0.982362,Talarico,20.4564,-27.0873,-0.434225,13.3736,0.637073,0.0741536
38850,-1.71013,0.609887,0.518534,0.493112,0.457862,0.0490262,4540440,4215870,451420,9207730,0.491379,0.079413,Talarico,17.2527,-23.665,-0.778629,13.3029,0.670908,0.397711
38860,1.70575,0.806234,0.515518,0.499423,0.469357,0.0312203,4875690,4582160,304793,9762650,0.520992,0.563274,Talarico,19.8122,-27.9322,-0.105686,13.2839,0.806246,0.560044
38875,-2.27403,-1.4604,0.494845,0.478927,0.488906,0.0321674,3874570,3955300,260238,8090110,0.431734,0.301374,Paxton,15.5594,-25.8853,1.23913,11.4641,0.428887,0.205696
38902,0.588219,1.66447,0.502113,0.480294,0.476252,0.043454,4390540,4353590,397229,9141360,0.487837,1.14408,Talarico,23.1592,-26.8396,-0.190548,11.2376,0.842013,0.357939
38910,-1.13872,1.06071,0.538432,0.51703,0.443222,0.0397485,4433910,3800950,340872,8575730,0.457651,0.373682,Talarico,17.2058,-26.4507,1.43372,11.1,0.25072,0.137249
38917,1.63294,-1.31081e-4,0.486111,0.454921,0.480916,0.0641632,4584660,4846640,646632,10077900,0.537816,0.964132,Paxton,19.7373,-24.2893,-1.41116,12.7463,0.398046,0.111629
38918,-2.66783,-0.575784,0.532392,0.510437,0.448325,0.0412385,3904470,3429360,315445,7649280,0.408208,0.341173,Talarico,13.9076,-26.3314,1.70287,11.5401,0.139583,0.0349834
38922,-0.207836,2.20971,0.519898,0.49787,0.45976,0.0423703,4603910,4251500,391807,9247220,0.493483,1.01382,Talarico,18.1046,-25.1815,-0.0695425,12.267,0.525404,0.479694
38937,1.45945,1.49527,0.523099,0.507865,0.463012,0.029123,5344930,4872890,306500,10524300,0.561639,0.815516,Talarico,18.9244,-26.3001,0.0362704,12.4675,0.461246,0.074125
39019,-1.12922,-1.13126,0.484974,0.466044,0.494924,0.0390318,4350130,4619700,364329,9334160,0.498127,0.132023,Paxton,14.8336,-26.2491,-0.953852,14.7903,0.360902,0.201119
39051,-0.0473954,-1.29135,0.52754,0.511253,0.457874,0.0308739,4958780,4441050,299455,9699290,0.51761,0.479751,Talarico,17.3965,-27.6673,1.39476,12.3471,0.410595,0.380549
39074,0.696342,1.35554,0.501231,0.477104,0.474761,0.0481356,4802690,4779100,484550,10066300,0.537199,0.655972,Talarico,17.0475,-25.9179,0.99831,11.3477,0.899705,0.391852
39139,1.21958,0.561074,0.493655,0.477557,0.489834,0.0326093,4171520,4278760,284846,8735120,0.466158,0.511287,Paxton,19.9956,-27.9687,0.500673,11.8554,0.638275,0.617159
39177,0.0739776,0.152711,0.509716,0.483985,0.465534,0.0504812,4626940,4450540,482604,9560080,0.510183,0.314534,Talarico,17.9928,-26.9861,1.17197,10.954,0.796833,0.748227
39180,-0.371285,-1.26063,0.484541,0.466837,0.496626,0.0365369,4621840,4916760,361727,9900330,0.528339,0.305153,Paxton,17.5213,-26.7138,1.66668,10.9432,0.345013,0.170463
39195,0.026655,-1.97631,0.494308,0.477269,0.48826,0.0344714,4148620,4244160,299640,8692410,0.463878,0.965253,Paxton,20.8374,-26.113,1.57641,9.03017,0.553262,0.416804
39247,0.689117,-0.407953,0.501983,0.481482,0.477678,0.0408404,4044430,4012480,343058,8399980,0.448272,0.620795,Talarico,18.8733,-25.9515,0.292392,12.7926,0.770194,0.573818
39251,-1.08051,1.4005,0.502502,0.484206,0.479384,0.0364098,4427780,4383690,332946,9144420,0.487998,0.436874,Talarico,15.8539,-26.1344,0.379165,12.4785,0.814407,0.945852
39287,-1.98923,2.20146,0.511318,0.487637,0.46605,0.0463129,4895060,4678350,464903,10038300,0.535701,-0.00276443,Talarico,14.8843,-23.2752,1.72669,9.35864,0.320081,0.175311
39294,-1.20781,-2.37234,0.491894,0.470141,0.485637,0.0442211,4463550,4610670,419838,9494060,0.506656,0.417217,Paxton,14.2787,-27.6781,2.60626,11.2521,0.277276,0.544695
39295,0.0825857,-1.11323,0.502403,0.476348,0.471792,0.0518603,4111560,4072240,447629,8631430,0.460624,0.439171,Talarico,18.5383,-26.9457,1.15735,11.8698,0.736821,0.795137
39301,-0.621731,2.66223,0.512694,0.493926,0.469467,0.0366066,4519520,4295710,334957,9150190,0.488307,0.692648,Talarico,19.1116,-22.8115,-0.302923,10.8431,0.32268,0.968385
39318,-0.155299,1.67517,0.5433,0.520532,0.437561,0.0419068,4676070,3930720,376459,8983250,0.4794,0.56047,Talarico,16.3746,-27.0329,1.66034,11.7162,0.127852,0.145487
39321,1.29293,0.165088,0.511145,0.493163,0.471657,0.0351802,4412780,4220350,314790,8947930,0.477514,0.897623,Talarico,18.1772,-26.1404,-2.10531,15.3534,0.803707,0.703207
39345,2.86795,-0.0755455,0.523015,0.506581,0.461998,0.0314208,4719690,4304320,292740,9316750,0.497198,1.1951,Talarico,21.2842,-28.8648,0.481026,11.9757,0.407632,0.208203
39356,0.740796,-0.535833,0.492598,0.474233,0.488484,0.0372832,4191380,4317340,329518,8838250,0.471659,0.946546,Paxton,19.7076,-28.2216,1.03783,12.0389,0.617532,0.467497
39373,3.14142,-0.412983,0.499511,0.475601,0.476532,0.0478669,4576910,4585860,460643,9623410,0.513561,1.5634,Paxton,20.4563,-27.3677,-2.48994,16.238,0.36966,0.0445956
39411,-1.83003,2.07852,0.492671,0.471139,0.485156,0.0437044,4663350,4802090,432587,9898030,0.528216,-0.276264,Paxton,11.9788,-24.2585,1.87292,10.8717,0.339165,0.0456981
39415,0.307766,-1.04978,0.495312,0.471232,0.480153,0.0486153,4865510,4957620,501957,10325100,0.551008,0.55882,Paxton,19.9843,-25.9218,0.771565,10.2763,0.691296,0.200239
39420,-0.28894,0.0578616,0.545184,0.522919,0.436242,0.0408386,4872250,4064650,380510,9317410,0.49723,0.289406,Talarico,16.0292,-25.7714,1.79211,10.5706,0.0617915,0.0779809
39427,0.639128,1.99263,0.505172,0.478408,0.468613,0.0529792,4363880,4274520,483258,9121660,0.486784,0.770057,Talarico,18.5699,-25.5464,0.780172,11.2414,0.679062,0.966022
39443,-1.97394,0.724771,0.505651,0.481963,0.471191,0.0468462,4579960,4477600,445167,9502720,0.50712,0.591737,Talarico,15.4582,-25.3493,0.212187,13.601,0.854231,0.925789
39447,1.9128,-1.51094,0.523177,0.499615,0.455349,0.0450365,4479060,4082220,403754,8965040,0.478426,0.757596,Talarico,20.0034,-28.0828,-0.0136312,13.1915,0.397806,0.642364
39483,0.823079,-0.456625,0.465556,0.444476,0.510246,0.0452777,3816470,4381200,388774,8586440,0.458222,0.93949,Paxton,19.2209,-25.3506,-1.18345,13.3531,0.0687373,0.0329567
39485,0.635357,-1.25764,0.507754,0.479294,0.464656,0.0560503,4314240,4182480,504522,9001240,0.480357,0.554869,Talarico,19.0108,-25.7144,-0.270829,12.0905,0.777655,0.912456
39525,-0.781176,-0.905504,0.490572,0.469612,0.487662,0.0427261,4149020,4308490,377485,8835000,0.471486,0.643996,Paxton,17.1866,-25.7496,1.05487,10.8128,0.493735,0.569164
39591,1.93182,-0.768427,0.515437,0.493513,0.463953,0.0425343,4355100,4094240,375352,8824690,0.470938,0.724108,Talarico,18.7028,-25.9285,-0.839752,12.9532,0.719603,0.768537
39633,0.0218875,-2.18,0.491946,0.469453,0.484824,0.0457232,4239820,4378640,412945,9031400,0.481968,0.714004,Paxton,16.6983,-26.8953,-1.74968,16.2254,0.425156,0.642313
39641,0.450547,-0.400536,0.532412,0.514257,0.451644,0.0340994,4901870,4305040,325034,9531950,0.508682,0.536713,Talarico,18.5022,-27.9319,0.74365,13.3195,0.232427,0.317438
39647,2.27224,0.717618,0.508333,0.481648,0.465857,0.052495,4309280,4168000,469670,8946940,0.477459,0.618087,Talarico,21.0692,-25.5026,-0.456608,11.6808,0.666785,0.895191
39652,0.0295761,1.74164,0.545897,0.519519,0.432161,0.04832,5558640,4623950,517005,10699600,0.570995,0.367187,Talarico,17.648,-24.931,-0.949169,13.7416,0.0990865,0.0125046
39669,-2.33945,1.33249,0.491583,0.472577,0.48875999999999997,0.0386635,4472890,4626060,365946,9464900,0.505102,0.266532,Paxton,13.2324,-26.2994,1.52993,12.388,0.428063,0.460805
39700,-1.29536,-2.21307,0.496158,0.481954,0.489418,0.0286274,3812340,3871390,226448,7910180,0.422132,0.0926771,Paxton,14.7323,-28.7716,1.45406,12.4611,0.391673,0.100693
39710,-2.13861,0.803404,0.493343,0.474259,0.487059,0.0386823,4215450,4329220,343827,8888490,0.474343,0.140219,Paxton,12.0182,-25.0709,2.01654,10.7965,0.58203800000000006,0.408445
39774,2.58869,1.2403,0.510493,0.492049,0.471821,0.0361303,4298810,4122080,315654,8736550,0.466231,0.931179,Talarico,20.6216,-28.4764,-0.00124019,12.8994,0.384837,0.511239
39820,-1.8845,1.06437,0.536638,0.517302,0.446665,0.0360331,4552660,3931000,317119,8800780,0.46966,0.134546,Talarico,17.2985,-25.4025,-0.683456,13.3258,0.293408,0.172492
39834,0.70268,1.54717,0.510847,0.492787,0.47186,0.0353531,4621440,4425190,331548,9378180,0.500473,0.541716,Talarico,19.5672,-27.7765,1.49818,10.7139,0.736238,0.949501
39840,1.40005,0.76118,0.491846,0.472255,0.487914,0.0398305,3993590,4126010,336824,8456430,0.451284,0.810422,Paxton,19.9363,-26.2193,-1.03197,13.8627,0.528142,0.386735
39894,0.123418,1.50947,0.537621,0.512422,0.440706,0.0468718,4855660,4176080,444152,9475890,0.505689,0.457634,Talarico,17.8121,-27.7514,2.04416,10.9568,0.210511,0.189789
39902,2.13794,-1.68257,0.478464,0.462817,0.50448,0.0327034,4473820,4876560,316128,9666510,0.515863,1.07359,Paxton,22.2131,-28.3084,0.278531,12.4591,0.184571,0.0857789
39928,1.72811,-0.30978,0.518972,0.495617,0.45938,0.0450031,4830730,4477530,438641,9746900,0.520153,0.759715,Talarico,17.1921,-27.2516,0.199029,14.2978,0.626102,0.470145
39957,-1.17151,-0.79317,0.484858,0.4644,0.493407,0.0421929,4040350,4292710,367084,8700140,0.464289,0.245125,Paxton,16.409300000000002,-26.8084,2.2275,10.8155,0.375553,0.287899
40058,0.60537,2.25744,0.498267,0.478854,0.482186,0.0389595,4894090,4928140,398182,10220400,0.545422,0.728281,Paxton,20.5358,-26.5375,0.288194,11.7867,0.411596,0.264924
40069,-0.82556,1.74355,0.509682,0.482697,0.464357,0.0529462,4351920,4186580,477355,9015850,0.481137,0.461456,Talarico,16.1976,-26.1215,0.385791,12.314,0.731758,0.899989
40071,-2.30091,-0.729745,0.491866,0.462601,0.4779,0.0594988,3765470,3890010,484308,8139790,0.434386,0.1615,Paxton,13.7724,-25.9245,1.94483,11.2229,0.508367,0.155834
40088,-0.382114,1.12001,0.503521,0.482317,0.475572,0.0421112,4303730,4243540,375759,8923020,0.476185,0.464804,Talarico,17.8318,-27.1388,0.833393,12.3686,0.967089,0.881891
40103,-0.589604,2.4724,0.524534,0.501175,0.454292,0.044533,4438050,4022890,394353,8855290,0.472571,0.774681,Talarico,15.8628,-24.0432,1.80385,9.40391,0.33852,0.56052
40116,-0.275022,0.6014,0.523741,0.503714,0.458047,0.0382387,4843810,4404670,367711,9616190,0.513178,0.539962,Talarico,18.735,-26.0595,-0.109771,11.6451,0.572927,0.517834
40149,-2.76696,0.945175,0.483551,0.462709,0.494189,0.0431015,3900230,4165580,363308,8429120,0.449824,0.259841,Paxton,14.0244,-24.3463,0.664294,11.8671,0.177998,0.193299
40155,1.51237,2.17395,0.507288,0.482253,0.468397,0.0493497,4099840,3982040,419543,8501430,0.453689,0.85238,Talarico,20.1004,-25.7927,-2.49848,16.1522,0.375734,0.445266
40196,0.0927032,0.984348,0.532226,0.506643,0.445289,0.0480674,4682690,4115620,444267,9242580,0.493236,0.104443,Talarico,17.5822,-27.4957,-0.51851,14.03,0.341755,0.189219
40256,-1.88999,-0.0330708,0.510302,0.483776,0.464243,0.0519814,4786930,4593660,514353,9894940,0.528053,-0.0522496,Talarico,15.7076,-26.5056,1.94955,10.6582,0.831882,0.177831
40300,2.40935,-1.57203,0.479655,0.451886,0.49022,0.0578936,4208040,4565020,539115,9312170,0.49695,1.09832,Paxton,22.2245,-27.8987,-0.340849,11.9352,0.189766,0.100591
40316,0.496797,2.13262,0.508568,0.485401,0.469045,0.0455533,4975750,4808090,466957,10250800,0.547039,0.918993,Talarico,20.7833,-25.0141,0.646987,10.0573,0.605281,0.175867
40328,1.28248,-0.719848,0.48065,0.452282,0.488697,0.0590217,4091100,4420490,533879,9045470,0.48272,0.599454,Paxton,20.7733,-28.553,0.666299,12.0282,0.311771,0.304583
40351,1.20586,-0.00215657,0.512429,0.485428,0.461879,0.0526929,4401470,4187950,477776,9067190,0.483878,0.486238,Talarico,19.1472,-25.4889,-0.126849,11.5057,0.793055,0.897782
40355,-2.62299,0.0848114,0.516695,0.495282,0.463275,0.0414426,4569390,4274100,382343,9225840,0.492346,0.106054,Talarico,13.5496,-27.5848,3.00973,10.7925,0.59736,0.466945
40360,1.0015,-2.52029,0.485392,0.460673,0.488402,0.0509252,4060200,4304600,448836,8813630,0.470347,0.623783,Paxton,17.5866,-30.989,2.92809,11.3325,0.231338,0.405182
40411,-0.691064,2.09533,0.498755,0.476713,0.479094,0.0441923,4132940,4153580,383131,8669640,0.462665,0.991928,Paxton,16.58,-25.0213,0.585326,10.3739,0.618864,0.422799
40423,1.68744,0.89284,0.496773,0.47807500000000003,0.484286,0.0376398,4412790,4470120,347428,9230340,0.492583,0.65382,Paxton,20.1411,-27.2396,-0.444558,12.9885,0.611764,0.807586
40443,-0.706222,1.18221,0.507798,0.489511,0.474476,0.0360125,4484780,4347040,329938,9161760,0.488927,0.40638,Talarico,17.222,-25.4063,0.142573,11.9548,0.94389,0.923931
40452,0.766138,0.353639,0.550094,0.531149,0.434411,0.03444,4705730,3848680,305122,8859530,0.472796,0.675873,Talarico,18.4573,-28.2046,1.82277,11.4154,0.0397293,0.0443526
40455,1.61721,-1.9631,0.529641,0.505579,0.44899,0.0454315,4535020,4027420,407518,8969950,0.478688,0.757186,Talarico,17.0156,-27.3639,-0.399462,14.6921,0.26214,0.430738
40505,-0.793688,-1.64609,0.527692,0.498877,0.446518,0.0546053,5106430,4570490,558932,10235900,0.546244,0.326135,Talarico,17.7811,-26.2963,1.39141,10.3868,0.371736,0.105495
40514,-1.51506,0.0306471,0.518053,0.500211,0.465348,0.0344416,4574670,4255840,314985,9145490,0.488056,0.599764,Talarico,15.9857,-26.7377,2.52072,10.0902,0.738068,0.868427
40520,0.696564,-1.32263,0.506135,0.483838,0.472109,0.0440529,4234050,4131400,385505,8750960,0.467001,0.709193,Talarico,17.5227,-27.5443,1.89215,11.1583,0.799786,0.768337
40540,-0.648354,0.163533,0.50978,0.480479,0.462043,0.0574779,4321830,4156000,517005,8994840,0.480016,0.65295,Talarico,17.488,-27.7302,0.944132,12.1367,0.830432,0.929562
40553,-1.87673,0.882389,0.497387,0.477292,0.482308,0.0404,4184280,4228250,354175,8766710,0.467842,0.175259,Paxton,15.0877,-24.6266,-0.30233,12.904,0.703041,0.487498
40579,0.196497,-1.78868,0.523326,0.492563,0.448652,0.0587851,4621680,4209670,551576,9382930,0.500726,0.731074,Talarico,18.4033,-27.682,-0.129015,13.5054,0.514273,0.602156
40637,2.73314,-0.375437,0.518738,0.497939,0.461965,0.0400963,4474720,4151440,360325,8986490,0.479571,0.900358,Talarico,21.2859,-28.9041,0.619579,12.3314,0.50403,0.62901
40643,0.447689,-0.406747,0.503538,0.480119,0.473373,0.0465082,4459280,4396620,431962,9287870,0.495656,0.831886,Talarico,19.9099,-26.8158,1.323,10.1123,0.787177,0.846717
40650,-1.47608,-2.01421,0.482445,0.465048,0.498892,0.03606,4196540,4501930,325401,9023870,0.481567,0.0469147,Paxton,13.3505,-25.1569,1.81545,10.6196,0.209559,0.144211
40655,1.66873,-1.42945,0.510758,0.48597,0.465499,0.0485315,4026720,3857090,402129,8285940,0.442185,1.11892,Talarico,21.174,-27.9629,-0.869546,13.6099,0.703688,0.180302
40678,0.920039,1.0563,0.489675,0.464571,0.484161,0.0512679,4205130,4382460,464059,9051640,0.48305,0.984419,Paxton,17.3032,-26.1811,0.759792,12.2755,0.411084,0.370476
40679,-2.4878,-0.338758,0.482043,0.46133,0.495702,0.0429681,3737000,4015420,348062,8100480,0.432291,0.185011,Paxton,14.3406,-26.7859,2.83952,10.4726,0.189252,0.0717164
40716,0.661853,-2.21245,0.534649,0.505726,0.440177,0.0540968,4636700,4035710,495981,9168390,0.489279,0.549229,Talarico,17.8566,-27.2487,0.380612,12.6397,0.148633,0.314988
40726,-2.00578,-1.87479,0.515167,0.497905,0.468588,0.0335069,3864620,3637070,260073,7761770,0.414213,0.235654,Talarico,16.9721,-23.0804,-0.481166,11.447,0.33317,0.0995493
40728,-0.0637413,0.811414,0.503611,0.48137,0.474468,0.044162,4637340,4570850,425441,9633640,0.514108,0.168999,Talarico,17.4483,-25.8722,-0.498524,13.0502,0.942397,0.408479
40742,-1.94715,1.35572,0.4934,0.47464,0.487338,0.0380211,5129650,5266880,410911,10807400,0.57675,-0.0336422,Paxton,15.5053,-25.4034,2.31843,9.53043,0.51826,0.0156692
40776,2.91043,-0.742419,0.488946,0.466665,0.487765,0.0455701,3893480,4069520,380201,8343210,0.445241,1.18998,Paxton,24.2012,-27.8119,-0.114153,11.0165,0.33634,0.121713
40864,2.63492,-1.07084,0.507622,0.488248,0.473586,0.0381658,3841420,3726060,300279,7867760,0.419869,0.941177,Talarico,21.577,-28.8082,-0.753426,14.6638,0.531208,0.176745
40869,-1.81384,0.5613,0.512584,0.490202,0.466133,0.0436651,4812090,4575810,428640,9816540,0.523867,0.19206,Talarico,13.5081,-25.5031,0.905771,12.5953,0.805392,0.414304
40890,2.93612,0.0341549,0.495756,0.473067,0.481167,0.0457652,4604520,4683360,445448,9733320,0.519426,1.19635,Paxton,23.3133,-26.4272,-3.0553,14.5046,0.401347,0.15963
40896,1.67091,-1.80331,0.488553,0.464714,0.486492,0.0487936,4584570,4799410,481366,9865350,0.526473,0.930683,Paxton,19.9991,-28.381,0.0452926,13.7011,0.394239,0.192873
40904,-0.133479,1.28224,0.523613,0.503564,0.458147,0.0382898,4598840,4184060,349685,9132590,0.487369,0.819737,Talarico,17.7941,-26.833,1.71383,11.1835,0.523917,0.576032
40912,-0.00850165,1.71292,0.502387,0.484723,0.480116,0.0351604,4793250,4747690,347688,9888630,0.527713,0.113406,Talarico,18.6256,-25.1632,-0.555531,12.4377,0.867424,0.229637
40931,-2.14367,-1.43913,0.514993,0.493931,0.465171,0.0408984,4396020,4140050,363999,8900080,0.474958,-0.107288,Talarico,14.7559,-26.8848,1.66932,11.8398,0.510029,0.208488
40932,-1.77304,-0.908817,0.521109,0.499537,0.459066,0.0413963,4687060,4307330,388413,9382800,0.500725,0.179627,Talarico,13.5993,-29.9114,2.95374,12.7026,0.589035,0.412979
40936,-0.930251,-0.0319808,0.509811,0.486944,0.468203,0.0448534,4288000,4122970,394977,8805940,0.469938,0.249783,Talarico,14.5982,-26.5752,0.668022,12.8169,0.884415,0.664611
40968,-0.131712,1.77369,0.517393,0.494465,0.46122,0.0443152,4334230,4042820,388445,8765500,0.467779,0.254467,Talarico,17.828,-26.1839,-0.17281,12.5745,0.64902,0.58959
40972,1.07812,2.13709,0.536122,0.509322,0.440689,0.0499898,4732280,4094590,464472,9291340,0.495839,0.443004,Talarico,19.1845,-26.0904,-1.13899,14.1619,0.157562,0.243244
40976,1.57669,-0.59101,0.505417,0.480889,0.470581,0.0485302,4320150,4227540,435979,8983670,0.479422,0.389817,Talarico,18.8746,-28.3964,-0.0955683,14.485,0.809486,0.892952
41003,0.944208,-0.153821,0.50579,0.483144,0.472082,0.0447736,4549750,4445580,421631,9416950,0.502544,0.679987,Talarico,17.6139,-27.3507,0.186628,13.1615,0.767648,0.944593
41028,-2.57234,-0.768055,0.495009,0.476432,0.48604,0.0375274,4615880,4708960,363581,9688420,0.517032,0.315922,Paxton,13.0772,-26.8982,3.70515,10.1042,0.44905,0.492928
41075,-0.163113,-0.823226,0.496075,0.476739,0.484282,0.0389789,4514200,4585630,369088,9468910,0.505315,0.238467,Paxton,15.6812,-28.5983,1.5865,12.1844,0.622628,0.501604
41091,0.77231,-1.04232,0.493851,0.470351,0.482064,0.0475848,4317360,4424870,436781,9179010,0.489845,1.26608,Paxton,18.3559,-26.3214,1.99653,9.35251,0.716733,0.17532
41119,-0.539249,0.672579,0.503863,0.486999,0.479531,0.0334693,4252180,4186970,292233,8731380,0.465958,0.160536,Talarico,17.3239,-26.8471,1.04152,11.8763,0.881236,0.50749
41187,1.58474,-0.0662505,0.477209,0.460316,0.504284,0.0354003,4186130,4585980,321932,9094040,0.485312,0.680387,Paxton,18.229,-26.3682,-1.4309,15.2079,0.210141,0.224956
41188,0.78811,-0.83829,0.525578,0.499532,0.450911,0.0495571,4096960,3698190,406448,8201600,0.437686,0.764332,Talarico,18.5588,-28.0916,-0.153234,13.3515,0.473192,0.179021
41195,-0.440143,0.363804,0.530162,0.509988,0.451959,0.0380537,4425110,3921600,330188,8676900,0.46305,0.874961,Talarico,17.9263,-27.9697,1.55916,11.1942,0.441083,0.302222
41207,2.38728,-0.581489,0.503766,0.482961,0.475741,0.0412975,3948540,3889510,337636,8175690,0.436302,0.719769,Talarico,19.0169,-27.0427,-1.53775,15.2633,0.742478,0.305514
41215,2.75509,-0.11806,0.490754,0.467454,0.485067,0.047479,4173720,4330980,423922,8928620,0.476484,1.05778,Paxton,22.1286,-27.8195,-0.892617,12.8649,0.392098,0.335417
41263,-2.54414,0.41908,0.500706,0.477475,0.476129,0.046396,4440500,4427980,431481,9299960,0.496301,0.162209,Talarico,13.9921,-25.1243,0.883292,12.2275,0.617219,0.480038
41264,0.233804,1.23714,0.499887,0.478722,0.478939,0.0423392,4294890,4296840,379849,8971580,0.478774,0.461244,Paxton,20.095,-26.2746,0.792609,10.0514,0.889035,0.859193
41271,-2.81675,1.09588,0.504405,0.485882,0.477396,0.0367222,4473240,4395110,338080,9206420,0.491309,0.0959993,Talarico,13.7043,-23.731,1.87593,8.81549,0.534937,0.470551
41280,-0.449658,-2.31441,0.509533,0.490302,0.471956,0.0377428,4354640,4191700,335215,8881560,0.473971,0.29298,Talarico,14.7262,-27.7845,1.20395,13.3497,0.513142,0.743308
41298,-0.375739,2.62835,0.530319,0.510176,0.451842,0.0379816,4404200,3900610,327883,8632690,0.460692,0.770268,Talarico,18.4351,-25.2185,-0.716444,13.7751,0.166228,0.320521
41300,-0.262088,0.697652,0.536749,0.518625,0.447609,0.0337655,4140050,3573150,269541,7982730,0.426006,0.45982,Talarico,18.2347,-26.754,0.0102748,12.8745,0.219288,0.05685
41422,0.907119,-0.29462699999999997,0.516147,0.491305,0.460566,0.0481294,3905900,3661530,382632,7950060,0.424262,0.108589,Talarico,19.2792,-28.2992,0.616538,12.8025,0.701524,0.109297
41424,-1.49387,0.0615986,0.50842,0.486973,0.470844,0.0421836,4565590,4414380,395491,9375460,0.500329,0.330267,Talarico,15.7194,-28.2765,3.01017,9.97726,0.867244,0.835101
41425,0.578708,-2.41669,0.526271,0.508461,0.457698,0.033841,4348490,3914350,289417,8552250,0.456397,0.422399,Talarico,17.2931,-29.1548,2.1487,11.3004,0.265215,0.438276
41451,2.1224,-0.117982,0.499844,0.47983,0.480129,0.0400415,4206540,4209160,351033,8766740,0.467845,1.05429,Paxton,21.3218,-24.9459,-1.29467,11.9728,0.698437,0.408149
41452,-0.656469,1.39546,0.516644,0.490966,0.459332,0.0497018,4681190,4379570,473889,9534650,0.508825,0.251005,Talarico,16.9338,-27.2052,1.74032,11.0641,0.695765,0.566603
41455,0.162454,-1.77886,0.52955,0.502396,0.446326,0.0512773,4327960,3844940,441735,8614640,0.459726,1.00453,Talarico,15.7193,-28.4728,2.87104,11.3175,0.341914,0.247629
41467,1.91346,-1.69144,0.526241,0.500847,0.450897,0.0482559,4221190,3800210,406706,8428100,0.449774,0.975066,Talarico,18.4826,-28.2919,-0.907178,15.4073,0.311716,0.225655
41475,-1.7317,1.47452,0.509397,0.490195,0.47211,0.0376954,4625450,4454800,355692,9435940,0.503561,0.164967,Talarico,14.9605,-26.1764,1.20843,12.0846,0.748444,0.590425
41484,0.838423,-1.73497,0.512294,0.495173,0.471407,0.0334193,3834900,3650840,258818,7744560,0.413295,0.68612,Talarico,17.0259,-27.9107,1.96638,10.8243,0.746323,0.16968
41498,-0.0709204,-0.798143,0.505037,0.485553,0.475869,0.0385783,4482140,4392750,356117,9231010,0.492622,0.617798,Talarico,18.3192,-26.2068,0.0946237,12.3781,0.714409,0.990287
41504,-1.40792,-2.22187,0.488543,0.466008,0.487864,0.0461286,3957600,4143220,391750,8492570,0.453212,-0.00501017,Paxton,13.4365,-25.693,0.931815,12.9378,0.284697,0.137848
41509,-1.66036,0.982017,0.506429,0.482604,0.470351,0.0470452,3966530,3865820,386665,8219020,0.438614,0.186883,Talarico,19.8305,-24.3614,-0.230293,10.278,0.86269,0.262997
41533,-0.621492,-2.03681,0.510655,0.485159,0.464912,0.0499293,4588740,4397240,472242,9458220,0.504747,0.20023,Talarico,15.9402,-27.2467,1.41693,12.6564,0.653414,0.638799
41534,-1.71428,-0.579045,0.495679,0.479967,0.488335,0.0316977,4082530,4153710,269616,8505860,0.453923,0.570551,Paxton,16.6546,-28.8698,3.51106,9.40431,0.654766,0.59944
41588,-0.286463,-1.65266,0.492107,0.471126,0.48624,0.0426343,3642090,3758930,329589,7730610,0.412548,0.552448,Paxton,17.6685,-26.5855,0.773395,12.4343,0.446985,0.0643886
41602,0.785558,-1.94385,0.502205,0.474938,0.470767,0.0542948,4186050,4149290,478549,8813890,0.47036,0.778356,Talarico,20.2652,-27.8317,0.616164,12.2401,0.751869,0.795766
41607,0.975203,-0.721878,0.530083,0.509047,0.451269,0.0396837,4324500,3833660,337124,8495280,0.453357,1.01997,Talarico,17.2275,-27.1501,0.545422,11.9976,0.326425,0.200833
41614,-0.348761,-0.503888,0.485485,0.466143,0.494017,0.0398406,4210340,4462100,359852,9032290,0.482018,0.380054,Paxton,17.2292,-25.506,0.123102,13.2991,0.420214,0.389562
41656,-0.0121052,-0.148064,0.503361,0.482272,0.475833,0.0418949,4065300,4011020,353152,8429470,0.449846,0.482347,Talarico,17.2979,-26.8891,1.10765,11.9791,0.805508,0.673067
41670,3.25989,-0.256362,0.494476,0.470232,0.480738,0.0490307,4297140,4393140,448059,9138340,0.487674,1.48185,Paxton,24.148,-26.8479,-3.58382,16.0683,0.300798,0.0398086
41702,0.962998,2.41203,0.50309,0.482747,0.476817,0.0404361,4265610,4213220,357298,8836120,0.471545,1.11119,Talarico,21.8954,-23.5491,-1.43906,10.8587,0.321672,0.352949
41712,0.625138,0.394055,0.514364,0.494851,0.467212,0.0379374,4209280,3974190,322702,8506170,0.453937,0.403824,Talarico,18.9622,-27.153,1.00911,11.2928,0.750796,0.629961
41720,-1.59815,-0.523955,0.509959,0.492718,0.473474,0.0338083,4524700,4347980,310467,9183150,0.490068,0.481526,Talarico,16.747,-27.2134,0.423237,12.8435,0.877751,0.94354
41726,-2.68015,1.06374,0.489062,0.467541,0.488453,0.0440059,4674420,4883500,439966,9997890,0.533548,0.0437472,Paxton,13.8607,-21.6492,-0.165253,11.2965,0.321819,0.0796203
41736,1.67153,1.97386,0.50093,0.487544,0.485734,0.0267214,4471600,4454990,245080,9171670,0.489453,0.692805,Talarico,20.238,-26.8155,-0.965717,13.7049,0.369824,0.949214
41757,0.123653,-0.212212,0.51445,0.496816,0.468906,0.0342787,4466760,4215830,308192,8990780,0.479802,0.602782,Talarico,18.2603,-28.4184,1.55454,12.0657,0.705699,0.885289
41764,0.782625,1.04978,0.525829,0.507783,0.457898,0.0343184,5322880,4799960,359745,10482600,0.559412,0.477868,Talarico,20.5098,-26.0699,0.0561363,10.8783,0.523859,0.0750577
41789,2.00227,1.69915,0.48735,0.465141,0.489289,0.0455698,4333380,4558350,424540,9316260,0.49717,1.41167,Paxton,22.7368,-27.0536,-0.521021,11.7742,0.273517,0.0550442
41802,-0.00393141,0.437911,0.495652,0.475883,0.484232,0.0398849,4663140,4744950,390829,9798920,0.522928,0.511735,Paxton,17.9206,-26.1676,-0.267623,12.8483,0.622317,0.471913
41815,-0.496407,-0.95663,0.482603,0.45596,0.488833,0.0552071,4693930,5032350,568336,10294600,0.54938,0.496176,Paxton,16.5082,-25.7073,1.40357,10.7814,0.349698,0.105183
41824,-0.876916,2.25879,0.518621,0.503078,0.466952,0.0299699,4642510,4309120,276568,9228200,0.492471,0.605771,Talarico,18.1568,-25.7922,1.29549,10.1501,0.535462,0.858875
41863,-0.60762,1.63308,0.490682,0.466564,0.484284,0.0491524,4433910,4602300,467111,9503320,0.507153,0.439804,Paxton,15.4104,-24.4873,-0.587797,14.0621,0.479756,0.501452
41882,0.249055,-0.0143355,0.51797,0.495232,0.460871,0.0438974,4488890,4177430,397895,9064210,0.48372,1.09726,Talarico,17.7095,-29.2282,1.60185,11.6686,0.675105,0.386525
41912,1.30264,-0.642843,0.504313,0.472935,0.464845,0.0622194,4769670,4688080,627498,10085200,0.538208,0.991511,Talarico,20.6529,-27.9838,1.23404,11.1343,0.795688,0.218272
41930,-0.314102,-0.528943,0.494149,0.471082,0.482238,0.0466802,4415060,4519620,437495,9372170,0.500157,0.775921,Paxton,19.1891,-25.9782,0.872301,11.2611,0.588109,0.630773
41945,-0.486057,1.74401,0.501269,0.480095,0.477663,0.0422414,4549390,4526340,400280,9476010,0.505696,0.522938,Talarico,14.6045,-24.5917,0.721487,12.4078,0.807747,0.862984
41983,-0.873973,-0.320078,0.492763,0.471961,0.485824,0.0422155,4872110,5015220,435796,10323100,0.550901,0.327528,Paxton,15.8457,-26.7048,1.75611,11.3336,0.550305,0.134438
42022,2.20749,-1.00932,0.514072,0.491305,0.464407,0.0442878,4407050,4165770,397265,8970080,0.478696,1.09728,Talarico,21.2113,-28.3292,-0.578738,14.3142,0.693997,0.39775
42030,-1.08761,1.27785,0.493023,0.465486,0.47866,0.0558548,4258850,4379380,511030,9149270,0.488254,0.411845,Paxton,16.9535,-25.3391,0.901837,10.7758,0.567697,0.659816
42086,1.17587,-1.41337,0.497751,0.481562,0.485913,0.0325248,4459910,4500210,301223,9261340,0.494238,1.01332,Paxton,19.2899,-26.8129,0.145238,12.0405,0.804662,0.496328
42088,-0.719436,-1.54973,0.513206,0.491171,0.465893,0.0429359,4813480,4565760,420772,9800010,0.522984,0.170924,Talarico,17.741,-27.965,0.534108,13.9354,0.740755,0.395514
42119,-2.78688,0.372664,0.520829,0.496042,0.456366,0.0475922,4779280,4397010,458543,9634830,0.514169,-0.0415179,Talarico,12.6473,-26.1966,2.78464,10.3964,0.393397,0.158547
42124,-2.90157,0.463007,0.499559,0.473406,0.47424,0.052354,4227340,4234790,467502,8929630,0.476537,0.019174,Paxton,11.6896,-25.288,2.20691,10.3993,0.426778,0.324664
42136,0.51451,-0.633164,0.504322,0.485457,0.477137,0.0374053,3763800,3699300,290007,7753110,0.413753,0.644222,Talarico,19.9123,-27.993,0.392882,12.7266,0.770266,0.166746
42160,0.152188,1.39502,0.510068,0.49439,0.474873,0.0307371,4866110,4674000,302534,9842650,0.525265,0.777409,Talarico,19.2786,-23.7257,-0.125168,9.42295,0.883465,0.469851
42209,-0.628717,1.32596,0.5059,0.475973,0.464871,0.0591554,4419990,4316900,549330,9286220,0.495567,0.0351188,Talarico,18.0605,-25.2656,0.922113,9.95069,0.93799,0.409353
42233,-1.60562,1.6514,0.52858,0.509524,0.454425,0.0360507,4519000,4030320,319736,8869060,0.473304,0.104759,Talarico,15.3062,-25.9391,1.63253,10.9019,0.415772,0.303511
42282,-1.72283,1.59242,0.505907,0.48583,0.474486,0.0396841,4474170,4369690,365463,9209320,0.491467,0.490659,Talarico,17.7395,-25.7624,1.63724,10.0536,0.667846,0.97058
42284,2.79946,0.0179344,0.508248,0.487872,0.472038,0.0400895,4585300,4436490,376784,9398580,0.501563,1.38182,Talarico,22.197,-26.4644,-0.473109,11.6354,0.615059,0.163523
42356,0.281252,-2.18624,0.47667,0.453843,0.498268,0.0478897,3835040,4210440,404675,8450150,0.450951,0.581382,Paxton,18.7943,-27.8125,0.81137,12.0387,0.154469,0.14208200000000001
42365,-0.193432,-0.040637,0.503997,0.483224,0.475559,0.0412171,4642420,4568780,395980,9607180,0.512695,0.491032,Talarico,15.5761,-27.5677,1.04421,13.1896,0.825279,0.81891099999999994
42387,0.126063,1.47507,0.512971,0.492391,0.467489,0.04012,4049860,3845040,329982,8224880,0.438931,0.740259,Talarico,18.1346,-24.0832,-0.409995,11.9229,0.787617,0.341491
42401,0.693125,0.124393,0.537355,0.517806,0.445814,0.0363799,4727850,4070520,332168,9130540,0.48726,0.653143,Talarico,19.2428,-25.1085,-1.84974,13.5765,0.154804,0.252544
42429,1.53455,0.511101,0.5192,0.49377,0.457251,0.0489784,4750180,4398860,471184,9620230,0.513393,0.766664,Talarico,22.7658,-28.6847,1.08012,11.0238,0.754187,0.574709
42447,2.37451,0.786235,0.531049,0.503629,0.444738,0.0516324,4402190,3887420,451315,8740920,0.466464,0.850148,Talarico,21.363,-27.0455,-0.159269,11.9288,0.291606,0.307776
42501,-1.34064,1.16061,0.533862,0.504755,0.440723,0.0545211,4737640,4136640,511736,9386010,0.500894,0.126951,Talarico,16.3835,-26.9467,0.885761,12.7027,0.365752,0.163633
42516,0.117729,1.93021,0.489663,0.467097,0.486819,0.0460849,4681110,4878760,461850,10021700,0.534817,0.545273,Paxton,20.3015,-24.6597,1.2652,9.35918,0.37611,0.264001
42545,-0.0334539,-2.13616,0.539618,0.520091,0.443722,0.0361871,4499230,3838580,313049,8650850,0.461658,0.278961,Talarico,16.9628,-30.6518,2.75584,11.2146,0.127333,0.119938
42550,3.04031,-0.377371,0.507405,0.486003,0.471818,0.0421786,4523910,4391880,392615,9308400,0.496751,1.00097,Talarico,23.3497,-28.9164,-0.563163,13.8031,0.499083,0.5579
42567,-1.04081,0.5678,0.500163,0.486315,0.485999,0.0276861,4118570,4115900,234472,8468940,0.451952,0.501972,Talarico,18.2059,-23.7584,0.00137455,11.556,0.739725,0.674416
42584,-1.44143,-1.49748,0.504283,0.47606,0.467974,0.0559655,4759870,4679020,559568,9998450,0.533571,0.292726,Talarico,17.2211,-24.9988,1.67297,9.53336,0.776613,0.294887
42585,-2.92328,0.736881,0.491208,0.468027,0.484782,0.0471907,3892550,4031900,392482,8316940,0.443841,-0.0249482,Paxton,14.2966,-26.0427,0.607379,13.5666,0.256223,0.137451
42600,1.17872,1.28159,0.496373,0.474799,0.481738,0.0434635,4170610,4231560,381781,8783940,0.468762,0.550746,Paxton,21.0597,-25.8302,-1.03478,12.2723,0.605433,0.708312
42622,0.227422,0.593548,0.46846,0.443088,0.502752,0.0541594,3983960,4520410,486965,8991340,0.47983,0.843729,Paxton,16.6566,-25.7287,0.350261,12.9015,0.0751186,0.0883611
42635,-2.86938,-0.217178,0.513704,0.487335,0.461334,0.0513309,4567040,4323370,481045,9371460,0.500115,-0.138172,Talarico,14.8841,-26.7135,3.25552,9.11321,0.512156,0.215405
42640,-1.83575,0.0396047,0.487417,0.470901,0.495214,0.0338847,4036700,4245120,290469,8572280,0.457467,0.258615,Paxton,12.792,-26.264,2.70767,11.032,0.399676,0.290821
42683,-1.71895,-1.29045,0.460521,0.437002,0.511929,0.051069,3766490,4412280,440160,8618930,0.459956,0.432409,Paxton,15.0559,-24.8274,1.26753,11.1994,0.0439147,0.0230098
42695,-2.87297,0.48640099999999997,0.498529,0.480598,0.483434,0.0359676,4626100,4653400,346214,9625710,0.513684,-0.151633,Paxton,13.0705,-25.6759,2.40336,10.8145,0.426351,0.163443
42756,1.0054,-1.56125,0.526395,0.50548,0.454788,0.0397318,4287770,3857770,337028,8482570,0.452677,0.985852,Talarico,15.9661,-28.1881,0.560392,13.7029,0.46436500000000003,0.237224
42771,1.21994,-0.929741,0.489019,0.468624,0.489671,0.0417053,4218240,4407680,375403,9001320,0.480363,1.20761,Paxton,21.696,-27.9081,-0.29152,12.3249,0.513083,0.190097
42773,1.36445,1.06346,0.500777,0.474635,0.473162,0.0522034,3913100,3900960,430388,8244450,0.439972,0.37993,Talarico,18.4215,-27.3111,-0.358659,14.9222,0.769005,0.402487
42813,-1.1839,1.53244,0.519798,0.491034,0.453629,0.0553377,3811160,3520840,429504,7761500,0.414199,0.350665,Talarico,18.0431,-25.468,0.472937,11.6108,0.63455,0.113816
42850,0.963669,1.13096,0.493039,0.46846,0.481688,0.0498528,4668100,4799910,496772,9964780,0.531775,0.835479,Paxton,19.8774,-27.5314,0.411385,12.2188,0.515413,0.273323
42999,-1.90953,1.14833,0.511193,0.49163,0.470101,0.0382693,4668430,4463990,363399,9495830,0.506751,0.351772,Talarico,16.1442,-24.7875,1.45222,10.4256,0.832561,0.816487
43018,0.736147,-0.835236,0.525186,0.494859,0.447395,0.0577456,4517480,4084190,527149,9128820,0.487167,0.190231,Talarico,17.7011,-28.4388,1.60411,12.0624,0.479725,0.401188
43023,-0.819846,2.47762,0.496043,0.475474,0.483059,0.0414677,4134570,4200530,360590,8695690,0.464053,0.370666,Paxton,15.2313,-23.3833,-0.748437,13.1896,0.359761,0.62755
43066,2.2962,1.6792,0.522063,0.504527,0.461882,0.0335908,4513270,4131790,300488,8945560,0.477387,1.07637,Talarico,21.3961,-26.8748,0.00551475,11.8944,0.270562,0.282216
43129,2.13382,-1.04755,0.518191,0.495455,0.46067,0.0438757,4216820,3920760,373426,8511000,0.454195,0.538739,Talarico,19.6337,-27.6356,-0.440805,13.0626,0.574772,0.618386
43135,-1.13955,0.650444,0.503765,0.486639,0.479366,0.0339945,4362650,4297450,304756,8964860,0.478419,0.354319,Talarico,15.7014,-26.2468,1.03565,11.8727,0.81059,0.865408
43153,-1.80186,-0.55618,0.507977,0.485,0.469767,0.0452325,4146580,4016340,386721,8549640,0.456257,0.171675,Talarico,12.914,-29.5352,3.83222,11.1073,0.827955,0.429076
43160,-2.26041,-0.517996,0.547948,0.528249,0.435801,0.0359495,4564510,3765680,310633,8640820,0.461123,0.0122284,Talarico,15.534,-28.4014,3.46851,9.66816,0.0517143,0.0176408
43163,-1.1101,-1.26891,0.519645,0.485414,0.448712,0.0658741,4159810,3845290,564516,8569620,0.457323,0.682703,Talarico,17.2515,-26.1883,-0.498015,14.4288,0.556823,0.591588
43164,-0.120353,1.28715,0.553051,0.529694,0.428073,0.0422334,4542970,3671410,362219,8576600,0.457697,0.526249,Talarico,19.591,-25.8637,-1.42819,14.5858,0.0378052,0.0193047
43190,0.394363,-2.06757,0.54414,0.522819,0.437997,0.0391844,4883350,4091080,365999,9340430,0.498459,0.296386,Talarico,17.8964,-29.8362,1.4443,13.4938,0.0656239,0.0849599
43233,-0.542631,-0.797221,0.510077,0.478641,0.45973,0.061629,3639160,3495370,468571,7603090,0.405747,0.450154,Talarico,16.3015,-25.6072,0.219349,13.3491,0.75676,0.0907888
43237,-0.834337,-0.899238,0.487452,0.462179,0.485973,0.0518485,4053530,4262220,454736,8770480,0.468043,0.266562,Paxton,15.5687,-26.7754,0.53994,13.8925,0.446912,0.366141
43247,0.447793,1.30993,0.487883,0.470492,0.493862,0.0356467,3726190,3911270,282314,7919770,0.422647,0.74663,Paxton,18.8873,-25.8953,0.388026,11.7885,0.383595,0.111284
43256,0.264876,1.72812,0.487692,0.466335,0.489872,0.0437929,4065900,4271120,381823,8718840,0.465288,0.664979,Paxton,19.1101,-25.1578,-0.788434,13.0787,0.37013,0.447389
43325,-1.11187,0.934913,0.510156,0.489349,0.469865,0.0407854,4559440,4377900,380012,9317350,0.497226,0.552762,Talarico,18.7497,-26.264,0.495096,12.5309,0.867325,0.9677
43327,0.862724,1.98315,0.530619,0.509863,0.45102,0.0391172,4444010,3931130,340949,8716080,0.465139,0.642717,Talarico,18.4237,-27.3476,1.30193,11.4564,0.296224,0.384006
43349,-1.63455,-1.19804,0.494627,0.470793,0.481021,0.0481863,3811830,3894650,390146,8096620,0.432084,0.295205,Paxton,15.017,-29.9485,2.04404,12.9153,0.5966,0.204977
43380,-0.431756,0.82559,0.499425,0.486264,0.487383,0.0263528,4532680,4543120,245646,9321440,0.497448,0.557779,Paxton,15.7395,-25.1029,0.502029,11.8059,0.781245,0.889063
43387,0.139314,1.56525,0.543647,0.521037,0.437373,0.0415899,4823450,4048940,385014,9257400,0.494028,0.723613,Talarico,19.5737,-27.6591,1.36942,10.8563,0.12772,0.127975
43389,-0.188968,-2.03431,0.537961,0.508148,0.436433,0.0554189,4944040,4246290,539199,9729520,0.519222,0.836101,Talarico,18.7499,-27.7753,1.2623,11.3316,0.175607,0.120043
43403,-1.4353,1.2327,0.509311,0.479057,0.461541,0.0594026,4425680,4263860,548780,9238310,0.493008,-0.0471106,Talarico,15.8512,-26.65,1.2059,11.8485,0.852871,0.342898
43482,-0.79645,-1.4477,0.513095,0.487388,0.462509,0.050103,4399840,4175250,452299,9027390,0.481752,0.587711,Talarico,16.4033,-25.9442,0.948664,12.1395,0.747367,0.91765
43531,0.89715,1.77138,0.509557,0.488677,0.470346,0.0409776,4552500,4381730,381747,9315980,0.497155,1.26251,Talarico,21.2587,-25.1586,0.711385,8.47282,0.682462,0.30557
43547,2.34367,-0.850102,0.513949,0.486593,0.46018,0.0532271,4350780,4114610,475920,8941320,0.477164,1.19193,Talarico,19.9311,-26.744,-1.79348,15.2765,0.688416,0.280546
43561,1.9421,1.45657,0.50704,0.484951,0.471484,0.0435653,4067890,3954930,365437,8388260,0.447644,0.956098,Talarico,20.9195,-25.7272,0.842527,9.593,0.639362,0.29115
43596,-0.666832,1.75482,0.495054,0.476964,0.486494,0.0365416,4151160,4234110,318033,8703310,0.464458,0.722331,Paxton,19.3778,-24.8993,-1.31777,12.7293,0.626581,0.634384
43598,-0.322781,-2.47592,0.500669,0.479418,0.478136,0.0424464,4656140,4643690,412242,9712070,0.518293,0.45053,Talarico,18.5291,-29.4054,4.5254200000000004,7.3317,0.381592,0.626698
43631,0.603904,-0.36331,0.49993,0.480518,0.480653,0.0388284,4143170,4144330,334790,8622290,0.460134,0.830398,Paxton,19.856,-28.5699,1.27623,11.041,0.746915,0.604405
43638,-2.46497,-0.26315499999999997,0.496679,0.476631,0.483005,0.0403641,4199070,4255220,355603,8809890,0.470148,-0.379242,Paxton,15.066,-27.608,2.46301,11.1485,0.56934,0.0539219
43666,0.485648,1.04525,0.531701,0.508842,0.448167,0.0429911,4958590,4367310,418941,9744840,0.520041,0.574002,Talarico,18.137,-26.3614,-1.07135,14.1888,0.375294,0.273636
43670,0.164791,-2.1387,0.484458,0.460326,0.489862,0.0498124,4777380,5083910,516966,10378300,0.55384,0.902519,Paxton,18.2339,-27.7678,0.264811,13.0555,0.227113,0.0456379
43678,0.867993,-2.55471,0.510573,0.489081,0.468825,0.0420935,3890100,3728990,334808,7953900,0.424466,0.619754,Talarico,19.1483,-26.5644,-0.750989,13.2008,0.409026,0.227375
43740,-1.46403,-1.82124,0.493539,0.478114,0.490633,0.0312531,4736360,4860370,309604,9906340,0.528658,0.173716,Paxton,15.7128,-26.2055,-0.179386,13.6037,0.54851,0.196713
43766,0.990471,0.546437,0.508407,0.493684,0.477358,0.0289581,4633100,4479880,271764,9384740,0.500823,0.838177,Talarico,18.768,-27.45,0.747595,11.6449,0.785583,0.808473
43773,0.686626,2.45108,0.515956,0.49439,0.463812,0.0417974,4231620,3969900,357755,8559270,0.456774,0.714849,Talarico,20.8787,-24.2664,-1.45738,13.0702,0.383135,0.608356
43780,-0.697034,-1.53708,0.538232,0.509648,0.437246,0.0531065,4784800,4105050,498587,9388440,0.501025,0.115626,Talarico,16.4953,-28.5201,-0.175904,15.7002,0.165107,0.107981
43783,-1.37526,0.790311,0.502463,0.475477,0.470815,0.0537076,4426950,4383550,500047,9310540,0.496866,0.75758,Talarico,16.6068,-26.6161,1.26247,11.5398,0.785806,0.918151
43833,0.0328057,2.0686,0.512011,0.49283,0.469709,0.0374607,4546020,4332750,345549,9224320,0.492262,0.663016,Talarico,18.9719,-25.3724,-0.870725,13.2264,0.631026,0.982406
43839,-0.798671,0.376822,0.526851,0.495115,0.444648,0.0602368,4509410,4049760,548625,9107800,0.486046,0.386962,Talarico,16.2668,-26.3186,0.182971,12.7847,0.501541,0.490653
43845,1.1955,1.97113,0.509397,0.481498,0.463733,0.0547694,3831730,3690360,435851,7957940,0.424683,0.926266,Talarico,19.3616,-25.9863,0.16437,11.4471,0.577756,0.202395
43856,0.104614,-2.48598,0.520481,0.498229,0.459017,0.0427539,4117060,3793040,353292,8263380,0.440983,0.239726,Talarico,17.159300000000002,-28.0234,1.64184,10.8782,0.388051,0.245383
43862,3.03436,-0.0410064,0.503307,0.481398,0.475071,0.0435311,4530930,4471390,409716,9412040,0.502279,1.64902,Talarico,24.7427,-29.3429,1.25727,10.6013,0.441159,0.0291796
43896,-0.529629,0.685899,0.511399,0.487105,0.46539,0.0475046,4475450,4275940,436466,9187860,0.490317,0.462737,Talarico,17.7272,-26.4711,-0.2233,13.4363,0.840412,0.919949
43909,-2.56941,-0.458791,0.499582,0.481136,0.481941,0.0369228,4807270,4815310,368914,9991500,0.533205,0.583711,Paxton,14.1789,-26.2714,1.06699,12.4631,0.560882,0.444846
43922,1.65195,-1.20425,0.504134,0.48237,0.474459,0.0431711,4043570,3977250,361891,8382710,0.447349,0.448278,Talarico,19.5204,-28.9096,1.5325,12.3266,0.848444,0.613344
43934,0.370728,-2.06921,0.496778,0.475516,0.481683,0.042801,4134030,4187650,372102,8693770,0.463949,0.495352,Paxton,17.4589,-27.156,2.18138,9.62882,0.65441,0.697644
43943,-2.4194,-0.548674,0.510342,0.489769,0.469918,0.0403131,4293000,4119000,353359,8765360,0.467767,0.0209362,Talarico,13.7276,-26.6709,1.57499,12.1946,0.65622,0.355869
43981,-1.74934,-0.683013,0.48927,0.461291,0.481524,0.0571853,4066640,4245010,504134,8815790,0.470459,0.372945,Paxton,16.6385,-27.6864,3.62842,7.94759,0.505164,0.454905
43987,-1.31388,0.121758,0.514098,0.486168,0.459503,0.054329,4413470,4171400,493203,9078070,0.484461,0.0323805,Talarico,15.6654,-26.2836,-0.126128,13.4467,0.799773,0.409178
43997,-1.45955,1.40312,0.492764,0.47403,0.487951,0.0380191,4907740,5051870,393620,10353200,0.552507,0.561747,Paxton,18.1417,-24.4344,-0.0654514,11.0176,0.532894,0.169868
44004,-0.700434,1.641,0.522424,0.490655,0.448535,0.0608092,4595210,4200730,569505,9365440,0.499795,0.513904,Talarico,17.3563,-26.2545,0.234243,13.2293,0.522047,0.675624
44010,2.12257,-0.656991,0.495441,0.46928,0.477917,0.0528037,4663500,4749320,524740,9937560,0.530326,0.809242,Paxton,20.1857,-26.577,-1.74291,15.4046,0.621455,0.339485
44023,-2.16974,1.22805,0.484602,0.466843,0.496511,0.0366462,3877400,4123810,304368,8305580,0.443232,0.0386883,Paxton,15.9432,-23.9878,0.398355,11.2358,0.304616,0.101829
44148,-2.12856,-1.65508,0.506076,0.477777,0.466304,0.0559189,4072540,3974740,476649,8523930,0.454887,0.367835,Talarico,14.4206,-26.8698,1.62167,11.7581,0.52563,0.673889
44161,-2.3713,-0.419034,0.491799,0.469906,0.485577,0.0445164,4195000,4334900,397412,8927310,0.476414,0.141184,Paxton,13.5373,-27.2143,3.71395,9.47377,0.506284,0.38501
44188,-1.96791,2.13271,0.516924,0.498594,0.465947,0.0354586,4667560,4361930,331943,9361440,0.499581,0.305456,Talarico,14.3666,-22.4862,-0.0275576,11.7825,0.400051,0.652281
44218,-0.939611,0.00902431,0.516355,0.492654,0.461445,0.0459013,4975750,4660550,463598,10099900,0.538987,0.0968216,Talarico,16.8691,-26.4166,2.12796,10.1148,0.718779,0.194831
44220,1.13538,-1.83918,0.489718,0.467465,0.487094,0.0454415,4521960,4711840,439573,9673380,0.516228,0.8802,Paxton,19.0583,-28.3845,2.38431,9.74732,0.519021,0.293394
44228,-1.52092,1.4497,0.527438,0.506326,0.453647,0.0400271,4502480,4034040,355939,8892460,0.474554,0.52483900000000006,Talarico,16.5286,-25.1684,1.97144,9.43765,0.484287,0.520361
44250,-1.04475,0.82383,0.516973,0.48693,0.454956,0.0581131,3885970,3630800,463774,7980540,0.425886,0.639812,Talarico,17.2881,-26.8718,0.551865,13.2353,0.67967,0.197488
44254,-2.23087,0.675154,0.509911,0.485543,0.466668,0.047789,4372030,4202070,430312,9004420,0.48053,-0.163004,Talarico,12.3826,-25.2115,1.23248,12.2074,0.805345,0.201582
44264,-2.75869,-0.0221815,0.529856,0.510294,0.452787,0.0369197,4356600,3865640,315200,8537450,0.455605,-0.240533,Talarico,11.9247,-25.7258,0.749021,13.8981,0.214316,0.0377085
44282,-1.67756,0.974137,0.529799,0.504601,0.447837,0.0475622,4377300,3884890,412592,8674790,0.462935,0.0796923,Talarico,15.7073,-26.4586,1.80654,10.479,0.432007,0.222962
44311,2.12127,-1.41616,0.511937,0.486988,0.464278,0.0487335,4103670,3912300,410659,8426630,0.449696,0.955057,Talarico,19.2604,-27.8762,0.699791,12.8677,0.621581,0.308267
44319,-0.437074,-0.0163756,0.517771,0.494206,0.460281,0.0455132,4295870,4000980,395622,8692460,0.463878,0.786259,Talarico,17.7815,-27.3177,0.762586,12.0814,0.623414,0.607757
44327,-0.483284,0.728284,0.502041,0.478926,0.475031,0.0460427,4240370,4205880,407658,8853910,0.472496,0.066327,Talarico,17.0353,-26.8631,-0.521359,13.8226,0.855355,0.403643
44348,-1.57608,0.466038,0.49688,0.474795,0.480756,0.0444491,4496210,4552660,420924,9469800,0.505364,0.275708,Paxton,16.3102,-27.2605,3.44633,9.55349,0.654035,0.565698
44371,0.0252544,0.976992,0.522166,0.504239,0.461429,0.0343326,5192980,4752100,353580,10298700,0.549597,0.732373,Talarico,19.7634,-25.8003,0.670987,10.4225,0.605443,0.152111
44379,-2.25796,-0.0623898,0.46795,0.454112,0.516316,0.0295721,4082550,4641770,265859,8990180,0.479765,0.183853,Paxton,14.2778,-26.6279,1.67373,11.8129,0.0647635,0.0595837
44400,-0.625435,0.202219,0.50142,0.482337,0.479605,0.0380584,5108190,5079250,403057,10590500,0.565173,0.321359,Talarico,18.2234,-26.0205,2.00665,9.19872,0.817611,0.0639226
44462,-1.8421,-0.0689677,0.514563,0.489091,0.461406,0.0495029,4739840,4471550,479739,9691130,0.517178,0.00817834,Talarico,13.9479,-29.5789,3.35122,11.847,0.817126,0.229173
44479,1.06788,0.880671,0.523699,0.497487,0.452461,0.0500521,4722980,4295530,475179,9493690,0.506639,0.795665,Talarico,19.4182,-28.035,1.75495,11.0012,0.556643,0.503689
44505,2.01412,1.39752,0.543777,0.510751,0.428514,0.0607353,5097340,4276620,606145,9980110,0.532595,1.01523,Talarico,19.4602,-27.2823,-0.703446,14.8053,0.0643907,0.0304178
44531,-1.03053,-1.45935,0.524541,0.499443,0.452709,0.0478472,4650550,4215390,445528,9311470,0.496913,0.26464,Talarico,17.2867,-24.6724,2.44863,8.27212,0.410737,0.44188499999999997
44533,-0.735252,-0.025506,0.497759,0.472701,0.476958,0.0503402,3964040,3999740,422150,8385930,0.447522,0.345871,Paxton,19.4184,-26.14,1.16274,10.07,0.731706,0.448772
44563,-1.68163,1.26279,0.521597,0.495898,0.454832,0.0492701,4582790,4203280,455325,9241400,0.493176,0.491688,Talarico,15.5325,-26.72,0.0528697,13.8682,0.645801,0.721092
44575,-0.311649,1.60302,0.514918,0.499855,0.470893,0.029252,4953020,4666030,289855,9908900,0.528794,0.148433,Talarico,17.3273,-25.8847,-0.572736,13.61,0.734545,0.310098
44579,-2.28107,-1.68053,0.509967,0.494776,0.475435,0.0297893,4641710,4460270,279467,9381450,0.500649,-0.33329,Talarico,12.9497,-26.7775,3.31476,9.58632,0.436699,0.0884822
44583,0.575117,-1.05895,0.522007,0.502783,0.46039,0.0368271,4857940,4448330,355827,9662090,0.515625,0.0330701,Talarico,17.2802,-27.8913,1.07568,12.3724,0.553466,0.199896
44590,0.87807,1.01995,0.50232,0.48079,0.47635,0.0428603,4439060,4398060,395722,9232840,0.492722,0.792689,Talarico,19.941,-25.7072,0.723463,9.6971,0.901036,0.905729
44606,1.83335,-1.08517,0.527756,0.504629,0.45155,0.0438215,5114460,4576500,444135,10135100,0.540868,0.827572,Talarico,19.8544,-27.6764,0.636773,12.6858,0.376107,0.134068
44616,-1.23394,-1.36077,0.510856,0.485268,0.464644,0.050088100000000003,4114350,3939490,424673,8478520,0.452463,0.514214,Talarico,17.145,-27.683,2.48976,10.3614,0.756608,0.682103
44617,-0.884966,-1.88076,0.51772,0.49008,0.456532,0.0533875,4334000,4037320,472130,8843460,0.471938,0.0952393,Talarico,16.513,-27.7322,3.37976,9.62343,0.475971,0.379664
44625,-1.20468,-1.98586,0.530244,0.513265,0.454713,0.0320224,4906700,4346960,306127,9559790,0.510167,0.692754,Talarico,16.3973,-28.7208,1.89515,11.8091,0.246106,0.337385
44648,-0.380099,-1.81522,0.513015,0.490705,0.465807,0.0434886,3852230,3656770,341403,7850400,0.418941,0.717726,Talarico,18.6413,-26.4338,1.03089,11.3697,0.721721,0.197196
44649,0.0808879,-1.22548,0.49849,0.475445,0.478325,0.0462304,4507630,4534940,438305,9480870,0.505955,0.617183,Paxton,17.2264,-27.08,1.06651,12.4247,0.722734,0.767457
44689,1.53806,-1.00017,0.471266,0.453592,0.508905,0.0375034,3707680,4159820,306555,8174060,0.436214,0.805948,Paxton,22.0496,-28.4893,-0.488741,13.5043,0.129335,0.0405835
44709,2.58823,0.453005,0.531322,0.507785,0.447916,0.0442987,4834320,4264340,421742,9520410,0.508062,1.29549,Talarico,20.0052,-27.7996,-0.473338,13.4534,0.25188,0.0629472
44716,-1.6904,-1.65728,0.500799,0.47669,0.475169,0.0481411,4088600,4075550,412909,8577060,0.457722,0.474417,Talarico,14.5835,-27.386,1.07689,13.5628,0.664703,0.754727
44717,2.22189,0.00742893,0.519519,0.490413,0.453562,0.0560244,4604510,4258510,526015,9389040,0.501053,0.920324,Talarico,19.2572,-29.1774,-0.00708349,15.1054,0.655331,0.560088
44759,-0.5126,-1.71357,0.480486,0.461786,0.499295,0.0389194,4039780,4367920,340474,8748180,0.466853,0.552981,Paxton,16.536,-25.7864,-1.30977,14.6758,0.195928,0.264809
44773,0.056028,0.949986,0.488346,0.471906,0.494429,0.0336656,4473910,4687440,319167,9480520,0.505937,0.366235,Paxton,16.2777,-27.1255,1.71142,11.0151,0.364914,0.446503
44808,-0.087546,-0.205867,0.50519,0.478068,0.468245,0.0536874,4408020,4317440,495023,9220480,0.492057,0.334465,Talarico,15.8816,-26.804,0.494231,13.3363,0.803853,0.85137
44895,-1.46659,0.652816,0.511748,0.49064,0.468113,0.0412473,4530370,4322360,380861,9233600,0.492758,0.518549,Talarico,13.8038,-26.7929,1.30266,12.3115,0.817562,0.950239
44899,-0.76113,1.43288,0.516447,0.493471,0.462039,0.04449,4740630,4438680,427403,9606710,0.512668,0.714571,Talarico,17.1106,-26.9076,0.820802,11.5874,0.693232,0.665774
44903,0.0555768,0.264735,0.509832,0.491395,0.472443,0.0361621,4378690,4209820,322231,8910740,0.475531,0.574753,Talarico,17.2489,-26.0455,-0.236056,12.9823,0.8126,0.883374
44927,-0.232485,-0.766954,0.484788,0.458643,0.487427,0.0539293,4149040,4409430,487862,9046330,0.482764,0.552947,Paxton,18.363,-26.7729,0.330777,11.5536,0.422246,0.390849
44947,-0.466101,2.17886,0.505075,0.484833,0.475089,0.0400787,4713750,4619020,389663,9722440,0.518846,0.562873,Talarico,16.0108,-24.2263,0.177568,11.7445,0.652032,0.74896
44963,2.1511,1.57485,0.484657,0.466721,0.496271,0.0370084,4658250,4953190,369374,9980810,0.532635,0.897076,Paxton,20.8878,-27.8686,0.219188,12.9544,0.237855,0.128443
44995,0.289341,-2.06684,0.511553,0.491177,0.468991,0.0398324,4794210,4577660,388791,9760660,0.520885,0.191748,Talarico,18.8708,-26.3838,0.28467,12.2875,0.653561,0.447891
45008,2.21239,1.18886,0.487612,0.463771,0.487336,0.0488929,4254310,4470480,448509,9173300,0.489541,0.955061,Paxton,20.3777,-26.3205,-1.43784,13.8257,0.251995,0.317568
45009,0.466281,-1.3449,0.497183,0.474399,0.479775,0.0458267,4839360,4894200,467480,10201000,0.544389,0.446883,Paxton,15.6908,-28.0977,1.1216,13.0043,0.761011,0.243816
45015,-1.3524,0.746456,0.483134,0.465505,0.498005,0.0364901,4011480,4291560,314453,8617500,0.459879,0.502838,Paxton,16.0759,-26.8119,-0.0112254,13.8493,0.269871,0.272392
45023,-2.53162,-0.281112,0.493365,0.467575,0.48015,0.0522751,4391140,4509240,490932,9391310,0.501175,-0.143357,Paxton,13.6811,-27.3819,1.3416,13.3105,0.474294,0.124756
45024,-0.972713,-1.63072,0.522532,0.498535,0.45554,0.0459249,4278650,3909640,394148,8582440,0.458011,0.440423,Talarico,16.5609,-26.0054,2.01848,10.9772,0.404645,0.55807
45029,-0.00629722,2.09753,0.511822,0.486087,0.463631,0.0502824,4420270,4216070,457247,9093590,0.485286,0.75646,Talarico,19.6144,-24.9963,0.475622,10.2574,0.624761,0.944879
45035,0.82253,2.08191,0.516239,0.49592,0.46472,0.0393604,5235680,4906290,415548,10557500,0.563411,0.544215,Talarico,16.4691,-25.3496,-0.0930515,13.5195,0.541433,0.0930048
45058,1.71725,-1.00233,0.501143,0.486277,0.48406,0.0296634,4771020,4749260,291037,9811320,0.523589,0.92307,Talarico,23.3368,-29.1016,-0.316518,13.1557,0.808213,0.379073
45072,0.753212,1.84468,0.493589,0.46871,0.480886,0.0504039,4554520,4672840,489782,9717140,0.518563,0.696834,Paxton,19.9946,-24.8341,-0.997494,12.1851,0.44522,0.474115
45084,-0.419953,-0.743218,0.517519,0.491482,0.458206,0.0503117,4485040,4181380,459121,9125540,0.486994,0.35755,Talarico,18.4509,-27.1787,0.504719,12.5647,0.636907,0.694258
45103,2.4159,-0.900516,0.528568,0.503876,0.449409,0.0467147,4385310,3911280,406566,8703160,0.464452,0.722992,Talarico,22.4011,-27.271,-0.435558,12.2553,0.28186,0.422656
45104,2.32773,-0.0627152,0.516078,0.487036,0.456689,0.0562742,4014110,3763990,463807,8241910,0.439838,0.906963,Talarico,20.8655,-24.7238,-1.12344,11.8323,0.717669,0.253315
45116,2.5712,-0.37725,0.506929,0.489902,0.47651,0.0335886,4895910,4762080,335673,9993660,0.533324,0.909999,Talarico,20.7783,-26.7169,0.680898,10.7399,0.754178,0.310261
45134,2.29449,1.46058,0.504871,0.478654,0.469417,0.051929,3937040,3861060,427128,8225230,0.438948,0.897106,Talarico,21.7034,-27.1596,0.219911,11.3162,0.456479,0.272672
45171,1.01185,-0.75857,0.506676,0.482294,0.469585,0.0481213,4490770,4372440,448071,9311280,0.496905,0.697329,Talarico,18.1262,-29.5203,2.77921,11.2211,0.793573,0.986157
45180,0.268395,-2.73613,0.499987,0.472034,0.472058,0.055908,4418370,4418600,523315,9360280,0.499518,0.620571,Paxton,16.8518,-27.2225,-1.75119,16.2481,0.253782,0.887385
45216,-0.992214,1.65307,0.504786,0.478913,0.469831,0.0512565,4113820,4035800,440288,8589900,0.458409,0.427124,Talarico,17.428,-26.472,1.03559,11.8864,0.769309,0.785026
45243,-0.10247,-1.26833,0.511421,0.494575,0.472486,0.032939,4575270,4370930,304716,9250910,0.493682,0.342889,Talarico,17.7273,-27.226,1.47575,10.9343,0.728042,0.829851
45266,0.702579,-0.49601,0.502058,0.476918,0.473007,0.0500743,3869800,3838070,406312,8114180,0.43302,1.00597,Talarico,16.7331,-27.6698,1.02179,13.6872,0.769837,0.200377
45290,1.65928,0.217716,0.50372,0.486757,0.479569,0.0336744,4514650,4447970,312328,9274950,0.494965,1.06004,Talarico,21.0993,-25.7131,-1.07946,11.9502,0.758145,0.465468
45325,1.77473,1.04092,0.509085,0.489653,0.472178,0.0381693,4780190,4609580,372624,9762400,0.520978,1.33514,Talarico,22.1753,-24.9373,-1.68618,13.6627,0.780668,0.101945
45347,0.554649,-2.56197,0.493731,0.480027,0.492217,0.0277561,4866290,4989860,281378,10137500,0.540997,0.671475,Paxton,19.0375,-26.872,-1.14622,14.1393,0.353291,0.272556
45373,0.653903,-1.52543,0.473414,0.456725,0.508022,0.0352535,4279120,4759730,330295,9369150,0.499993,0.74168,Paxton,17.3805,-27.4412,0.311799,13.3365,0.13589,0.118685
45396,-0.0203241,1.47193,0.499127,0.473884,0.475542,0.0505742,4701060,4717500,501710,9920270,0.529401,0.524345,Paxton,17.5821,-27.5032,-0.0718881,14.3592,0.836288,0.472362
45402,1.73194,0.670757,0.521023,0.496736,0.456651,0.0466127,4649280,4274100,436279,9359650,0.499486,0.832909,Talarico,19.2684,-26.8881,-0.114173,12.8628,0.662161,0.607604
45412,-0.44851,-1.66185,0.505915,0.486318,0.474946,0.0387356,4698940,4589060,374274,9662270,0.515635,0.37419,Talarico,17.4652,-25.2504,-2.19809,14.4678,0.799198,0.687808
45414,-0.199758,-1.89818,0.506202,0.48779,0.475836,0.0363737,4229090,4125460,315357,8669910,0.462676,0.573061,Talarico,17.0085,-26.4838,1.51737,10.6868,0.703551,0.810493
45438,-0.452474,-0.32315,0.477792,0.45452,0.496773,0.0487079,4262810,4659090,456818,9378720,0.500501,0.729462,Paxton,17.5654,-24.8956,0.885381,10.7356,0.174303,0.187117
45444,-0.98731,1.22438,0.526405,0.500458,0.450251,0.0492912,4361030,3923520,429527,8714080,0.465034,0.447615,Talarico,15.8127,-26.9073,0.249083,13.7708,0.442047,0.49917
45464,-1.81083,-0.900116,0.509833,0.483065,0.464431,0.0525044,3942560,3790470,428517,8161550,0.435548,0.0158977,Talarico,16.1325,-28.0806,2.13131,11.4875,0.795316,0.185318
45468,1.7217,1.69576,0.518585,0.492176,0.456898,0.0509251,3837760,3562680,397090,7797530,0.416122,0.859996,Talarico,21.3653,-27.7834,1.0879,10.6282,0.491837,0.125877
45481,1.05964,-0.100655,0.523855,0.50559,0.459544,0.0348663,4821250,4382160,332481,9535900,0.508891,0.438842,Talarico,18.5807,-28.1547,1.98675,11.084,0.513907,0.5213
45484,2.24674,-0.880004,0.487862,0.464417,0.487525,0.0480583,4612550,4842060,477311,9931920,0.530025,0.960073,Paxton,21.9184,-27.4382,-0.079354,12.5793,0.467203,0.162519
45512,-1.92754,1.61989,0.50034,0.474586,0.47394,0.0514741,4483640,4477540,486301,9447480,0.504171,0.403087,Talarico,15.5165,-23.6365,-1.21833,14.2086,0.557718,0.790452
45514,1.38671,0.589985,0.518713,0.499379,0.463348,0.037273,4306740,3996010,321450,8624200,0.460238,0.774909,Talarico,17.6403,-27.5279,1.48358,12.4113,0.75168,0.563323
45527,0.557149,2.43492,0.515588,0.493154,0.463335,0.0435107,3725890,3500600,328733,7555220,0.403191,0.813392,Talarico,18.88,-26.562,0.51118,13.0661,0.406235,0.0810787
45528,1.15098,0.99794,0.542754,0.526094,0.443211,0.0306943,5464770,4603820,318835,10387400,0.554333,0.75709,Talarico,19.781,-25.913,-0.82443,13.0281,0.118048,0.0267424
45556,-0.715356,-2.1514,0.519743,0.498353,0.460492,0.0411543,4180740,3863120,345247,8389100,0.447692,0.235246,Talarico,16.0202,-26.4693,1.03777,11.8538,0.400079,0.314678
45561,-0.636109,-0.169089,0.500652,0.483566,0.482306,0.0341284,4200960,4190020,296489,8687470,0.463614,0.953674,Talarico,16.349,-26.5231,0.419921,12.5895,0.794695,0.497029
45580,0.0856157,1.9106,0.52637,0.504407,0.453868,0.0417242,4954260,4457870,409813,9821950,0.524156,0.656749,Talarico,19.0019,-24.8375,0.316204,10.121,0.392596,0.332049
45603,0.0229111,1.85292,0.502518,0.47235,0.467617,0.0600333,3489940,3454970,443554,7388470,0.394293,0.534682,Talarico,18.4957,-25.7382,0.253763,12.0204,0.815956,0.0528556
45605,-2.00199,0.707853,0.515761,0.50062,0.470024,0.0293557,5187110,4870090,304165,10361400,0.552942,0.135313,Talarico,15.3541,-25.8524,1.55497,10.6975,0.725777,0.104674
45628,-0.821865,0.0767491,0.508737,0.483264,0.466665,0.0500715,4632800,4473680,480010,9586490,0.51159,0.383391,Talarico,19.3825,-25.4076,-0.284043,12.6442,0.868146,0.801195
45643,-0.563885,-1.24209,0.505652,0.487195,0.476304,0.0365009,4651690,4547700,348507,9547900,0.509531,0.440107,Talarico,17.3878,-24.7442,0.264084,10.8575,0.795735,0.850484
45657,-1.38822,1.23457,0.484767,0.461653,0.490666,0.0476811,3803000,4042000,392787,8237790,0.439617,-0.0529883,Paxton,16.4129,-25.5367,2.59661,8.48052,0.318739,0.0713669
45683,-0.496869,-0.938777,0.502937,0.472685,0.467165,0.0601498,3926760,3880900,499685,8307350,0.443324,0.560458,Talarico,16.9143,-26.6238,0.0213158,13.3743,0.707142,0.512565
45704,1.71534,1.74412,0.513974,0.487814,0.461289,0.050897,4283360,4050450,446912,8780720,0.468593,0.703565,Talarico,18.9059,-23.6031,-0.506594,11.4117,0.561924,0.769061
45754,-1.83465,1.21382,0.533033,0.495425,0.43402,0.0705554,4700870,4118230,669470,9488570,0.506366,0.346186,Talarico,15.9411,-25.9414,0.837952,11.7517,0.378191,0.257959
45789,2.39029,1.32391,0.48323,0.462115,0.494189,0.0436957,4536440,4851300,428947,9816690,0.523874,1.10593,Paxton,22.4704,-27.2866,-0.732277,12.7964,0.159033,0.100444
45792,1.19522,0.604148,0.500703,0.475595,0.47426,0.0501453,4146690,4135050,437214,8718950,0.465291,0.777754,Talarico,19.4196,-27.3782,-0.752452,14.1321,0.777554,0.722336
45797,0.418917,2.10693,0.511077,0.496253,0.474741,0.0290056,4697920,4494270,274589,9466770,0.505203,0.350708,Talarico,18.4163,-25.8774,-1.10341,13.9577,0.599774,0.826223
45832,-1.58568,-1.46333,0.504703,0.471533,0.462746,0.0657216,4065390,3989630,566628,8621650,0.460102,0.577799,Talarico,15.2629,-27.0931,0.814956,13.798400000000001,0.764675,0.786612
45866,-1.02774,-0.580881,0.475353,0.453623,0.500663,0.0457137,3974270,4386390,400505,8761160,0.467549,0.381061,Paxton,18.1034,-26.9415,-0.769811,14.1057,0.121245,0.127335
45896,-1.98574,0.480937,0.497378,0.477862,0.482901,0.039237,3710530,3749660,304670,7764860,0.414377,-0.0611509,Paxton,17.2211,-26.803,2.38351,9.75982,0.67341,0.056883
45930,1.17475,-0.677032,0.482607,0.467275,0.500957,0.0317679,4153240,4452610,282360,8888210,0.474325,0.872293,Paxton,20.3371,-26.6426,0.632973,10.9177,0.355723,0.265038
45933,-1.52427,1.37716,0.504796,0.474611,0.465594,0.059795,4516540,4430730,569027,9516300,0.507845,0.0650764,Talarico,17.2226,-25.2501,2.01155,9.93576,0.775376,0.368539
45944,-1.97034,1.30097,0.52649,0.5035,0.452833,0.0436671,5379410,4838090,466541,10684000,0.570165,0.243155,Talarico,15.4736,-25.588,1.31993,11.0104,0.499613,0.0232347
45954,0.725601,1.31537,0.500152,0.483496,0.483203,0.0333006,4201970,4199420,289409,8690790,0.46379,0.33434,Talarico,19.4102,-24.729,-0.503964,11.9382,0.860641,0.706464
45982,-0.391282,-0.278084,0.49202,0.46737,0.48253,0.0501001,4585400,4734140,491536,9811070,0.523576,0.233551,Paxton,17.9882,-25.7718,0.515669,11.392,0.547071,0.280208
46008,1.08718,2.26077,0.511357,0.48728,0.465635,0.0470851,4605530,4400960,445026,9451520,0.504389,1.30079,Talarico,21.9573,-26.6686,-1.3122,13.0448,0.434841,0.226002
46208,-2.77271,0.141464,0.523117,0.50228,0.457888,0.039832,4322440,3940410,342779,8605620,0.459245,0.0659422,Talarico,12.8143,-27.2902,2.74134,10.9227,0.358671,0.206296
46210,1.05188,-1.93642,0.507783,0.484891,0.470027,0.0450821,3854340,3736190,358352,7948880,0.424199,0.581952,Talarico,17.8174,-28.1298,1.24685,12.0082,0.740406,0.224901
46225,-1.19877,1.33129,0.523924,0.494198,0.449065,0.0567366,4755570,4321260,545965,9622800,0.513528,0.529279,Talarico,16.6445,-27.3263,0.788598,12.9497,0.534424,0.509391
46280,0.951627,0.642929,0.495375,0.47335700000000003,0.482196,0.0444471,4204000,4282500,394745,8881240,0.473956,1.16454,Paxton,20.44,-26.3237,-0.230763,11.5471,0.672653,0.310552
46287,1.77779,-0.352492,0.496312,0.47001,0.476995,0.0529954,3901860,3959850,439950,8301660,0.443026,0.813068,Paxton,19.7981,-26.8301,0.793009,11.5807,0.647883,0.328461
46301,-0.487609,2.17346,0.50274,0.47652,0.471325,0.0521541,3879090,3836800,424558,8140450,0.434424,0.191935,Talarico,20.4617,-24.4543,-0.363769,11.46,0.645792,0.219584
46318,-2.48319,0.823758,0.503379,0.485122,0.47861,0.0362683,4429720,4370250,331171,9131140,0.487291,0.223757,Talarico,15.1094,-25.1156,2.96351,8.52823,0.747619,0.669081
46345,0.625762,-2.17418,0.516722,0.499169,0.466861,0.0339706,4598660,4301020,312959,9212640,0.49164,0.848038,Talarico,18.0574,-27.0061,0.704857,12.1191,0.586512,0.760365
46358,2.01457,0.999033,0.510171,0.484574,0.465251,0.050175,4316260,4144150,446925,8907330,0.475347,1.08505,Talarico,20.5925,-26.8741,0.202705,12.215,0.741581,0.384548
46441,1.2771,0.377369,0.508708,0.483114,0.466575,0.0503107,4343840,4195130,452360,8991330,0.479829,0.872982,Talarico,20.4697,-25.9615,-1.43042,13.9403,0.776389,0.778548
46447,-0.433549,2.30196,0.516075,0.485967,0.455692,0.058341,3973310,3725780,477001,8176090,0.436323,0.494212,Talarico,18.964,-25.4515,1.51214,9.51737,0.544383,0.314126
46475,1.70668,1.36066,0.507617,0.484186,0.469655,0.0461584,4219720,4093080,402274,8715080,0.465083,0.811819,Talarico,20.761,-28.3633,0.205565,12.6818,0.731968,0.661884
46505,-0.473859,-2.555,0.520864,0.497156,0.457327,0.0455177,4223740,3885360,386709,8495800,0.453385,0.518039,Talarico,14.8059,-28.3441,1.59052,13.0503,0.264595,0.562947
46507,-2.76713,-0.122519,0.498855,0.480029,0.482233,0.0377386,4104330,4123180,322672,8550180,0.456289,-0.207222,Paxton,11.6311,-24.2565,0.703283,13.104,0.474365,0.0968115
46549,2.00131,-1.29887,0.522686,0.491833,0.44914,0.0590267,4469220,4081270,536367,9086850,0.484927,0.767472,Talarico,20.996,-28.4246,0.216582,12.1907,0.427278,0.66171
46573,1.54008,-0.0919835,0.501587,0.48012,0.477082,0.0427984,4244890,4218030,378394,8841320,0.471825,1.17926,Talarico,20.9269,-27.4246,0.483461,11.6924,0.755982,0.303271
46594,1.37466,1.72909,0.505698,0.480181,0.469361,0.0504586,4619440,4515350,485422,9620210,0.513392,0.858457,Talarico,19.0995,-26.6212,-1.72912,15.2564,0.665689,0.604298
46609,1.5249,-1.21517,0.527903,0.502901,0.449737,0.0473622,4123630,3687710,388355,8199690,0.437584,0.52843,Talarico,19.1187,-30.2147,1.21672,11.8327,0.416635,0.220588
46615,-0.941983,-2.21432,0.520541,0.500073,0.460606,0.0393209,5050060,4651490,397087,10098600,0.538922,0.157141,Talarico,16.6236,-29.7317,2.90985,10.3154,0.306598,0.187042
46645,-1.48845,-0.763839,0.482175,0.462305,0.496486,0.0412089,3836030,4119660,341936,8297630,0.442808,0.327742,Paxton,16.2032,-27.0591,2.20822,9.72442,0.309802,0.14008
46650,1.75054,-0.923851,0.51344,0.492071,0.466311,0.0416176,4448300,4215420,376221,9039940,0.482423,0.924977,Talarico,19.7519,-27.3499,0.8195,11.5709,0.744632,0.69288
46709,0.780826,0.929158,0.49504,0.465954,0.475291,0.0587555,4404980,4493250,555456,9453690,0.504502,0.683237,Paxton,17.6934,-27.2084,1.71017,11.3608,0.629549,0.64901
46724,0.136388,0.00474672,0.521828,0.503656,0.46152,0.0348237,4106120,3762600,283905,8152630,0.435074,0.629074,Talarico,18.6489,-26.206,0.280476,12.1948,0.582325,0.245847
46772,-2.55687,1.03514,0.468511,0.450428,0.510976,0.0385966,4427580,5022750,379394,9829720,0.52457,0.0343024,Paxton,17.2474,-25.3469,1.66808,10.0993,0.0630882,0.0356208
46782,0.0749262,-0.599174,0.50053,0.477059,0.476048,0.0468927,4423520,4414150,434812,9272490,0.494835,0.809277,Talarico,18.9841,-25.7679,0.185965,11.7562,0.71725,0.83795
46785,0.234072,1.14834,0.528426,0.504738,0.450435,0.0448273,4705110,4198910,417875,9321890,0.49747,0.553395,Talarico,18.1301,-26.5449,-0.164975,12.8824,0.45163,0.489735
46790,-1.45978,1.88477,0.497106,0.476947,0.4825,0.0405526,4329920,4380330,368153,9078400,0.484475,0.413704,Paxton,14.2084,-23.8202,0.107159,12.2844,0.547135,0.819363
46810,3.15388,0.0521682,0.507656,0.483489,0.468907,0.0476046,4626900,4487350,455567,9569810,0.510701,1.12244,Talarico,22.6473,-27.5061,-1.3659,13.9931,0.37033,0.316625
46825,0.340891,-1.19597,0.532101,0.511849,0.450091,0.0380608,4541730,3993740,337721,8873190,0.473523,1.11633,Talarico,19.1484,-27.0192,1.56067,10.9459,0.281008,0.154209
46853,-2.74132,-0.842256,0.515595,0.481703,0.452563,0.0657345,4148210,3897270,566077,8611560,0.459565,-0.0216652,Talarico,13.3619,-25.2479,2.28558,10.0803,0.348576,0.200433
46859,2.45927,0.582392,0.530139,0.507903,0.450153,0.0419438,4631660,4105030,382493,9119180,0.486651,0.801274,Talarico,21.0748,-28.2832,0.548611,11.7629,0.304783,0.379196
46860,2.28411,1.39327,0.523816,0.50721,0.461088,0.0317028,4895340,4450190,305980,9651510,0.515059,1.23053,Talarico,20.0341,-26.3083,0.299499,11.5572,0.328262,0.132339
46870,-1.94865,1.30428,0.505542,0.47814,0.467656,0.0542037,4558740,4458790,516796,9534330,0.508809,0.558243,Talarico,16.4349,-26.0888,1.24409,10.85,0.772563,0.910023
46904,-2.54198,1.06822,0.535284,0.508525,0.441485,0.0499901,4495790,3903100,441955,8840840,0.4718,-0.0979071,Talarico,14.9305,-25.7097,2.23482,9.58709,0.220961,0.0822691
46923,-1.33706,-0.266676,0.499305,0.479952,0.481287,0.0387607,4162260,4173840,336142,8672240,0.462799,0.459042,Paxton,15.9397,-28.0003,1.18159,12.8687,0.764916,0.755578
46930,-0.545617,2.20595,0.520959,0.502836,0.462377,0.0347873,4096230,3766640,283386,8146250,0.43473,0.291298,Talarico,16.0162,-26.7549,-0.0646159,14.4638,0.527604,0.213377
46938,-0.525743,-1.81467,0.537379,0.517743,0.445717,0.0365402,4198430,3614360,296308,8109100,0.432749,0.487831,Talarico,18.2628,-26.0811,0.566652,12.2381,0.206045,0.0718632
46955,1.55903,0.179161,0.507541,0.486836,0.472369,0.040795,4195670,4071000,351582,8618260,0.45992,1.25119,Talarico,20.028,-28.9503,1.3123,11.9108,0.788792,0.176238
46975,-1.8292,1.90175,0.52652,0.508872,0.45761,0.0335176,4369610,3929440,287811,8586860,0.458245,0.599442,Talarico,15.8545,-25.0602,0.892747,10.8457,0.373961,0.481117
47021,-2.05807,0.655875,0.466411,0.444499,0.50852,0.046981,4568400,5226400,482854,10277700,0.548474,0.402959,Paxton,15.7962,-23.5759,0.479556,10.1885,0.0706566,0.0162414
47044,1.2939,1.82036,0.494439,0.462922,0.473335,0.0637428,4166320,4260040,573689,9000050,0.480296,0.588785,Paxton,19.3788,-25.1031,-0.510949,12.5464,0.394399,0.718731
47056,-0.989445,0.533006,0.521872,0.496203,0.454611,0.0491853,4560480,4178220,452050,9190750,0.490471,0.385209,Talarico,16.2329,-26.0619,-0.135881,13.4128,0.577396,0.615506
47072,1.73578,-1.4686,0.495457,0.467541,0.476116,0.0563423,3998860,4072200,481893,8552950,0.456437,0.869773,Paxton,17.8397,-25.4841,-0.19987,12.1409,0.673507,0.45041
47126,0.365425,-0.442763,0.519528,0.493615,0.456508,0.0498773,5152120,4764810,520596,10437500,0.557008,0.662853,Talarico,15.4063,-26.475,0.409007,13.6653,0.58537,0.125711
47177,0.658418,1.35141,0.505905,0.481402,0.470165,0.0484329,4936680,4821440,496669,10254800,0.547256,0.766298,Talarico,17.6799,-26.8136,-0.575955,13.9073,0.93178,0.251904
47187,0.578993,0.895295,0.504541,0.48404199999999997,0.475329,0.0406287,4489690,4408870,376848,9275400,0.494989,0.69797,Talarico,17.7448,-26.3959,-0.289226,13.8314,0.938704,0.989098
47203,1.71801,0.999983,0.514697,0.486462,0.458681,0.0548568,4302540,4056820,485183,8844540,0.471993,1.06364,Talarico,20.2238,-26.714,0.261209,11.4431,0.75916,0.373733
47245,-1.52642,1.15841,0.535632,0.516315,0.447622,0.0360633,5112660,4432440,357106,9902200,0.528443,0.17829,Talarico,14.9531,-28.0502,2.79445,10.9323,0.339176,0.109056
47345,-2.03251,1.32978,0.530605,0.512382,0.453274,0.0343443,4993610,4417550,334715,9745880,0.520097,0.0987379,Talarico,14.6763,-26.4649,0.508323,13.3941,0.390496,0.149642
47378,2.60414,0.40859,0.508808,0.487756,0.47087,0.0413737,4955600,4784030,420356,10160000,0.542195,1.1797,Talarico,22.0123,-26.6795,-0.455451,11.5162,0.596881,0.114215
47386,1.35999,1.04472,0.528853,0.511571,0.45575,0.0326795,4431050,3947550,283059,8661660,0.462236,0.889839,Talarico,20.3799,-27.5829,0.617076,11.811,0.418146,0.31466
47392,0.580886,1.42751,0.501497,0.476381,0.473538,0.0500808,4741150,4712850,498425,9952420,0.531118,0.321969,Talarico,18.7909,-23.2095,-0.953522,11.7499,0.91009,0.324686
47408,-2.76169,1.19424,0.486398,0.466608,0.492705,0.0406873,4396100,4641960,383331,9421390,0.50278,-0.23185,Paxton,10.0961,-22.8408,0.216681,12.8136,0.22472,0.0564239
47445,1.32268,-1.1832,0.485976,0.469499,0.496596,0.0339054,4500430,4760170,325004,9585600,0.511542,0.513408,Paxton,18.441,-24.9028,-0.52214,12.6406,0.401763,0.323072
47472,-0.528139,-0.526468,0.475172,0.454902,0.502441,0.0426568,3893860,4300780,365133,8559780,0.456803,0.577354,Paxton,17.6248,-28.243,2.8819,9.58889,0.129258,0.142479
47482,2.19169,0.765814,0.533867,0.511817,0.446881,0.0413015,4372740,3817960,352862,8543560,0.455933,1.31534,Talarico,21.3987,-26.9272,0.319848,11.2736,0.25269200000000003,0.0363487
47527,0.327952,0.111728,0.506763,0.478756,0.465977,0.0552665,3713020,3613910,428622,7755550,0.413881,1.02641,Talarico,19.4725,-27.3886,0.826816,12.0672,0.811226,0.112739
47540,-1.82771,0.88467,0.499714,0.475653,0.476198,0.048149,4219450,4224280,427123,8870860,0.4734,0.685742,Paxton,12.8521,-27.1759,3.03939,10.6566,0.755395,0.804904
47563,-2.85189,-0.702464,0.486851,0.463218,0.488239,0.0485427,4051630,4270480,424589,8746700,0.466775,0.277018,Paxton,13.7177,-25.646,3.6034,8.14917,0.180466,0.350119
47577,1.17029,0.623344,0.498059,0.477859,0.481585,0.0405557,4118300,4150410,349518,8618230,0.45992,1.03893,Paxton,20.3116,-27.4132,-0.228674,13.1943,0.744332,0.332621
47601,2.31042,-0.736011,0.487741,0.468782,0.492348,0.0388694,4131510,4339200,342567,8813280,0.470329,0.164079,Paxton,18.7536,-26.4327,-0.578981,13.2489,0.455356,0.305485
47653,-2.08546,-0.328281,0.515916,0.487599,0.457514,0.0548874,4497380,4219880,506255,9223520,0.49222,-0.346718,Talarico,13.4449,-25.5357,2.7185,9.41466,0.750003,0.0838739
47703,2.63305,1.19873,0.546634,0.522886,0.43367,0.0434442,4874980,4043200,405039,9323210,0.497541,1.09033,Talarico,22.4393,-27.8279,-1.53712,14.4618,0.0371237,0.0331052
47716,1.06145,-1.2136,0.524319,0.503617,0.4569,0.0394838,4824120,4376620,378214,9578960,0.51119,0.597646,Talarico,19.9949,-28.4253,0.375297,12.447,0.537311,0.521283
47751,-0.713262,-1.45221,0.515518,0.488778,0.459352,0.0518705,3869500,3636540,410642,7916680,0.42248,0.335527,Talarico,17.4215,-25.927,1.01524,11.8276,0.688734,0.146814
47762,-0.561277,0.104226,0.513259,0.491276,0.465893,0.0428315,4720540,4476650,411557,9608750,0.51278,0.635368,Talarico,18.3257,-27.5934,2.01342,10.6374,0.758321,0.756662
47770,0.630638,-0.539558,0.521517,0.49736,0.45632,0.04632,4503080,4131500,419380,9053960,0.483176,0.917294,Talarico,16.6791,-26.7214,0.0419753,13.1878,0.541043,0.539674
47788,2.84049,-0.832594,0.478571,0.456808,0.497717,0.0454751,3914880,4265480,389725,8570080,0.457346,1.01482,Paxton,20.9775,-28.0864,-1.11465,14.8673,0.169205,0.125896
47791,-0.722814,0.494425,0.508559,0.48308,0.466819,0.0501002,4205530,4063960,436155,8705650,0.464585,0.137162,Talarico,14.5085,-27.5812,0.995713,14.746,0.840934,0.478786
47851,-0.720774,0.485376,0.525571,0.497652,0.449227,0.0531215,4463130,4028840,476414,8968380,0.478603,0.5098,Talarico,17.8973,-26.5509,1.95236,10.1956,0.523716,0.594776
47862,1.97656,0.438731,0.497604,0.481268,0.485902,0.0328299,4327800,4369480,295223,8992500,0.479892,0.722271,Paxton,19.3898,-27.3727,0.989284,12.2244,0.631207,0.833765
47906,-0.828554,-2.28565,0.489662,0.461402,0.480884,0.0577148,4458980,4647250,557755,9663980,0.515725,0.323959,Paxton,15.536,-25.479,2.36222,9.48533,0.281269,0.389735
47907,1.15173,2.3137,0.516832,0.498614,0.466136,0.0352495,4860580,4543980,343618,9748170,0.520219,0.968527,Talarico,21.6717,-25.203,-1.5867,12.7021,0.379899,0.333279
47932,-0.258653,-0.843615,0.494648,0.472025,0.482239,0.0457352,4500800,4598190,436088,9535070,0.508847,0.260843,Paxton,18.83,-26.2785,0.939625,10.5508,0.590034,0.502167
47934,1.49838,0.360707,0.509904,0.486777,0.467867,0.0453559,4449180,4276340,414557,9140080,0.487768,0.694309,Talarico,20.3856,-26.2114,-1.16533,14.1321,0.815802,0.992537
47941,1.17016,0.640186,0.497924,0.478948,0.482942,0.0381101,3973980,4007130,316212,8297320,0.442791,0.696087,Paxton,16.7225,-27.2474,0.777561,12.5802,0.740986,0.39699
47967,1.81587,-0.0754231,0.508198,0.478575,0.463134,0.0582902,4481370,4336780,545828,9363980,0.499716,0.772933,Talarico,19.5129,-29.1318,1.15894,12.7859,0.825047,0.905396
47985,-2.39163,-0.790393,0.514714,0.484254,0.456567,0.0591784,4589230,4326840,560828,9476910,0.505745,-0.056999,Talarico,13.4485,-27.9488,2.54989,12.3336,0.564085,0.243793
47988,0.572515,-2.62532,0.508323,0.482587,0.466783,0.0506308,4824720,4666720,506188,9997640,0.533532,0.650269,Talarico,16.2173,-29.9993,2.92475,12.1481,0.376276,0.409425
48042,-1.83395,1.64234,0.503649,0.486603,0.479553,0.0338442,4770830,4701710,331821,9804360,0.523219,0.157212,Talarico,17.0023,-26.154,1.50298,10.7488,0.60434,0.307133
48045,-2.83672,0.844304,0.517706,0.491816,0.458175,0.0500093,4357670,4059590,443100,8860360,0.472844,0.123238,Talarico,13.801,-24.8865,0.608726,13.0447,0.395777,0.428025
48131,-1.94916,0.0805278,0.499738,0.47796,0.47846,0.0435799,3621430,3625230,330199,7576860,0.404343,0.24581,Paxton,16.3906,-25.9292,0.941619,11.9575,0.705461,0.0603704
48186,-1.92517,0.0924324,0.490356,0.466134,0.484468,0.0493977,4066050,4225980,430892,8722910,0.465504,0.0417551,Paxton,11.8177,-26.3563,2.08022,11.7183,0.48245,0.202642
48203,-2.57019,-0.517352,0.493526,0.476163,0.488654,0.035183,3821860,3922120,282392,8026380,0.428333,0.194843,Paxton,14.5211,-24.4544,0.767805,11.9021,0.462896,0.143398
48209,-2.31508,-1.00598,0.494163,0.467721,0.478771,0.0535074,3752170,3840820,429249,8022240,0.428111,0.13099,Paxton,12.435,-27.0685,2.03274,11.8643,0.495571,0.131782
48246,2.98823,-0.892323,0.473743,0.444731,0.494028,0.0612412,4186690,4650770,576524,9413990,0.502383,1.34975,Paxton,23.6112,-28.2415,-0.878882,13.1207,0.0965955,0.0327288
48316,0.507739,-2.10932,0.521983,0.494834,0.453154,0.0520119,4876460,4465710,512563,9854730,0.525908,0.25264,Talarico,17.8321,-28.8582,1.94107,12.0196,0.496511,0.330883
48387,-0.280339,-0.979157,0.490536,0.464337,0.482253,0.0534096,4548940,4724460,523235,9796640,0.522805,0.686537,Paxton,18.0065,-25.7415,-1.65751,15.4773,0.516545,0.360255
48433,1.22257,-0.174777,0.487776,0.461391,0.484517,0.0540923,3995570,4195830,468430,8659830,0.462141,0.765445,Paxton,18.1409,-28.0604,1.88203,10.9725,0.473176,0.402263
48465,2.2071,0.727389,0.549568,0.52235,0.428123,0.0495271,5353460,4387750,507594,10248800,0.546936,1.1751,Talarico,20.1508,-26.5008,-1.25487,13.5909,0.049233,0.0111112
48474,1.12354,-0.919668,0.501182,0.484552,0.482267,0.0331809,4054610,4035480,277649,8367740,0.44655,0.768736,Talarico,17.98,-27.9592,0.258156,14.2166,0.801178,0.434174
48491,-0.501215,1.34129,0.495441,0.469146,0.477779,0.0530749,4002010,4075660,452751,8530420,0.455234,0.680239,Paxton,19.1348,-25.2461,-0.478317,11.9838,0.669296,0.573432
48521,2.44118,0.592745,0.523362,0.501831,0.45703,0.0411391,5123160,4665790,419986,10208900,0.544804,0.824558,Talarico,22.1692,-27.3721,0.314551,11.6278,0.479764,0.158734
48601,-2.04937,-1.15976,0.501855,0.476959,0.473433,0.049608,4280340,4248700,445194,8974240,0.478918,0.347798,Talarico,13.583,-25.6671,1.70726,11.7083,0.671819,0.853588
48607,0.880821,-1.72214,0.455323,0.430385,0.514846,0.0547695,3504960,4192790,446030,8143770,0.4346,0.914972,Paxton,15.9815,-27.628,2.05006,11.6332,0.0202369,0.00968612
48628,1.95565,1.72255,0.509179,0.487827,0.470238,0.041935,4957710,4778960,426179,10162800,0.542349,1.2785,Talarico,22.6744,-25.8413,-0.526818,11.415,0.53305,0.0901299
48629,0.646196,0.118267,0.483064,0.460748,0.493055,0.0461972,4877990,5220040,489095,10587100,0.564991,0.686974,Paxton,18.2201,-24.6802,0.94862899999999994,10.0876,0.284102,0.0317474
48636,-2.01122,-0.648249,0.517296,0.494537,0.461467,0.043996,4599960,4292350,409230,9301530,0.496382,0.333103,Talarico,14.5011,-28.8604,1.83791,12.6824,0.696464,0.669826
48639,-1.77646,0.152314,0.528052,0.504583,0.450972,0.0444452,4116370,3679010,362582,8157960,0.435358,0.321016,Talarico,16.6113,-27.6535,2.03321,11.083,0.419576,0.166115
48642,-1.90187,2.21848,0.517645,0.485112,0.45204,0.0628481,4533480,4224410,587329,9345220,0.498713,0.05823,Talarico,14.8467,-24.0264,0.654462,11.1979,0.365485,0.36375
48660,-0.886178,0.85225,0.522399,0.494374,0.45198,0.0536456,4333510,3961890,470238,8765640,0.467785,-0.0800254,Talarico,16.1105,-27.4073,1.9068,11.2905,0.551348,0.127292
48664,-1.05593,-1.71643,0.510801,0.491103,0.470335,0.0385618,4275440,4094630,335711,8705780,0.464591,0.746196,Talarico,16.8222,-27.0874,1.50891,11.367,0.697239,0.699798
48671,1.09898,-1.00695,0.524544,0.501897,0.454929,0.0431739,4351910,3944650,374357,8670920,0.462733,0.99799,Talarico,21.9014,-26.8936,1.59073,9.55169,0.517655,0.278993
48694,2.59667,0.481641,0.515763,0.489223,0.45932,0.0514572,4515670,4239660,474965,9230300,0.492584,0.937674,Talarico,22.4077,-23.8982,-1.74675,12.768,0.597616,0.667849
48703,1.64674,1.81712,0.517668,0.49531,0.461501,0.0431889,4702980,4381960,410080,9495030,0.506712,0.786884,Talarico,19.2824,-25.4837,-1.75195,13.9171,0.490658,0.68063
48709,1.62088,-0.860675,0.502478,0.488075,0.483261,0.0286636,3899910,3861440,229033,7990390,0.426415,0.971055,Talarico,19.411,-27.5835,-0.30363,14.6632,0.809077,0.190845
48710,-2.54623,1.00902,0.493549,0.473789,0.486174,0.040037,4476970,4594000,378321,9449290,0.504268,0.239321,Paxton,17.1659,-25.023,-0.148372,12.3773,0.48293,0.46812
48714,1.48419,-1.57966,0.484803,0.460823,0.489714,0.0494625,4443870,4722480,476984,9643340,0.514625,1.02223,Paxton,20.2194,-28.3074,1.34032,12.235900000000001,0.346808,0.158362
48728,-0.495122,-2.04633,0.489969,0.474183,0.493599,0.0322183,4934430,5136470,335269,10406200,0.555333,0.497925,Paxton,16.7276,-28.3678,2.01063,11.3329,0.329703,0.131431
48771,2.2261,-1.36337,0.516958,0.496798,0.464205,0.0389965,4188880,3914070,328809,8431760,0.449966,0.574355,Talarico,19.9901,-29.0464,1.13733,12.1746,0.502908,0.56843
48790,-0.300439,1.29772,0.514277,0.493331,0.46594,0.0407289,4886940,4615600,403461,9906010,0.528643,0.456815,Talarico,19.2207,-25.6717,-0.391044,12.431,0.809576,0.453713
48815,-2.4769,-1.23991,0.532826,0.509649,0.446852,0.0434988,4382750,3842730,374070,8599560,0.458921,0.1673,Talarico,14.6013,-25.8221,1.01724,12.4863,0.116462,0.198597
48818,2.31929,1.39477,0.514645,0.493484,0.465397,0.0411192,4015440,3786910,334584,8136940,0.434235,1.39077,Talarico,22.4084,-26.0436,-1.69041,13.7681,0.474953,0.043578
48847,-2.43011,1.13228,0.51472,0.495971,0.467603,0.0364262,4059970,3827750,298181,8185900,0.436848,0.198441,Talarico,16.2078,-23.0628,-0.197504,12.0188,0.632594,0.227352
48882,1.29234,0.418078,0.519213,0.497112,0.460321,0.0425671,4659930,4315050,399024,9374000,0.500248,0.519792,Talarico,20.044,-28.6987,0.903646,13.6933,0.736805,0.773726
48961,-1.42106,-0.404566,0.518984,0.493813,0.457687,0.0484996,4309110,3993860,423217,8726190,0.465682,0.47111,Talarico,14.3903,-28.8676,0.599804,15.4974,0.735153,0.697327
48993,-2.48904,-1.35952,0.501634,0.467553,0.464507,0.0679398,3802570,3777800,552549,8132920,0.434018,0.0370741,Talarico,15.001,-25.7317,2.44481,10.0692,0.403358,0.17145
49042,0.337908,1.20929,0.488707,0.469154,0.490837,0.0400096,4423260,4627690,377217,9428160,0.50314,0.545101,Paxton,17.066,-25.0129,-0.0784908,12.1412,0.402302,0.435865
49064,2.18014,-0.634576,0.5272,0.500809,0.449132,0.0500588,4833200,4334480,483107,9650780,0.515022,0.523797,Talarico,19.03,-28.2503,0.378216,12.3459,0.422218,0.42152
49065,2.30872,-0.542781,0.480454,0.464182,0.501951,0.0338675,4229160,4573270,308566,9110990,0.486215,0.686916,Paxton,19.5051,-26.2455,-0.934497,12.885,0.267338,0.296367
49068,-1.61458,-1.67412,0.503388,0.479485,0.473031,0.047484,4642450,4579960,459748,9682160,0.516696,-0.0850328,Talarico,16.5794,-25.8612,1.88584,10.6758,0.686654,0.229418
49093,-1.82608,-0.114707,0.500347,0.480841,0.480173,0.0389854,4464300,4458100,361954,9284360,0.495467,0.500436,Talarico,13.9261,-26.5397,1.70945,11.887,0.739686,0.928542
49106,-0.067434,-2.71408,0.485036,0.458741,0.487046,0.0542134,3687820,3915370,435822,8039010,0.429008,0.575054,Paxton,16.4779,-27.0349,0.892299,12.0785,0.137896,0.126236
49109,2.38648,-0.586445,0.490967,0.467548,0.484752,0.0476997,4694060,4866780,478893,10039700,0.535777,0.852278,Paxton,20.1716,-28.1404,-0.416808,13.4442,0.513991,0.202617
49152,-2.71868,1.64361,0.538373,0.519846,0.445741,0.0344127,5002700,4289560,331168,9623430,0.513562,-0.358257,Talarico,12.4917,-23.3464,2.46485,9.15511,0.0901934,0.0138246
49167,0.508297,2.04483,0.485365,0.458465,0.486112,0.055423,4270570,4528100,516261,9314930,0.4971,0.836404,Paxton,17.9104,-24.2464,-0.743388,12.8676,0.237002,0.324157
49192,1.2793,-0.408305,0.486642,0.464367,0.48986,0.0457725,4279660,4514610,421844,9216110,0.491825,1.10453,Paxton,19.7019,-27.1418,2.67309,8.20042,0.44343,0.22024
49193,1.18146,-0.914159,0.493816,0.469948,0.481719,0.0483329,4375550,4485140,450014,9310710,0.496874,0.991089,Paxton,20.6807,-27.7544,0.222433,13.8468,0.673336,0.439632
49213,0.97548,1.85796,0.532878,0.513643,0.45026,0.0360972,4316470,3783820,303348,8403640,0.448466,0.315539,Talarico,17.5736,-27.0898,0.134148,13.1435,0.275196,0.178635
49256,0.542476,-1.51331,0.490495,0.471357,0.489625,0.0390178,4420860,4592200,365948,9379000,0.500519,0.767238,Paxton,18.6127,-27.561,0.0982301,13.4864,0.522831,0.510089
49270,1.27418,-1.44932,0.504081,0.475852,0.468147,0.0560012,4624200,4549330,544205,9717730,0.518592,0.522231,Talarico,18.1119,-27.6456,-0.0610396,13.6581,0.84896,0.734209
49274,-1.65481,-1.07263,0.504424,0.484388,0.475892,0.03972,4363340,4286800,357795,9007940,0.480717,0.216574,Talarico,15.5969,-28.2366,2.17543,11.7957,0.774127,0.683182
49296,-0.640804,-1.19753,0.468542,0.442961,0.502442,0.0545969,3421800,3881280,421752,7724840,0.412241,0.547852,Paxton,16.3744,-26.7293,0.909452,12.376,0.0563556,0.0245084
49322,-0.719641,1.01309,0.527811,0.509806,0.456082,0.0341119,4507750,4032710,301620,8842080,0.471865,0.317724,Talarico,15.3025,-27.0113,1.22888,12.238,0.4211,0.431878
49323,0.696091,0.837928,0.480305,0.461205,0.499029,0.0397651,3625120,3922420,312558,7860110,0.419461,1.21292,Paxton,19.7751,-24.3586,-0.59127,11.4533,0.202286,0.0293204
49360,-1.63708,-1.14301,0.520964,0.483084,0.444205,0.0727108,4481190,4120540,674481,9276220,0.495034,0.6525,Talarico,16.4516,-26.5822,1.88633,10.4017,0.546129,0.766206
49380,-0.366736,-0.0328074,0.527183,0.504285,0.45228,0.043435,4548130,4079100,391739,9018960,0.481305,0.630257,Talarico,16.6837,-28.9181,2.52756,11.5863,0.438796,0.575776
49385,2.15135,1.40839,0.517633,0.499354,0.465334,0.0353115,3868690,3605130,273572,7747390,0.413448,1.20794,Talarico,20.4031,-26.5661,-0.768006,13.5595,0.487503,0.0352099
49387,-1.94978,-0.15726299999999999,0.515248,0.488153,0.459259,0.052588,4249210,3997700,457761,8704670,0.464532,-0.199832,Talarico,16.2304,-27.2248,1.75699,11.2997,0.797441,0.109192
49416,0.124815,-0.660498,0.478777,0.455057,0.495399,0.0495439,4238250,4613990,461436,9313680,0.497033,0.73211,Paxton,15.7678,-26.7421,1.28911,11.5578,0.254073,0.221571
49432,0.667695,-9.86765e-4,0.510181,0.487738,0.468271,0.0439912,4441050,4263800,400558,9105400,0.485919,0.493688,Talarico,15.6448,-26.3843,0.540313,12.3156,0.766807,0.932558
49439,-2.12654,1.46978,0.517905,0.488707,0.454916,0.0563776,4052540,3772330,467504,8292380,0.442532,0.105281,Talarico,13.9636,-25.3414,0.554301,12.5398,0.623084,0.193463
49450,0.828256,1.7573,0.544461,0.513652,0.429762,0.0565858,4069130,3404550,448270,7921950,0.422761,0.932717,Talarico,18.6088,-25.8503,0.269062,12.1683,0.101397,0.0110431
49458,-0.684071,-2.36933,0.514397,0.490925,0.463445,0.0456301,4540370,4286220,422015,9248610,0.493562,0.510178,Talarico,15.2987,-27.5739,1.2706,13.0187,0.403115,0.913918
49476,1.50092,-1.85703,0.497729,0.479995,0.484375,0.0356297,4133000,4170720,306790,8610520,0.459508,0.785261,Paxton,21.5707,-28.244,0.747064,11.441,0.662561,0.60663
49485,-0.750043,-1.77481,0.508283,0.492598,0.476543,0.0308583,4913650,4753510,307811,9974970,0.532324,0.264956,Talarico,16.8295,-25.0854,-0.406912,12.6278,0.776133,0.327622
49497,0.55892,1.35853,0.499794,0.479255,0.47965,0.0410953,4590900,4594680,393662,9579240,0.511204,0.975684,Paxton,18.1924,-26.798,-0.255954,13.521,0.86346,0.452371
49565,-0.61143,0.773648,0.509408,0.482889,0.465052,0.052059,4566320,4397660,492284,9456270,0.504641,0.118716,Talarico,15.6395,-25.9066,0.121558,13.1076,0.893962,0.506124
49589,-0.94893,-0.434287,0.495986,0.47935,0.487109,0.0335414,4423570,4495170,309529,9228270,0.492478,0.226517,Paxton,16.7125,-26.4543,1.24871,11.4706,0.630122,0.535084
49592,0.649893,-1.21527,0.511175,0.484035,0.462871,0.0530941,4268690,4082040,468235,8818970,0.470631,0.508781,Talarico,17.2341,-26.5177,0.432319,12.057,0.742244,0.843033
49594,-1.73664,0.889635,0.469263,0.450661,0.509699,0.0396397,4225810,4779400,371698,9376910,0.500407,0.07909,Paxton,15.5307,-25.1764,1.95076,9.475,0.0897965,0.0346799
49605,2.37587,-1.60677,0.502841,0.478204,0.472801,0.0489956,4521700,4470610,463283,9455600,0.50461,1.30759,Talarico,22.5592,-29.5102,0.856077,11.4566,0.545498,0.173506
49607,0.0176474,1.83188,0.514541,0.496172,0.468127,0.0357003,5045100,4759940,363002,10168000,0.542625,0.806773,Talarico,17.87,-25.7795,1.11881,10.9397,0.669,0.22391
49610,0.0923509,-1.33768,0.490933,0.471089,0.48849,0.0404216,4252290,4409360,364866,9026520,0.481707,0.358884,Paxton,19.1295,-25.9591,0.448078,10.3226,0.496646,0.562884
49645,0.0998299,1.45894,0.529796,0.508569,0.451364,0.0400674,4577060,4062230,360602,8999890,0.480285,1.09615,Talarico,18.7549,-25.4038,0.334064,11.0232,0.359379,0.185398
49668,2.46749,1.40554,0.510764,0.485362,0.464904,0.049734,4537520,4346260,464950,9348740,0.498903,1.16816,Talarico,23.0301,-26.7481,-1.55483,13.2489,0.412692,0.38911
49697,-2.08993,-0.496369,0.483451,0.462976,0.494671,0.0423528,3957590,4228540,362039,8548170,0.456179,0.144871,Paxton,15.5303,-27.0259,0.979172,13.0776,0.313687,0.182754
49720,-1.4473,-1.74855,0.496364,0.470366,0.477258,0.0523761,3811310,3867150,424396,8102860,0.432415,0.195047,Paxton,16.8571,-27.6241,1.6695,12.3548,0.619125,0.186062
49724,-0.263246,2.37066,0.524832,0.498833,0.45163,0.0495374,4952130,4483520,491779,9927420,0.529786,0.553355,Talarico,18.589,-26.1774,0.670265,11.1561,0.357479,0.30734
49740,1.43998,-2.1591,0.496846,0.478392,0.484466,0.0371417,4814830,4875960,373817,10064600,0.537104,1.18357,Paxton,20.3301,-30.0166,0.858852,12.0941,0.491908,0.101765
49760,2.91611,-0.921685,0.517847,0.497336,0.463055,0.0396086,4403300,4099790,350686,8853780,0.47249,1.53052,Talarico,21.9145,-28.7545,0.237388,11.9983,0.303758,0.043376
49796,-0.202917,-1.72307,0.473201,0.450728,0.501782,0.0474898,3776790,4204580,397931,8379300,0.447169,0.454817,Paxton,16.6672,-27.5531,0.381838,13.1527,0.122201,0.0635205
49798,2.11637,1.59471,0.520264,0.497755,0.45898,0.0432654,4546750,4192560,395209,9134520,0.487473,1.02962,Talarico,21.0791,-26.9894,0.098669,11.8066,0.384866,0.444181
49850,2.26449,-0.0398354,0.51041,0.492829,0.472727,0.0344434,4874130,4675320,340649,9890100,0.527791,0.891566,Talarico,19.6769,-29.1773,2.35717,10.4624,0.826257,0.360385
49852,-1.47874,1.16159,0.522633,0.497682,0.454578,0.0477401,4435540,4051380,425478,8912390,0.475618,0.393984,Talarico,17.037,-25.4652,1.89026,9.77805,0.603874,0.627022
49868,-2.19309,0.760718,0.503793,0.476092,0.468923,0.0549849,4140490,4078140,478194,8696820,0.464113,0.72925,Talarico,13.8195,-25.4901,0.482286,13.754,0.82281,0.731811
49890,-0.0320005,1.8157,0.481915,0.459843,0.494356,0.0458011,4359030,4686190,434166,9479380,0.505875,1.07312,Paxton,19.4241,-23.8293,-0.380062,11.044,0.218286,0.129214
49918,-0.75191,-2.36722,0.506069,0.486805,0.475129,0.0380659,4367530,4262780,341521,8971830,0.47879,0.441088,Talarico,18.3739,-25.079,-0.512066,11.831,0.435662,0.904012
49924,0.559442,1.92069,0.534779,0.512628,0.44595,0.0414219,5156340,4485650,416648,10058600,0.536786,0.954302,Talarico,19.5197,-26.9106,1.51094,10.9092,0.255189,0.0665851
49936,0.573057,-1.81647,0.498238,0.479737,0.483131,0.0371325,4443470,4474910,343933,9262320,0.494292,0.980083,Paxton,18.859,-27.0044,0.92696,12.5581,0.763917,0.549429
49945,-0.0166863,-0.629217,0.497283,0.476072,0.481274,0.0426532,4199910,4245800,376286,8822000,0.470794,0.098783,Paxton,17.0154,-25.762,0.323209,11.4707,0.656992,0.389193
49960,0.822627,-2.39701,0.496435,0.472805,0.479595,0.0476001,4395760,4458890,442547,9297200,0.496156,0.443746,Paxton,16.4926,-28.5879,2.3205,11.8829,0.447342,0.778702
49961,0.467182,0.812347,0.501489,0.481956,0.479094,0.0389498,4684060,4656240,378547,9718840,0.518653,0.493787,Talarico,18.3595,-25.5167,-0.814752,12.3729,0.878418,0.66793
49983,2.3577,0.285701,0.517826,0.485087,0.45169,0.0632227,5065400,4716660,660187,10442300,0.557263,1.06155,Talarico,20.489,-30.8227,1.7221,12.904,0.697029,0.0467292
50030,0.721259,-1.31939,0.475904,0.45685,0.503114,0.0400357,4456910,4908250,390578,9755740,0.520622,0.558138,Paxton,18.6007,-26.2979,0.384046,11.3753,0.197313,0.115802
50031,-0.961303,1.87898,0.528047,0.503419,0.449941,0.0466402,4081100,3647570,378102,8106780,0.432625,0.170775,Talarico,15.8922,-26.1823,0.465112,12.0294,0.346418,0.123749
50038,-3.02711,-0.429774,0.47402,0.451392,0.500871,0.0477371,4476950,4967700,473462,9918110,0.52929,-0.517767,Paxton,7.79872,-26.416,3.93186,10.7013,0.0503397,0.00916436
50046,1.01472,-1.97637,0.499006,0.469811,0.471683,0.0585054,4065820,4082020,506314,8654150,0.461835,0.3671,Paxton,14.7393,-28.5374,2.9573,10.6166,0.710542,0.692976
50048,1.07882,-0.143899,0.514755,0.481202,0.453616,0.0651822,4472450,4216060,605825,9294330,0.495997,1.35658,Talarico,18.4972,-26.8084,1.37767,11.0363,0.748276,0.177951
50051,-1.41235,-1.83763,0.49413,0.473207,0.48445,0.0423424,4172350,4271490,373341,8817180,0.470535,0.135639,Paxton,17.3613,-24.6826,-0.553896,12.766,0.556165,0.395444
50063,0.316961,-1.44927,0.528588,0.509606,0.454483,0.0359107,5028840,4484880,354370,9868090,0.526618,0.346929,Talarico,18.1895,-26.5279,0.998443,10.6162,0.393338,0.238053
50078,2.3606,1.38086,0.50129,0.472921,0.470487,0.0565926,4586660,4563060,548868,9698580,0.517573,1.55586,Talarico,22.1892,-27.0333,-1.4802,13.3867,0.39678,0.0479028
50096,1.31603,-0.0820221,0.510636,0.482744,0.462635,0.0546211,4344360,4163390,491552,8999310,0.480256,0.665781,Talarico,20.0691,-28.6038,0.399828,12.6353,0.804232,0.93246
50138,-2.06647,-0.547101,0.503159,0.479886,0.47386,0.0462537,4912320,4850640,473473,10236400,0.546278,0.272513,Talarico,14.755,-26.6359,1.36125,12.043,0.728358,0.176057
50141,0.210403,0.330133,0.499422,0.48097,0.482084,0.0369462,4517360,4527820,347005,9392180,0.501224,0.921612,Paxton,20.2044,-26.6653,-0.0847821,11.9645,0.748019,0.613422
50179,0.930514,-1.46882,0.518325,0.496586,0.461473,0.0419407,4691910,4360150,396270,9448330,0.504219,0.444057,Talarico,20.1618,-27.8445,-0.469105,13.8828,0.623482,0.712768
50186,-0.476219,1.16346,0.494505,0.472772,0.483279,0.0439484,4591740,4693780,426843,9712360,0.51831,0.348043,Paxton,17.3574,-25.4822,0.128314,13.3366,0.608438,0.482338
50198,-0.119369,-2.16243,0.512869,0.493438,0.468676,0.0378852,4031900,3829570,309561,8171030,0.436052,0.412766,Talarico,15.9977,-28.2183,1.17506,13.4629,0.604756,0.311699
50221,-2.09532,-1.48448,0.484921,0.467748,0.496838,0.035414,3865600,4106000,292671,8264260,0.44103,-0.115126,Paxton,13.5487,-25.5801,1.33527,11.8714,0.254443,0.0587219
50263,-0.14794,0.436041,0.494843,0.47646,0.48639,0.0371498,4555820,4650770,355219,9561810,0.510276,0.302418,Paxton,17.9914,-26.1778,1.12214,11.5376,0.586431,0.54857
50285,1.83576,-1.77308,0.476831,0.455456,0.499718,0.0448258,3778040,4145190,371833,8295060,0.442673,0.864184,Paxton,17.9933,-29.3767,1.58587,12.0653,0.163591,0.0971505
50297,-1.69566,0.892632,0.504739,0.487348,0.478196,0.034456,4447800,4364280,314464,9126540,0.487043,0.347874,Talarico,18.1745,-22.4269,-0.464212,10.7934,0.841749,0.87917
50328,-2.07042,1.63371,0.502902,0.476563,0.471063,0.0523733,4824060,4768380,530154,10122600,0.540203,0.166065,Talarico,15.7527,-25.4057,0.801805,11.8714,0.54727,0.178532
50331,1.65314,1.82564,0.510921,0.481157,0.460587,0.0582558,4009060,3837680,485395,8332130,0.444653,1.01487,Talarico,21.8759,-24.828,-0.894646,12.4322,0.565237,0.240182
50334,-2.64907,-1.15645,0.509794,0.488829,0.470046,0.041125,4122140,3963750,346794,8432680,0.450018,-0.279247,Talarico,14.1043,-26.3284,3.18995,9.19303,0.381699,0.0508525
50381,-1.85883,1.21366,0.502297,0.482876,0.478459,0.0386649,4695600,4652660,375987,9724240,0.518943,0.607206,Talarico,14.5078,-25.1987,0.686949,12.8282,0.761583,0.706247
50393,0.489076,-2.46224,0.507622,0.485941,0.471348,0.0427112,4228100,4101130,371624,8700860,0.46433,0.885012,Talarico,15.9242,-29.8209,2.38342,12.8146,0.472976,0.564455
50426,-2.70703,-0.73185,0.497245,0.479287,0.484599,0.0361144,4374930,4423410,329652,9127990,0.487122,-0.240247,Paxton,14.1898,-25.9567,1.93025,11.6571,0.412951,0.101695
50435,1.77523,0.33083,0.491139,0.471523,0.48853799999999997,0.0399385,4553170,4717470,385658,9656290,0.515316,0.841314,Paxton,19.4112,-25.3333,-0.991546,12.7223,0.513963,0.356626
50438,0.0246083,0.771259,0.529271,0.503451,0.447766,0.0487826,4536570,4034790,439577,9010940,0.480876,0.519762,Talarico,16.412,-27.0066,0.710723,12.7663,0.461307,0.466779
50471,2.43478,-1.55499,0.500028,0.477845,0.477791,0.0443645,4889960,4889410,453998,10233400,0.546112,0.843826,Talarico,19.9955,-28.8365,0.285918,13.6115,0.527712,0.229522
50478,1.48313,-0.583141,0.508655,0.488933,0.472293,0.0387737,4289920,4143920,340202,8774040,0.468234,1.29107,Talarico,20.3717,-27.3042,0.463986,11.5017,0.811576,0.183135
50509,-2.05623,-1.59666,0.47399,0.456032,0.506081,0.037887,4274150,4743240,355095,9372480,0.500169,0.286733,Paxton,14.6076,-26.14,-0.286068,14.3469,0.0801517,0.112762
50523,-1.52712,-1.3584,0.498255,0.480759,0.484127,0.035114,4618770,4651120,337348,9607230,0.512698,0.274305,Paxton,17.6082,-25.5292,0.213411,11.7282,0.699236,0.530772
50539,-1.50517,-0.293852,0.534605,0.509518,0.443556,0.0469261,5050030,4396260,465103,9911400,0.528928,0.228235,Talarico,17.5601,-29.296,0.994957,13.2598,0.288616,0.127195
50540,-2.98949,-0.480683,0.532357,0.501755,0.440761,0.0574845,4469640,3926300,512072,8908010,0.475385,-0.00966608,Talarico,9.75162,-26.9489,2.72486,12.4401,0.0941761,0.158806
50545,-0.18572,-1.74493,0.501716,0.479473,0.476193,0.0443343,4417940,4387710,408503,9214150,0.491721,0.676692,Talarico,16.0969,-27.5177,0.474922,13.4327,0.733816,0.96514200000000006
50555,-3.02171,0.137376,0.504213,0.48661,0.478478,0.034912,3902530,3837310,279988,8019820,0.427982,-0.439662,Talarico,10.9919,-25.053,2.25554,11.3991,0.41506,0.0220848
50595,0.8288,-0.220987,0.488905,0.47057,0.491927,0.0375032,4083670,4269010,325458,8678140,0.46311600000000003,0.844781,Paxton,17.8459,-28.6256,1.72808,10.9399,0.50474,0.400818
50602,-0.297498,-1.96183,0.516007,0.483989,0.453961,0.0620501,4489630,4211090,575596,9276320,0.495038,0.191026,Talarico,16.1053,-26.2935,0.055311,13.1969,0.63494,0.575545
50622,-1.45063,-0.720808,0.495303,0.478429,0.487503,0.0340685,4946030,5039840,352203,10338100,0.551698,0.473791,Paxton,15.5795,-29.0571,2.47763,11.7198,0.61242,0.183356
50634,-0.10408,-2.03298,0.503779,0.488505,0.481177,0.0303177,4295700,4231250,266600,8793550,0.469277,0.54429,Talarico,18.1559,-24.4599,-0.722853,12.6107,0.635022,0.828924
50661,-1.47843,-0.710447,0.51214,0.485407,0.462394,0.0521987,4741290,4516510,509859,9767650,0.521259,0.113876,Talarico,16.1277,-26.9551,1.69926,10.6219,0.855883,0.33926
50709,0.609757,-1.16124,0.509692,0.489358,0.470747,0.0398947,3979910,3828540,324460,8132920,0.434023,1.29046,Talarico,18.9778,-27.7189,1.15711,11.298,0.750675,0.0738263
50714,0.756002,1.79187,0.523258,0.503927,0.45913,0.0369428,4723580,4303680,346285,9373540,0.50023,0.521332,Talarico,19.1943,-25.4967,-0.35502,11.7327,0.499206,0.647956
50737,1.66683,-2.25392,0.502718,0.480705,0.475508,0.0437869,4010200,3966840,365285,8342330,0.445196,0.848148,Talarico,18.9448,-29.7355,1.20012,13.3062,0.371191,0.356587
50752,-2.85735,-0.596573,0.505555,0.485935,0.475256,0.0388092,5060750,4949530,404177,10414500,0.555775,-0.0498378,Talarico,11.1042,-26.0867,1.64293,12.6826,0.410617,0.054876
50801,-0.00308963,1.55762,0.494969,0.475315,0.484977,0.0397079,4583910,4677090,382941,9643940,0.514658,0.657573,Paxton,22.0421,-25.9987,0.17456,11.3362,0.634632,0.555084
50832,1.45145,0.800789,0.49439,0.470186,0.480856,0.0489584,4172990,4267690,434515,8875190,0.47363,0.646062,Paxton,19.9788,-25.9968,-0.362797,12.9477,0.598712,0.697234
50847,2.79506,-0.711771,0.552937,0.527867,0.426793,0.0453401,4659760,3767530,400241,8827540,0.47109,1.29784,Talarico,22.2014,-28.2807,-0.500097,13.364,0.0248938,0.0213244
50850,2.01322,-0.847705,0.49153,0.474683,0.491042,0.0342748,3904750,4039320,281945,8226020,0.438989,0.759513,Paxton,20.155,-25.9909,-0.260384,11.9089,0.552923,0.269971
50870,0.826603,-2.66084,0.490614,0.464203,0.481964,0.0538326,4013630,4167200,465452,8646280,0.461417,0.642836,Paxton,16.9815,-30.0318,2.59078,11.9512,0.259967,0.516326
50871,-2.91726,1.07387,0.499577,0.474894,0.475698,0.0494082,4076120,4083020,424082,8583220,0.458053,-0.252901,Paxton,13.4634,-24.7079,2.25803,10.048,0.400524,0.0912939
50878,2.06045,0.734642,0.538668,0.513086,0.439423,0.0474912,4412300,3778830,408402,8599530,0.45892,0.994959,Talarico,21.3223,-27.7737,-0.204513,12.3715,0.160103,0.0974742
50911,-2.04227,2.12485,0.49532,0.473149,0.48209,0.0447609,4584070,4670700,433663,9688440,0.517031,0.298009,Paxton,13.5686,-22.7061,3.17045,7.99431,0.272205,0.482827
50949,1.8432,-0.631594,0.5082,0.482841,0.46726,0.0498985,4489090,4344230,463918,9297230,0.496155,0.86204,Talarico,21.0088,-28.1616,-0.306461,13.1873,0.834247,0.815617
50965,-1.71103,1.57511,0.512716,0.493964,0.469462,0.0365746,4864280,4623000,360166,9847440,0.525517,0.234456,Talarico,15.0531,-25.8268,1.7061,11.6259,0.709948,0.43756
50995,-0.819285,2.22964,0.533293,0.510889,0.447099,0.0420122,5056860,4425460,415844,9898170,0.528224,0.786038,Talarico,17.0025,-25.207,-0.456693,13.3243,0.202227,0.157861
51028,-2.36316,1.31876,0.488055,0.461683,0.484283,0.0540339,4148280,4351340,485502,8985130,0.479501,-0.0406814,Paxton,16.5812,-25.3159,1.44141,10.2446,0.351519,0.135881
51094,-0.607377,0.803935,0.515412,0.498164,0.468372,0.0334633,4229260,3976340,284093,8489690,0.453061,0.173501,Talarico,14.9027,-27.2847,0.612715,13.1282,0.731094,0.358664
51105,1.82539,0.922135,0.493211,0.463353,0.476108,0.0605394,4198910,4314500,548609,9062010,0.483599,1.17667,Paxton,19.3152,-27.3034,-0.368564,13.7338,0.470591,0.267398
51108,0.125002,-1.38685,0.520629,0.495352,0.456096,0.0485516,4427450,4076580,433954,8937990,0.476984,0.914005,Talarico,20.0256,-26.5427,-1.07171,13.2572,0.567054,0.536607
51142,2.10343,0.182266,0.512404,0.491098,0.467321,0.0415803,3968030,3775910,335965,8079910,0.431188,0.708831,Talarico,22.8225,-28.9847,0.529793,11.5483,0.845797,0.269373
51152,0.882603,-0.701942,0.514665,0.484056,0.45647,0.0594739,4158080,3921120,510886,8590090,0.458416,0.431015,Talarico,18.5407,-25.8113,-0.344894,12.878,0.691281,0.698063
51154,-2.58022,1.06761,0.501673,0.480236,0.477032,0.0427317,4630090,4599210,411989,9641290,0.514516,-0.0355868,Talarico,12.7188,-23.3877,-0.648331,13.0738,0.65343,0.250533
51198,-0.966713,-2.12633,0.501084,0.478016,0.475948,0.0460359,4521200,4501630,435419,9458250,0.504747,0.287069,Talarico,15.9771,-26.5536,2.63756,10.0363,0.511938,0.631308
51203,2.08653,1.81128,0.50521,0.482126,0.472183,0.0456911,4428080,4336750,419649,9184480,0.490135,1.16709,Talarico,20.4099,-26.573,-1.43657,14.2693,0.392307,0.358556
51241,0.103477,1.66019,0.507414,0.483154,0.469035,0.0478105,5081840,4933330,502873,10518000,0.561302,0.641995,Talarico,18.5226,-26.03,0.837821,11.0116,0.855252,0.131385
51270,1.2799,-1.0559,0.530967,0.514895,0.454836,0.0302691,4762540,4207020,279975,9249540,0.493608,0.721835,Talarico,15.9136,-29.6169,2.00127,12.6627,0.344165,0.392481
51290,-1.24873,-0.959792,0.531094,0.497496,0.439243,0.063261,4497090,3970520,571845,9039460,0.482396,0.557365,Talarico,16.8007,-28.5962,2.47558,10.9488,0.367908,0.419997
51299,-0.742677,0.760661,0.514029,0.487987,0.46135,0.0506623,3911640,3698120,406102,8015860,0.427774,0.352149,Talarico,17.263,-26.6874,0.651953,12.8047,0.756533,0.186362
51302,-2.70927,-0.0545252,0.511234,0.490062,0.468525,0.0414133,4788760,4578300,404680,9771740,0.521475,0.358975,Talarico,15.2461,-25.7319,1.98487,11.031,0.641165,0.614919
51338,0.911727,-1.34482,0.514474,0.48978,0.462222,0.0479983,4462360,4211280,437310,9110940,0.486211,0.845416,Talarico,18.99,-27.5311,1.12108,11.5762,0.700926,0.817195
51344,-0.421483,1.96849,0.497113,0.471842,0.477322,0.0508362,4544660,4597450,489642,9631750,0.514005,0.31711,Paxton,19.8871,-25.169,-0.303719,10.9195,0.62493,0.557886
51383,-0.0755746,2.06341,0.519838,0.496383,0.458498,0.0451189,4250420,3926020,386343,8562780,0.45696,0.722998,Talarico,19.8153,-25.5017,-1.17456,13.0691,0.550759,0.554768
51397,0.98169,2.37713,0.51395,0.496405,0.469458,0.0341364,4458100,4216090,306571,8980760,0.479263,1.08417,Talarico,19.9654,-24.4668,-1.90986,12.87,0.391414,0.419618
51406,-1.55726,0.297987,0.509747,0.48906,0.470357,0.0405831,4485200,4313670,372190,9171050,0.48942,0.330119,Talarico,14.8905,-26.6245,1.99629,11.0888,0.835265,0.836835
51420,-1.67172,0.559287,0.508132,0.48597,0.470416,0.0436135,4563150,4417100,409521,9389780,0.501093,0.333619,Talarico,16.6464,-26.1424,2.46588,9.78331,0.85188,0.834393
51427,2.40997,1.01483,0.525694,0.501117,0.452131,0.0467516,4035560,3641070,376497,8053130,0.429762,1.12992,Talarico,22.9234,-27.2851,0.0902269,10.9638,0.356333,0.0779172
51435,-1.02867,0.163027,0.519631,0.493769,0.456461,0.0497696,4405210,4072370,444024,8921600,0.47611,0.618915,Talarico,14.7299,-26.2445,1.16928,12.3216,0.622856,0.753201
51463,-0.894534,-0.410265,0.486202,0.459976,0.486084,0.0539402,4136760,4371560,485107,8993420,0.479941,0.45408,Paxton,16.2989,-26.4063,-0.37164,14.372,0.391992,0.409036
51497,-2.22003,1.85544,0.499465,0.472967,0.473979,0.0530546,4742710,4752860,532010,10027600,0.535135,0.497538,Paxton,14.3315,-24.019,0.0104144,12.6368,0.328559,0.376469
51508,2.57332,-0.157555,0.509225,0.480792,0.463371,0.0558371,4302040,4146160,499620,8947820,0.477508,1.30541,Talarico,20.0281,-26.2964,-1.67371,14.5463,0.758585,0.209632
51515,0.848964,-0.343375,0.512311,0.493831,0.470098,0.0360704,5025110,4783610,367044,10175800,0.543036,0.930418,Talarico,19.3018,-27.3554,1.92577,9.84772,0.763821,0.181099
51528,-0.607247,0.0984079,0.527188,0.508076,0.455672,0.0362519,4464060,4003620,318516,8786200,0.468882,0.0867086,Talarico,16.5197,-28.3396,-0.081882,15.6433,0.473174,0.278896
51545,-0.934971,1.60092,0.533979,0.509121,0.444326,0.046553,5231750,4565910,478381,10276000,0.54839,0.31136200000000003,Talarico,15.0758,-26.7212,1.18525,12.6148,0.246249,0.064706
51547,1.94255,0.248977,0.518963,0.498492,0.462062,0.0394454,4687340,4344790,370907,9403040,0.5018,1.02896,Talarico,19.3975,-26.9862,-2.123,16.3618,0.74665,0.455248
51571,1.33788,-1.26338,0.522648,0.495701,0.452741,0.0515583,4530070,4137470,471177,9138720,0.487695,0.686774,Talarico,18.7786,-28.9545,1.43442,11.7016,0.539449,0.714852
51577,-2.52415,-0.836262,0.497953,0.481038,0.484993,0.0339696,4835530,4875290,341472,10052300,0.536447,-0.359736,Paxton,12.0899,-25.8307,2.6963,9.62509,0.497412,0.0349247
51599,2.45466,-1.29505,0.511385,0.492687,0.47075,0.0365636,4051740,3871340,300691,8223780,0.438868,1.08578,Talarico,21.5639,-27.2022,-1.10135,13.1441,0.539711,0.188428
51607,2.77096,0.0190629,0.515795,0.488332,0.458424,0.0532443,4710970,4422450,513652,9647070,0.514824,1.37877,Talarico,21.934,-26.6312,-1.08131,13.4225,0.554348,0.098387
51660,1.85466,-1.46929,0.509135,0.486522,0.469063,0.0444156,3961620,3819460,361665,8142740,0.434548,0.574281,Talarico,18.1403,-28.162,-0.794946,14.7119,0.707588,0.320474
51674,-0.24361,2.67995,0.494832,0.463958,0.473649,0.0623928,3616150,3691690,486298,7794140,0.415939,0.811221,Paxton,20.8451,-23.1329,-1.61135,11.6591,0.19621,0.0853175
51689,-0.56709,-0.502219,0.510426,0.496244,0.475971,0.0277852,4529800,4344740,253628,9128170,0.487132,0.412083,Talarico,15.8317,-27.4371,0.745634,13.3142,0.790721,0.891175
51692,-2.33634,-0.988557,0.509278,0.480976,0.463451,0.055573,4124220,3973960,476522,8574710,0.457599,0.379092,Talarico,12.1574,-27.1857,2.36384,12.0852,0.603403,0.706898
51701,0.0734186,-1.16354,0.524816,0.497242,0.450217,0.0525416,4415050,3997510,466521,8879080,0.47384,0.783674,Talarico,18.8648,-28.965,1.35802,12.0931,0.463324,0.552281
51730,3.03342,-0.426747,0.518436,0.499561,0.464032,0.0364067,4254280,3951720,310041,8516040,0.454467,0.97471699999999994,Talarico,22.3597,-28.8409,-0.502118,14.185,0.377598,0.290436
51731,3.0355,0.213056,0.520492,0.497929,0.458723,0.0433478,5167830,4760920,449891,10378600,0.553867,1.3351,Talarico,21.991,-29.6642,0.832852,12.1201,0.317592,0.024765
51732,-1.27577,-0.263857,0.520005,0.494123,0.456104,0.049773,4711240,4348750,474563,9534550,0.508822,0.228167,Talarico,17.0616,-26.154,1.18642,10.6627,0.680998,0.453123
51737,-0.926458,0.700707,0.525498,0.501336,0.452685,0.0459786,4287520,3871450,393217,8552180,0.456392,0.587155,Talarico,17.6848,-26.8657,1.69961,10.144,0.50454,0.495339
51740,0.333466,1.6761,0.488916,0.465468,0.486572,0.04796,4455200,4657190,459046,9571440,0.510788,0.788396,Paxton,16.1354,-25.2886,0.424682,11.5909,0.405489,0.377022
51746,1.37177,-0.318501,0.518311,0.490836,0.456156,0.053008,4339440,4032830,468639,8840910,0.471803,0.354784,Talarico,20.8209,-26.838,-0.930154,13.2095,0.633783,0.69668
51767,0.363011,1.02136,0.510847,0.492001,0.471107,0.0368918,4252240,4071660,318847,8642750,0.461227,0.206701,Talarico,17.2717,-27.136,2.39635,9.86027,0.911022,0.521569
51782,-0.633031,-1.47522,0.508927,0.489559,0.472383,0.038058,4998980,4823600,388617,10211200,0.544932,0.0207437,Talarico,14.8682,-25.3424,0.142728,12.7184,0.827648,0.132254
51787,-1.39916,1.27667,0.498389,0.477416,0.480502,0.0420825,4456740,4485550,392846,9335140,0.498177,0.424845,Paxton,17.4468,-26.1641,2.23646,9.52986,0.697433,0.820139
51814,-0.894504,2.22759,0.501103,0.488447,0.486297,0.0252552,4088520,4070530,211397,8370450,0.446694,0.256411,Talarico,18.3531,-23.2223,0.772575,9.24377,0.547331,0.382184
51825,2.85567,-0.522505,0.510409,0.488458,0.468534,0.0430083,4639940,4450680,408543,9499170,0.506932,1.27203,Talarico,20.9145,-27.2375,-1.70154,14.9076,0.571757,0.23212
51858,0.57524,-1.27229,0.492441,0.473882,0.48843,0.0376884,4062680,4187400,323110,8573200,0.457517,0.602732,Paxton,18.5187,-25.7494,0.422189,10.7793,0.648302,0.546449
51862,-2.59111,0.628991,0.472215,0.448972,0.501806,0.049222,3998880,4469470,438409,8906760,0.47532,0.00345469,Paxton,13.457,-25.3985,0.582711,12.5578,0.0717157,0.0476221
51882,0.0802643,2.58462,0.500153,0.477875,0.477584,0.0445406,4488090,4485350,418314,9391750,0.501196,0.76902,Talarico,21.1384,-24.1171,-0.995151,12.2613,0.307851,0.813929
51914,1.60396,0.606603,0.510502,0.489816,0.469664,0.0405196,4674870,4482540,386725,9544140,0.50933,0.64959,Talarico,16.4877,-26.7029,0.248711,13.9985,0.831985,0.856422
51915,2.10322,-0.664129,0.532799,0.503442,0.441459,0.0550985,4462230,3912850,488363,8863450,0.473003,0.793795,Talarico,20.5509,-27.2109,-0.118751,12.2893,0.285719,0.298325
51930,-2.06151,1.55744,0.532305,0.500366,0.439632,0.0600025,4791660,4210050,574603,9576310,0.511049,0.176302,Talarico,17.9732,-24.1095,0.865576,9.79821,0.299207,0.186923
51951,-1.25123,-0.941716,0.489087,0.4738,0.494945,0.031255,3840790,4012190,253364,8106350,0.4326,-0.238502,Paxton,15.607,-25.9312,1.63352,11.1831,0.449627,0.0490074
51962,-0.909259,-1.35971,0.524623,0.502684,0.455497,0.0418192,4713130,4270710,392094,9375940,0.500351,0.358596,Talarico,17.0912,-26.0408,0.525979,11.9471,0.438299,0.504483
51964,-1.36259,-0.784182,0.523147,0.503719,0.459144,0.0371369,4545080,4142880,335088,9023050,0.481522,0.672685,Talarico,18.0839,-28.8166,3.84299,8.31779,0.596693,0.697299
51969,0.64022,-2.53394,0.514751,0.491526,0.463355,0.0451196,4767650,4494400,437646,9699700,0.517633,0.80043,Talarico,17.6813,-30.0012,2.13592,11.7898,0.454701,0.546031
52006,-2.08724,-1.69251,0.508958,0.488937,0.471726,0.0393373,4486340,4328420,360948,9175710,0.48967,-0.0212356,Talarico,14.1649,-25.558,2.56725,10.284,0.520555,0.374302
52009,1.01377,-0.449821,0.509656,0.491805,0.473169,0.0350258,4634880,4459260,330091,9424240,0.502934,0.592117,Talarico,18.119,-29.028,0.283744,14.2775,0.785732,0.951222
52053,-0.451596,1.50772,0.514346,0.497009,0.469284,0.0337071,4602990,4346220,312175,9261390,0.494243,0.530879,Talarico,18.143,-24.7947,-0.31999,12.5319,0.761781,0.926244
52089,0.930708,0.239026,0.520562,0.499017,0.459595,0.0413885,4420580,4071350,366643,8858580,0.472744,0.759819,Talarico,19.765,-27.4667,1.49652,10.6327,0.672012,0.670036
52101,0.252533,-0.11073,0.493028,0.465653,0.478822,0.0555246,4264360,4384970,508484,9157820,0.488716,0.975785,Paxton,18.5076,-25.2226,-0.776308,12.4966,0.577976,0.460457
52131,2.33683,0.269637,0.509757,0.485894,0.467293,0.0468126,4792710,4609240,461745,9863690,0.526384,0.811079,Talarico,20.2826,-25.0432,-0.319111,11.9004,0.767944,0.435904
52180,-1.64783,0.587896,0.499602,0.474904,0.475661,0.0494352,4318220,4325100,449506,9092830,0.485243,0.266217,Paxton,14.1717,-25.9874,2.29229,10.6624,0.73206,0.710819
52183,1.0307,1.14589,0.498039,0.477187,0.480945,0.0418679,4629180,4665640,406160,9700980,0.517702,0.54201,Paxton,21.0576,-25.8677,0.257085,10.5595,0.72616,0.605501
52222,1.90904,1.56387,0.495797,0.47373,0.481763,0.0445072,4350570,4424330,408738,9183640,0.490093,1.20691,Paxton,21.8554,-27.9256,-0.504305,13.4206,0.411348,0.245646
52230,0.438552,-1.16493,0.483554,0.454142,0.485033,0.0608251,4553810,4863570,609911,10027300,0.535114,0.671103,Paxton,17.8956,-26.7235,1.52238,10.1993,0.36347,0.132291
52235,2.31453,-1.45714,0.49294,0.478032,0.491725,0.0302434,4178800,4298490,264378,8741660,0.466504,1.49932,Paxton,20.7121,-27.3979,-0.782148,13.4288,0.486813,0.0387347
52246,0.403959,-1.13675,0.523838,0.503273,0.457468,0.039259,4786540,4350900,373386,9510830,0.507555,0.440294,Talarico,17.6703,-27.0394,0.688628,12.1586,0.509311,0.533533
52249,2.42427,0.697917,0.543813,0.521267,0.437274,0.0414597,5110030,4286640,406434,9803110,0.523151,1.16338,Talarico,22.614,-26.8751,0.0443498,11.7731,0.0766288,0.0229074
52274,-0.971841,2.35945,0.515144,0.491664,0.462756,0.0455792,4608530,4337570,427229,9373330,0.500216,-0.0202745,Talarico,17.0072,-24.508,0.383889,11.8721,0.492446,0.310126
52292,2.5918,1.24604,0.485156,0.448586,0.476037,0.0753772,3828850,4063150,643372,8535370,0.455498,1.34614,Paxton,23.2034,-26.0404,-0.736614,12.1478,0.129018,0.0433319
52295,-1.87828,2.09297,0.490021,0.471189,0.490379,0.0384325,4515110,4699000,368275,9582380,0.511371,0.376479,Paxton,16.9468,-24.1431,1.58835,9.04156,0.284107,0.459438
52306,1.66328,-1.09034,0.511164,0.487729,0.466425,0.0458458,4701700,4496320,441952,9639970,0.514445,0.876908,Talarico,20.1661,-29.0048,0.455848,12.8009,0.759641,0.544956
52318,0.910485,1.93892,0.488107,0.467951,0.490755,0.0412936,4061290,4259200,358382,8678870,0.463154,0.905543,Paxton,19.5785,-26.669,0.650423,11.9334,0.287347,0.348947
52348,0.577543,-0.758829,0.485167,0.466838,0.495384,0.037778,4159840,4414210,336628,8910680,0.475529,0.42838,Paxton,15.4709,-28.1574,0.726061,13.9492,0.423523,0.3646
52350,1.6266,1.05919,0.513068,0.492446,0.467361,0.0401924,4552880,4320960,371596,9245430,0.493389,0.559795,Talarico,19.2906,-25.8164,0.334353,11.6518,0.768981,0.955948
52360,-2.0962,0.703032,0.484419,0.461475,0.491161,0.0473635,3640280,3874450,373620,7888350,0.420968,0.194286,Paxton,15.7121,-23.4974,-0.915225,13.2261,0.303081,0.0500171
52377,-2.42258,-0.209351,0.519102,0.496319,0.459791,0.0438902,5197580,4815050,459629,10472300,0.55886,-0.0128133,Talarico,11.1059,-27.4315,2.55991,11.7269,0.580936,0.0513573
52400,1.28151,1.42758,0.511185,0.48334,0.462189,0.054471,4313020,4124280,486064,8923360,0.476201,0.812892,Talarico,21.5553,-25.7489,0.638318,10.159,0.722329,0.812553
52414,1.65266,0.791706,0.523989,0.503365,0.457275,0.0393605,4757040,4321470,371976,9450490,0.504334,0.745335,Talarico,19.2511,-28.1092,1.4274,10.5777,0.530068,0.543899
52500,-1.44085,0.264702,0.522361,0.506471,0.46311,0.0304194,4943240,4520030,296898,9760170,0.520859,0.169233,Talarico,15.1754,-27.7864,1.51248,12.2257,0.594363,0.302588
52506,1.38932,0.461657,0.500467,0.484157,0.483254,0.0325889,4299550,4291530,289405,8880490,0.473915,0.731065,Talarico,17.7847,-28.4992,-1.35102,15.904,0.76365,0.82974
52512,0.438569,-2.54465,0.513238,0.486342,0.461254,0.0524039,4171040,3955870,449434,8576340,0.457684,0.299046,Talarico,15.2644,-30.942,2.02977,13.353,0.464465,0.579937
52543,-1.43351,1.38149,0.479742,0.457132,0.495738,0.0471296,4491920,4871270,463109,9826290,0.524389,0.223754,Paxton,15.7593,-26.3053,0.983771,12.6665,0.211776,0.122151
52567,-1.47986,-0.470615,0.518905,0.495883,0.45975,0.0443672,4350230,4033240,389220,8772690,0.468162,0.370126,Talarico,15.9598,-28.5921,3.48057,9.3148,0.739018,0.680941
52569,-1.71639,-1.74235,0.512181,0.489925,0.466621,0.0434537,4557540,4340760,404230,9302540,0.496437,0.180998,Talarico,14.5048,-27.9521,1.09245,13.4545,0.524554,0.640516
52578,1.32723,0.757893,0.505387,0.487309,0.476919,0.0357719,4244210,4153730,311555,8709500,0.464789,1.39029,Talarico,21.1354,-27.7494,-0.115416,12.2155,0.80682,0.112922
52582,0.150075,2.24367,0.506219,0.487665,0.475683,0.0366521,4306540,4200730,323673,8830950,0.47127,0.558442,Talarico,18.0573,-24.3504,1.87058,9.04343,0.605463,0.849295
52585,2.20987,-1.1656,0.503794,0.486421,0.479095,0.0344845,4274010,4209640,303003,8786650,0.468906,1.2318,Talarico,22.03,-26.8394,1.03424,10.3159,0.755439,0.242038
52595,1.33606,1.58507,0.538706,0.509562,0.436339,0.0540991,4875020,4174480,517570,9567080,0.510556,0.595791,Talarico,18.5741,-26.8979,0.626621,12.1485,0.143951,0.153105
52620,0.256723,2.73555,0.504704,0.486305,0.47724,0.0364549,4837900,4747720,362664,9948280,0.530897,0.812461,Talarico,22.3228,-22.9148,-1.51128,11.8099,0.235749,0.403353
52622,-1.68425,-0.0913039,0.494309,0.473971,0.484885,0.0411443,4316960,4416360,374745,9108060,0.48606,-0.0581702,Paxton,12.212,-28.7593,3.36816,11.7475,0.624755,0.187483
52631,1.6766,-1.0805,0.509493,0.488991,0.470769,0.0402399,4441710,4276190,365516,9083420,0.484743,0.83409,Talarico,19.3499,-29.6209,1.44032,13.3529,0.790409,0.880122
52634,-1.8971,-1.00453,0.518459,0.497617,0.462183,0.0402007,4268560,3964610,344842,8578010,0.457772,0.0264805,Talarico,15.2417,-26.8491,2.06897,11.398,0.619572,0.199243
52642,-0.817936,-0.580133,0.524805,0.51071,0.462432,0.0268583,5011810,4538040,263572,9813430,0.523704,0.588049,Talarico,15.9465,-27.2045,0.907191,12.9943,0.490968,0.380828
52689,-1.94094,-0.303898,0.523387,0.497838,0.453347,0.0488147,4521420,4117350,443340,9082110,0.484672,0.554812,Talarico,16.4366,-28.037,2.87373,10.0398,0.546306,0.701987
52692,2.0762,-0.518614,0.509802,0.487864,0.469103,0.0430336,4641420,4462930,409411,9513750,0.507712,0.494013,Talarico,17.9076,-27.0151,0.545671,12.7656,0.842527,0.904613
52698,-1.39925,1.96617,0.532708,0.502383,0.44069,0.056927,3682760,3230520,417308,7330580,0.391204,0.0862407,Talarico,15.1437,-23.6425,-0.240917,11.7675,0.216508,0.0128524
52700,1.28698,-1.78765,0.513705,0.488999,0.462907,0.0480943,4490580,4250980,441660,9183220,0.490071,0.724868,Talarico,17.5642,-30.1873,4.17582,10.0286,0.618428,0.941158
52725,2.80203,-0.105225,0.495935,0.478612,0.486458,0.0349299,4779300,4857660,348802,9985760,0.532897,1.18814,Paxton,20.654,-26.3005,-1.24287,13.3334,0.476187,0.114676
52737,1.31765,0.126857,0.498507,0.474099,0.47694,0.0489615,4596940,4624480,474738,9696150,0.517445,0.952696,Paxton,20.0544,-27.0659,0.645296,11.5473,0.751493,0.384409
52776,0.6925,-1.6443,0.506982,0.484284,0.470945,0.0447706,4619430,4492190,427052,9538680,0.509038,0.581847,Talarico,17.8528,-27.5312,1.81694,11.1014,0.806708,0.911397
52784,-1.58315,-0.802754,0.529647,0.505313,0.448743,0.0459444,5010710,4449760,455588,9916070,0.529178,0.530055,Talarico,15.805,-28.1926,2.19034,11.3545,0.409428,0.235239
52793,-2.10747,-0.517213,0.52145,0.502275,0.460952,0.0367733,4414260,4051100,323184,8788540,0.469007,0.282256,Talarico,14.6234,-27.3395,3.16722,9.45083,0.551733,0.558621
52801,-3.02321,-0.0573595,0.512008,0.484278,0.461562,0.0541602,4700580,4480090,525699,9706380,0.517989,-0.0341046,Talarico,11.9629,-27.783,2.99749,11.426,0.463441,0.208703
52826,-0.897103,0.712661,0.509164,0.484934,0.467479,0.0475871,4522370,4359580,443785,9325740,0.497678,0.149095,Talarico,15.2237,-27.0267,1.11459,12.5133,0.853389,0.598824
52828,0.267619,1.26643,0.485089,0.460094,0.48838,0.0515263,3660620,3885680,409957,7956260,0.424592,0.468716,Paxton,17.0738,-26.1124,-0.392202,14.8505,0.315972,0.0907168
52831,-1.53601,2.03741,0.518825,0.486842,0.451513,0.0616445,4423340,4102350,560089,9085790,0.484868,0.182053,Talarico,16.7279,-23.9749,0.123098,11.2956,0.549967,0.51962
52854,-0.105465,0.584913,0.52431,0.502215,0.455644,0.0421417,5184590,4703810,435048,10323400,0.550922,0.403693,Talarico,17.0346,-26.3736,-0.95192,14.6621,0.579889,0.109891
52873,0.442583,-1.54073,0.497807,0.466896,0.471009,0.0620946,4198070,4235050,558320,8991440,0.479838,0.700804,Paxton,18.0879,-26.3704,1.75316,10.1338,0.771518,0.836398
52877,-0.683122,1.34473,0.511051,0.487193,0.466123,0.0466843,3828980,3663390,366905,7859280,0.419415,0.851063,Talarico,18.7781,-25.6965,0.0760519,11.6442,0.858384,0.18294
52893,0.328062,-2.08732,0.498047,0.474718,0.478441,0.0468408,4311030,4344840,425372,9081240,0.484627,1.02874,Paxton,18.5783,-27.0764,-1.02946,14.3829,0.658582,0.488289
52896,0.0339162,1.03738,0.506646,0.485254,0.472523,0.0422238,4183920,4074150,364059,8622130,0.460129,0.415719,Talarico,17.0911,-25.2404,0.43075599999999997,10.928,1,0.790797
52897,0.453501,0.559558,0.497748,0.480109,0.484453,0.0354386,4695630,4738120,346602,9780350,0.521935,0.421621,Paxton,17.9268,-26.116,1.16105,10.8273,0.721646,0.498284
52904,-0.922864,-1.76468,0.506236,0.485489,0.473528,0.0409825,4729640,4613120,399252,9742020,0.519892,0.49457,Talarico,18.0656,-26.5233,1.80694,10.2093,0.765956,0.716013
52907,2.203,0.972733,0.521728,0.497687,0.456233,0.04608,4522120,4145460,418696,9086280,0.484896,1.38418,Talarico,21.6988,-27.422,0.202285,11.3322,0.511407,0.0883255
52929,-0.707302,1.64575,0.493411,0.47194,0.484544,0.0435162,3761630,3862090,346849,7970570,0.425356,0.159425,Paxton,16.8632,-25.2474,1.50629,10.4362,0.585771,0.117421
52933,0.584179,1.4093,0.509396,0.476262,0.458693,0.0650443,4699680,4526310,641846,9867840,0.52661,0.541052,Talarico,19.2677,-26.0833,0.550977,10.6594,0.838157,0.561712
52935,1.48123,0.900219,0.527708,0.499828,0.44734,0.0528318,4790410,4287350,506346,9584110,0.511463,0.504476,Talarico,19.2279,-27.3677,0.960065,11.6265,0.440884,0.429739
52953,1.97642,0.804157,0.50301,0.478554,0.472825,0.048621,4551080,4496610,462390,9510080,0.507513,1.01852,Talarico,22.1078,-27.264,1.19969,9.84747,0.67547,0.461669
53004,2.27808,0.151426,0.478046,0.457668,0.499704,0.0426282,3799640,4148620,353906,8302160,0.443052,1.28235,Paxton,20.281,-24.8738,-1.79852,13.22,0.157015,0.0407711
53007,-2.45327,1.32384,0.49847,0.480547,0.483497,0.0359562,4146200,4171650,310233,8628080,0.460445,0.0388878,Paxton,13.0718,-23.9847,1.82031,10.4842,0.525883,0.247572
53018,-0.367018,0.521002,0.546768,0.529336,0.438782,0.0318824,4761720,3947140,286803,8995660,0.480062,0.311222,Talarico,17.0045,-27.9425,1.26558,11.3879,0.067018,0.0698068
53037,1.84063,0.678593,0.509765,0.486333,0.4677,0.0459666,4486500,4314610,424049,9225160,0.492308,1.21978,Talarico,22.0926,-27.3588,-0.06396,11.4648,0.811551,0.355607
53041,-2.80706,0.306703,0.502825,0.478069,0.472698,0.0492324,3793780,3751160,390690,7935640,0.423494,0.0103848,Talarico,17.4977,-24.4966,0.483943,10.3211,0.518389,0.13097
53058,-0.804377,-0.0684351,0.50923,0.487723,0.470044,0.0422331,4707110,4536480,407599,9651180,0.515045,0.590042,Talarico,17.2591,-26.8178,1.06889,11.3502,0.878885,0.805426
53091,-0.781874,-0.176839,0.502221,0.482607,0.478339,0.039054,4288330,4250400,347024,8885750,0.474192,0.00670175,Talarico,15.8451,-25.8643,2.21988,9.60972,0.833641,0.334739
53110,2.83192,-0.148044,0.473917,0.456886,0.507177,0.0359375,4233270,4699240,332978,9265490,0.494458,1.36734,Paxton,23.4916,-25.5294,-0.846401,10.5389,0.0948206,0.0314788
53117,1.67302,1.63846,0.513361,0.488144,0.462735,0.049121,4243450,4022560,427010,8693030,0.46391,0.822647,Talarico,19.3426,-26.8481,-0.551191,13.478,0.616044,0.605141
53167,-2.16724,1.3331,0.493917,0.475815,0.487536,0.0366486,4361280,4468710,335918,9165910,0.489147,0.452435,Paxton,15.0097,-24.74,0.743692,11.7671,0.509445,0.704528
53204,-0.81156,1.37033,0.487445,0.468664,0.492805,0.038531,5020600,5279220,412767,10712600,0.571687,0.477673,Paxton,17.0744,-23.7252,0.229891,10.8112,0.377799,0.0439106
53224,-1.15487,-2.43407,0.490993,0.462659,0.479634,0.0577071,4403050,4564600,549189,9516840,0.507874,0.437349,Paxton,15.3874,-27.1467,2.31927,10.7919,0.237454,0.50573
53243,-1.91897,0.678988,0.4914,0.470568,0.487039,0.0423929,4384390,4537860,394985,9317240,0.497223,0.439494,Paxton,15.4348,-27.2382,0.609679,13.3699,0.510227,0.572112
53245,-1.99953,0.451304,0.527807,0.505039,0.451825,0.0431361,4536570,4058560,387474,8982600,0.479365,0.0558137,Talarico,15.6557,-27.3121,0.595716,13.4741,0.385113,0.248078
53292,-2.21672,-1.24613,0.509852,0.482848,0.464188,0.0529639,4181820,4020200,458706,8660730,0.462188,0.123177,Talarico,17.1598,-25.2974,1.4885,10.436,0.615144,0.437386
53293,-0.449919,-0.972957,0.514687,0.48539,0.457688,0.0569215,4024540,3794850,471956,8291350,0.442474,0.531038,Talarico,17.9045,-25.3783,0.275385,11.206,0.722846,0.445029
53297,-1.72349,0.919503,0.512573,0.489629,0.46561,0.0447613,4711460,4480330,430716,9622500,0.513514,0.493413,Talarico,14.1408,-26.5499,1.47491,12.9031,0.838661,0.785892
53308,-0.218213,-0.72203,0.500542,0.484048,0.483,0.0329526,4554910,4545050,310085,9410040,0.502175,0.432666,Talarico,16.1167,-28.7033,1.33931,12.8647,0.684665,0.844812
53335,-1.41059,1.64679,0.51801,0.490404,0.456303,0.053293,4345970,4043770,472284,8862020,0.472928,0.300504,Talarico,16.0159,-24.8215,1.65737,10.2571,0.673221,0.662512
53346,-0.524439,-0.998136,0.506611,0.479121,0.466617,0.0542628,4025660,3920600,455926,8402190,0.448389,0.38951,Talarico,16.9558,-25.1144,0.276012,12.2212,0.753059,0.58498000000000006
53384,-2.45284,-0.108915,0.538566,0.512914,0.439456,0.0476304,4480780,3839050,416096,8735930,0.4662,-0.0968671,Talarico,15.28,-25.6828,3.73839,6.73136,0.146316,0.0564404
53402,1.40669,0.322354,0.486222,0.462402,0.488608,0.0489896,4668860,4933460,494646,10097000,0.538836,0.781865,Paxton,19.3852,-28.0372,0.13093,13.0684,0.386543,0.130732
53431,1.5902,-1.0477,0.500419,0.480481,0.479676,0.0398433,4155610,4148650,344599,8648860,0.461553,0.768424,Talarico,19.5098,-26.7822,-0.114344,12.0507,0.810269,0.675819
53448,0.901673,-2.14343,0.493127,0.472092,0.485251,0.0426572,4056750,4169830,366559,8593140,0.458581,0.159238,Paxton,19.1367,-27.6659,1.99328,10.704,0.56278,0.303783
53463,2.11711,0.313901,0.500868,0.478445,0.476787,0.0447685,4659150,4643010,435961,9738120,0.519684,1.17923,Talarico,20.8513,-27.4058,1.40222,10.534,0.6568,0.185279
53465,-2.66558,0.318037,0.509497,0.487687,0.469505,0.0428079,4642520,4469440,407509,9519480,0.508018,0.223561,Talarico,13.9394,-25.4713,0.180601,14.3157,0.654729,0.640344
53496,2.81179,0.0323163,0.504619,0.486963,0.478048,0.0349894,4564110,4480550,327942,9372600,0.500176,1.20332,Talarico,22.7123,-26.8627,-0.0586194,11.3895,0.559017,0.30671
53541,-1.10469,1.09143,0.51362,0.495651,0.469363,0.0349867,3956380,3746550,279271,7982200,0.425979,0.48453,Talarico,16.98,-25.9853,1.81934,9.99698,0.794661,0.194752
53577,-1.95435,0.376401,0.48693,0.468016,0.493141,0.0388436,4037140,4253870,335068,8626070,0.460335,0.212604,Paxton,14.2943,-25.4616,1.39582,11.608,0.357426,0.282896
53602,-1.81049,0.655402,0.497038,0.477677,0.483369,0.0389535,4301160,4352410,350750,9004320,0.480522,0.0356542,Paxton,17.193,-24.8023,0.529865,11.3789,0.679601,0.31808
53603,-0.0308343,-2.37768,0.524936,0.496611,0.44943,0.0539587,4297600,3889300,466951,8653860,0.461819,0.334862,Talarico,16.6954,-28.896,2.28721,10.7586,0.331648,0.465591
53613,-1.56444,-1.24318,0.513568,0.490053,0.464159,0.0457878,4813020,4558700,449701,9821430,0.524128,0.378851,Talarico,16.6184,-29.1922,3.68392,8.52189,0.695499,0.549063
53635,0.727758,-1.84301,0.501905,0.474865,0.471261,0.0538741,4750750,4714690,538979,10004400,0.533897,0.627898,Talarico,18.3285,-27.7912,0.420514,12.8483,0.786552,0.444362
53656,-0.230895,-2.40036,0.496587,0.475477,0.482012,0.0425104,4265250,4323870,381338,8970460,0.478717,0.367736,Paxton,14.673400000000001,-28.0278,1.69347,12.2494,0.420226,0.759572
53665,-0.972816,-1.9761,0.507612,0.480857,0.466435,0.0527077,4504340,4369250,493730,9367320,0.499895,0.665013,Talarico,17.3015,-25.6555,-0.433127,12.7293,0.652773,0.972762
53691,-2.49959,0.896264,0.512875,0.490136,0.465527,0.0443374,4918360,4671410,444912,10034700,0.535511,0.247411,Talarico,14.6131,-26.0517,2.22393,10.3119,0.662022,0.284894
53707,3.0782,0.0759588,0.491992,0.459795,0.474762,0.065443,3845000,3970160,547262,8362420,0.446268,1.93128,Paxton,23.3475,-28.6729,-0.983733,13.678,0.302949,0.013103
53709,-0.874278,-0.333105,0.526284,0.503918,0.453584,0.0424981,4777540,4300340,402916,9480800,0.505952,0.589527,Talarico,16.9038,-28.6114,1.08497,13.0328,0.471192,0.510081
53717,-1.38139,1.62469,0.516167,0.487833,0.457274,0.0548932,4496700,4215020,505990,9217710,0.49191,0.645061,Talarico,17.5393,-24.2234,0.0902924,12.0106,0.690168,0.916501
53724,1.51436,0.617631,0.548169,0.527264,0.434599,0.0381368,4763440,3926290,344538,9034270,0.48212,0.708756,Talarico,17.763,-27.98,0.396926,12.3799,0.0530487,0.0794489
53757,2.35242,-1.62571,0.535275,0.5137,0.445995,0.0403049,4935960,4285400,387275,9608630,0.512772,0.95663,Talarico,21.2562,-29.0353,-0.285469,13.7214,0.124257,0.120848
53758,-1.5096,-1.46779,0.522996,0.49867,0.454817,0.0465131,3481640,3175460,324748,6981860,0.372593,0.568052,Talarico,15.1225,-27.5492,1.79052,12.7118,0.397879,0.0123238
53773,2.33523,-1.47937,0.505271,0.488442,0.478251,0.0333067,4593170,4497330,313206,9403700,0.501838,0.975214,Talarico,23.0665,-27.8482,0.11363,11.8031,0.613441,0.57487
53817,-0.746699,-0.128723,0.514008,0.489684,0.462994,0.0473216,4839790,4576000,467702,9883490,0.527441,0.728434,Talarico,18.0642,-28.4916,-0.177323,14.1514,0.78373,0.416178
53967,-0.216488,-0.564705,0.537007,0.50567,0.435974,0.0583556,4474980,3858200,516424,8849610,0.472266,0.419905,Talarico,18.3313,-26.8697,-0.352352,13.0099,0.149319,0.228771
53969,-2.31555,1.47269,0.512591,0.492948,0.46873,0.0383219,4787540,4552340,372184,9712060,0.518295,0.241477,Talarico,13.4129,-24.886,0.913445,12.2875,0.616192,0.54381
53991,-0.342592,0.913814,0.517912,0.500118,0.465525,0.0343569,5059700,4709720,347589,10117000,0.5399,0.362236,Talarico,18.221,-25.2322,0.804274,10.7131,0.684887,0.216285
54039,-2.27239,0.652618,0.527704,0.50163,0.44896,0.0494094,4459800,3991530,439280,8890610,0.474452,0.517075,Talarico,15.1553,-26.2689,1.30077,11.6653,0.365439,0.506935
54065,0.932368,-0.151633,0.51102,0.488174,0.467118,0.0447078,4173200,3993200,382189,8548590,0.456202,0.504641,Talarico,15.9522,-28.7649,1.218,13.03,0.778434,0.74001
54071,0.1381,-1.72298,0.548536,0.520199,0.428141,0.0516597,4818500,3965790,478514,9262810,0.494318,0.636797,Talarico,17.6926,-28.2547,1.54212,11.2533,0.0420993,0.0715664
54090,0.448215,1.73669,0.498325,0.482446,0.48569,0.0318633,4816550,4848940,318110,9983600,0.532786,0.714688,Paxton,17.5372,-25.8299,0.87513,11.8934,0.707437,0.417837
54104,1.46319,-0.00137706,0.525167,0.49886,0.451048,0.0500912,4763670,4307110,478326,9549110,0.509594,0.644001,Talarico,19.7889,-27.4981,-0.191648,13.1892,0.489345,0.502448
54121,-0.306857,-1.6891,0.498515,0.467762,0.470549,0.0616894,4617540,4645060,608971,9871570,0.526805,0.692472,Paxton,16.7693,-26.9274,-0.0285598,13.5282,0.673413,0.502001
54128,0.523139,-1.45872,0.494473,0.475062,0.485683,0.0392548,4562170,4664160,376976,9603310,0.512487,0.639745,Paxton,18.0197,-27.4263,1.91203,10.1567,0.693844,0.558913
54193,-2.06721,0.0708298,0.487792,0.466244,0.489582,0.0441745,3745120,3932580,354833,8032540,0.428662,0.466918,Paxton,14.0933,-25.9052,1.8355,12.2394,0.384905,0.136043
54215,2.56367,-1.06088,0.481125,0.460483,0.496614,0.0429021,3567720,3847660,332396,7747780,0.413467,1.15923,Paxton,22.7369,-27.4026,-0.707707,13.7157,0.261778,0.0249742
54216,0.542601,-1.71378,0.501314,0.479115,0.476603,0.0442817,3739480,3719880,345618,7804980,0.41652,0.485856,Talarico,18.9329,-27.1065,0.474024,12.5731,0.796809,0.136507
54226,-1.05949,2.31078,0.499294,0.476928,0.478278,0.0447943,4804740,4818330,451273,10074300,0.537628,0.0713332,Paxton,17.72,-22.1315,-0.959997,11.1754,0.465169,0.127329
54246,-1.14317,2.46747,0.529257,0.510215,0.453806,0.0359795,4456290,3963600,314250,8734140,0.466106,0.19612,Talarico,17.1391,-24.7428,0.418489,12.1751,0.177953,0.330559
54259,1.57546,-2.09081,0.54257,0.506805,0.427277,0.0659173,4634600,3907340,602797,9144740,0.488016,0.818847,Talarico,19.2064,-30.0296,2.87012,10.9501,0.0668202,0.127942
54291,-1.86716,-1.06391,0.499186,0.473674,0.475219,0.0511069,3790550,3802910,408980,8002440,0.427057,-0.0029121,Paxton,15.3304,-26.4225,0.491133,12.4324,0.687368,0.125112
54316,0.774455,-0.828158,0.524205,0.498622,0.452574,0.0488044,4724910,4288560,462467,9475940,0.505691,0.490868,Talarico,20.9027,-27.3908,-0.630923,12.868,0.503319,0.563617
54317,0.830297,-0.475585,0.512371,0.491772,0.468024,0.0402038,4927770,4689810,402860,10020400,0.53475,0.404332,Talarico,18.0661,-29.5229,0.484471,14.425,0.753299,0.342135
54319,-0.572803,0.175919,0.515291,0.495846,0.466417,0.0377371,4484010,4217880,341263,9043160,0.482594,0.669721,Talarico,15.9553,-28.3315,1.99777,11.8199,0.700981,0.894237
54324,0.347924,0.492137,0.533014,0.513,0.449452,0.0375485,4287300,3756200,313804,8357300,0.445995,0.606807,Talarico,18.8154,-26.4376,0.659849,10.9091,0.338961,0.20065
54335,-2.49646,1.6037,0.49009,0.468208,0.487143,0.0446489,3910790,4068950,372938,8352680,0.445747,0.25796,Paxton,15.039,-24.8818,1.54824,11.3441,0.269563,0.225415
54347,-0.881088,-0.338834,0.508794,0.484301,0.467561,0.0481382,4662700,4501520,463459,9627680,0.513788,0.248965,Talarico,14.2945,-28.1245,3.35983,10.0587,0.879984,0.601879
54370,0.664787,-2.70677,0.485848,0.464737,0.491811,0.0434515,4084560,4322510,381894,8788960,0.469031,0.945052,Paxton,20.7958,-27.6917,0.564599,12.2843,0.185862,0.291936
54375,2.31087,1.42992,0.522688,0.500811,0.457334,0.0418546,4829820,4410540,403646,9644010,0.514663,1.14837,Talarico,21.5195,-26.9653,-0.478881,12.9197,0.332664,0.187984
54379,0.286438,2.01602,0.537813,0.513891,0.44163,0.0444791,4823140,4144920,417459,9385520,0.500868,0.870903,Talarico,20.2072,-27.0431,-0.558144,13.6845,0.21274,0.139745
54401,-2.63686,0.487445,0.552072,0.511923,0.415352,0.0727246,4934500,4003640,701002,9639140,0.514402,-0.216645,Talarico,12.558,-27.6358,3.52637,10.1308,0.0280989,0.00930736
54412,0.182127,1.07492,0.52301,0.503281,0.458997,0.0377227,4397990,4011010,329645,8738640,0.466345,0.68284,Talarico,18.992,-26.719,0.816905,11.1164,0.587846,0.606401
54433,-0.931409,0.63541,0.504474,0.482607,0.474048,0.0433451,3923820,3854230,352416,8130470,0.433891,0.404824,Talarico,15.2634,-27.6614,2.76156,11.2193,0.836472,0.320605
54442,0.337162,-1.31171,0.515829,0.491758,0.461576,0.046666,3856410,3619730,365959,7842100,0.418501,0.781372,Talarico,18.4008,-27.8893,1.82401,10.0678,0.648144,0.169943
54486,2.14507,-0.833652,0.515025,0.491338,0.46267,0.0459921,4369300,4114360,408992,8892660,0.474565,0.669872,Talarico,17.3352,-28.0612,0.770246,12.8285,0.714218,0.826701
54507,-0.703353,-1.07822,0.510672,0.486669,0.466327,0.0470042,5159470,4943810,498320,10601600,0.565764,0.375924,Talarico,18.8005,-27.2516,1.95762,10.2361,0.787891,0.0673315
54513,-2.09451,-0.0249016,0.530046,0.499054,0.442476,0.0584696,4847980,4298360,567993,9714330,0.518415,0.028263,Talarico,14.4395,-27.1625,2.92765,10.8958,0.33597,0.117356
54526,-0.143539,0.449863,0.529281,0.500875,0.445456,0.0536694,4799600,4268540,514283,9582420,0.511375,0.390398,Talarico,16.2815,-27.9323,0.111084,14.5223,0.474983,0.343168
54561,-0.561523,-0.278898,0.50198,0.482295,0.478491,0.0392146,4084510,4052290,332105,8468900,0.451949,0.836632,Talarico,19.0258,-28.128,2.06707,11.3085,0.791689,0.466908
54564,0.717445,0.101312,0.525873,0.503409,0.453873,0.0427184,4235180,3818430,359390,8413000,0.448966,0.356662,Talarico,18.2953,-28.5862,3.22035,9.00527,0.514675,0.330089
54618,1.01476,2.03685,0.528691,0.50583,0.45093,0.0432407,4322220,3853110,369484,8544810,0.456001,0.761255,Talarico,18.971,-25.3608,0.940394,10.9784,0.298274,0.320032
54635,0.994012,0.969219,0.506697,0.482514,0.469759,0.0477278,3850270,3748500,380850,7979620,0.425838,1.10236,Talarico,20.8472,-25.1742,-1.81085,13.1933,0.882675,0.155541
54639,1.91148,1.67118,0.482143,0.460364,0.494465,0.0451713,3903620,4192780,383027,8479430,0.452509,0.958533,Paxton,20.4369,-25.9095,-1.47339,13.7801,0.218683,0.171911
54641,0.111199,-1.50807,0.495898,0.482052,0.490026,0.0279219,4378860,4451300,253637,9083800,0.484763,0.810812,Paxton,18.1097,-25.6453,-0.067786,12.6553,0.673357,0.755628
54670,1.1406,-0.887982,0.479535,0.462159,0.501605,0.0362364,4845410,5258970,379913,10484300,0.559503,0.948004,Paxton,19.6241,-27.1009,1.50895,10.7781,0.283091,0.0215953
54671,-2.29923,0.89374,0.505016,0.477452,0.467967,0.0545808,4160620,4077970,475629,8714220,0.465042,-0.108559,Talarico,14.505,-26.1148,1.577,11.6891,0.819014,0.189299
54675,2.16131,1.54817,0.511298,0.488045,0.466477,0.0454789,4041260,3862670,376589,8280520,0.441896,1.10114,Talarico,22.036,-27.7334,-0.945783,13.0123,0.527665,0.187582
54684,2.47894,-0.734428,0.489919,0.465737,0.484904,0.0493588,4047450,4214020,428948,8690410,0.463771,1.21756,Paxton,21.599,-28.6389,-0.901174,14.9712,0.494017,0.165384
54687,-2.13049,-0.666747,0.474363,0.449186,0.497738,0.0530753,4171440,4622320,492892,9286660,0.495589,0.410261,Paxton,14.6069,-28.0054,2.70461,10.4787,0.144924,0.132838
54691,2.11699,0.0251579,0.505627,0.475638,0.465051,0.0593105,4004320,3915200,499326,8418840,0.44928,0.665703,Talarico,21.4952,-26.4966,-0.0581929,11.7969,0.775205,0.554797
54699,0.344505,-2.3608,0.524693,0.500226,0.453142,0.0466316,4827300,4372930,450006,9650240,0.514992,0.515409,Talarico,14.5068,-29.9575,3.04924,12.1783,0.350551,0.476921
54703,0.180845,-0.115329,0.502885,0.483089,0.477546,0.0393649,4698600,4644690,382869,9726160,0.519044,0.662648,Talarico,20.3761,-27.6449,0.285524,11.4827,0.801376,0.686739
54716,-0.208153,1.63674,0.521218,0.505581,0.464419,0.0300001,4861690,4465870,288482,9616040,0.513168,0.439,Talarico,19.1431,-26.0647,0.129192,11.5494,0.566728,0.542614
54738,0.695945,-2.10326,0.493815,0.471838,0.483657,0.0445055,4833550,4954630,455919,10244100,0.546684,0.540052,Paxton,18.9558,-27.0253,0.577139,12.0716,0.593462,0.231701
54776,2.60925,0.34326,0.511397,0.489258,0.467452,0.0432899,4390590,4194890,388482,8973960,0.478903,1.14669,Talarico,20.6693,-26.6485,-0.452048,12.608,0.643229,0.353703
54792,-2.8,0.966512,0.493441,0.467337,0.479761,0.0529024,4257030,4370200,481894,9109120,0.486117,0.393542,Paxton,14.2274,-23.5382,1.84113,10.0332,0.364073,0.673399
54797,0.177042,0.395819,0.51467,0.492287,0.464224,0.0434899,4105610,3871570,362700,8339880,0.445066,0.406913,Talarico,18.2991,-27.3392,0.890862,12.2032,0.764608,0.46914
54800,2.76443,0.243459,0.510627,0.494028,0.473465,0.0325073,4219220,4043610,277627,8540460,0.455767,1.24814,Talarico,21.6958,-27.379,-0.978566,13.9419,0.573304,0.155968
54811,0.200037,1.21498,0.522796,0.506864,0.462661,0.0304744,4418200,4032890,265637,8716720,0.465175,0.94257,Talarico,17.6951,-25.7019,0.252617,11.8499,0.576896,0.355712
54820,1.86878,0.598013,0.499747,0.48224,0.482728,0.0350323,4656510,4661220,338272,9656010,0.515301,0.723573,Paxton,21.8841,-27.7926,1.02176,10.3983,0.677852,0.641342
54831,2.21066,-1.21459,0.527261,0.511087,0.458238,0.0306754,4245680,3806650,254825,8307150,0.443317,1.00084,Talarico,20.1581,-30.8067,0.432894,14.056,0.288189,0.175854
54850,0.30561,1.7687,0.508014,0.486869,0.471509,0.0416221,4436660,4296690,379287,9112640,0.486306,0.829996,Talarico,17.6388,-26.7199,0.884383,11.6226,0.784908,0.896965
54945,1.1222,-2.09806,0.510328,0.484945,0.465317,0.0497386,4670940,4481890,479078,9631910,0.514016,0.423137,Talarico,16.3598,-28.2358,1.1456,12.3971,0.618616,0.796805
54954,1.08394,-0.671955,0.515915,0.486742,0.456713,0.0565455,3839560,3602680,446047,7888280,0.420962,1.02488,Talarico,19.5485,-29.1815,1.00389,12.9507,0.663018,0.126173
54999,1.40522,0.314004,0.497052,0.469342,0.47491,0.0557483,4369700,4421530,519031,9310260,0.496849,0.78953,Paxton,21.1302,-27.5533,-0.571698,12.5008,0.740589,0.748027
55045,-1.04413,-0.841764,0.492325,0.475299,0.490119,0.0345817,4269600,4402720,310646,8982960,0.479384,0.216281,Paxton,15.5614,-27.374,1.77968,11.0737,0.512284,0.502093
55054,-1.08107,-0.440398,0.512696,0.495886,0.471326,0.0327876,4342420,4127350,287117,8756880,0.467318,0.0613403,Talarico,14.0957,-28.0367,1.8661,11.9244,0.877757,0.381607
55070,-0.608619,0.906254,0.511829,0.483216,0.460881,0.0559036,4434910,4229920,513078,9177910,0.489784,0.812891,Talarico,19.2204,-27.6807,2.59111,9.2721,0.860666,0.898499
55140,3.01771,-0.371265,0.464825,0.441311,0.508102,0.0505862,4198240,4833630,481232,9513100,0.507674,1.2437,Paxton,23.721800000000002,-26.0389,-3.65301,15.1941,0.0358635,0.0174323
55151,-2.06057,-1.28788,0.476963,0.458953,0.503286,0.0377612,4200520,4606270,345605,9152400,0.488427,0.362317,Paxton,15.8848,-25.911,1.26081,11.3212,0.155994,0.18372
55171,1.31692,0.412212,0.492636,0.469604,0.483644,0.0467518,3991590,4110930,397386,8499910,0.453603,0.552443,Paxton,18.1171,-27.1164,0.333132,12.292,0.622988,0.513449
55190,0.875202,1.26605,0.514742,0.492277,0.464079,0.0436445,3914800,3690560,347080,7952430,0.424386,0.897423,Talarico,20.2871,-23.8332,-1.70413,12.607,0.707164,0.18635
55216,-0.544933,1.12672,0.505401,0.489887,0.479416,0.0306974,4410070,4315810,276345,9002220,0.480411,0.831511,Talarico,17.4945,-26.5909,1.93504,10.057,0.97399,0.863073
55226,-2.34089,0.740024,0.503492,0.473888,0.467316,0.0587956,4197010,4138800,520726,8856540,0.472634,0.299952,Talarico,16.3178,-24.4713,0.902568,10.4034,0.788019,0.772078
55246,-0.270076,-1.5392,0.50665,0.485898,0.473143,0.0409585,4984830,4853970,420193,10259000,0.54748,1.05918,Talarico,18.2462,-25.5102,0.592455,11.8822,0.797414,0.113954
55283,-2.0441,0.0426679,0.50398,0.48692,0.47923,0.0338495,4234200,4167320,294351,8695870,0.464064,-0.362046,Talarico,14.1743,-26.7078,1.93633,11.5829,0.754304,0.0756775
55295,1.57417,-0.196101,0.490988,0.471122,0.488418,0.0404601,4512020,4677660,387493,9577160,0.511094,1.16905,Paxton,21.4003,-28.4004,0.374451,12.6317,0.532826,0.167002
55323,-2.02438,-1.54283,0.494788,0.4729,0.482863,0.0442366,3776320,3855880,353249,7985450,0.42615,0.342667,Paxton,15.3594,-27.3062,1.18529,12.2507,0.524274,0.158056
55443,0.626361,0.0657347,0.514805,0.48879,0.460676,0.0505338,4652730,4385110,481024,9518870,0.507984,0.926441,Talarico,19.2818,-27.9232,1.68243,10.3005,0.731375,0.562195
55444,-1.29068,-1.52193,0.487524,0.471285,0.495406,0.0333095,3965580,4168550,280280,8414410,0.449039,0.282285,Paxton,14.8215,-24.9397,-0.727362,14.3137,0.393109,0.230368
55469,-2.46919,-0.315872,0.507107,0.48321,0.469665,0.0471253,4666620,4535810,455115,9657540,0.515383,-0.2995,Talarico,13.1549,-27.3648,1.82193,13.0946,0.682448,0.0838691
55551,-0.562026,-1.54961,0.511476,0.491446,0.469393,0.0391619,4611480,4404540,367475,9383490,0.500756,0.683298,Talarico,17.0887,-25.2918,-1.03557,14.2115,0.791663,0.933126
55591,2.13404,-1.61883,0.50538,0.478525,0.468336,0.0531384,3923910,3840360,435735,8200000,0.437599,1.36477,Talarico,22.9662,-30.4407,0.674973,12.4446,0.638582,0.0522456
55598,2.46005,-1.45901,0.485077,0.46419,0.492751,0.0430595,4230070,4490340,392393,9112810,0.486312,1.17509,Paxton,20.0965,-29.2994,0.620243,12.8498,0.28931,0.169393
55628,1.34127,-0.35932,0.474417,0.455877,0.505045,0.039078,4085540,4526170,350214,8961920,0.478258,0.847879,Paxton,17.809,-26.5433,0.00703951,11.835,0.181642,0.14049
55675,-1.56025,-1.19548,0.510249,0.491125,0.471395,0.0374802,4799580,4606780,366280,9772640,0.521525,0.186239,Talarico,15.1889,-25.7545,0.926435,12.0525,0.771644,0.429242
55680,-1.77206,0.140658,0.511338,0.490824,0.469059,0.0401169,4364320,4170780,356712,8891810,0.47452,0.277703,Talarico,13.663,-27.6323,2.30196,12.6399,0.829304,0.718678
55737,2.95175,-0.464132,0.518935,0.495899,0.459711,0.0443903,4848120,4494320,433978,9776420,0.521723,1.27648,Talarico,21.78,-29.4986,1.50959,11.4011,0.401459,0.115612
55746,-2.28748,1.57597,0.505514,0.488029,0.477383,0.0345872,3968780,3882210,281272,8132260,0.433984,-0.0710308,Talarico,14.2147,-24.9314,0.443934,12.988,0.556902,0.136158
55768,0.140947,0.21314,0.502834,0.477852,0.472464,0.0496838,4934870,4879230,513094,10327200,0.551119,0.779998,Talarico,18.6642,-27.3821,1.381,10.738,0.817774,0.215552
55777,2.32365,0.232948,0.508968,0.486229,0.469094,0.044677,4397360,4242400,404051,9043820,0.482631,1.19307,Talarico,19.945,-28.5935,1.69582,10.7169,0.765889,0.338456
55783,1.13811,0.0706908,0.523246,0.505162,0.460277,0.0345616,4523430,4121510,309479,8954420,0.477861,0.421865,Talarico,18.6038,-27.7034,0.985587,12.4488,0.566447,0.623394
55801,0.519286,-1.86372,0.484254,0.464954,0.495191,0.0398553,3869280,4120900,331670,8321850,0.444102,0.60041,Paxton,15.6497,-27.4148,2.15195,10.988,0.28695,0.211229
55827,1.78587,1.62629,0.482996,0.461871,0.494391,0.043738,3722200,3984280,352483,8058970,0.430076,1.36181,Paxton,21.1673,-26.4995,0.543723,10.8015,0.244965,0.0291162
55828,-3.0111,0.339137,0.501674,0.484312,0.481079,0.034609,4980880,4947630,355935,10284500,0.548838,-0.331026,Talarico,9.66413,-26.2639,3.72614,10.1011,0.388458,0.0200236
55831,-1.97815,1.98726,0.531931,0.507417,0.446499,0.0460841,4821240,4242430,437870,9501540,0.507059,0.562938,Talarico,15.4576,-24.1304,0.335429,12.1316,0.187933,0.337122
55878,3.11688,-0.300588,0.499929,0.471169,0.471303,0.0575282,4010980,4012110,489727,8512820,0.454294,1.61135,Paxton,22.958,-28.5325,-0.627553,13.8519,0.395063,0.034299
55895,1.41007,0.729531,0.488307,0.466499,0.488841,0.0446598,3938230,4126840,377022,8442090,0.45052,1.06547,Paxton,20.2127,-26.6808,1.11501,10.5579,0.405472,0.188002
55896,1.17563,0.825118,0.521056,0.500227,0.459798,0.0399758,4284610,3938320,342406,8565340,0.457096,0.822221,Talarico,19.1509,-27.4302,0.287293,12.8226,0.625426,0.431996
55948,-0.782392,0.375855,0.508099,0.480796,0.465468,0.0537359,4632100,4484420,517704,9634220,0.51414,0.546712,Talarico,17.7232,-27.518,0.893483,12.8336,0.838736,0.841582
55966,1.7985,0.886833,0.489023,0.463888,0.484713,0.0513982,4261460,4452770,472164,9186390,0.49024,0.618628,Paxton,17.3295,-27.4825,0.104071,14.677,0.362996,0.504588
55994,0.74944,1.19397,0.533,0.509603,0.4465,0.0438965,3950060,3460930,340252,7751240,0.41365,0.531587,Talarico,17.2976,-26.4476,1.54784,11.0112,0.321062,0.0455231
56040,-0.748809,1.83127,0.504681,0.481183,0.472257,0.0465597,4855190,4765120,469792,10090100,0.538466,0.959623,Talarico,17.4769,-26.3189,1.08911,11.4558,0.754719,0.239783
56054,1.49071,0.784743,0.538963,0.51894,0.443909,0.0371502,4619380,3951490,330695,8901560,0.475038,0.567996,Talarico,20.5733,-26.7506,0.134473,12.06,0.172963,0.21865
56103,-0.0123034,-0.235055,0.515998,0.499984,0.468981,0.0310354,4890900,4587630,303592,9782130,0.522032,0.393831,Talarico,19.8752,-27.8582,1.23622,10.4517,0.667846,0.544062
56105,-0.688827,-1.39327,0.513887,0.493576,0.466901,0.0395227,4319620,4086160,345890,8751670,0.467041,0.781903,Talarico,16.3747,-28.2589,2.69311,10.5118,0.744787,0.692854
56114,-1.16501,-2.37346,0.504759,0.485744,0.476585,0.0376708,4531970,4446510,351467,9329950,0.497901,0.45274,Talarico,14.7161,-28.1352,1.00007,14.1298,0.336716,0.95084
56127,2.14382,1.65802,0.483227,0.45462,0.48618,0.0592005,4495310,4807370,585378,9888060,0.527687,1.11942,Paxton,21.2031,-26.2732,-1.10639,14.3036,0.209259,0.0882885
56136,-0.630063,-0.190481,0.499135,0.481072,0.48274,0.0361882,4036580,4050580,303648,8390810,0.447781,0.0258216,Paxton,13.8112,-26.9921,-0.614668,16.4468,0.751974,0.18317
56164,-1.07752,0.075337200000000007,0.51278,0.490346,0.465905,0.0437485,4789430,4550700,427311,9767440,0.521246,0.435868,Talarico,16.6645,-25.8801,0.228583,12.3157,0.824516,0.634633
56215,-1.65416,0.669,0.496927,0.476983,0.482883,0.0401336,4381400,4435600,368654,9185660,0.490199,0.889158,Paxton,15.7244,-26.1367,2.75256,10.0523,0.662972,0.674072
56220,-0.0733791,0.509693,0.520893,0.499864,0.459764,0.0403723,4045360,3720840,326730,8092920,0.431884,0.255803,Talarico,17.5063,-26.7301,-0.0866967,13.7704,0.637812,0.180447
56233,-0.732274,0.810474,0.524586,0.501575,0.454559,0.0438663,4683350,4244360,409593,9337300,0.49829,0.391245,Talarico,15.7691,-25.1084,0.235845,13.1144,0.51348800000000006,0.538296
56238,2.48475,0.670003,0.51149,0.489615,0.467617,0.0427678,3991240,3811920,348634,8151790,0.435024,0.833415,Talarico,22.7468,-27.2165,-0.206524,12.2455,0.61959,0.268798
56251,-0.809908,0.720846,0.504168,0.481243,0.473286,0.0454714,5074520,4990620,479479,10544600,0.562724,0.35968,Talarico,15.2381,-25.8453,0.213012,13.2937,0.85901,0.0820449
56265,0.619435,-0.673833,0.532168,0.508832,0.447317,0.0438514,4770730,4193980,411144,9375850,0.500349,0.362931,Talarico,19.2998,-28.1406,1.3148,11.3022,0.248498,0.306929
56277,2.02382,0.0923507,0.473163,0.449344,0.500317,0.0503397,4012520,4467690,449520,8929730,0.476543,0.975108,Paxton,17.6259,-26.7095,-0.239479,13.4497,0.114997,0.0924447
56281,1.50107,1.53288,0.482948,0.466786,0.499749,0.0334651,3993270,4275270,286288,8554830,0.456536,1.05226,Paxton,19.0891,-25.6831,-0.211491,12.4858,0.243205,0.151432
56315,0.649969,-0.887866,0.49148,0.475653,0.492144,0.0322029,4175910,4320690,282720,8779320,0.468515,0.594282,Paxton,21.1091,-27.039,0.0876671,11.9599,0.630272,0.580145
56316,1.53924,2.03368,0.552993,0.52806,0.426853,0.0450862,4518210,3652260,385768,8556230,0.45661,0.838448,Talarico,21.3933,-26.9193,-0.692686,12.6062,0.0239243,0.0153489
56338,0.073382,-0.00940282,0.505373,0.485223,0.474906,0.0398715,4379420,4286300,359863,9025580,0.481658,0.668289,Talarico,15.8713,-26.3612,0.0467638,14.2577,0.820314,0.934072
56349,-0.291267,2.60082,0.52028,0.49834,0.45949,0.0421698,5291490,4878970,447768,10618200,0.56665,0.739036,Talarico,18.5336,-23.4021,-1.52208,13.1621,0.346868,0.0634398
56387,-1.48156,-0.198331,0.499399,0.486066,0.487236,0.0266983,4218850,4229010,231730,8679580,0.463194,0.0544577,Paxton,13.005,-27.7858,0.896247,14.1951,0.765541,0.294246
56393,-2.09294,-1.17493,0.507207,0.486804,0.47297,0.0402262,4395540,4270630,363218,9029400,0.481865,-0.115391,Talarico,12.737,-27.6748,2.59076,11.4128,0.686777,0.257073
56396,-1.07799,-1.91828,0.495967,0.47818,0.485956,0.0358641,4148030,4215480,311107,8674620,0.462926,0.409571,Paxton,15.1409,-25.8726,1.40062,10.9897,0.543014,0.637112
56417,0.281346,-0.993964,0.4876,0.468459,0.492286,0.0392543,4573780,4806410,383257,9763450,0.521035,0.638909,Paxton,18.6698,-27.1429,0.859429,11.4725,0.48306,0.297466
56468,1.0104,-1.63569,0.494526,0.481971,0.49264,0.0253887,4060640,4150530,213902,8425080,0.449613,0.745897,Paxton,18.9126,-26.9538,0.0213995,13.0233,0.709547,0.450119
56478,-0.854979,0.332407,0.521404,0.501488,0.460316,0.0381955,5121800,4701300,390099,10213200,0.545039,0.583589,Talarico,16.4059,-26.77,1.01445,11.9803,0.575445,0.187046
56495,0.0304036,-1.43942,0.484774,0.462606,0.491666,0.0457283,4586480,4874590,453371,9914440,0.529095,0.53923,Paxton,17.3369,-25.8724,1.33375,9.79814,0.310821,0.20394
56504,0.981021,-2.31148,0.507626,0.486754,0.47213,0.0411163,3703940,3592660,312873,7609470,0.406085,0.692296,Talarico,17.7103,-26.4359,-0.908217,14.813,0.526798,0.137459
56506,-0.502475,-0.923284,0.542431,0.523927,0.441961,0.0341122,4816800,4063230,313616,9193650,0.490629,0.177291,Talarico,16.6737,-26.9405,1.2395,11.4974,0.0992602,0.0939994
56529,0.410237,1.71858,0.533923,0.512581,0.447447,0.0399717,5720960,4994000,446128,11161100,0.595621,1.13798,Talarico,20.936,-24.7353,-1.39004,13.3385,0.285166,0.0093179
56536,-0.286153,0.788799,0.515268,0.49655,0.467123,0.0363271,4721370,4441570,345411,9508350,0.50742,0.685654,Talarico,17.4741,-25.1088,1.31484,9.76531,0.771081,0.787406
56545,-1.84866,-0.791097,0.462409,0.4427,0.514679,0.0426209,4100210,4766860,394747,9261820,0.494264,0.823686,Paxton,15.7813,-26.3684,2.03847,10.5135,0.0607257,0.0414951
56561,-1.28583,-0.106248,0.523525,0.497989,0.453233,0.0487776,4813170,4380600,471446,9665210,0.515792,0.233905,Talarico,14.2243,-27.7051,0.4987,14.881,0.575254,0.350266
56564,1.0779,-1.7339,0.517565,0.479787,0.44722,0.0729934,4091440,3813720,622460,8527620,0.455083,0.745652,Talarico,17.3753,-28.795,1.3147,11.1188,0.594667,0.544719
56595,1.87177,-0.126393,0.496725,0.480661,0.487,0.0323399,4570490,4630760,307512,9508760,0.50744,0.955039,Paxton,19.0594,-25.4953,-1.78213,15.8086,0.668441,0.471337
56597,0.268918,-2.35117,0.492781,0.464575,0.478186,0.0572394,4400270,4529190,542149,9471610,0.505462,0.958732,Paxton,18.4012,-26.784300000000002,0.331044,12.1486,0.44193,0.400009
56611,0.378773,1.02203,0.509803,0.486755,0.468036,0.0452098,4672540,4492850,433986,9599380,0.512278,0.637048,Talarico,19.39,-24.3263,-1.04197,12.3194,0.930315,0.824627
56616,1.95333,-0.268035,0.501049,0.484117,0.48209,0.0337929,4565280,4546170,318671,9430120,0.503246,0.600106,Talarico,17.7834,-27.2471,-0.722542,14.7054,0.741802,0.886318
56629,0.205547,0.843767,0.496395,0.47724,0.484171,0.0385892,4502900,4568290,364100,9435290,0.503523,0.759356,Paxton,17.3492,-26.2135,0.618355,11.7298,0.680533,0.681864
56630,-1.64859,-0.0869361,0.494556,0.4743,0.484741,0.0409591,4721600,4825540,407743,9954890,0.531252,0.320239,Paxton,15.2259,-27.5802,1.39816,12.6378,0.631156,0.285432
56642,1.72253,-0.482425,0.510369,0.481859,0.462279,0.0558612,4189010,4018790,485625,8693420,0.46393,0.896603,Talarico,19.0077,-27.3854,0.280708,12.5545,0.825753,0.526728
56644,-0.639025,0.898664,0.518168,0.502267,0.467045,0.0306882,4403940,4095120,269078,8768140,0.467918,0.15601,Talarico,18.0471,-26.8704,-0.0861099,13.5511,0.650033,0.432275
56664,-1.67611,-1.7205,0.500158,0.479777,0.479473,0.0407494,4224750,4222080,358825,8805650,0.469921,0.196539,Talarico,13.3129,-25.6171,2.86643,9.18405,0.634945,0.578195
56690,-2.69026,1.19478,0.492015,0.468876,0.484095,0.0470291,3927550,4055030,393940,8376520,0.447018,0.324256,Paxton,15.3883,-22.0227,0.88237,9.19768,0.353598,0.299671
56692,1.13981,-1.01993,0.502145,0.480558,0.476452,0.0429903,3990240,3956140,356963,8303340,0.443114,0.818805,Talarico,18.6053,-26.444,1.69534,9.81601,0.820394,0.350426
56731,2.79804,1.01111,0.518269,0.487813,0.453422,0.0587651,4342330,4036200,523106,8901640,0.475044,1.7135,Talarico,24.9958,-26.3714,-2.40794,14.1784,0.309817,0.0209758
56752,-1.72099,1.43448,0.510729,0.493081,0.472365,0.034554,4457040,4269780,312339,9039150,0.482383,0.558584,Talarico,15.4236,-25.3996,0.747129,12.4415,0.768734,0.930314
56754,1.74066,0.220997,0.541177,0.521521,0.442159,0.0363206,4423950,3750740,308100,8482790,0.452691,0.992435,Talarico,18.9712,-28.6703,1.13714,12.6763,0.0952053,0.0499374
56767,2.10552,-0.143646,0.49447,0.468911,0.479399,0.0516893,4292180,4388190,473139,9153510,0.488484,0.972521,Paxton,20.4281,-25.4821,-1.34477,13.2011,0.569592,0.5027
56823,0.254497,-0.530376,0.473432,0.451193,0.501833,0.0469742,4643290,5164440,483418,10291100,0.549194,0.589342,Paxton,18.0989,-26.8319,-1.05471,15.0216,0.1417,0.0366016
56847,-2.65957,1.37897,0.510704,0.486179,0.4658,0.0480208,3916700,3752520,386859,8056080,0.429918,0.12731,Talarico,14.1715,-24.5686,1.13153,11.7901,0.504662,0.183088
56871,1.42317,-1.3654,0.527453,0.497243,0.445483,0.0572745,4247500,3805360,489245,8542100,0.455857,0.87476,Talarico,18.8975,-28.1997,0.191933,12.6168,0.435755,0.287471
56898,1.4171,0.597866,0.513009,0.4924,0.467427,0.0401736,4021590,3817630,328111,8167340,0.435857,0.718535,Talarico,19.8504,-26.5342,-0.884239,13.7379,0.837458,0.312633
56925,0.668247,2.09826,0.54315,0.514126,0.432438,0.0534363,4126100,3470510,428851,8025460,0.428284,0.465161,Talarico,16.141,-25.5387,0.532708,12.4118,0.106703,0.033573
56926,1.66594,1.15285,0.525681,0.502748,0.453626,0.0436265,4735490,4272800,410927,9419220,0.502663,1.11663,Talarico,19.8465,-26.8879,1.22323,11.1048,0.429811,0.210556
56927,1.83166,-2.09121,0.518281,0.480798,0.446881,0.072321,4256090,3955850,640196,8852140,0.472403,0.552625,Talarico,18.8074,-29.5281,-0.129818,14.6455,0.261679,0.749629
56955,-2.89258,1.07437,0.505747,0.481536,0.470592,0.0478723,4672850,4566650,464556,9704060,0.517866,-0.0890711,Talarico,9.52362,-21.7929,1.15128,11.0994,0.489124,0.219593
56978,1.14281,-2.32958,0.520973,0.502001,0.461582,0.036417,3938320,3621230,285701,7845260,0.418669,0.861865,Talarico,20.2332,-30.3316,1.02821,12.1551,0.32402,0.113655
57025,-1.22498,-1.09501,0.531072,0.509886,0.450221,0.039893,4450780,3929970,348225,8728980,0.465831,0.0511647,Talarico,16.3171,-28.0581,2.23188,11.8658,0.345897,0.206213
57038,1.33509,0.100395,0.504967,0.483498,0.473986,0.0425166,4871990,4776150,428421,10076600,0.537744,1.01353,Talarico,22.4544,-26.2629,0.552373,9.96705,0.752156,0.203798
57084,2.18045,-0.396967,0.485156,0.462439,0.490737,0.0468239,4783660,5076370,484365,10344400,0.552035,0.499024,Paxton,20.2634,-27.3604,0.642236,12.0041,0.354009,0.116054
57096,-2.45856,-1.4591,0.529284,0.503885,0.448128,0.0479867,4587930,4080250,436924,9105100,0.485902,-0.23684,Talarico,11.5074,-25.7358,3.72933,9.53813,0.136933,0.0625788
57098,-1.07735,-0.831203,0.524114,0.501973,0.455783,0.0422436,4198060,3811760,353288,8363110,0.446306,0.426209,Talarico,14.7212,-26.689,1.04618,11.3958,0.554506,0.36561
57119,-1.34656,-0.133254,0.488522,0.472801,0.495018,0.0321808,4346060,4550270,295810,9192140,0.490546,0.191837,Paxton,14.2284,-26.1048,1.88257,11.5684,0.431715,0.356074
57123,-1.09658,0.20559,0.502391,0.481625,0.477041,0.0413338,4117780,4078600,353395,8549770,0.456268,0.164162,Talarico,16.3206,-27.0783,2.29386,11.0911,0.834391,0.394329
57174,-1.33524,-0.485601,0.513453,0.4894,0.463754,0.046846,4081650,3867760,390701,8340120,0.445076,0.488038,Talarico,17.5365,-28.8565,3.6534,8.98942,0.881072,0.50744
57181,1.42881,1.77204,0.496448,0.47418,0.480966,0.0448548,4015010,4072470,379798,8467280,0.451865,0.794545,Paxton,20.3074,-26.4076,-0.191421,13.5934,0.43389,0.47483
57201,1.67278,1.8952,0.507347,0.481054,0.467122,0.0518239,4640870,4506460,499960,9647290,0.514835,1.0149,Talarico,21.2806,-26.5574,0.934845,9.85988,0.511582,0.394006
57223,-0.409691,-0.917992,0.502414,0.481257,0.476632,0.042111,4411400,4369000,386007,9166410,0.489171,0.391877,Talarico,15.6375,-24.6672,-0.718521,12.6903,0.699731,0.913603
57242,0.518563,1.40585,0.523187,0.493465,0.449725,0.0568094,4955810,4516530,570530,10042900,0.535948,0.883695,Talarico,18.4145,-27.2391,-0.145924,13.9893,0.545175,0.181819
57251,-2.44338,-0.150778,0.534643,0.510527,0.444367,0.0451057,4855460,4226240,428986,9510680,0.507547,0.187909,Talarico,13.9546,-26.4511,1.66555,11.8595,0.20284,0.169815
57255,1.53931,-2.0995,0.485649,0.459746,0.486918,0.0533354,4395880,4655680,509968,9561530,0.510259,0.571052,Paxton,18.5287,-28.933,-0.264721,14.7004,0.292728,0.315373
57261,-1.63389,-0.0496863,0.483072,0.463339,0.495812,0.0408492,3937640,4213600,347153,8498400,0.453523,0.26074,Paxton,16.7734,-27.5404,2.34723,11.2341,0.269631,0.212757
57281,-0.0379278,-2.48385,0.524446,0.504097,0.457101,0.0388012,4089760,3708480,314796,8113040,0.432959,0.534153,Talarico,17.3239,-28.5409,1.35709,12.4931,0.295458,0.205256
57282,-1.22641,-0.50901,0.485425,0.462209,0.489964,0.0478279,4006290,4246870,414559,8667720,0.462557,0.857665,Paxton,17.6283,-27.6639,0.896602,12.608,0.369585,0.312675
57293,2.30441,-0.645848,0.532015,0.50486,0.444098,0.0510417,4624560,4067970,467546,9160070,0.488835,0.790324,Talarico,19.7896,-26.1477,-0.221157,12.4259,0.288667,0.332072
57297,1.09356,-1.42072,0.526642,0.505758,0.454587,0.0396547,4648360,4178060,364462,9190880,0.490478,0.453731,Talarico,20.2621,-27.7257,0.573531,11.6218,0.477544,0.532707
57308,-2.19984,0.773736,0.506093,0.488283,0.476526,0.0351911,4561160,4451330,328728,9341220,0.498503,-0.171365,Talarico,14.19,-27.2166,3.3573,9.68232,0.838711,0.187487
57377,2.73514,-0.750674,0.484192,0.469066,0.499695,0.0312391,4209160,4484000,280323,8973480,0.478877,1.08934,Paxton,21.3869,-25.2533,-3.47177,16,0.280179,0.17525
57401,-1.09711,0.360662,0.485749,0.460833,0.487872,0.0512948,4737740,5015730,527353,10280800,0.548645,0.530546,Paxton,17.1272,-26.1349,0.541743,12.4049,0.326183,0.135738
57402,-0.244691,2.38424,0.538852,0.518759,0.443953,0.0372876,5147510,4405230,369995,9922740,0.529536,0.831773,Talarico,18.8994,-24.7261,-1.14896,12.7559,0.147244,0.0933354
57405,1.39742,-0.5519,0.477337,0.456561,0.499913,0.0435257,4065410,4451440,387571,8904420,0.475191,0.859798,Paxton,20.2033,-25.8204,-0.832388,12.5046,0.245107,0.17551
57413,0.19176,0.524435,0.509639,0.487866,0.469412,0.0427217,4854790,4671150,425126,9951060,0.531044,0.366279,Talarico,17.7301,-25.6219,-1.1047,14.3577,0.863987,0.408255
57443,0.968449,-1.78754,0.498011,0.480195,0.484031,0.0357744,4766720,4804800,355119,9926630,0.529742,0.90142,Paxton,18.9549,-28.7471,1.03584,12.2071,0.770601,0.320866
57447,1.20755,-0.220066,0.490339,0.463538,0.481804,0.0546581,4308480,4478260,508034,9294770,0.496023,1.07574,Paxton,19.0307,-27.2364,1.6446,9.86446,0.542296,0.285054
57450,2.19167,-1.80098,0.531317,0.506282,0.446599,0.0471192,4587880,4047040,426990,9061910,0.483597,1.31212,Talarico,21.9423,-28.9376,1.11868,10.8232,0.173487,0.0674267
57459,-1.65516,-2.08852,0.492301,0.46671,0.481307,0.0519825,4436200,4574950,494107,9505250,0.507257,0.153536,Paxton,15.0466,-24.8778,-0.357981,13.6392,0.385308,0.312432
57495,-1.77833,-0.619086,0.539136,0.510056,0.436006,0.053938,4640970,3967190,490779,9098940,0.485574,-0.141678,Talarico,14.5221,-28.336,2.97067,11.3366,0.144103,0.0492439
57498,0.395903,-1.62975,0.494307,0.477292,0.488286,0.0344218,4401360,4502740,317421,9221520,0.492113,0.477965,Paxton,18.9011,-27.7441,0.381022,13.0243,0.651034,0.713916
57506,0.758327,-0.512122,0.516129,0.499779,0.468543,0.031678,4253310,3987480,269592,8510380,0.454164,0.723843,Talarico,18.1435,-27.9322,1.05079,12.012,0.679074,0.564527
57510,0.438948,-1.61855,0.480316,0.458588,0.496175,0.0452375,4344330,4700400,428547,9473280,0.505552,0.448653,Paxton,17.1397,-27.6229,1.0666,12.5747,0.24766,0.22191
57529,-1.38345,-1.44721,0.500987,0.486859,0.484942,0.028199,4795020,4776130,277728,9848870,0.525595,0.492418,Talarico,15.2115,-26.8222,0.335295,13.8021,0.752809,0.536682
57609,-1.16811,1.63611,0.522147,0.497941,0.4557,0.0463587,4357020,3987410,405642,8750070,0.466953,0.291599,Talarico,14.3941,-26.8499,0.765934,13.3613,0.577068,0.538682
57618,-0.122437,1.68905,0.524303,0.498958,0.452702,0.0483405,3943660,3578070,382074,7903800,0.421792,0.371381,Talarico,17.3854,-27.6828,1.17646,11.4358,0.468502,0.122874
57628,-1.76435,1.302,0.512395,0.489539,0.465855,0.0446057,4491090,4273810,409218,9174120,0.489587,0.109766,Talarico,16.4405,-25.4364,2.13523,9.63348,0.800601,0.537521
57643,-1.63657,-2.12655,0.479384,0.459514,0.499037,0.0414489,4190020,4550420,377947,9118390,0.48661,0.185226,Paxton,11.242,-25.2913,0.571926,13.3845,0.128042,0.183344
57687,0.808723,-1.49548,0.511208,0.494315,0.47264,0.0330448,4408930,4215610,294736,8919270,0.475983,0.530691,Talarico,21.0448,-26.6811,-0.592887,13.1782,0.775582,0.877451
57701,-2.1004,-1.5649,0.497137,0.475504,0.48098,0.0435162,4754970,4809730,435156,9999860,0.533652,-0.010524,Paxton,15.4251,-25.8203,2.41296,9.39727,0.519848,0.103426
57737,1.39481,-0.872193,0.49735,0.475295,0.480359,0.0443465,4826880,4878310,450363,10155600,0.541962,0.714584,Paxton,18.5497,-26.3615,0.0703155,13.7006,0.727982,0.298985
57746,-2.16057,-0.171502,0.51753,0.497302,0.463612,0.0390862,4623330,4310120,363377,9296820,0.496133,0.106281,Talarico,16.3498,-26.8771,1.88654,11.4207,0.705281,0.437154
57794,-2.85107,-0.710447,0.505949,0.47975,0.468469,0.0517809,4207750,4108810,454156,8770720,0.468058,-0.150759,Talarico,12.165,-26.3684,0.831568,13.4447,0.380316,0.176588
57796,-1.50426,-2.03757,0.480267,0.465884,0.504169,0.0299464,4498630,4868310,289166,9656110,0.515308,0.192805,Paxton,16.1293,-24.8376,0.00610708,11.6988,0.16579,0.139407
57811,-1.17165,0.446196,0.554289,0.523841,0.421228,0.0549314,4926670,3961600,516625,9404900,0.501904,0.242225,Talarico,15.4048,-27.8427,3.19763,10.5048,0.0317268,0.0191334
57814,-0.619537,-2.15258,0.499702,0.483035,0.483611,0.0333542,4721940,4727570,326056,9775570,0.521682,0.305001,Paxton,17.3024,-25.882,0.615072,11.7149,0.510217,0.444983
57832,0.115049,-0.166599,0.481482,0.45461,0.489579,0.0558102,4383890,4721100,538188,9643180,0.514617,0.605745,Paxton,18.0647,-25.2789,-1.47272,14.9185,0.259541,0.189616
57858,0.0425725,1.66333,0.506329,0.487357,0.475174,0.0374696,4093260,3990930,314703,8398890,0.448212,0.787446,Talarico,19.7138,-25.2243,-0.150054,12.0459,0.87637,0.432796
57874,-2.47824,0.183395,0.511119,0.487332,0.466129,0.0465386,4574980,4375930,436895,9387800,0.500987,0.134918,Talarico,13.5601,-26.7685,0.58491,14.3015,0.730733,0.56146
57899,-0.0575448,0.678669,0.526469,0.50016,0.449867,0.0499725,4870070,4380370,486583,9737020,0.519625,0.224539,Talarico,16.6839,-27.9098,2.11044,10.5305,0.539288,0.27057
57911,-1.14736,-0.872817,0.528141,0.506192,0.452248,0.0415593,4396240,3927740,360939,8684920,0.463476,0.476134,Talarico,15.5319,-26.213,0.874995,11.8179,0.46389,0.443524
57939,0.666235,-0.96858,0.527417,0.505994,0.453387,0.0406189,4685310,4198180,376115,9259610,0.494145,0.526652,Talarico,18.2783,-28.8834,2.04851,11.2412,0.43311,0.533417
57940,2.13496,-0.440038,0.469712,0.449598,0.507581,0.0428203,4414930,4984310,420483,9819720,0.524038,1.0066,Paxton,23.0049,-24.7367,-2.53805,13.0568,0.0907545,0.0505936
57961,1.87211,1.33356,0.506653,0.491636,0.478724,0.0296407,5064830,4931810,305359,10302000,0.549775,0.823263,Talarico,20.8725,-26.97,-0.544246,12.2464,0.693124,0.20633
57974,3.0981,-0.584008,0.530549,0.511807,0.452867,0.0353258,4517220,3997010,311786,8826020,0.471006,1.32322,Talarico,23.1477,-31.1818,0.915836,13.2046,0.147653,0.0629694
58019,-0.634436,-2.02412,0.513417,0.49399,0.468171,0.0378382,3821170,3621450,292690,7735310,0.412801,0.670282,Talarico,17.3026,-29.3558,2.69626,10.3295,0.612005,0.156478
58108,2.47439,-1.56355,0.483994,0.457165,0.487402,0.0554331,4202420,4480370,509560,9192350,0.490557,1.21106,Paxton,19.9853,-28.7297,0.305463,14.2369,0.242239,0.141033
58161,-0.747933,0.803541,0.485204,0.465905,0.494321,0.0397743,4205640,4462140,359035,9026810,0.481722,0.463213,Paxton,16.6,-26.1682,1.55559,10.8873,0.306568,0.38561
58162,-1.76305,-1.36125,0.50889,0.476695,0.46004,0.0632651,3952770,3814670,524597,8292040,0.442513,0.378283,Talarico,14.9764,-26.1155,2.21206,9.30072,0.737813,0.444469
58168,1.60924,0.106339,0.49872,0.476889,0.479336,0.0437749,4512350,4535510,414201,9462060,0.504949,0.744352,Paxton,20.2171,-26.6269,0.733708,9.95232,0.74779,0.7469
58173,-0.0114776,-1.13708,0.51446,0.498276,0.470265,0.0314585,3923180,3702630,247688,7873500,0.420174,0.702842,Talarico,16.8789,-27.5698,1.06743,11.6609,0.676145,0.192764
58260,-0.787595,-0.600877,0.525684,0.50706,0.457511,0.0354287,5012670,4522840,350239,9885750,0.527562,0.243985,Talarico,15.3104,-28.2914,1.17712,13.3414,0.46555,0.247693
58268,-1.93214,1.39717,0.46501,0.446259,0.513417,0.0403244,3578100,4116580,323321,8018000,0.427889,-0.0827135,Paxton,14.0029,-23.9151,0.389451,11.655,0.0588426,0.0139299
58303,1.26193,-1.01143,0.509206,0.492132,0.474338,0.0335295,3749500,3613930,255458,7618900,0.40659,0.724774,Talarico,19.9574,-26.6907,1.048,10.8791,0.785464,0.138857
58320,-1.69128,1.9394,0.469748,0.446099,0.503557,0.0503441,3395590,3832950,383206,7611740,0.406207,0.269008,Paxton,16.0612,-24.716,0.507971,12.265,0.0637336,0.0128871
58324,-0.146131,-2.6845,0.501221,0.478258,0.475929,0.0458132,4530490,4508420,433984,9472900,0.50553,0.504899,Talarico,16.3245,-28.1738,1.80682,11.8771,0.277507,0.859349
58351,1.7657,1.84385,0.51736,0.493907,0.460761,0.0453325,4460810,4161450,409429,9031690,0.481983,0.887135,Talarico,20.6467,-25.7514,-1.35167,13.9373,0.455778,0.695818
58353,0.0853353,0.500887,0.499061,0.47418,0.475964,0.0498561,4623680,4641080,486142,9750900,0.520366,0.629286,Paxton,18.6142,-26.3045,0.687682,11.2674,0.750242,0.612655
58363,1.75372,-2.20695,0.489575,0.470516,0.490555,0.0389298,4297970,4481020,355608,9134600,0.487476,0.756482,Paxton,18.6724,-29.1127,-0.191153,13.8445,0.268352,0.52772
58366,2.49831,-0.821527,0.49458,0.468662,0.478933,0.0524056,4615250,4716390,516075,9847720,0.525533,0.692777,Paxton,20.0555,-27.4222,0.0832195,12.3896,0.580692,0.438764
58430,-1.50165,-0.920079,0.518999,0.497782,0.461337,0.0408815,4678820,4336260,384259,9399330,0.501603,0.270288,Talarico,14.3573,-26.3065,0.864227,12.9278,0.672444,0.554779
58433,-2.16354,1.79009,0.480905,0.462926,0.499688,0.0373865,3588610,3873600,289821,7752030,0.413695,0.227598,Paxton,15.8906,-24.3046,1.22806,9.63901,0.136813,0.0280088
58527,0.226948,-1.61256,0.518694,0.495257,0.459559,0.0451841,4566190,4237060,416590,9219830,0.492026,0.918973,Talarico,18.4674,-29.8082,1.97085,11.8485,0.606354,0.63182
58550,0.596645,0.624713,0.503947,0.485118,0.477519,0.0373628,3888370,3827460,299474,8015300,0.427742,0.769056,Talarico,18.9857,-27.3889,0.452702,12.1701,0.86023,0.218623
58636,1.46418,-1.81061,0.486155,0.45987,0.486062,0.0540673,4852290,5128650,570487,10551400,0.563084,0.369299,Paxton,18.9564,-29.0073,2.41048,10.1121,0.372354,0.0592697
58639,1.15988,1.76146,0.504734,0.481057,0.472033,0.0469096,3807710,3736280,371303,7915290,0.422406,0.560075,Talarico,18.4831,-26.7706,-1.56386,15.9684,0.699939,0.206444
58645,0.31892,-1.2555,0.511765,0.490199,0.467661,0.0421396,4764090,4545060,409542,9718690,0.518644,0.94189,Talarico,20.1905,-27.6779,1.07792,10.8846,0.701851,0.413995
58684,-0.898802,-1.93579,0.52926,0.503249,0.447605,0.0491457,4974820,4424750,485825,9885400,0.527542,0.312311,Talarico,15.0818,-27.8899,2.85014,10.7772,0.314379,0.213322
58689,-0.334412,-2.14812,0.500419,0.479073,0.47827,0.0426566,3784350,3778000,336958,7899310,0.421551,0.710733,Talarico,19.7508,-27.9076,2.53145,8.66902,0.554134,0.160859
58736,-0.996934,-0.112315,0.510661,0.481897,0.461776,0.0563275,4827570,4626000,564281,10017900,0.534612,0.514853,Talarico,13.8233,-26.4294,1.79255,11.8982,0.892937,0.381687
58757,-1.51725,0.780023,0.504036,0.478529,0.470865,0.0506061,4399390,4328930,465251,9193570,0.490623,0.788118,Talarico,17.0993,-25.961,1.19009,11.523,0.819445,0.940603
58764,-0.0801853,-1.07189,0.513711,0.493796,0.467437,0.038767,4596070,4350730,360829,9307630,0.496711,0.203339,Talarico,16.7874,-26.0193,-0.00549693,12.9085,0.689403,0.642162
58774,-1.23785,-0.608762,0.53465,0.506241,0.440624,0.0531353,4889540,4255770,513208,9658510,0.515433,0.193956,Talarico,13.5146,-28.1803,2.0462,13.0831,0.28725,0.163018
58789,0.37002,-1.0185,0.523497,0.503711,0.458492,0.0377965,4598020,4185250,345017,9128280,0.487139,0.577117,Talarico,17.1559,-27.4547,0.807437,12.2652,0.500812,0.707848
58794,0.166269,2.00333,0.504991,0.478665,0.469204,0.0521303,4803680,4708730,523157,10035600,0.535555,0.78199,Talarico,23.1476,-24.6553,-1.03052,10.9668,0.747618,0.367934
58800,-2.05859,-1.18788,0.501459,0.478333,0.475549,0.0461179,4851140,4822910,467717,10141800,0.54122,0.166994,Talarico,14.0827,-27.7467,2.51704,11.0587,0.662468,0.165666
58830,-2.42421,1.63224,0.508671,0.481783,0.465357,0.0528591,4509740,4355990,494789,9360520,0.499533,0.235963,Talarico,17.6665,-26.3792,0.43381,12.3111,0.493074,0.716291
58851,1.21012,-1.94208,0.503558,0.48326,0.47643,0.0403099,4505830,4442160,375843,9323830,0.497573,0.464543,Talarico,18.5523,-28.3279,1.19735,11.5289,0.727581,0.95305
58871,-0.180259,0.0702565,0.509901,0.47903,0.460427,0.0605437,4792210,4606110,605679,10004000,0.533871,1.17291,Talarico,20.5856,-26.7041,-0.169864,12.9043,0.793247,0.135875
58931,0.85862,0.818185,0.497746,0.475152,0.479455,0.045393,4003660,4039930,382485,8426080,0.449665,0.880446,Paxton,19.6355,-25.8325,-0.514052,12.0905,0.740741,0.367484
58932,0.0475289,0.546399,0.503081,0.476737,0.470897,0.0523663,4500910,4445780,494395,9441080,0.503831,0.589733,Talarico,17.3956,-26.5248,0.695865,11.9952,0.870906,0.927282
58947,-0.206862,2.40276,0.5115,0.487287,0.465375,0.0473385,4672060,4461980,453878,9587920,0.511668,0.706063,Talarico,19.8087,-24.8292,-0.119138,11.217,0.482321,0.764329
58950,2.20372,-0.303072,0.525371,0.503516,0.454885,0.0415992,4902660,4429140,405045,9736840,0.519613,1.01843,Talarico,19.8116,-26.6956,-1.1865,14.222,0.503581,0.185499
58964,1.64971,0.379988,0.511015,0.48714,0.466139,0.0467212,4221120,4039150,404845,8665120,0.462421,0.866109,Talarico,18.4814,-26.6792,-0.0329008,12.642,0.847265,0.539402
58966,2.36573,-1.70518,0.494601,0.469655,0.479908,0.0504377,4062760,4151450,436312,8650520,0.461642,1.14312,Paxton,22.5251,-27.6491,-0.742102,13.3877,0.385293,0.263636
58972,2.60281,-0.908026,0.511428,0.489563,0.467684,0.0427524,4624350,4417680,403833,9445860,0.504085,1.12693,Talarico,21.283,-29.5678,1.33319,11.3811,0.585789,0.39407
58998,0.368963,0.506729,0.495566,0.479365,0.487942,0.0326926,4141500,4215610,282450,8639560,0.461057,0.749398,Paxton,17.7692,-25.3474,-0.799672,13.6208,0.643366,0.604028
59056,0.338563,-0.0360494,0.51285,0.492427,0.467751,0.0398221,4324460,4107750,349715,8781930,0.468657,0.705956,Talarico,18.7277,-27.2737,-0.892753,14.3557,0.743931,0.777262
59080,0.433777,0.878613,0.477561,0.463141,0.506664,0.0301945,3906250,4273330,254668,8434250,0.4501,0.388401,Paxton,19.7995,-24.3694,-0.514984,11.3124,0.183354,0.123585
59097,0.0194844,1.12632,0.478954,0.462348,0.50298,0.0346722,4660740,5070330,349516,10080600,0.53796,0.944383,Paxton,17.7979,-24.2033,0.405048,10.6305,0.208322,0.0621611
59151,3.24276,-0.378934,0.507154,0.474642,0.461252,0.0641068,4382320,4258690,591891,9232890,0.492724,1.28197,Talarico,23.053,-28.5181,-1.64373,14.2929,0.359492,0.276832
59155,1.52264,0.838442,0.513659,0.491279,0.46515,0.0435708,5120390,4848060,454120,10422600,0.556209,0.609524,Talarico,20.0232,-27.5634,1.11162,11.39,0.814351,0.15464
59163,-1.66686,1.08735,0.535894,0.506878,0.438977,0.054145,4926240,4266330,526224,9718790,0.51865000000000006,0.254924,Talarico,15.2701,-25.2165,0.808226,11.591,0.331427,0.157768
59165,-0.0853236,-2.37281,0.511939,0.492756,0.469772,0.0374714,4708450,4488830,358051,9555320,0.509927,0.562185,Talarico,15.3883,-28.2095,3.46718,9.95594,0.506912,0.850801
59183,0.52173,-0.934563,0.496719,0.468914,0.475108,0.0559786,4300710,4357510,513415,9171640,0.489452,0.496447,Paxton,17.8592,-27.125,0.232867,12.4288,0.731366,0.825925
59187,-0.252365,1.52597,0.479756,0.460136,0.498968,0.040896,4203670,4558430,373614,9135720,0.487532,0.748198,Paxton,18.4557,-24.1227,-0.197913,10.9527,0.19826,0.260778
59207,0.614605,-0.916038,0.477204,0.461397,0.505478,0.0331242,3912660,4286460,280894,8480010,0.452545,0.874547,Paxton,19.6735,-25.7603,0.992734,10.3016,0.248248,0.136526
59208,0.278048,0.199596,0.487113,0.463398,0.487917,0.0486846,3835010,4037920,402906,8275840,0.441649,0.648371,Paxton,19.6903,-26.5759,0.929409,11.2288,0.388092,0.241445
59224,0.455619,0.333533,0.523008,0.489739,0.446651,0.0636101,5124060,4673240,665543,10462800,0.558359,0.250659,Talarico,18.43,-26.9989,0.406298,12.3999,0.632401,0.063776
59270,-1.1985,-2.44809,0.482229,0.464526,0.498763,0.0367104,3713180,3986850,293444,7993480,0.42658,0.0268709,Paxton,12.1487,-26.3453,0.954114,13.9599,0.139032,0.0413294
59280,0.938175,-1.78331,0.512384,0.489124,0.46548,0.0453952,4611680,4388750,428006,9428440,0.503158,0.239675,Talarico,17.3296,-29.2612,2.11889,11.4806,0.732887,0.692335
59306,-0.506888,-1.38265,0.514546,0.496025,0.46798,0.0359959,4706130,4440050,341518,9487700,0.50632,0.782503,Talarico,17.0219,-27.8351,1.40805,11.7964,0.737067,0.740911
59315,-1.56655,2.3551,0.4921,0.474441,0.489673,0.0358855,4416620,4558420,334062,9309100,0.496786,0.167056,Paxton,14.3329,-22.1579,-0.17727299999999999,11.5909,0.279391,0.37319600000000003
59325,0.183704,-1.84137,0.508157,0.491715,0.475928,0.0323575,4792280,4638420,315358,9746060,0.520108,0.685314,Talarico,19.1282,-27.1263,0.723781,12.0964,0.70259,0.649775
59365,-0.900845,0.136858,0.522457,0.500169,0.457171,0.0426604,4377570,4001250,373372,8752190,0.467067,0.435495,Talarico,17.8036,-24.2679,0.106926,10.9675,0.553898,0.625528
59397,0.8594,-1.05504,0.502625,0.484968,0.479903,0.0351281,4707290,4658130,340967,9706390,0.517988,0.687238,Talarico,18.8953,-27.4074,-0.328766,14.2785,0.799236,0.682341
59434,-0.555529,-2.10799,0.513119,0.492161,0.466995,0.0408444,4085850,3876930,339085,8301860,0.443034,0.357652,Talarico,17.6773,-27.7194,0.293201,12.8257,0.59422,0.412091
59457,-0.960803,1.86057,0.522079,0.496746,0.45473,0.0485237,4579820,4192450,447371,9219640,0.492013,0.568687,Talarico,15.9963,-25.725,1.6387,10.3872,0.548691,0.749507
59466,-1.68836,1.93831,0.521457,0.49524,0.454484,0.0502755,4128590,3788830,419124,8336540,0.444884,0.514652,Talarico,15.9027,-25.7026,1.44631,10.9463,0.524701,0.417274
59473,0.220813,-0.750127,0.488361,0.465492,0.48768,0.0468272,4469780,4682840,449647,9602270,0.512431,0.564819,Paxton,17.0551,-26.9957,-0.780311,15.2783,0.514448,0.374758
59493,-0.950411,0.87154,0.494495,0.475102,0.48568,0.0392177,4511800,4612260,372430,9496490,0.506787,0.026427,Paxton,14.9133,-25.9136,-0.38334,14.3177,0.561045,0.22622
59534,-1.52637,2.14804,0.504362,0.47869,0.47041,0.0508995,4590210,4510820,488081,9589110,0.511731,0.531869,Talarico,16.3213,-22.317,-0.727021,11.7971,0.40379,0.856702
59623,1.84701,0.951345,0.490307,0.47328,0.491992,0.034728,4953330,5149180,363462,10466000,0.558524,0.711244,Paxton,19.9386,-26.5471,0.831346,11.5322,0.383388,0.0800522
59651,-0.955801,0.487128,0.534104,0.510413,0.445231,0.0443565,4248410,3705870,369200,8323470,0.44419,0.27064,Talarico,16.9828,-26.3655,0.684353,12.3299,0.307196,0.126712
59692,0.209763,1.76716,0.521525,0.499933,0.458666,0.0414014,4872540,4470330,403514,9746390,0.520124,0.202891,Talarico,18.1961,-24.5529,1.12971,9.19548,0.547625,0.347426
59703,2.82983,-0.270853,0.504566,0.480836,0.472134,0.0470291,4326660,4248350,423177,8998190,0.480198,1.10676,Talarico,22.8838,-27.8147,0.0208142,10.9801,0.613504,0.381416
59718,-1.60344,0.43401,0.503836,0.482542,0.475195,0.0422637,4567130,4497600,400015,9464750,0.505095,0.665669,Talarico,14.1334,-26.5098,2.93304,9.90743,0.811076,0.908037
59723,1.17305,-2.16052,0.52266,0.50105,0.457605,0.0413454,4297240,3924630,354597,8576470,0.457691,0.746809,Talarico,18.7432,-28.1802,1.23522,11.3146,0.356172,0.483431
59742,1.26911,-1.51485,0.487874,0.469249,0.492575,0.0381764,3811300,4000770,310074,8122140,0.433443,1.00107,Paxton,17.2177,-26.8815,0.78744,11.1609,0.462383,0.114124
59758,-1.64552,0.375698,0.487343,0.468887,0.493243,0.0378696,4213970,4432860,340340,8987160,0.479606,0.853573,Paxton,15.1144,-25.5581,1.30509,11.4334,0.372229,0.398545
59783,0.919754,-0.0152094,0.528009,0.507519,0.453675,0.0388053,5011260,4479600,383165,9874030,0.526936,0.556006,Talarico,18.2903,-29.0023,1.15493,12.6671,0.405998,0.292882
59784,0.337731,-0.430265,0.475084,0.456162,0.50401,0.0398275,3879550,4286480,338723,8504750,0.453862,0.906174,Paxton,16.6169,-27.833,1.28975,12.3226,0.165386,0.113357
59800,2.45557,1.13301,0.520346,0.491605,0.45316,0.0552352,4961720,4573700,557483,10092900,0.538616,0.871634,Talarico,20.5364,-27.6195,-1.35877,15.2392,0.418944,0.197814
59810,-1.08352,-2.19744,0.517014,0.501883,0.468851,0.0292658,4443930,4151450,259135,8854520,0.472527,0.36284,Talarico,15.3928,-24.5785,0.416249,12.0293,0.328308,0.721096
59813,1.58188,-1.14917,0.504017,0.47881,0.471178,0.050012,4331020,4261980,452377,9045380,0.482714,0.903803,Talarico,18.8016,-29.8716,-0.0704307,14.9053,0.848724,0.740066
59815,0.10774,-1.81874,0.533638,0.504523,0.440918,0.0545589,4592900,4013880,496674,9103450,0.485813,0.45771,Talarico,16.5898,-29.4554,1.86827,12.7095,0.242648,0.320415
59818,-1.99987,-0.5609,0.493831,0.47199,0.483783,0.0442264,4281170,4388140,401154,9070460,0.484057,0.196877,Paxton,16.2461,-26.9627,1.69214,11.1264,0.626666,0.504895
59859,1.36187,-0.760181,0.484881,0.455658,0.484073,0.0602693,4293810,4561570,567937,9423320,0.502881,0.634589,Paxton,17.6417,-29.2085,1.69844,12.3314,0.392491,0.33789400000000003
59877,1.27825,2.09558,0.50287,0.478398,0.472937,0.0486651,4880200,4824500,496440,10201100,0.544391,0.879214,Talarico,20.9763,-25.487,-0.679601,12.1516,0.452223,0.24045
59891,1.52684,-1.44151,0.494376,0.479751,0.490666,0.0295833,4745070,4853020,292599,9890690,0.527826,0.87825,Paxton,21.091,-29.6377,1.55986,10.3265,0.670429,0.297663
59920,1.95955,-1.40597,0.539283,0.508724,0.43461,0.0566655,5145700,4396040,573167,10114900,0.53979,1.25479,Talarico,21.11,-29.4913,-0.530802,14.647,0.144965,0.0197689
59929,0.586926,-0.671022,0.513302,0.488216,0.462912,0.0488711,4415530,4186680,442000,9044200,0.482651,0.645774,Talarico,18.2531,-27.5809,0.971346,11.8438,0.709095,0.930691
59958,1.0588,0.331259,0.529688,0.506171,0.449431,0.0443981,4305510,3822880,377652,8506050,0.453934,0.416994,Talarico,19.4379,-27.2582,1.30267,11.7574,0.414318,0.324204
59962,-1.48705,-0.58691,0.524228,0.495092,0.449329,0.0555793,4717720,4281640,529614,9528980,0.50852,0.697155,Talarico,15.578,-28.0883,1.57485,12.9852,0.577707,0.522501
59964,1.99503,-1.56138,0.477573,0.458626,0.5017,0.0396745,3769090,4123090,326054,8218230,0.438573,1.29208,Paxton,21.7229,-27.6611,1.35864,10.8068,0.195224,0.0389218
59981,-3.0586,0.566226,0.494887,0.471038,0.480771,0.0481909,4177620,4263930,427403,8868950,0.4733,-0.140702,Paxton,12.6042,-25.4968,2.6902,9.87892,0.25889,0.141129
59997,-0.554373,1.19612,0.506598,0.487895,0.475185,0.03692,4159620,4051270,314767,8525660,0.454977,0.402412,Talarico,17.3435,-26.0204,0.861466,11.5515,0.970444,0.715784
60002,-0.729606,-1.82803,0.492095,0.463524,0.478417,0.0580593,4479080,4622980,561033,9663100,0.51568,0.350695,Paxton,16.8074,-26.5219,0.370887,12.8006,0.433985,0.466441
60066,-1.09626,-1.14713,0.516027,0.498123,0.467182,0.0346945,4085200,3831440,284536,8201180,0.437664,0.312244,Talarico,15.5345,-27.8551,1.46379,12.6704,0.688577,0.280936
60075,-2.0517,-1.01938,0.477728,0.460285,0.503203,0.0365118,4019800,4394610,318868,8733280,0.466058,-0.0114277,Paxton,11.9929,-25.8541,1.53901,11.5839,0.205243,0.0651419
60080,1.01211,-1.65435,0.496861,0.47016,0.476101,0.0537393,4847460,4908720,554065,10310200,0.550216,0.741246,Paxton,18.392,-27.4278,1.14448,11.6077,0.77098,0.19783800000000001
60097,-2.94305,-0.230272,0.522292,0.496641,0.454246,0.0491125,4541370,4153710,449093,9144170,0.487986,-0.262461,Talarico,12.3487,-27.0515,2.9589,10.3876,0.291588,0.0968414
60117,-2.06696,-1.24572,0.518066,0.492886,0.45851,0.0486033,4664420,4339110,459957,9463490,0.505025,0.152948,Talarico,17.1277,-25.0919,1.32161,9.62147,0.518295,0.432144
60120,-2.54641,1.64293,0.510011,0.487012,0.467894,0.0450937,4500320,4323650,416696,9240660,0.493135,-0.111654,Talarico,15.2392,-21.2932,-1.3263,11.7105,0.432109,0.271299
60137,2.3641,0.454747,0.528613,0.512597,0.457105,0.0302979,4806810,4286430,284114,9377350,0.50043,1.31842,Talarico,22.3303,-28.1301,1.52407,10.5932,0.364323,0.0851508
60182,0.123247,0.412819,0.53118,0.504847,0.445578,0.0495751,3665910,3235530,359986,7261430,0.387511,0.871969,Talarico,20.4815,-27.0855,2.01463,9.32116,0.41236,0.0139286
60219,-1.67657,2.37323,0.508834,0.479217,0.462576,0.0582069,4089540,3947530,496726,8533800,0.455413,-0.288668,Talarico,14.3445,-22.727,0.238855,11.3502,0.273267,0.0633557
60227,0.284246,1.46497,0.486882,0.472082,0.497521,0.0303964,4124680,4346940,265579,8737200,0.466267,0.399339,Paxton,16.1055,-24.7852,-0.254485,11.9887,0.366459,0.367446
60230,-3.01516,-0.0201468,0.511214,0.487449,0.466064,0.0464872,4753750,4545200,453357,9752310,0.52044,-0.393908,Talarico,11.5655,-26.5162,2.70742,11.5005,0.473966,0.0405584
60239,-1.43555,-0.770013,0.515316,0.497292,0.467731,0.0349772,4618820,4344260,324866,9287950,0.495657,0.407173,Talarico,15.3893,-27.8832,1.18431,12.5343,0.798164,0.800505
60259,-0.424151,-2.00711,0.497514,0.470089,0.474787,0.0551241,4302580,4345580,504534,9152700,0.488438,0.593889,Paxton,18.2193,-27.1573,1.33396,11.0485,0.557328,0.844427
60262,-2.50434,-0.175277,0.508709,0.490088,0.473308,0.0366038,4782790,4619020,357217,9759030,0.520804,0.545088,Talarico,13.2281,-26.4517,0.112321,14.6927,0.699894,0.703202
60272,1.31214,-0.0346665,0.48699,0.464673,0.489501,0.045826,4250900,4478020,419223,9148150,0.488198,0.813925,Paxton,19.3192,-27.1154,-0.785845,14.359,0.445679,0.402919
60299,1.63912,-0.672492,0.486312,0.464888,0.491058,0.0440539,3868590,4086370,366597,8321560,0.444086,0.816934,Paxton,20.4836,-27.1437,-0.232938,12.4604,0.418179,0.213811
60342,-1.55648,-1.04051,0.481841,0.457089,0.491541,0.0513699,4115710,4425930,462544,9004180,0.480516,0.323117,Paxton,18.6151,-25.9775,0.66717,11.3352,0.299767,0.282741
60349,-1.18762,-1.22093,0.499844,0.477691,0.477989,0.0443198,4720280,4723220,437943,9881440,0.52733,0.357756,Paxton,15.7835,-26.6359,1.00864,12.8847,0.700361,0.393945
60396,2.56063,0.196211,0.50604,0.486015,0.474414,0.0395705,3829910,3738480,311824,7880220,0.420535,0.935544,Talarico,21.5715,-25.962,-2.87823,15.9054,0.63965,0.179524
60406,2.53975,1.04024,0.522322,0.493964,0.451744,0.0542918,4057330,3710540,445943,8213820,0.438338,1.35464,Talarico,22.6611,-28.706,-0.525797,14.3477,0.374618,0.03839
60415,0.710819,1.16556,0.487429,0.460681,0.484443,0.0548762,3980040,4185330,474101,8639460,0.461052,0.894313,Paxton,18.9816,-25.4349,-0.65562,12.8889,0.351844,0.331016
60454,-1.78805,1.08527,0.518407,0.497944,0.462583,0.0394729,4478620,4160580,355028,8994220,0.479988,0.213894,Talarico,15.1415,-26.9685,0.0635229,13.9992,0.704979,0.56776
60461,2.70367,-0.757824,0.492456,0.467747,0.482079,0.050174,3795890,3912190,407175,8115260,0.433077,0.827735,Paxton,21.0894,-29.9695,-0.0847079,13.8044,0.489709,0.198311
60510,1.90433,0.388831,0.51912,0.486433,0.450601,0.0629663,4917980,4555700,636608,10110300,0.539542,1.09717,Talarico,18.7625,-28.4745,0.525361,13.6765,0.757773,0.0984669
60512,-0.666983,-0.66717,0.532659,0.50083,0.439414,0.0597561,4669890,4097240,557185,9324320,0.497602,0.382555,Talarico,16.7119,-26.6898,0.713025,12.8456,0.271082,0.310654
60520,0.361349,0.288619,0.508697,0.483335,0.466808,0.0498569,4410240,4259430,454924,9124590,0.486942,0.582272,Talarico,18.356,-28.4029,0.561398,13.3066,0.809908,0.964217
60550,2.69031,-0.398935,0.491164,0.457936,0.474413,0.0676506,3903030,4043460,576591,8523080,0.45484,1.2057,Paxton,22.5873,-26.0831,-1.69174,13.478,0.452704,0.164525
60593,-0.30958,-0.141919,0.526774,0.497236,0.446691,0.0560728,4266930,3833190,481177,8581290,0.457948,0.108687,Talarico,19.4453,-25.3699,1.47788,9.73555,0.418385,0.224347
60606,-1.21683,0.478779,0.516642,0.496368,0.464391,0.0392405,5052200,4726720,399403,10178300,0.543174,0.576191,Talarico,14.939,-27.5744,1.66458,12.6598,0.684079,0.23496
60611,1.2752,-0.282574,0.509002,0.481589,0.464554,0.0538578,4539910,4379320,507715,9426950,0.503077,0.980196,Talarico,18.0939,-27.292,0.257009,13.537,0.798701,0.566524
60613,3.19509,-0.191722,0.500994,0.479084,0.477183,0.0437333,3818220,3803080,348548,7969840,0.425317,1.32995,Talarico,23.2312,-28.5962,-1.14677,13.6756,0.354921,0.0342865
60639,0.495364,-0.895948,0.504594,0.487457,0.478581,0.0339619,4807950,4720410,334978,9863340,0.526368,0.570659,Talarico,18.8689,-26.9435,-0.660053,14.289,0.750315,0.587697
60654,0.604617,1.13942,0.541697,0.52606,0.445074,0.0288659,5058070,4279390,277546,9615000,0.513109,0.775851,Talarico,17.3176,-27.5296,0.85966,11.6408,0.122377,0.0896548
60657,-1.45598,1.64266,0.532831,0.508107,0.445493,0.0463999,5280380,4629670,482199,10392200,0.554592,0.226147,Talarico,16.01,-25.1856,0.463304,11.814,0.300624,0.037449
60677,0.381857,1.08336,0.477683,0.458086,0.500889,0.0410255,4323630,4727630,387218,9438480,0.503693,0.498406,Paxton,20.055,-25.033,-1.55409,12.9736,0.193388,0.168516
60689,1.61952,-0.0208066,0.517682,0.497064,0.463109,0.0398263,4810450,4481850,385428,9677730,0.516459,0.985138,Talarico,18.7089,-29.2,1.49799,11.8895,0.726967,0.359026
60737,2.13467,-0.825453,0.471566,0.448884,0.503016,0.0480999,3760650,4214170,402971,8377790,0.44709,0.723148,Paxton,19.8172,-26.1411,-1.14889,13.9286,0.122181,0.0696066
60740,0.209156,-0.937239,0.477724,0.453292,0.495566,0.0511417,4125570,4510320,465459,9101350,0.485701,0.77431,Paxton,15.1721,-25.4579,0.884961,12.0912,0.248433,0.210244
60771,0.172051,0.98151,0.481856,0.460551,0.495235,0.0442135,4236620,4555680,406721,9199030,0.490915,0.31516,Paxton,17.7832,-24.8799,0.605161,9.94101,0.247509,0.28879
60806,-0.0205789,-0.666037,0.464534,0.446724,0.514937,0.0383383,3935450,4536380,337744,8809570,0.470129,0.603857,Paxton,16.2186,-26.6172,1.62283,11.1426,0.0419004,0.0468684
60807,-2.12155,-1.79162,0.492314,0.470905,0.48561,0.043485,4508670,4649460,416346,9574480,0.51095,-0.206792,Paxton,12.1516,-27.5594,1.5901,13.4272,0.355749,0.0818707
60828,-2.56701,0.985498,0.516597,0.49199,0.460377,0.0476328,3689130,3452080,357169,7498380,0.400155,0.200664,Talarico,15.439,-24.9858,0.680115,11.2751,0.545831,0.0466469
60847,-1.84678,1.11983,0.523101,0.492886,0.449353,0.0577617,4366670,3981000,511734,8859400,0.472789,0.555066,Talarico,15.6626,-26.5532,1.02991,12.3901,0.593422,0.658279
60861,2.38157,-0.203363,0.530638,0.50347,0.445332,0.0511984,4455850,3941310,453120,8850280,0.472301,0.957779,Talarico,20.8534,-27.0218,-1.27806,13.6658,0.342749,0.280585
60869,1.94428,-0.0407013,0.535603,0.510173,0.442348,0.0474791,4739180,4109130,441050,9289360,0.495736,0.918789,Talarico,18.6579,-28.9224,0.578426,13.5637,0.202102,0.17167
60872,0.783141,0.845261,0.512398,0.490042,0.466327,0.0436306,4351660,4141070,387448,8880180,0.473898,0.651112,Talarico,18.2629,-27.8364,0.120569,14.3836,0.821066,0.85607
60892,2.8381,-0.0206079,0.527804,0.503325,0.450295,0.0463797,5091870,4555400,469198,10116500,0.539875,0.951187,Talarico,22.8434,-27.008,-1.39011,12.1565,0.309313,0.0977204
60926,-2.43555,0.164699,0.528432,0.507633,0.453007,0.03936,4244980,3788180,329140,8362290,0.446262,0.0389968,Talarico,14.8665,-25.3013,1.12818,11.861,0.310355,0.111147
60949,1.715,-0.271743,0.501776,0.481373,0.477966,0.0406614,4336200,4305510,366277,9007980,0.48072,0.935679,Talarico,20.4363,-25.4771,0.634662,10.2512,0.75771,0.669536
60974,-3.00664,0.397191,0.505862,0.48011,0.468984,0.0509057,4294960,4195430,455391,8945780,0.477397,-0.0049665,Talarico,11.8069,-25.9579,3.0145,10.2195,0.43124,0.364536
61005,-0.518515,-0.230856,0.509229,0.489408,0.471669,0.0389228,3978240,3834050,316391,8128680,0.433792,0.31091800000000003,Talarico,18.2997,-26.5728,1.66874,10.6434,0.82418,0.257236
61007,-1.3179,1.21405,0.49096,0.463981,0.481068,0.0549502,4241740,4397950,502357,9142040,0.487874,0.180128,Paxton,16.5363,-24.7083,-0.748152,12.7531,0.488532,0.405546
61023,-2.37079,0.0616477,0.521163,0.505256,0.464222,0.0305218,4533110,4164960,273839,8971910,0.478793,0.117009,Talarico,15.3948,-25.8228,3.02904,8.54014,0.534385,0.388519
61035,1.1843,1.61821,0.526312,0.502014,0.451819,0.0461675,4992540,4493360,459137,9945040,0.530724,1.11026,Talarico,20.0148,-28.9885,0.89307,12.5705,0.43169,0.0828766
61037,-3.00979,-0.0993098,0.512383,0.492164,0.468376,0.0394607,4547580,4327780,364616,9239980,0.493099,-0.201391,Talarico,11.924,-27.5514,3.81527,10.3537,0.465241,0.174731
61066,0.054786,0.710081,0.510748,0.487889,0.467355,0.0447558,4505500,4315870,413305,9234680,0.492818,0.815216,Talarico,18.5174,-25.6251,0.595339,11.6234,0.898991,0.896878
61093,-0.937329,1.88681,0.497027,0.478287,0.484009,0.0377043,4445570,4498760,350453,9294780,0.496028,0.418938,Paxton,17.3982,-26.0165,0.0117008,12.8689,0.644846,0.787692
61101,-0.0941418,0.740679,0.494046,0.469302,0.480613,0.0500849,4812360,4928340,513585,10254300,0.54723,0.544415,Paxton,18.411,-24.9273,-1.03978,13.5953,0.551919,0.228967
61122,0.56733,0.288053,0.517428,0.495213,0.461852,0.0429348,4183700,3901860,362726,8448290,0.45085,0.585003,Talarico,18.035,-28.3048,2.73227,10.1263,0.716178,0.575784
61147,1.29181,1.20942,0.517703,0.498647,0.464544,0.0368091,4778800,4451980,352761,9583530,0.511434,1.24496,Talarico,20.3542,-26.8464,-1.07725,13.7501,0.626295,0.191258
61170,1.99145,-1.49664,0.513984,0.487082,0.460578,0.0523393,4465340,4222360,479822,9167520,0.489233,1.46837,Talarico,19.1111,-27.7738,-0.569041,13.836,0.573936,0.0867806
61171,1.595,0.441786,0.514778,0.491095,0.462899,0.0460058,4381000,4129460,410412,8920880,0.476071,0.545498,Talarico,18.5658,-27.0817,-1.12706,14.7785,0.864439,0.837605
61183,-2.2758,-0.0123302,0.517656,0.497378,0.463448,0.039174,4586190,4273340,361213,9220740,0.492071,-0.484777,Talarico,11.9756,-26.525,3.16157,10.9229,0.676864,0.0440657
61202,-1.09198,-2.25777,0.474423,0.452867,0.501698,0.0454346,3561070,3945050,357270,7863390,0.419636,0.187037,Paxton,14.8946,-25.3528,1.34083,11.2717,0.0976274,0.0234198
61231,1.43812,-0.953447,0.500052,0.473269,0.473171,0.0535605,4184940,4184070,473616,8842630,0.471895,1.15095,Talarico,20.5032,-27.8275,0.0290047,12.9633,0.794519,0.334672
61284,-1.03039,-0.0930336,0.512301,0.484398,0.461135,0.0544665,4695070,4469600,527921,9692590,0.517252,0.323805,Talarico,13.768,-27.6952,1.23223,13.6632,0.867967,0.656787
61353,2.90949,-0.774875,0.516305,0.490626,0.459638,0.0497358,4556070,4268300,461858,9286230,0.495566,1.09063,Talarico,21.2394,-28.0275,-0.817725,13.6381,0.376436,0.45495
61367,0.44415,-1.48212,0.514824,0.495879,0.467322,0.0367985,4730640,4458200,351054,9539900,0.509105,0.404567,Talarico,18.2841,-28.0956,0.100374,13.7831,0.672364,0.756171
61374,2.33062,1.5844800000000001,0.509022,0.483959,0.466804,0.0492362,4954200,4778590,504022,10236800,0.546295,1.03022,Talarico,22.1385,-25.922,-0.366967,11.4293,0.425434,0.126719
61395,2.54009,-0.81797,0.507842,0.48409,0.469139,0.0467708,4549620,4409110,439566,9398300,0.501548,0.708899,Talarico,20.8621,-27.961,0.0662526,13.1416,0.665283,0.939028
61407,1.85849,0.199005,0.498407,0.472122,0.47514,0.052738,3991020,4016540,445814,8453380,0.45112,0.564323,Paxton,19.0699,-28.0426,1.16967,11.2939,0.708125,0.620139
61424,-2.43609,0.495264,0.523147,0.499697,0.455477,0.0448254,4490700,4093310,402839,8986850,0.47959,0.194029,Talarico,15.2647,-26.2313,0.295499,13.9163,0.433715,0.454998
61442,0.556227,-0.465161,0.486478,0.459159,0.484683,0.0561582,4066550,4292610,497367,8856530,0.472636,0.711325,Paxton,17.05,-27.6619,1.19626,12.4974,0.44515,0.43537
61449,1.72216,-1.52538,0.496437,0.477014,0.483862,0.0391246,4317390,4379370,354112,9050880,0.483008,0.755001,Paxton,18.5725,-28.2762,0.253987,12.9278,0.697111,0.807075
61450,0.293877,-1.69157,0.497549,0.462681,0.46724,0.0700795,3960750,3999770,599910,8560430,0.456832,0.841322,Paxton,18.7312,-26.9609,1.03641,12.0542,0.741646,0.517371
61473,1.56992,0.909785,0.532001,0.506501,0.445566,0.0479332,4451610,3916060,421283,8788960,0.469028,1.24518,Talarico,18.2597,-26.8836,1.28158,11.6987,0.338108,0.0786393
61493,2.9004,-0.276145,0.513779,0.488222,0.462036,0.0497422,4969850,4703280,506350,10179500,0.543239,1.19696,Talarico,21.4396,-27.2393,-2.38243,16.1108,0.528244,0.0952477
61541,0.0589232,0.83488,0.521329,0.495141,0.454626,0.0502332,4127590,3789850,418754,8336190,0.444869,0.605218,Talarico,19.2416,-26.0778,-0.843037,13.0338,0.636507,0.416712
61575,-0.201397,-1.22382,0.502571,0.475769,0.470901,0.0533298,4496270,4450260,503995,9450520,0.504337,0.329642,Talarico,16.676,-25.5526,0.302038,12.0788,0.752412,0.726035
61576,0.28976,1.24449,0.527773,0.503114,0.450163,0.0467233,4859310,4347890,451276,9658480,0.515432,0.791262,Talarico,17.4105,-25.1191,-1.3619,14.0209,0.461285,0.314211
61601,0.732082,0.19609,0.504016,0.479475,0.471835,0.04869,4528540,4456370,459866,9444780,0.50403,0.756943,Talarico,20.9355,-27.1805,-0.656771,12.4354,0.770305,0.859839
61638,-0.94288400000000006,2.37738,0.538596,0.51424,0.440539,0.0452209,4224780,3619290,371516,8215590,0.438434,0.222315,Talarico,16.2141,-24.9701,-0.121928,13.5531,0.105712,0.0582295
61652,1.04339,1.16243,0.479389,0.457664,0.497018,0.0453174,3910010,4246230,387165,8543410,0.455926,1.06476,Paxton,18.902,-26.6532,0.750744,11.6677,0.172998,0.111328
61681,-1.10084,0.868684,0.508604,0.481265,0.464981,0.0537539,4213510,4070950,470620,8755090,0.467224,0.522919,Talarico,15.6857,-25.9702,0.847428,12.1643,0.874882,0.849239
61684,0.942909,-0.829998,0.525677,0.497252,0.448674,0.0540738,4893820,4415730,532180,9841730,0.525211,0.642771,Talarico,19.6303,-27.4251,-0.768834,13.8368,0.472183,0.33592
61713,2.89628,0.25264,0.492285,0.471592,0.486373,0.0420346,3977410,4102070,354520,8434000,0.450088,1.1524,Paxton,22.3733,-26.3299,-2.22265,14.8716,0.309553,0.179262
61718,-1.09388,-0.0800662,0.530631,0.511521,0.452466,0.0360132,4740510,4193220,333752,9267480,0.494568,0.613014,Talarico,16.5437,-27.8226,3.06563,10.2052,0.401766,0.431419
61763,0.230242,-0.232218,0.523955,0.503474,0.457437,0.0390894,4802560,4363420,372868,9538850,0.509048,0.118343,Talarico,17.3733,-28.5268,0.658452,13.6316,0.484625,0.259004
61798,-1.09578,1.09195,0.4992,0.477636,0.479167,0.0431979,3576370,3587830,323451,7487650,0.399584,0.591148,Paxton,17.1072,-26.1134,0.470884,12.4147,0.74405,0.0588256
61808,0.867006,0.482815,0.477405,0.455178,0.498263,0.0465594,3819740,4181300,390715,8391760,0.447831,0.474975,Paxton,20.4146,-26.5156,0.227838,11.5666,0.149065,0.11807
61814,2.77894,-0.454014,0.503467,0.483145,0.476491,0.0403643,4208230,4150280,351577,8710090,0.464821,1.55893,Talarico,20.441,-29.1315,-0.341062,13.7326,0.60907,0.0553175
61828,-1.38806,1.05632,0.505435,0.484242,0.473827,0.0419312,4277930,4185920,370432,8834290,0.471451,-0.355114,Talarico,15.5943,-26.2117,1.14379,12.3311,0.850514,0.0855792
61833,1.10391,-0.460466,0.497594,0.480828,0.485478,0.0336936,3899100,3936800,273226,8109130,0.43275,1.07178,Paxton,18.6801,-28.71,0.425177,13.1811,0.700747,0.142282
61840,-0.62846,-2.54888,0.529092,0.513671,0.457183,0.0291457,4527600,4029700,256896,8814190,0.470377,0.737572,Talarico,13.8819,-28.6347,0.898097,13.9891,0.153074,0.435769
61842,-1.37516,0.0739733,0.503178,0.479612,0.473555,0.0468334,3778500,3730780,368965,7878240,0.420428,0.118883,Talarico,16.716,-27.0758,1.81018,11.6569,0.844661,0.129633
61843,-2.42789,1.157,0.524671,0.503121,0.455806,0.0410735,4059610,3677830,331416,8068860,0.4306,0.21289,Talarico,14.6089,-23.4209,2.48138,8.11923,0.418848,0.145859
61849,-2.47574,0.259771,0.459861,0.440594,0.517509,0.0418975,4249610,4991470,404109,9645190,0.514722,0.163033,Paxton,16.9862,-24.2115,0.478581,11.1351,0.042245,0.0206022
61872,-2.31275,-0.0979367,0.498106,0.47796,0.481594,0.0404456,4190130,4221980,354574,8766680,0.467842,0.0290038,Paxton,15.4624,-25.6367,1.12608,12.8503,0.621026,0.283974
61876,1.81115,-0.922158,0.519646,0.492609,0.455362,0.0520291,4328690,4001380,457193,8787260,0.46894,1.02854,Talarico,20.5982,-28.7567,-0.356484,13.5099,0.572305,0.318126
61881,-1.03617,-0.250284,0.523038,0.50135,0.457185,0.0414653,4626470,4218910,382643,9228020,0.492461,0.564325,Talarico,16.7923,-26.902,2.39432,10.5476,0.557673,0.713814
61901,2.26987,-0.285472,0.500259,0.474369,0.473878,0.0517531,4529320,4524630,494144,9548100,0.50954,1.14496,Talarico,20.1495,-28.1616,-0.0505705,12.4455,0.695719,0.28682
61913,-1.85378,2.11347,0.511466,0.493715,0.471579,0.0347063,4767040,4553310,335105,9655450,0.515271,0.414625,Talarico,15.8244,-25.0858,0.637649,11.053,0.411851,0.76206
61916,0.182459,-0.256995,0.517886,0.490748,0.45685,0.0524022,4041170,3762030,431517,8234720,0.439453,0.371627,Talarico,16.8377,-28.5597,0.188285,15.7461,0.638607,0.319399
61935,1.73688,-2.06482,0.504172,0.48187,0.473896,0.0442333,3921380,3856480,359963,8137830,0.43428,0.948061,Talarico,20.0226,-27.3674,-0.113246,12.6925,0.489435,0.234601
61948,-2.73769,-0.550584,0.504666,0.487177,0.478168,0.0346551,4487920,4404930,319246,9212100,0.491611,-0.00846293,Talarico,12.9408,-25.3172,1.4403,11.6184,0.492042,0.35259
61969,0.355873,-0.349514,0.52661,0.499847,0.449331,0.0508211,4308140,3872740,438022,8618900,0.459958,0.580911,Talarico,16.034,-29.4177,1.79324,12.6516,0.395309,0.492628
61972,-1.70164,0.881347,0.495325,0.46908,0.477935,0.0529852,4446060,4529980,502207,9478250,0.505815,0.434764,Paxton,17.7989,-25.943,-0.173507,12.9505,0.627511,0.651179
61981,-1.61082,-1.02909,0.503261,0.485439,0.479149,0.0354116,4585590,4526170,334508,9446270,0.504109,0.364664,Talarico,15.7673,-27.4637,1.57381,11.8441,0.762391,0.793299
62075,-1.06077,-1.11298,0.512196,0.492871,0.469399,0.0377305,4350360,4143180,333031,8826570,0.471034,0.175885,Talarico,14.5167,-25.9568,1.73621,11.6739,0.775725,0.570332
62078,-2.628,-0.844059,0.473176,0.447183,0.497885,0.0549318,3999550,4453030,491304,8943880,0.477297,0.298895,Paxton,13.7584,-25.4326,1.79447,10.7271,0.0833861,0.112681
62085,1.88685,1.27112,0.493929,0.471126,0.482706,0.0461678,4451880,4561320,436261,9449460,0.504279,0.885998,Paxton,20.9944,-26.4364,0.636545,11.7427,0.43207,0.505389
62099,0.818951,-1.70088,0.519511,0.493069,0.456034,0.0508971,4416710,4084970,455916,8957590,0.478029,0.383506,Talarico,18.3851,-28.4406,1.92146,10.8025,0.583595,0.693937
62134,1.04998,-1.27963,0.51771,0.49161,0.457976,0.0504138,4490360,4183160,460480,9134000,0.487443,0.950297,Talarico,17.9094,-28.3067,1.37038,11.3457,0.628361,0.623258
62252,2.33681,-1.486,0.499185,0.476183,0.477737,0.0460807,4279440,4293400,414126,8986960,0.479598,0.829984,Paxton,23.5419,-28.0585,-0.866805,13.0353,0.604842,0.816598
62275,2.52668,-0.300546,0.510525,0.491221,0.470966,0.0378132,4630570,4439630,356452,9426650,0.503061,1.33426,Talarico,21.4694,-26.2515,-0.977067,13.8424,0.768159,0.204297
62283,0.642395,-2.3517,0.50356,0.489015,0.4821,0.0288847,3975680,3919460,234832,8129970,0.433862,1.00631,Talarico,18.9852,-25.8941,-0.757017,13.3991,0.496005,0.212236
62286,-0.0261585,-2.05541,0.494271,0.471404,0.482332,0.0462639,3991030,4083560,391683,8466270,0.451809,0.577054,Paxton,16.6422,-27.3655,0.119682,14.0741,0.529032,0.538558
62295,-2.12493,-0.359787,0.526264,0.503674,0.4534,0.0429261,4571610,4115300,389620,9076530,0.484377,0.218679,Talarico,13.8658,-28.1978,2.63221,11.3806,0.411683,0.417896
62332,1.18073,-1.1192,0.508181,0.482591,0.467053,0.0503561,4485070,4340660,467996,9293720,0.495966,0.627151,Talarico,18.545,-27.2247,-1.45635,14.8122,0.80347,0.991268
62340,2.08809,0.869951,0.526626,0.506904,0.455646,0.0374497,4378710,3935930,323496,8638140,0.460981,1.07851,Talarico,19.5399,-27.5719,0.621007,12.2982,0.423494,0.204541
62341,1.4119,-1.41003,0.52137,0.498426,0.457567,0.0440061,4920240,4516900,434409,9871560,0.526806,0.857353,Talarico,19.2969,-27.8082,0.465957,12.7785,0.536371,0.28731
62342,0.707243,-1.63883,0.500407,0.484113,0.483326,0.0325611,4293430,4286450,288773,8868650,0.473285,0.995567,Talarico,18.2194,-28.7595,2.09579,10.5107,0.816172,0.529155
62348,0.306605,1.50372,0.504814,0.477074,0.467976,0.0549503,4093280,4015220,471472,8579980,0.457877,0.312039,Talarico,19.9928,-26.8077,0.0703173,12.7449,0.937322,0.63723
62357,-0.135579,0.485628,0.505054,0.487726,0.477964,0.0343103,4786360,4690560,336709,9813630,0.52371,0.21732,Talarico,16.8613,-25.8731,-1.15628,13.8099,0.883259,0.371338
62386,-0.35508,2.43076,0.500917,0.483205,0.481436,0.0353589,4498030,4481570,329147,9308740,0.496766,1.08166,Talarico,18.8809,-24.9704,0.31122,10.0455,0.450112,0.429494
62400,-0.220566,-1.49918,0.500945,0.481919,0.480101,0.03798,4397820,4381240,346592,9125650,0.486999,0.665364,Talarico,15.0763,-28.9656,1.48601,13.1188,0.754427,0.93954
62450,-1.12498,-0.857552,0.512158,0.488221,0.465042,0.0467374,4675990,4453990,447633,9577620,0.511115,0.771064,Talarico,17.8486,-28.9409,2.79886,10.2871,0.812632,0.705794
62469,-0.124982,-1.86069,0.518625,0.485013,0.450178,0.0648094,4427390,4109400,591605,9128390,0.487142,0.571615,Talarico,19.0176,-26.8527,1.17623,11.1796,0.612619,0.846508
62494,0.381611,0.102637,0.507151,0.483092,0.469469,0.0474387,4501600,4374660,442049,9318310,0.497281,0.343596,Talarico,20.5225,-26.9594,0.961128,10.7657,0.804074,0.857156
62496,2.16445,-1.86005,0.507407,0.490081,0.475773,0.034146,4469540,4339060,311412,9120010,0.486697,1.18294,Talarico,21.0387,-29.7053,0.198618,13.6249,0.434332,0.35571
62507,1.17283,-1.88815,0.479949,0.461739,0.50032,0.0379419,3850310,4172030,316387,8338720,0.445005,0.677477,Paxton,18.582,-26.7205,0.833327,11.2825,0.222157,0.152063
62531,-1.97223,-1.84743,0.508826,0.488896,0.471936,0.0391674,4129040,3985810,330794,8445640,0.450709,0.391562,Talarico,14.3829,-23.5217,-1.68408,14.8302,0.460037,0.620044
62555,2.29051,0.854929,0.526815,0.496593,0.446039,0.0573685,4362420,3918320,503965,8784700,0.468805,1.02093,Talarico,19.8178,-28.0877,-0.790222,14.8693,0.392451,0.269372
62600,2.61428,-0.731154,0.512038,0.494739,0.471476,0.033785,4375280,4169560,298782,8843620,0.471947,0.753907,Talarico,21.2311,-26.5359,-1.46873,14.0219,0.627956,0.797976
62655,1.14876,1.99853,0.503719,0.479855,0.472769,0.0473756,3666470,3612330,361987,7640790,0.407756,0.687846,Talarico,19.2688,-25.9739,-1.3345,14.475,0.562639,0.129785
62672,0.258925,1.62556,0.486137,0.458498,0.484647,0.0568554,3791700,4007950,470185,8269840,0.441327,0.762492,Paxton,17.1532,-27.1839,0.585453,13.0712,0.34159,0.203815
62681,-0.246941,-1.73233,0.529831,0.508273,0.451039,0.0406876,4343080,3854020,347666,8544760,0.455997,0.358591,Talarico,16.5607,-27.7236,2.3493,10.7023,0.356912,0.312382
62687,0.497806,-1.84994,0.526307,0.498727,0.448869,0.0524037,4453960,4008700,468000,8930670,0.476594,0.518823,Talarico,17.6075,-27.8929,2.4229,10.181,0.418774,0.56662
62706,1.58838,0.269575,0.521202,0.498463,0.457909,0.0436286,4884180,4486810,427494,9798480,0.522905,0.94033,Talarico,19.0746,-29.2068,0.867251,13.2908,0.669411,0.273282
62723,-1.38193,1.48472,0.519553,0.493565,0.456415,0.0500201,4094510,3786330,414957,8295800,0.442714,-0.0835955,Talarico,13.7447,-27.045,2.99231,10.3833,0.663615,0.0819602
62749,2.27963,0.329101,0.481505,0.464536,0.500223,0.0352406,4235320,4560690,321300,9117310,0.486554,0.960025,Paxton,21.7513,-26.001,-1.04419,13.277,0.180833,0.177098
62765,1.42525,1.82946,0.515725,0.49361,0.46351,0.0428799,4586980,4307260,398471,9292720,0.495914,0.681331,Talarico,18.2677,-28.0896,1.39597,12.2074,0.557027,0.901737
62795,2.18123,-1.30485,0.509189,0.490659,0.47295,0.036391,4539190,4375350,336660,9251200,0.493696,1.45539,Talarico,19.2927,-29.7363,0.179518,14.8736,0.690129,0.118289
62848,-2.26766,1.04892,0.520445,0.496773,0.457742,0.0454841,4295250,3957780,393269,8646300,0.461418,-0.0531422,Talarico,14.6496,-26.1727,1.58179,11.954,0.569663,0.137437
62849,-1.0519,1.67214,0.510235,0.483352,0.46396,0.0526888,4481390,4301590,488503,9271480,0.494782,0.508998,Talarico,16.0889,-26.0883,-0.357781,13.7823,0.722857,0.956941
62858,-1.88206,2.30978,0.516231,0.493253,0.462237,0.0445102,4093980,3836550,369433,8299970,0.442934,-0.0614561,Talarico,14.2266,-22.5895,-0.202369,12.4552,0.320064,0.117347
62893,2.47176,-1.36884,0.487835,0.462759,0.485839,0.0514023,4237310,4448640,470671,9156620,0.48865,1.24799,Paxton,20.9842,-27.208,-1.46188,14.0519,0.3606,0.156848
62911,-0.492345,-0.952741,0.512089,0.491457,0.468254,0.0402888,4638800,4419780,380280,9438860,0.503715,0.374089,Talarico,16.48,-26.1844,1.59294,11.0163,0.75287,0.838136
62951,-0.504006,-0.0674782,0.503287,0.484745,0.478413,0.0368427,4187210,4132510,318246,8637970,0.460974,0.33352,Talarico,17.5364,-26.6757,2.53904,9.19186,0.840238,0.705205
62992,-2.38357,0.595001,0.523467,0.500649,0.455761,0.04359,4441300,4043090,386690,8871080,0.473413,0.394148,Talarico,14.2646,-24.5443,0.405599,12.2079,0.438158,0.601046
63002,-3.05072,-0.280114,0.512535,0.483631,0.459975,0.0563943,4887720,4648640,569937,10106300,0.53933,-0.276203,Talarico,9.25469,-27.676,2.12575,13.3224,0.40171,0.0459989
63003,1.25684,1.72433,0.491105,0.471835,0.488926,0.0392394,4401450,4560880,366040,9328370,0.497814,0.810712,Paxton,18.7976,-26.7629,-0.593119,13.7299,0.356949,0.522002
63015,0.0896322,-1.89179,0.509189,0.481495,0.464116,0.054389,4489500,4327460,507128,9324090,0.497589,0.18363,Talarico,16.9273,-29.0981,2.48596,11.7786,0.688356,0.651886
63035,-0.367972,0.937298,0.507033,0.479021,0.465732,0.0552474,4365000,4243900,503432,9112330,0.486287,0.297011,Talarico,16.9812,-26.158,-0.446276,14.3003,0.982241,0.812978
63045,1.28034,-1.18511,0.495785,0.478194,0.486325,0.0354809,4077490,4146820,302540,8526850,0.455048,0.964644,Paxton,18.1346,-27.5151,-0.395913,12.8036,0.752598,0.329256
63070,-0.227257,-0.99256,0.509467,0.486145,0.468078,0.0457764,4484790,4318120,422297,9225210,0.49231,0.346675,Talarico,20.1648,-25.2705,0.504281,10.2069,0.723801,0.860191
63084,2.85935,-0.103654,0.524406,0.505365,0.458325,0.0363103,4440290,4026990,319034,8786310,0.468888,1.21422,Talarico,22.4597,-26.9576,-0.829641,13.2096,0.388397,0.114945
63100,-0.676155,1.30418,0.497528,0.471562,0.476248,0.0521898,4085460,4126060,452156,8663680,0.462344,0.893006,Paxton,15.117,-26.0908,-1.2271,15.6976,0.749523,0.533858
63118,1.18858,-0.135938,0.515242,0.491939,0.462833,0.0452281,4889470,4600190,449531,9939190,0.530414,0.878408,Talarico,17.8484,-28.4506,-1.10642,15.8106,0.745117,0.307049
63181,-0.758311,-0.331095,0.53991,0.51743,0.440932,0.0416383,4680530,3988560,376649,9045740,0.482733,0.339425,Talarico,16.6019,-27.1925,1.74951,10.5789,0.1291,0.174257
63184,-0.540578,1.14452,0.504968,0.477998,0.468594,0.0534078,4145500,4063940,463186,8672620,0.462822,0.326267,Talarico,15.8897,-26.7139,0.797082,13.2705,0.970572,0.715641
63194,2.02655,0.263828,0.521341,0.497747,0.456997,0.0452553,4419110,4057320,401787,8878220,0.473791,1.44168,Talarico,20.974,-28.5535,1.07495,10.7788,0.652169,0.0608922
63208,1.0696,-0.262103,0.51641,0.493827,0.462442,0.0437314,4142750,3879460,366866,8389070,0.44769,0.444257,Talarico,18.0508,-28.5326,0.585235,13.6606,0.698658,0.518662
63212,1.80913,-0.524773,0.522346,0.501843,0.458905,0.0392514,4782000,4372850,374022,9528880,0.508515,0.566305,Talarico,19.4514,-28.2226,0.74624,11.7199,0.523787,0.602554
63288,-1.3806,0.00175266,0.537047,0.504555,0.434943,0.0605023,4401560,3794290,527801,8723660,0.465545,0.33633,Talarico,15.8288,-28.7017,2.75138,11.3848,0.205453,0.197041
63293,-1.40628,2.17964,0.499315,0.471238,0.472531,0.0562308,4270310,4282030,509557,9061890,0.483595,0.259607,Paxton,17.6505,-22.3351,-0.852104,11.7334,0.448664,0.704824
63315,-0.245308,0.92264,0.480889,0.461092,0.49774,0.0411677,4641210,5010100,414382,10065700,0.537166,0.409027,Paxton,18.4991,-24.3936,-0.402275,11.4546,0.226426,0.111817
63325,0.725367,0.27596,0.518415,0.501203,0.465596,0.0332016,5107360,4744510,338331,10190200,0.543812,0.625246,Talarico,18.4126,-26.433,0.761756,11.0461,0.707548,0.221298
63403,-1.3952,-0.632418,0.527233,0.501895,0.450046,0.0480589,4183900,3751680,400629,8336220,0.44487,0.103847,Talarico,13.858,-29.5444,3.76535,10.594,0.511456,0.141513
63414,-1.43495,0.113128,0.527763,0.49776,0.445391,0.0568481,4343670,3886670,496081,8726420,0.465693,0.390302,Talarico,16.3177,-28.832,2.8254,11.1238,0.464922,0.435733
63453,-1.96094,0.668436,0.499256,0.481059,0.482493,0.0364479,4196810,4209330,317976,8724120,0.465571,0.467,Paxton,16.4215,-26.2085,1.82211,11.6314,0.743923,0.768199
63471,-1.5523,1.2598800000000001,0.498723,0.482231,0.4847,0.0330689,4763470,4787860,326654,9877990,0.527145,0.207711,Paxton,17.6364,-26.6304,0.302523,12.4619,0.694224,0.2787
63488,0.43192,0.106042,0.494963,0.475365,0.48504,0.0395955,4122840,4206750,343412,8673000,0.462843,0.565032,Paxton,15.4817,-26.625,0.789011,12.7909,0.631734,0.65014
63538,0.186481,1.50053,0.469531,0.452305,0.511008,0.0366868,4259660,4812500,345504,9417660,0.50258,0.822593,Paxton,18.6568,-24.6716,0.56388,10.2626,0.075178,0.0719625
63541,1.5648,-0.266298,0.526894,0.506148,0.454478,0.0393734,4173340,3747300,324645,8245280,0.440016,0.987958,Talarico,18.3544,-29.0125,0.292923,13.0585,0.417733,0.164263
63551,-1.17336,-2.30258,0.50874,0.48914,0.472334,0.0385263,3723900,3595960,293307,7613160,0.406284,-0.0359683,Talarico,14.1196,-28.8261,2.02473,12.9992,0.374247,0.0384974
63622,1.64635,-1.49565,0.499473,0.479405,0.480417,0.0401775,4638900,4648690,388772,9676370,0.516387,0.291021,Paxton,18.2872,-28.9571,0.430363,14.1126,0.794479,0.511834
63624,-1.59889,0.867572,0.479841,0.450364,0.488205,0.0614304,4066340,4408010,554655,9029000,0.48184,0.449809,Paxton,16.8653,-25.3877,0.669269,11.5814,0.208137,0.255053
63630,0.481554,1.44038,0.502802,0.472916,0.467645,0.0594386,4635050,4583380,582557,9800990,0.523038,0.258561,Talarico,16.0483,-26.1256,0.741916,12.682,0.942349,0.393399
63640,-2.61185,0.832334,0.502225,0.481885,0.477615,0.0404996,4401460,4362450,369916,9133830,0.487434,0.00886571,Talarico,15.1357,-25.3135,-0.272001,13.7223,0.672677,0.343495
63668,-1.60292,-0.277526,0.511648,0.48275,0.46077,0.0564807,4538690,4332040,531017,9401750,0.501734,0.0939748,Talarico,16.0649,-28.0371,0.626497,14.087,0.888259,0.486416
63699,-1.28762,-0.0519036,0.498979,0.469445,0.471367,0.0591882,3915770,3931800,493705,8341270,0.445138,0.159529,Paxton,13.407,-27.7803,2.22365,12.9749,0.775356,0.257837
63703,-0.374933,0.366133,0.482494,0.459468,0.492808,0.0477244,4185550,4489270,434749,9109570,0.486139,0.689204,Paxton,17.7761,-27.5515,0.498601,12.3068,0.281421,0.344292
63709,1.07389,1.77405,0.485216,0.470146,0.498795,0.0310592,4424140,4693730,292272,9410150,0.50218,1.14108,Paxton,21.7338,-23.321,-2.45113,13.1452,0.264679,0.155965
63791,1.76618,1.81613,0.494737,0.470127,0.480129,0.0497433,4120780,4208450,436012,8765240,0.467765,1.17195,Paxton,19.7245,-26.368,-1.25805,14.2898,0.337701,0.281064
63810,1.04544,-1.74607,0.507762,0.486084,0.471223,0.0426926,4804460,4657570,421974,9884000,0.527467,0.983623,Talarico,20.3638,-27.8069,0.594454,11.975,0.80423,0.294206
63814,-1.6089,-2.12194,0.519847,0.502926,0.464524,0.0325505,4810400,4443090,311340,9564830,0.510431,0.107134,Talarico,12.8019,-27.1402,-0.477244,16.1684,0.200511,0.312647
63840,-1.36478,0.323715,0.510701,0.485886,0.465523,0.0485913,4285060,4105480,428530,8819070,0.470632,0.336861,Talarico,15.0153,-24.0388,-0.769051,13.8973,0.820135,0.753531
63848,-0.479976,-2.46423,0.492982,0.477149,0.490734,0.0321176,4671640,4804650,314455,9790740,0.522493,0.349415,Paxton,15.2098,-27.7898,3.79077,9.17895,0.289775,0.391584
63850,1.85147,-1.63441,0.506795,0.481847,0.468926,0.0492275,4249280,4135340,434125,8818740,0.470618,0.867989,Talarico,18.0472,-27.3698,-0.462634,13.6832,0.691835,0.687688
63867,-0.196675,1.18784,0.458345,0.438315,0.517984,0.0437002,4192630,4954680,418006,9565320,0.510461,1.16765,Paxton,18.1005,-23.4941,0.373902,10.8982,0.0201083,0.0146533
63870,-2.26453,0.833724,0.500592,0.476652,0.475525,0.047823,4046020,4036440,405941,8488400,0.45299,0.234323,Talarico,13.1048,-26.4549,0.720141,13.9246,0.766319,0.435197
63881,1.77825,0.380297,0.488677,0.461162,0.482533,0.0563054,3814410,3991180,465719,8271300,0.441406,1.11913,Paxton,22.5668,-27.5778,2.40148,8.43352,0.427039,0.132525
63886,1.8949,-0.249071,0.536976,0.52107,0.449309,0.029621,5121470,4416140,291137,9828750,0.52452,0.753961,Talarico,19.925,-27.4434,0.0220049,12.6641,0.179523,0.136517
63891,-2.36869,-0.08638,0.536204,0.517889,0.447955,0.0341569,4724780,4086760,311619,9123160,0.486865,0.0931155,Talarico,12.3362,-26.701,4.14872,8.76009,0.190447,0.153899
63914,1.30309,-1.89635,0.530633,0.513053,0.453817,0.0331299,4800810,4246520,310008,9357340,0.499362,0.823864,Talarico,15.0077,-29.6899,0.521767,15.1457,0.28794,0.30807
63942,1.31158,-1.16994,0.506626,0.489546,0.476742,0.0337116,4160460,4051640,286502,8498610,0.453534,1.74926,Talarico,18.0053,-26.6421,0.878585,11.1555,0.827323,0.0180755
63968,1.16533,0.00162547,0.52432,0.498649,0.45239,0.0489615,4284710,3887220,420708,8592630,0.458555,0.728223,Talarico,17.606,-28.2034,1.07751,13.1778,0.517756,0.472273
63979,0.414301,-2.34984,0.484403,0.462422,0.4922,0.0453779,4321960,4600280,424118,9346360,0.498776,0.374678,Paxton,18.8102,-26.5118,1.77875,9.46366,0.23981,0.360045
63986,1.36844,-0.294922,0.477803,0.462549,0.505526,0.031925,4219810,4611890,291250,9122960,0.486855,0.505623,Paxton,19.9622,-26.1122,0.340226,11.3679,0.250516,0.218874
63989,1.0478,1.71144,0.505531,0.483519,0.472939,0.0435419,4502980,4404440,405502,9312920,0.496988,0.568602,Talarico,17.8606,-26.5813,-0.652189,13.3138,0.748021,0.98258
63994,0.823881,-2.15942,0.491503,0.474823,0.491241,0.0339361,5004370,5177400,357668,10539400,0.562446,0.925327,Paxton,17.369,-28.002,0.417385,13.0259,0.522135,0.0451825
64002,0.612948,0.748761,0.51671,0.492447,0.460597,0.0469559,4675680,4373270,445836,9494780,0.506698,0.722986,Talarico,18.4617,-26.3759,-0.518776,13.6991,0.74853,0.747958
64036,0.448248,2.45692,0.524791,0.503928,0.456318,0.0397542,4776670,4325380,376825,9478870,0.505849,0.678558,Talarico,18.7748,-24.7183,-1.89124,13.9832,0.243767,0.535386
64039,-0.670834,1.30763,0.518379,0.496971,0.46173,0.041299,4911930,4563630,408189,9883750,0.527457,0.671841,Talarico,17.8314,-26.3504,1.13767,11.3375,0.642043,0.377997
64074,-0.361588,-1.13443,0.530321,0.506993,0.449019,0.0439883,4691040,4154620,407009,9252670,0.493777,0.333644,Talarico,17.6838,-28.3949,2.1663,11.3637,0.327619,0.367241
64110,-2.50105,1.64154,0.536764,0.519933,0.448711,0.0313555,4786950,4131230,288686,9206860,0.491333,-0.22275,Talarico,12.4999,-23.6673,-0.297924,13.0342,0.133888,0.0337217
64112,0.158477,-0.440727,0.50743,0.484419,0.470234,0.0453469,4629160,4493600,433339,9556090,0.509971,0.62658,Talarico,17.4252,-27.4767,0.448362,13.2113,0.760374,0.884451
64213,0.310231,-0.734979,0.481346,0.45834,0.493865,0.0477958,4312230,4646460,449680,9408360,0.502086,0.752863,Paxton,18.2222,-27.1708,0.442303,13.0003,0.324826,0.249908
64231,-0.155354,-0.410264,0.526127,0.494606,0.445482,0.0599123,4050160,3647900,490602,8188670,0.436994,0.212373,Talarico,14.7221,-26.1998,0.895032,12.0328,0.374288,0.167477
64294,0.0491689,1.087,0.497802,0.480509,0.484753,0.0347384,4767670,4809770,344678,9922120,0.529503,0.658782,Paxton,19.4764,-25.3249,0.941695,9.59688,0.77295,0.475061
64330,1.82513,-0.857889,0.506606,0.487245,0.474538,0.0382168,4563260,4444260,357917,9365440,0.499795,0.93847,Talarico,20.0907,-28.6541,0.59412,12.7615,0.82496100000000006,0.652248
64339,0.370718,0.592407,0.526732,0.504663,0.45344,0.0418967,4769580,4285470,395966,9451010,0.504359,0.776892,Talarico,19.6018,-25.8205,0.789844,11.1861,0.564288,0.431356
64379,0.875995,0.594354,0.496428,0.477077,0.483943,0.0389796,4537570,4602870,370742,9511190,0.507574,0.618656,Paxton,19.0433,-25.5086,-2.28439,14.9782,0.702759,0.669716
64384,1.68795,-1.17895,0.492725,0.465117,0.478853,0.0560296,4144200,4266580,499224,8910000,0.475488,0.9741,Paxton,18.5962,-27.037,0.82122,11.6604,0.600254,0.462077
64390,0.875925,-2.03763,0.500742,0.482012,0.480582,0.0374061,4868220,4853780,377794,10099800,0.538984,0.696762,Talarico,17.8138,-28.664,2.30577,11.0364,0.698216,0.361192
64400,0.764795,-2.16344,0.488714,0.465751,0.487263,0.0469858,3740170,3912910,377314,8030390,0.428547,0.87326,Paxton,19.4762,-26.5345,-0.130809,11.9485,0.433822,0.124
64427,0.657383,1.13397,0.511487,0.486489,0.464638,0.0488723,5126680,4896410,515022,10538100,0.562371,0.528425,Talarico,16.5271,-27.7303,1.41344,11.1585,0.843914,0.10689
64430,0.554893,0.733005,0.514161,0.491078,0.464028,0.0448935,4187310,3956660,382796,8526760,0.455036,0.658955,Talarico,19.6782,-26.6805,1.02319,10.8297,0.800954,0.630335
64433,-0.126736,-1.53928,0.508754,0.48515200000000003,0.468457,0.046391,4364290,4214100,417320,8995710,0.480065,0.381001,Talarico,16.4794,-27.4923,0.345534,14.0074,0.76733,0.862875
64440,1.24024,1.79652,0.516422,0.490154,0.458979,0.0508671,4017070,3761580,416883,8195530,0.437357,1.02459,Talarico,18.906,-26.1316,0.242456,11.8563,0.574701,0.183954
64445,-2.44764,1.46977,0.504822,0.485188,0.475919,0.0388932,4852360,4759660,388971,10001000,0.53371,-0.109942,Talarico,14.5043,-24.7603,0.93029,11.707,0.56076,0.122086
64489,-0.13956,2.13922,0.494657,0.474415,0.484665,0.0409201,4101140,4189740,353739,8644620,0.461327,0.765639,Paxton,20.2863,-22.9945,-1.48828,12.138,0.450976,0.576684
64495,-1.2335,-0.862305,0.499838,0.47763,0.47794,0.0444301,4122960,4125640,383526,8632120,0.460663,0.610438,Paxton,16.9126,-27.124,0.789975,12.5167,0.681594,0.723395
64518,1.02006,0.93473,0.492216,0.471248,0.486152,0.0426001,4241000,4375130,383380,8999500,0.480266,0.734499,Paxton,20.1163,-27.194,0.71164,12.2237,0.515471,0.646723
64521,1.99065,-1.07968,0.523633,0.502033,0.456716,0.0412512,4856790,4418390,399075,9674250,0.516274,0.843799,Talarico,16.9354,-27.1218,0.66049,13.0991,0.439674,0.377286
64537,-2.29284,-1.69272,0.511428,0.493226,0.471185,0.0355892,4854840,4637890,350306,9843040,0.525282,0.332655,Talarico,11.9021,-25.5217,2.08516,11.5532,0.411531,0.51867
64548,-2.12355,1.07829,0.519539,0.493099,0.456011,0.0508903,4311360,3987080,444954,8743390,0.4666,0.300191,Talarico,14.6923,-25.8187,1.44835,11.3175,0.630411,0.600092
64567,2.60757,0.395577,0.526684,0.50688,0.455518,0.0376026,4168640,3746240,309249,8224130,0.438888,1.09779,Talarico,21.2461,-28.8735,0.264445,12.9609,0.361537,0.118256
64574,1.35409,0.850651,0.512657,0.488711,0.464578,0.0467112,4310720,4097860,412020,8820590,0.47072,0.99635,Talarico,20.2831,-27.0931,-0.712237,13.561,0.807279,0.465072
64581,-1.39429,-0.2134,0.510827,0.491319,0.470492,0.0381884,4596840,4401980,357295,9356110,0.499297,0.385055,Talarico,13.9121,-29.1209,2.96945,11.5633,0.908049,0.877009
64597,0.107866,-2.55132,0.508151,0.487933,0.47228,0.0397877,4406520,4265150,359322,9030990,0.481948,0.842007,Talarico,19.1431,-26.7359,1.02819,10.3218,0.398184,0.853493
64605,1.32754,-0.962875,0.507076,0.486043,0.472477,0.04148,3995800,3884280,341011,8221090,0.438725,0.797739,Talarico,17.2264,-29.2068,1.1018,13.5263,0.815987,0.310991
64613,2.64324,1.06328,0.518768,0.489972,0.454521,0.0555071,4623800,4289250,523813,9436870,0.503608,1.35143,Talarico,23.8743,-27.8413,-1.31743,13.3272,0.375972,0.126301
64618,-1.90617,-0.458961,0.493911,0.473583,0.485261,0.0411561,4312260,4418590,374751,9105600,0.485928,0.591556,Paxton,16.1645,-27.7964,2.83721,9.91359,0.635316,0.702968
64637,1.40219,0.476781,0.495544,0.471575,0.480056,0.048368800000000003,4681310,4765500,480155,9926960,0.529764,0.937344,Paxton,17.7627,-27.188,-0.0360024,12.9273,0.697624,0.268652
64726,1.95498,0.591987,0.501705,0.480269,0.477005,0.0427269,4771800,4739370,424521,9935690,0.530227,0.631873,Talarico,20.8186,-26.3683,0.533567,11.6419,0.678329,0.505874
64772,0.492661,-1.55352,0.501067,0.473264,0.471247,0.0554889,3846420,3830040,450983,8127440,0.433726,0.565142,Talarico,18.7073,-26.4432,0.177638,12.3414,0.800435,0.312875
64796,-0.709033,-0.547712,0.510426,0.493127,0.472982,0.0338906,4337810,4160600,298120,8796530,0.469435,0.111171,Talarico,15.7424,-26.0642,0.676003,12.6662,0.813064,0.48178
64802,1.18365,1.22469,0.501105,0.482139,0.480012,0.0378486,4791560,4770430,376144,9938130,0.530357,1.3519,Talarico,17.1235,-26.9248,-0.883722,14.9293,0.804129,0.0720145
64839,-0.306008,-1.20083,0.524211,0.507236,0.460382,0.0323825,4683300,4250700,298987,9232980,0.492727,0.798557,Talarico,16.3421,-27.5531,1.12728,12.4768,0.469188,0.558114
64855,0.476623,0.459463,0.511381,0.481417,0.459989,0.0585945,4527050,4325550,550999,9403590,0.501831,0.837942,Talarico,18.2533,-27.1414,0.622688,12.375,0.798252,0.773799
64860,2.20161,-0.670101,0.499302,0.474756,0.476083,0.0491609,4062190,4073550,420639,8556380,0.456616,0.828859,Paxton,19.4812,-27.5315,-0.637513,14.2767,0.693678,0.545994
64865,0.849472,-2.49589,0.514058,0.493889,0.466876,0.0392353,4205850,3975810,334119,8515780,0.454453,0.532151,Talarico,19.7158,-31.5004,2.51824,11.3424,0.449014,0.674038
64871,-1.56486,1.07705,0.508304,0.483315,0.467524,0.0491618,4389980,4246550,446540,9083070,0.484728,0.41423,Talarico,19.1258,-25.3387,0.827037,10.4995,0.873359,0.910987
64901,0.0723553,0.0576253,0.467916,0.444259,0.505183,0.0505583,3481230,3958630,396177,7836040,0.418176,0.54651,Paxton,17.7512,-27.3774,1.28472,11.464,0.0731575,0.0287315
64904,-1.20203,-1.3952,0.504857,0.485584,0.47624,0.0381759,4597930,4509450,361482,9468860,0.505314,0.39713,Talarico,17.0426,-26.6441,0.305115,12.079,0.803916,0.846425
64908,-1.63384,-0.933607,0.50274,0.486298,0.480998,0.0327032,3990000,3946510,268324,8204830,0.437857,0.453512,Talarico,15.5215,-27.9821,1.56192,12.1223,0.752447,0.411733
64909,1.84228,-1.47209,0.498681,0.474939,0.47745,0.0476107,4256460,4278960,426692,8962110,0.478271,0.823834,Paxton,19.1995,-28.8432,0.792309,12.6214,0.75537,0.805009
64951,-1.196,-1.33697,0.491315,0.467622,0.484155,0.0482225,4654510,4819070,479986,9953560,0.53118,-0.0207057,Paxton,14.905,-28.5426,2.18166,11.7487,0.47817,0.0803315
64966,-0.809083,-0.408643,0.502625,0.481608,0.476577,0.0418152,4055160,4012800,352086,8420060,0.449346,0.530863,Talarico,16.9308,-26.2321,1.22706,10.7981,0.784425,0.654211
64981,-0.500326,-1.85063,0.515347,0.482669,0.453922,0.0634093,4142600,3895880,544223,8582700,0.458024,0.52788,Talarico,18.7496,-26.4962,0.97407,11.2185,0.654308,0.700523
64998,-0.47472,1.3093,0.495657,0.473095,0.481385,0.0455195,4023310,4093820,387109,8504240,0.453835,0.00759034,Paxton,17.6838,-26.0048,0.213055,11.7481,0.676885,0.178868
65028,-2.39997,-0.791024,0.506506,0.47386,0.461686,0.0644534,4476610,4361600,608898,9447110,0.504151,-0.0716085,Talarico,13.3084,-26.5632,1.94141,11.4782,0.613606,0.273165
65037,-1.08805,-0.216534,0.511639,0.49144,0.46908,0.0394793,4491650,4287290,360832,9139780,0.487754,0.049537,Talarico,16.7019,-27.8772,0.938708,13.2295,0.899555,0.45682
65053,-0.282569,-1.92205,0.538691,0.506785,0.433986,0.0592293,5220580,4470640,610142,10301400,0.54974,0.712955,Talarico,15.0355,-27.7568,3.46754,9.68054,0.173987,0.0452868
65062,1.10056,0.827875,0.487628,0.467323,0.491036,0.041641,3995260,4198000,356000,8549260,0.45624,0.452866,Paxton,20.2098,-26.7068,0.385172,12.4332,0.368568,0.345773
65077,-0.878597,1.23162,0.483438,0.462712,0.494416,0.0428715,4592220,4906860,425481,9924560,0.529633,0.247778,Paxton,18.4571,-25.8718,2.76919,8.46854,0.269883,0.136478
65082,-1.99237,1.01556,0.536906,0.512502,0.442045,0.0454526,4072790,3512880,361206,7946870,0.424094,0.0583493,Talarico,14.9224,-25.7692,1.55457,11.2526,0.271769,0.0325831
65084,2.52805,1.37596,0.526048,0.508602,0.458233,0.0331652,5271260,4749230,343731,10364200,0.553095,1.53197,Talarico,23.7333,-27.2855,-0.632997,12.5352,0.228133,0.0140792
65112,0.974935,1.69973,0.501292,0.47974,0.477267,0.0429933,4301560,4279380,385497,8966450,0.478504,0.803047,Talarico,20.8528,-25.2714,0.682438,9.70745,0.724884,0.866548
65118,-1.8598,0.596987,0.516649,0.491975,0.460268,0.0477576,4724950,4420440,458667,9604060,0.512528,-0.174403,Talarico,15.1871,-27.0962,1.77123,12.1517,0.711806,0.120521
65123,2.3399,0.291444,0.479106,0.458242,0.49821,0.0435481,3793990,4124900,360554,8279440,0.441839,0.9817,Paxton,22.3661,-27.2851,-1.5226,13.69,0.145413,0.0948195
65150,0.186253,0.542284,0.493522,0.471999,0.484389,0.0436124,4238850,4350120,391667,8980640,0.479259,0.666861,Paxton,19.6406,-25.25,-0.533826,11.9676,0.556354,0.699533
65165,2.57704,0.218067,0.512868,0.491176,0.466527,0.042297,4291600,4076240,369566,8737410,0.466278,1.06716,Talarico,20.9893,-27.5687,0.0522817,12.485,0.688002,0.326799
65169,0.510554,0.837919,0.495137,0.473592,0.482895,0.0435138,4277570,4361600,393025,9032190,0.482011,0.341815,Paxton,18.1487,-25.9327,-1.25794,14.0938,0.635148,0.706994
65205,1.33707,-1.85629,0.469198,0.448638,0.507543,0.0438194,4128640,4670730,403254,9202630,0.491106,0.64002,Paxton,15.9773,-27.7627,1.02668,12.9561,0.0606174,0.0954718
65214,1.03153,0.0740029,0.495135,0.475301,0.484642,0.0400573,4737360,4830460,399254,9967080,0.531901,0.625574,Paxton,20.2523,-25.4274,-1.68966,14.0291,0.692934,0.406277
65218,-1.72795,1.67448,0.52131,0.501844,0.460815,0.0373408,4476590,4110600,333090,8920280,0.476037,0.397948,Talarico,14.9861,-25.6294,1.41576,12.1328,0.612283,0.664168
65232,2.5006,0.363603,0.51233,0.487011,0.463569,0.0494199,4507060,4290120,457358,9254540,0.493876,1.19034,Talarico,22.1498,-28.862,0.723716,11.7298,0.70274,0.382812
65236,-2.42134,-0.612598,0.486429,0.468606,0.494754,0.0366397,4117230,4346970,321921,8786120,0.468876,-0.562875,Paxton,13.7643,-26.5182,0.259332,14.6525,0.331779,0.0155954
65262,-1.61136,2.08208,0.514233,0.49369,0.466362,0.0399483,4166880,3936220,337174,8440270,0.450423,0.0252868,Talarico,12.6146,-25.8462,1.85524,11.9111,0.520262,0.213171
65292,-0.589123,0.671074,0.498421,0.481052,0.484101,0.0348471,4323950,4351360,313224,8988530,0.479681,0.849491,Paxton,17.7143,-26.8758,1.90982,10.4137,0.707803,0.77831
65321,0.800264,1.86437,0.499366,0.479042,0.480258,0.0406995,4381400,4392520,372245,9146170,0.488092,0.736705,Paxton,19.7279,-26.7032,0.88459,11.4322,0.626992,0.904045
65340,-1.63464,2.15945,0.476438,0.452981,0.497784,0.0492356,4073870,4476800,442799,8993470,0.479941,0.529265,Paxton,16.7571,-23.837,0.17847,11.3762,0.082705,0.197056
65349,-1.22935,0.527187,0.542423,0.517173,0.436276,0.0465512,4651740,3924110,418707,8994550,0.480003,0.282768,Talarico,14.7136,-27.5553,1.14151,13.5808,0.130867,0.124285
65353,-0.132991,-1.51405,0.506915,0.481862,0.468716,0.0494219,4610720,4484920,472895,9568540,0.510635,0.929867,Talarico,18.9165,-25.2219,-0.877771,13.8899,0.777966,0.556628
65379,-0.894153,-1.24117,0.485007,0.458701,0.487061,0.0542384,4146060,4402390,490244,9038690,0.482358,0.545389,Paxton,14.612,-26.8551,1.81689,11.9717,0.351723,0.394674
65410,-0.71644,-2.50442,0.533147,0.515097,0.451048,0.0338545,4163850,3646100,273667,8083620,0.431389,0.340683,Talarico,14.3386,-27.6235,2.41711,11.4045,0.136459,0.0866352
65420,-0.410139,0.382534,0.506839,0.481302,0.468314,0.0503837,4422490,4303150,462956,9188600,0.490358,0.895754,Talarico,19.6465,-26.6307,1.71583,9.97628,0.858444,0.769619
65439,-0.668427,2.10156,0.526409,0.504767,0.454121,0.0411119,4091100,3680610,333209,8104920,0.432526,0.106295,Talarico,16.5278,-26.2591,0.443923,12.1739,0.375814,0.109797
65448,-2.30951,0.262868,0.509238,0.484362,0.46679,0.0488479,4404070,4244290,444150,9092500,0.485231,-0.0746541,Talarico,14.514,-25.9835,-0.73677,14.6436,0.771849,0.31198
65457,0.896868,-0.692324,0.47952,0.458486,0.497649,0.0438647,4192770,4550910,401135,9144820,0.488023,0.549153,Paxton,19.1732,-25.7073,-1.04827,13.3024,0.294919,0.259893
65471,1.85926,-1.42121,0.500102,0.481112,0.480916,0.0379717,4530280,4528440,357552,9416270,0.502505,0.760361,Talarico,17.3712,-28.6617,-1.17845,15.8497,0.793133,0.804673
65498,-0.697629,-1.88502,0.493804,0.474593,0.486503,0.038903600000000003,3977820,4077640,326072,8381530,0.447288,0.127659,Paxton,16.4173,-27.599,1.41644,12.3158,0.47185,0.21226
65522,0.785108,-1.08084,0.487375,0.464493,0.488557,0.0469499,3948400,4152970,399096,8500470,0.453636,1.18539,Paxton,19.3272,-26.0942,0.850731,10.9326,0.48693,0.132093
65524,2.16513,0.413022,0.484994,0.466225,0.495076,0.0386995,4576230,4859410,379855,9815500,0.523813,1.11175,Paxton,23.3864,-27.1311,-1.06319,11.9768,0.250703,0.110088
65552,0.318371,2.38631,0.520163,0.496042,0.457586,0.0463723,4756660,4387900,444675,9589240,0.511736,0.721009,Talarico,19.229,-25.7989,0.277969,12.0815,0.390552,0.595669
65590,0.511712,1.18084,0.513312,0.486404,0.461176,0.0524196,3974230,3768110,428302,8170640,0.436033,0.928156,Talarico,21.4081,-25.7023,-0.0427733,11.776,0.808752,0.235466
65602,0.552628,1.46063,0.498624,0.468667,0.471252,0.0600811,4220360,4243650,541033,9005040,0.480563,0.277047,Paxton,16.5764,-25.6755,-0.124966,13.5151,0.792252,0.728729
65678,1.00274,-1.78071,0.488638,0.458777,0.480112,0.061111,4317410,4518190,575097,9410700,0.502208,0.823445,Paxton,17.3333,-27.4108,0.293703,12.9552,0.48555,0.412298
65695,0.572359,-1.78493,0.532357,0.50997,0.447978,0.0420523,4423170,3885490,364736,8673390,0.462861,0.330884,Talarico,18.4436,-28.2223,0.525984,12.8976,0.253634,0.283852
65707,-0.813435,-0.962825,0.522513,0.499154,0.456141,0.0447054,4389310,4011070,393117,8793500,0.46927,0.740082,Talarico,16.0621,-27.2612,1.28231,12.5678,0.545097,0.611708
65716,0.596081,-1.14087,0.482738,0.459476,0.492335,0.0481891,3761930,4030970,394546,8187440,0.43693,0.512904,Paxton,16.3253,-25.7786,0.270374,12.6039,0.350463,0.136555
65718,1.20928,-2.02593,0.498147,0.473413,0.476934,0.0496523,4506480,4540000,472647,9519140,0.507998,1.03091,Paxton,19.9342,-25.9776,-0.911646,13.068,0.646237,0.406607
65724,1.16506,-0.100989,0.510957,0.488074,0.467141,0.0447852,4746950,4543360,435575,9725880,0.519031,0.369316,Talarico,18.4475,-30.6197,1.70919,12.7188,0.791912,0.671306
65740,2.68414,0.687466,0.527182,0.50054,0.448924,0.0505353,3772260,3383260,380853,7536380,0.402184,1.25705,Talarico,21.831,-27.4549,-0.804986,13.4182,0.29319,0.0137771
65744,-0.129131,0.697183,0.506035,0.488065,0.476424,0.0355101,4801840,4687310,349366,9838510,0.52504,0.63605,Talarico,15.9633,-26.3446,0.183898,13.1805,0.941099,0.597936
65771,-2.60654,-0.604084,0.49907,0.485327,0.487137,0.0275359,4034980,4050030,228932,8313940,0.443683,-0.034183,Paxton,10.7966,-26.0197,2.28689,11.4933,0.515739,0.147608
65786,-0.130019,-0.102221,0.503141,0.469066,0.463209,0.0677255,4231920,4179070,611020,9022010,0.481468,0.381129,Talarico,19.2264,-28.6849,2.08864,10.8565,0.811008,0.897877
65788,-1.16889,1.58688,0.518648,0.498734,0.462869,0.0383965,4118940,3822740,317108,8258780,0.44074,0.40181,Talarico,15.8566,-24.5878,1.64261,10.155,0.652249,0.344137
65806,2.83877,0.94743,0.516725,0.493926,0.461952,0.0441227,3909330,3656260,349223,7914810,0.422382,1.39697,Talarico,24.7999,-27.4818,-0.993456,12.5839,0.310311,0.0240192
65833,0.220637,0.2849,0.50011,0.472648,0.472439,0.0549128,4764850,4762740,553586,10081200,0.537988,0.860823,Talarico,18.0716,-26.5903,0.357297,12.6289,0.763433,0.298117
65838,-0.794976,-1.35992,0.515867,0.48715,0.457182,0.0556687,4852680,4554150,554536,9961360,0.531594,0.739855,Talarico,17.9087,-29.4482,1.97921,12.029,0.681139,0.333649
65847,-2.08242,-0.555923,0.517854,0.495836,0.461647,0.0425168,3718800,3462380,318879,7500060,0.400247,0.140599,Talarico,15.7766,-28.2001,1.56143,11.5726,0.673759,0.0358264
65850,-1.98297,-0.290471,0.49596,0.480691,0.488523,0.0307864,4469530,4542350,286256,9298130,0.496202,0.42432,Paxton,16.995,-28.0195,3.27541,9.86469,0.66106,0.750827
65884,-2.3433,-0.742507,0.530919,0.513286,0.453501,0.0332126,4203250,3713680,271975,8188910,0.437009,0.178343,Talarico,12.7843,-26.9472,2.19549,11.7289,0.206447,0.118924
65974,-0.589753,-1.61236,0.529631,0.500425,0.444431,0.055144,4476710,3975810,493309,8945830,0.4774,0.928725,Talarico,18.5555,-24.984,-0.281581,12.3617,0.366543,0.306238
65983,-0.0381478,-0.976494,0.487764,0.470628,0.49424,0.0351317,4443150,4666060,331674,9440890,0.503821,0.914959,Paxton,18.1436,-25.7572,0.237261,11.8282,0.475465,0.31212
66000,-0.495086,1.08804,0.511467,0.492267,0.470194,0.0375395,4311430,4118100,328783,8758320,0.467396,0.392792,Talarico,17.1472,-26.0234,2.04002,10.1929,0.899977,0.773576
66028,-0.936422,-1.17214,0.505493,0.485768,0.475211,0.0390211,4369830,4274860,351022,8995710,0.480064,0.245327,Talarico,17.7824,-27.6737,0.189531,14.2658,0.79064,0.731813
66031,-2.1737,1.1929,0.486926,0.469279,0.49448,0.0362401,4505290,4747230,347921,9600440,0.512335,0.0769997,Paxton,15.0299,-25.1765,1.42514,11.1523,0.371623,0.134043
66039,2.28791,-1.79892,0.516202,0.485173,0.454718,0.0601086,4313290,4042540,534378,8890210,0.474432,0.855842,Talarico,19.9408,-28.5781,0.385252,13.3415,0.306414,0.683915
66078,-1.56545,1.53765,0.475543,0.451421,0.497854,0.0507248,4394400,4846410,493785,9734590,0.519496,0.257509,Paxton,15.2931,-24.1162,0.704293,11.2229,0.139973,0.109075
66095,-2.13263,1.44285,0.489619,0.467404,0.487225,0.0453717,4121230,4296000,400055,8817280,0.470543,0.47756,Paxton,14.157,-24.7292,0.933739,11.7747,0.390511,0.488151
66100,1.58867,0.668689,0.513927,0.488335,0.461868,0.0497977,3908870,3697020,398605,8004490,0.427165,1.07652,Talarico,18.8227,-26.0698,-0.361706,12.944,0.849942,0.14243
66115,2.89297,-0.693118,0.470482,0.44437,0.500128,0.0555019,4133710,4652400,516301,9302410,0.49643,1.49363,Paxton,22.5741,-28.2096,0.0820159,12.1748,0.0856499,0.019144
66170,-1.61904,1.12181,0.498586,0.473159,0.475842,0.0509989,4528690,4554370,488120,9571190,0.510775,0.335662,Paxton,16.3601,-25.2588,-0.558224,13.3705,0.702588,0.623578
66171,-1.08149,1.98741,0.498329,0.46733,0.470463,0.062207,4038580,4065660,537582,8641830,0.461179,0.355515,Paxton,16.9383,-23.9342,0.508292,10.9479,0.61378,0.658591
66196,-2.96084,-0.0652117,0.501443,0.48009,0.477327,0.0425829,3767300,3745620,334151,7847080,0.418767,-0.267658,Talarico,11.6706,-26.6346,2.05466,12.2364,0.411577,0.0359987
66197,-2.00116,-0.811086,0.517401,0.495987,0.462625,0.0413885,4658490,4345140,388736,9392370,0.50123,0.172411,Talarico,14.1565,-27.8653,1.1701,14.1155,0.666654,0.495543
66199,2.04593,0.438294,0.518014,0.489506,0.455461,0.0550329,3888380,3617950,437153,7943480,0.423908,0.988381,Talarico,18.1379,-26.9285,-0.656978,13.6455,0.778925,0.138677
66208,-0.0135562,1.12319,0.485622,0.464361,0.491858,0.0437809,3807160,4032590,358946,8198690,0.437528,0.784385,Paxton,18.6353,-26.9114,1.58198,10.9535,0.308388,0.165367
66250,-1.81034,1.49273,0.520272,0.502083,0.462956,0.0349609,4650360,4287960,323813,9262140,0.494278,-0.221105,Talarico,14.8086,-25.591,3.15352,8.90946,0.654087,0.122273
66294,2.48119,-1.31634,0.499493,0.477529,0.478499,0.0439724,4182630,4191130,385150,8758910,0.467424,0.952805,Paxton,20.2555,-27.8347,0.197101,13.0469,0.58822700000000006,0.541559
66336,0.804416,-0.963323,0.476757,0.453398,0.497606,0.0489958,4320880,4742190,466930,9530000,0.50858,0.420972,Paxton,20.2022,-25.4127,-1.15734,12.7809,0.236844,0.150816
66360,1.797,-1.17171,0.512799,0.482423,0.458341,0.059236,3998980,3799360,491029,8289360,0.442369,0.624339,Talarico,20.1814,-27.4424,0.202281,12.2825,0.720158,0.43591800000000003
66364,0.617863,0.566853,0.521825,0.492031,0.450874,0.0570944,4206200,3854360,488079,8548630,0.456205,0.606738,Talarico,17.1241,-27.1244,0.94241,12.7855,0.660989,0.570769
66381,-1.17924,-0.0745732,0.504777,0.487313,0.47809,0.0345965,4738980,4649290,336441,9724700,0.518967,0.466376,Talarico,14.0522,-28.4048,2.1862,12.2757,0.883176,0.700045
66417,0.0976613,1.26354,0.498839,0.482141,0.484386,0.0334734,3934080,3952400,273130,8159620,0.435443,0.669273,Paxton,17.9363,-25.0488,-0.541939,12.7912,0.84004,0.291232
66451,0.748332,-0.752731,0.476452,0.447272,0.491483,0.0612446,4279550,4702570,585996,9568120,0.510611,0.153048,Paxton,19.4067,-27.3325,0.297608,12.1517,0.231353,0.103505
66466,2.50301,-1.45776,0.509921,0.486049,0.467136,0.046815,4513710,4338070,434749,9286530,0.495582,1.22831,Talarico,22.2303,-29.0935,0.267522,12.199,0.462112,0.345349
66499,-1.26898,-2.33439,0.494553,0.462728,0.472921,0.0643512,4134820,4225900,575026,8935740,0.476864,0.281877,Paxton,15.286,-26.1422,0.365448,12.8417,0.31399,0.62672
66502,-0.739584,1.38353,0.504702,0.476849,0.467964,0.0551869,4345190,4264230,502880,9112300,0.486285,0.459357,Talarico,18.2784,-24.1922,-0.014806,11.4152,0.903346,0.951384
66517,-0.818731,-1.56276,0.509663,0.483811,0.465465,0.0507232,4123160,3966810,432276,8522250,0.454798,0.342516,Talarico,19.5448,-25.1232,0.753556,10.0276,0.804363,0.621411
66518,0.661582,-2.36309,0.513742,0.485136,0.459183,0.0556815,4272840,4044250,490415,8807500,0.470022,0.595373,Talarico,16.5772,-27.4126,0.945339,13.1997,0.563163,0.809055
66531,-1.07511,0.392068,0.534358,0.512232,0.446361,0.0414067,4650040,4052060,375889,9077980,0.484454,0.323243,Talarico,15.9865,-26.3689,2.2819,9.96145,0.29269,0.289393
66572,1.77359,0.580981,0.485466,0.456188,0.483504,0.0603076,4234880,4488460,559847,9283190,0.495404,0.71716,Paxton,20.1114,-27.0249,0.202497,11.7972,0.297845,0.392333
66584,-0.480624,1.54096,0.477907,0.459098,0.501544,0.0393576,4486770,4901590,384642,9773000,0.521544,0.582855,Paxton,15.5548,-23.921,-1.71097,14.8337,0.160031,0.128107
66656,-0.501347,2.37464,0.508255,0.481279,0.465644,0.0530772,4302880,4163100,474538,8940520,0.47712,0.376361,Talarico,17.1517,-24.6015,0.0555799,11.1963,0.516352,0.848987
66675,-0.455858,1.93246,0.484335,0.456395,0.485918,0.0576875,4346970,4628170,549450,9524590,0.508286,0.416189,Paxton,17.7079,-24.8132,-0.133145,11.8518,0.253908,0.316233
66757,1.06843,1.28019,0.520691,0.493004,0.453822,0.0531741,4790010,4409320,516638,9715970,0.518499,1.177,Talarico,19.1604,-26.655,0.15491,12.3686,0.55826,0.168876
66790,-0.857509,-1.88154,0.502079,0.479121,0.475153,0.0457256,4585800,4547830,437653,9571290,0.510779,0.484115,Talarico,16.1594,-27.5021,1.08123,13.186,0.668425,0.802735
66844,-1.66881,-0.892561,0.467585,0.445321,0.507065,0.0476139,3553590,4046290,379951,7979840,0.425848,0.521048,Paxton,16.9981,-27.0377,2.59831,9.42081,0.0753612,0.0256078
66857,-1.60485,-0.95377,0.506701,0.486849,0.473973,0.0391773,4244770,4132500,341581,8718850,0.46529,0.275531,Talarico,14.9459,-27.9334,1.55415,12.4465,0.800981,0.66386
66859,-1.16603,1.86278,0.512293,0.490213,0.466686,0.0431006,4365350,4155840,383811,8905000,0.475222,0.18327,Talarico,15.5383,-24.2738,0.160714,11.3335,0.645207,0.60559
66862,1.35683,1.42146,0.523097,0.50432,0.459785,0.0358948,4927030,4491930,350679,9769640,0.521364,1.32649,Talarico,21.5075,-25.8913,-0.239097,11.2203,0.478784,0.0773029
66871,0.500282,1.73544,0.53207,0.505184,0.444285,0.0505319,5178840,4554540,518023,10251400,0.547077,0.900412,Talarico,17.9314,-26.1466,-0.0458445,13.0921,0.321297,0.0600158
66874,1.12946,1.3294,0.48804,0.466526,0.489392,0.0440823,4358480,4572110,411836,9342430,0.498567,0.705941,Paxton,21.7526,-25.1528,0.372895,9.48378,0.336813,0.453364
66877,2.12155,1.75169,0.491932,0.473185,0.488705,0.0381099,3921110,4049720,315803,8286630,0.442223,1.1708,Paxton,20.2569,-25.9879,-1.93094,15.3171,0.273484,0.135051
66886,-0.365806,0.142874,0.488431,0.470907,0.493216,0.0358774,4365580,4572390,332604,9270570,0.494731,0.550002,Paxton,17.3446,-27.9089,1.49745,12.4876,0.424133,0.459524
66891,-1.74006,0.194633,0.502451,0.481233,0.476539,0.0422287,4108320,4068250,360510,8537080,0.45559,0.416769,Talarico,15.8328,-27.5182,1.80327,11.9729,0.783858,0.724838
66905,-1.63625,-0.506474,0.486616,0.472725,0.498729,0.0285456,5014920,5290790,302827,10608500,0.566134,0.309364,Paxton,12.5443,-27.3682,2.08569,12.5902,0.424981,0.0429304
66919,1.36231,0.721895,0.527968,0.502967,0.44968,0.0473523,4603670,4115940,433417,9153020,0.488456,0.946658,Talarico,20.5556,-27.3852,0.25888,11.8262,0.455029,0.304726
66925,0.693944,-1.38447,0.546863,0.522767,0.433172,0.0440614,4921170,4077740,414780,9413690,0.502369,0.583448,Talarico,16.807,-29.0481,3.09863,10.712,0.0469727,0.0643307
66961,2.59413,-0.606956,0.508834,0.493191,0.476066,0.0307434,4267230,4119060,266001,8652290,0.46174,1.03432,Talarico,20.7063,-27.2314,-1.02706,14.375,0.703788,0.336063
66970,1.73538,0.0609364,0.522343,0.495301,0.452928,0.0517716,4359830,3986850,455714,8802390,0.469746,0.379203,Talarico,19.4083,-27.9813,0.12749,13.5885,0.60068,0.617618
66979,0.349056,2.71238,0.525438,0.498684,0.450399,0.0509163,5066560,4575990,517302,10159900,0.542189,0.664205,Talarico,22.4179,-23.9133,-0.946461,11.2169,0.142336,0.168342
67004,1.86096,-1.17684,0.501537,0.480389,0.477444,0.0421672,4408010,4380980,386922,9175910,0.48968,0.682014,Talarico,18.0258,-27.286,0.361935,13.0572,0.822715,0.961057
67006,0.098746,-0.61884,0.512937,0.493054,0.468183,0.0387626,4708280,4470780,370152,9549210,0.509602,0.515642,Talarico,16.9746,-26.8955,2.01918,10.233,0.688058,0.834206
67076,1.3513,0.358777,0.491502,0.466133,0.482252,0.0516146,3842300,3975180,425456,8242940,0.43989,1.00656,Paxton,21.9162,-27.0986,-0.645632,11.3899,0.586014,0.165849
67105,-1.44228,1.46187,0.485302,0.458704,0.486489,0.0548068,3504050,3716300,418670,7639020,0.407663,-0.0858161,Paxton,17.3785,-26.1896,1.68047,10.2056,0.327182,0.0171342
67150,-1.0302,-1.18245,0.516803,0.491913,0.459926,0.0481612,4311210,4030870,422093,8764170,0.467707,0.308704,Talarico,16.5807,-27.4147,2.00336,10.2723,0.66445,0.659326
67173,1.59517,0.0692214,0.517283,0.498327,0.465027,0.0366458,4589000,4282350,337464,9208810,0.491437,0.919897,Talarico,20.5534,-26.1483,-0.075919,12.2539,0.761434,0.667738
67180,-1.73682,-1.82868,0.492135,0.464633,0.479484,0.0558827,3966580,4093360,477071,8537000,0.455587,-0.283171,Paxton,12.3418,-25.4501,1.55675,11.3428,0.47949,0.0525083
67213,-2.21834,0.333698,0.511073,0.484768,0.463761,0.0514712,4391560,4201260,466283,9059110,0.483445,0.749859,Talarico,16.5906,-25.652,1.5185,10.357,0.785185,0.945679
67233,1.90451,-0.372053,0.526366,0.504216,0.453703,0.0420815,4436280,3991840,370249,8798370,0.469533,0.605812,Talarico,20.0742,-26.7493,-0.937244,14.0342,0.470115,0.553051
67238,-2.7863,0.0576416,0.500137,0.482702,0.482438,0.0348599,4192420,4190130,302770,8685330,0.463501,-0.27517,Talarico,13.0038,-26.4664,3.2688,9.64779,0.486261,0.101718
67240,2.77912,-0.312443,0.489538,0.468015,0.488018,0.0439664,4687700,4888060,440373,10016100,0.534519,1.38529,Paxton,21.9185,-28.4906,0.578144,12.4379,0.384461,0.0428136
67267,0.352941,-2.58422,0.515338,0.492708,0.463379,0.0439129,4420260,4157130,393958,8971350,0.478766,1.00847,Talarico,18.1384,-27.457,-0.196087,12.6192,0.416542,0.519023
67273,-2.85575,-0.166242,0.514251,0.485764,0.458841,0.0553944,4909670,4637560,559877,10107100,0.539374,-0.419209,Talarico,13.1688,-24.85,-0.0378844,12.9912,0.522918,0.0212112
67344,0.250407,0.425008,0.493814,0.477819,0.489791,0.0323897,4042970,4144270,274059,8461300,0.45154300000000003,0.794158,Paxton,17.4371,-27.7714,1.07092,12.0942,0.576091,0.434572
67381,2.95674,0.0648579,0.49179,0.468386,0.484025,0.0475883,4109290,4246500,417506,8773290,0.468194,1.40125,Paxton,22.377,-25.3037,-2.07253,12.9614,0.338303,0.0694202
67390,-2.85263,0.550204,0.521061,0.492724,0.452893,0.0543828,4561940,4193160,503509,9258600,0.494095,-0.156571,Talarico,12.9045,-26.6579,2.71175,11.2892,0.344617,0.145227
67398,-0.484843,-0.819461,0.495894,0.480435,0.488392,0.0311729,4686670,4764290,304093,9755050,0.52059,0.546915,Paxton,19.4957,-25.1221,1.09773,9.89671,0.585401,0.511996
67409,-1.08572,-0.481069,0.50637,0.485078,0.472873,0.042049,4024570,3923320,348871,8296760,0.442762,0.464694,Talarico,16.9024,-27.3146,1.22613,13.099,0.84962,0.512273
67430,-2.79846,1.06457,0.511132,0.493087,0.471609,0.0353038,3792080,3626910,271504,7690490,0.410414,0.146718,Talarico,13.2082,-24.3259,2.01228,10.4648,0.507798,0.0945171
67440,-0.595141,2.37355,0.487496,0.469328,0.493404,0.0372675,4287970,4507940,340491,9136400,0.487572,0.486477,Paxton,17.6832,-23.5992,-0.666385,11.7227,0.240503,0.452028
67456,0.178541,-0.215113,0.516934,0.497267,0.464688,0.0380444,4551370,4253180,348211,9152760,0.488443,0.485143,Talarico,15.6223,-27.8744,0.676279,13.0552,0.665325,0.838213
67463,-2.00085,1.32665,0.502886,0.478129,0.472641,0.0492297,4463160,4411930,459541,9334620,0.498149,0.394925,Talarico,16.5843,-24.5501,-0.00401057,12.5078,0.723867,0.88199
67469,-1.37647,-1.72462,0.486289,0.467923,0.49431,0.0377669,3579670,3781540,288922,7650130,0.408256,0.508763,Paxton,19.256,-26.8929,0.710782,11.3934,0.350532,0.0362783
67472,-2.59155,0.112979,0.509572,0.486823,0.468535,0.0446418,4470770,4302820,409971,9183560,0.490087,0.202524,Talarico,13.352,-25.3803,1.45521,11.6649,0.693862,0.684075
67490,0.451177,0.21686,0.486082,0.471487,0.498488,0.0300254,4875990,5155220,310514,10341700,0.551895,0.64577,Paxton,16.6587,-25.6581,0.0599808,12.4034,0.355124,0.0981777
67505,-1.0215,-0.508286,0.509246,0.490546,0.472733,0.0367212,4680460,4510490,350369,9541320,0.50918,0.614221,Talarico,16.6684,-26.8648,-0.0460245,14.805,0.87088,0.889417
67508,0.949685,-1.67721,0.510919,0.482573,0.461947,0.0554808,4561150,4366200,524390,9451740,0.504401,0.553647,Talarico,18.1257,-27.8487,0.399354,13.6375,0.776659,0.927218
67521,2.27204,-1.6666,0.50213,0.486026,0.481903,0.0320705,4571030,4532250,301620,9404900,0.501901,1.15869,Talarico,21.0883,-29.595,1.29182,11.4426,0.568049,0.329094
67605,1.08434,1.22005,0.504088,0.473979,0.46629,0.0597311,4582820,4508480,577530,9668840,0.515986,0.597379,Talarico,17.9632,-26.636,-0.23666,13.1941,0.884094,0.786156
67635,2.07379,1.50496,0.487307,0.464849,0.489064,0.0460873,4222310,4442260,418620,9083190,0.484732,1.20773,Paxton,22.6034,-24.852,-0.985587,11.686,0.288051,0.177313
67648,-0.621174,1.67087,0.495291,0.473168,0.482164,0.0446678,4091190,4168980,386215,8646380,0.461423,0.276414,Paxton,17.6637,-24.927,-0.86156,13.7093,0.647174,0.500118
67666,2.14951,0.339182,0.49837,0.475028,0.478135,0.0468371,4630180,4660470,456529,9747180,0.520167,1.04343,Paxton,19.7862,-26.2645,-0.359567,12.0483,0.603934,0.278494
67688,-1.39364,-1.37347,0.489687,0.460253,0.47964,0.0601074,4361140,4544840,569549,9475530,0.505669,0.488145,Paxton,17.6142,-25.3527,0.449682,11.5697,0.453658,0.465732
67691,0.566353,0.837621,0.516091,0.498549,0.467461,0.0339899,4571740,4286660,311690,9170090,0.489369,0.496826,Talarico,18.8587,-26.1976,0.515241,11.3509,0.764318,0.868671
67706,-2.95085,-0.136172,0.50703,0.485299,0.471841,0.0428609,3979670,3869310,351479,8200460,0.437624,0.0711862,Talarico,11.63,-25.5623,2.02655,11.6697,0.479581,0.21987
67735,1.79277,-0.486709,0.514683,0.494564,0.466345,0.0390907,4649530,4384240,367502,9401280,0.501707,0.869466,Talarico,20.1004,-26.9536,0.412438,11.947,0.745439,0.699358
67778,-1.92412,-0.606547,0.529913,0.50271,0.445955,0.0513345,4602110,4082540,469947,9154600,0.488542,0.193,Talarico,16.7466,-26.3548,1.97375,10.422,0.352928,0.318794
67788,1.03569,-2.18482,0.492899,0.475979,0.489694,0.0343268,4169630,4289770,300707,8760110,0.467494,0.539722,Paxton,18.9719,-27.3612,0.325983,12.2443,0.530277,0.607246
67789,-0.931019,2.26225,0.490277,0.46822,0.48679,0.0449904,4389120,4563200,421743,9374070,0.500254,-0.0310669,Paxton,14.7974,-25.0479,0.371246,12.8752,0.360787,0.141747
67799,-1.22347,1.75619,0.501565,0.478244,0.47526,0.0464962,4508930,4480790,438370,9428090,0.503139,0.751168,Talarico,16.2359,-25.7552,-0.373902,13.3727,0.679126,0.839363
67859,-0.984248,1.51938,0.498425,0.473232,0.476222,0.0505465,4163670,4189980,444727,8798380,0.469536,0.575825,Paxton,17.1987,-26.4895,1.98404,9.61142,0.737881,0.748989
67873,1.14595,-1.1335,0.496836,0.473743,0.479777,0.0464797,4470040,4526960,438562,9435560,0.503536,0.88885,Paxton,20.5393,-27.6879,0.73794,11.9141,0.782519,0.580836
67887,-0.185395,-1.53678,0.476908,0.452492,0.496312,0.0511961,4183300,4588420,473309,9245030,0.493367,0.466613,Paxton,17.3362,-25.8395,0.157637,12.6896,0.177681,0.185485
67944,1.56947,1.96411,0.513188,0.48688,0.461857,0.0512629,4936520,4682810,519759,10139100,0.541081,0.662579,Talarico,21.829,-24.5216,0.521583,9.68828,0.497024,0.274333
67955,1.45411,1.47004,0.50398,0.481317,0.473715,0.0449673,4258510,4191250,397853,8847610,0.472163,0.761577,Talarico,17.0879,-27.6313,0.161333,14.6393,0.725124,0.825653
67963,-0.00463311,-2.62065,0.479162,0.455068,0.494648,0.050284,4532740,4926970,500857,9960570,0.531555,0.924338,Paxton,16.4706,-28.5736,1.95366,12.0298,0.119907,0.0851273
67987,2.13402,-0.418546,0.511803,0.492734,0.470008,0.0372574,3905160,3725050,295283,7925490,0.42295,0.832332,Talarico,22.0657,-26.1599,-1.87017,14.0778,0.824201,0.203121
68083,2.05146,-0.320995,0.52854,0.489451,0.436592,0.0739564,4483600,3999380,677474,9160460,0.488855,0.362814,Talarico,21.3051,-26.2723,-1.3743,13.6625,0.430049,0.434211
68092,-0.550452,-1.43326,0.485555,0.463126,0.490682,0.0461925,4232880,4484730,422190,9139800,0.487752,0.69519,Paxton,15.6476,-27.1771,0.856397,13.4216,0.32242,0.417378
68105,-0.109539,2.36427,0.510378,0.486313,0.466536,0.0471508,4499900,4316900,436291,9253100,0.493799,0.264994,Talarico,19.9792,-26.7308,-0.677979,12.8717,0.508769,0.76426
68128,0.0242847,-1.45862,0.508687,0.491421,0.474637,0.0339424,4463050,4310620,308263,9081940,0.484664,0.266469,Talarico,15.7981,-29.1269,1.90104,12.5445,0.745991,0.765233
68195,-1.49603,1.81883,0.518253,0.483834,0.449752,0.066414,4560770,4239500,626039,9426310,0.503043,0.638653,Talarico,15.9389,-25.73,1.5266,10.793,0.638941,0.786587
68234,1.94753,-0.814125,0.480883,0.460564,0.497183,0.0422536,3570200,3854070,327542,7751820,0.413683,0.876743,Paxton,19.3874,-28.6161,-0.856083,15.049,0.310289,0.0386322
68235,-0.837993,-0.997297,0.513609,0.490764,0.464757,0.0444794,4211900,3988700,381737,8582340,0.458003,0.718279,Talarico,18.3941,-28.0112,2.57107,8.43202,0.768344,0.628716
68286,0.107534,-0.848036,0.496993,0.479646,0.485451,0.0349033,4123470,4173370,300060,8596900,0.45878,0.276962,Paxton,19.0636,-27.394,2.24062,10.0545,0.672461,0.511595
68289,-1.15102,0.525027,0.516219,0.492294,0.461359,0.0463469,4283950,4014750,403311,8702010,0.464391,0.403638,Talarico,17.126,-27.412,1.46901,11.6852,0.686366,0.711565
68291,1.01633,-1.41701,0.508256,0.486133,0.470339,0.0435279,4821930,4665280,431751,9918960,0.529335,0.843835,Talarico,19.7021,-27.7016,1.6806,10.1032,0.821294,0.388296
68311,-2.01947,-1.25098,0.50763,0.490192,0.475456,0.0343526,5384170,5222310,377322,10983800,0.586162,0.0473288,Talarico,14.9972,-27.4179,2.82848,10.0836,0.702644,0.0135455
68330,0.135539,-0.120021,0.538903,0.520824,0.445629,0.0335464,4557680,3899660,293561,8750900,0.466998,0.452882,Talarico,15.6573,-28.9123,2.01035,12.733,0.119705,0.1838
68361,-0.672294,-0.664372,0.495809,0.471095,0.47906,0.0498455,4407440,4481960,466342,9355750,0.499278,0.444538,Paxton,16.5094,-28.044,1.77321,11.8939,0.586294,0.729661
68388,-2.53439,0.93913,0.50582800000000006,0.483008,0.471879,0.0451127,4604190,4498100,430029,9532320,0.508701,0.380089,Talarico,13.337,-25.9188,1.23502,12.9215,0.735444,0.800942
68406,1.37999,-0.355903,0.516863,0.48947,0.457533,0.0529968,4694940,4388590,508338,9591870,0.511879,0.729527,Talarico,18.4882,-28.9512,1.35461,12.4473,0.670866,0.664418
68424,1.27083,-2.33996,0.489602,0.464091,0.483804,0.0521049,3944000,4111530,442805,8498340,0.45352,0.844847,Paxton,20.6068,-29.7877,0.631008,13.4464,0.361024,0.345558
68458,0.260208,0.254053,0.520296,0.493435,0.454938,0.0516265,4484550,4134680,469204,9088440,0.485012,0.5388,Talarico,18.544,-26.9418,1.41485,10.607,0.662786,0.783988
68464,-2.51431,-1.10512,0.507709,0.488929,0.474081,0.0369905,5211360,5053090,394271,10658700,0.568812,0.26455,Talarico,13.9296,-25.1715,1.21633,11.3988,0.48013,0.0428488
68479,-2.16198,0.683541,0.495361,0.468544,0.477321,0.054135,4282770,4362990,494826,9140590,0.487795,0.183917,Paxton,17.5692,-26.4963,1.92951,9.95278,0.632718,0.49542
68485,1.60774,-0.531893,0.504286,0.486238,0.477973,0.0357884,4650060,4571020,342256,9563330,0.510354,0.809572,Talarico,19.5197,-28.9819,0.85511,13.1049,0.795677,0.705143
68487,2.9202,-0.792214,0.519849,0.491231,0.453719,0.05505,4974510,4594630,557470,10126600,0.540417,1.14982,Talarico,22.5725,-30.2323,0.251108,12.6874,0.309592,0.0775071
68497,-2.21256,0.203414,0.510435,0.488402,0.468432,0.043166,4840760,4642840,427837,9911430,0.528933,0.151963,Talarico,15.782,-24.7032,2.19989,9.7064800000000009,0.789202,0.315319
68508,1.16922,-0.349657,0.498441,0.473083,0.476042,0.0508749,4242610,4269140,456246,8968000,0.478583,0.747264,Paxton,18.973,-27.4983,-0.0664922,13.395,0.712278,0.843081
68522,1.51864,-2.05432,0.498434,0.470545,0.473501,0.0559541,3900970,3925480,463878,8290320,0.442419,0.638579,Paxton,17.5638,-29.3193,2.41148,10.2054,0.554826,0.423517
68532,2.78932,0.233946,0.492909,0.466362,0.47978,0.0538582,4066500,4183510,469624,8719640,0.465328,1.19295,Paxton,21.9399,-26.2045,-2.46081,14.6799,0.350195,0.231931
68572,2.6052399999999998,0.833481,0.511721,0.489848,0.467408,0.0427436,4378000,4177440,382019,8937460,0.476953,1.12287,Talarico,21.5921,-26.4286,0.514199,10.2161,0.493275,0.360866
68590,-1.61606,2.20859,0.495527,0.478905,0.487551,0.0335432,4312370,4390220,302044,9004640,0.48054,0.358592,Paxton,17.2147,-25.2068,-0.376788,13.1173,0.369294,0.727891
68593,1.16508,-0.952555,0.49986,0.483218,0.483488,0.0332943,4129410,4131710,284521,8545640,0.456047,0.661678,Paxton,15.8943,-28.1971,0.337166,14.2613,0.795545,0.655227
68594,1.29553,1.64553,0.509748,0.484733,0.466194,0.0490735,4612890,4436460,467001,9516350,0.507849,0.540818,Talarico,20.3377,-28.9068,1.14447,13.1466,0.691631,0.910712
68597,-0.99579,-0.19719,0.488637,0.46841,0.490195,0.0413955,4470620,4678540,395089,9544260,0.509338,0.564718,Paxton,15.4822,-27.4704,1.48135,11.8773,0.430254,0.401061
68599,-0.785414,2.20625,0.499077,0.48429,0.486081,0.0296296,3679050,3692660,225090,7596790,0.405408,0.289042,Paxton,15.3606,-25.6004,-0.223963,13.6291,0.562461,0.0641472
68605,2.25282,-1.12227,0.497523,0.479231,0.484002,0.0367666,4405330,4449200,337977,9192510,0.490567,0.832528,Paxton,20.6195,-27.3263,-0.85977,14.0007,0.683594,0.763451
68626,0.514798,0.522198,0.520553,0.500115,0.460622,0.0392629,4826140,4445040,378890,9650070,0.514982,0.840536,Talarico,17.6348,-27.1478,1.46321,11.8949,0.682162,0.473017
68628,-0.776462,0.372169,0.494483,0.472573,0.483119,0.0443077,4082950,4174060,382811,8639820,0.46107,-0.156775,Paxton,17.1473,-25.8268,-0.139713,12.8645,0.564478,0.114071
68681,0.36631,1.11567,0.524953,0.49833,0.450956,0.0507145,4739780,4289190,482363,9511340,0.50758,0.0915361,Talarico,16.6094,-26.8147,0.375765,13.6366,0.549143,0.220681
68685,0.621148,-2.6885,0.54589,0.51092,0.425019,0.0640612,4843330,4029020,607276,9479620,0.505888,0.317756,Talarico,18.0362,-32.4169,3.13304,11.3856,0.0287414,0.0612184
68719,-0.779854,0.41752,0.48471,0.464374,0.493671,0.0419548,4138550,4399640,373905,8912090,0.475598,0.32224,Paxton,16.162,-25.1433,-1.6751,15.1274,0.318842,0.343527
68763,1.98758,1.91745,0.515916,0.487478,0.4574,0.0551221,4014650,3766940,453961,8235550,0.439499,1.22363,Talarico,22.8076,-27.0563,-2.42427,15.1732,0.367625,0.0987208
68775,0.396372,-0.0444155,0.48999,0.465601,0.484625,0.049774,4219590,4392000,451086,9062680,0.483637,1.11913,Paxton,17.9656,-25.1926,0.943247,11.1773,0.505706,0.274394
68873,2.42656,-0.721449,0.508917,0.483415,0.466473,0.050112,4944940,4771640,512605,10229200,0.545887,1.31434,Talarico,22.6512,-27.5637,-1.70646,14.4308,0.744508,0.0697134
68891,2.60924,-1.17366,0.491432,0.470925,0.487346,0.0417285,4464190,4619850,395570,9479610,0.505888,0.758351,Paxton,23.0273,-27.5229,0.410594,11.3196,0.447991,0.50731
68893,-1.47905,-0.783076,0.504731,0.480022,0.471024,0.048954,4809690,4719530,490506,10019700,0.534712,0.356654,Talarico,15.5701,-26.9282,1.86704,10.7573,0.789843,0.31296
68901,0.64998,2.2601,0.482981,0.461874,0.494423,0.0437027,4161950,4455250,393805,9011010,0.48088,0.927152,Paxton,19.5786,-22.9638,-2.39893,13.2486,0.137879,0.234805
69001,-0.35133,0.911921,0.516046,0.49069,0.460174,0.0491357,4199160,3938020,420487,8557660,0.456688,0.696297,Talarico,17.0331,-25.0232,2.17805,8.65906,0.746542,0.620378
69005,2.92734,-0.81038,0.496182,0.479288,0.486663,0.0340485,3958580,4019490,281216,8259280,0.440764,1.78608,Paxton,21.9027,-28.4621,0.95223,10.5979,0.40814,0.0193429
69022,-2.09785,1.14839,0.480341,0.453725,0.490865,0.0554106,3932220,4254090,480217,8666530,0.462495,0.0767339,Paxton,14.9542,-24.0016,0.425187,11.5995,0.215591,0.121067
69060,-0.902456,-0.978416,0.538255,0.516522,0.443101,0.0403769,4699720,4031670,367380,9098770,0.485563,0.225063,Talarico,16.8646,-26.3194,2.11421,9.42732,0.16219,0.184469
69077,-0.841614,2.20703,0.491878,0.468306,0.483772,0.0479212,4168490,4306150,426556,8901190,0.475018,0.211662,Paxton,14.8238,-24.5445,-1.05107,15.5268,0.421614,0.473356
69101,-0.204489,1.5764,0.50277,0.483097,0.477775,0.039128,4046190,4001610,327717,8375520,0.446964,0.601189,Talarico,18.6725,-25.125,-0.625077,13.0438,0.903072,0.564687
69106,-1.25709,2.30602,0.518932,0.489399,0.45369,0.0569114,4926640,4567170,572911,10066700,0.53722,0.0476538,Talarico,16.6785,-24.0889,0.704647,10.6377,0.448803,0.169404
69131,-0.24304,0.252007,0.495091,0.47868,0.488173,0.0331471,4330100,4415970,299846,9045920,0.482741,0.276275,Paxton,17.694,-27.3212,0.613851,12.9659,0.603646,0.642804
69153,-0.370341,-0.930431,0.517167,0.491372,0.45875,0.0498783,5112740,4773310,518985,10405000,0.555275,0.745372,Talarico,18.3193,-29.6715,1.39911,12.4898,0.655323,0.137041
69198,1.12883,-0.189683,0.50522,0.48031,0.470384,0.049306,4455180,4363110,457344,9275630,0.495002,0.763364,Talarico,18.9613,-28.5607,2.09589,10.3075,0.762741,0.956157
69218,0.581371,-0.269307,0.513383,0.498584,0.47259,0.0288264,4632870,4391340,267857,9292060,0.495879,0.752253,Talarico,16.4365,-28.1944,2.62847,11.0132,0.742088,0.903994
69252,1.45818,-0.923024,0.501872,0.479138,0.475563,0.0452984,4588210,4553980,433776,9575960,0.51103,0.573048,Talarico,18.7823,-25.9502,0.359456,12.0523,0.81441,0.81841
69295,1.32789,1.3601,0.524587,0.504201,0.456938,0.0388604,4833380,4380300,372524,9586200,0.511577,1.33602,Talarico,20.7718,-26.4907,-0.738566,13.716,0.462572,0.0887344
69349,-0.912235,-1.92236,0.506518,0.479737,0.467391,0.0528729,4026740,3923110,443796,8393640,0.447937,0.270094,Talarico,15.7477,-26.8944,1.79859,11.405,0.696865,0.431394
69362,1.2619,0.0702155,0.516719,0.497004,0.464842,0.0381539,4807540,4496440,369064,9673040,0.51621,0.889595,Talarico,18.6646,-28.306,1.88225,10.4216,0.752151,0.471035
69406,-0.923338,-2.11106,0.51,0.485888,0.466833,0.0472796,4189600,4025300,407672,8622580,0.460148,0.21638,Talarico,18.5927,-25.7506,1.6065,10.271,0.557315,0.523569
69414,-1.91105,0.842432,0.493043,0.465464,0.478599,0.0559376,3917490,4028040,470789,8416330,0.449144,0.0688381,Paxton,15.1713,-25.7685,2.09873,9.99926,0.573833,0.188828
69420,2.21463,-1.38698,0.496796,0.473589,0.479698,0.0467128,4258220,4313140,420012,8991370,0.479833,1.22333,Paxton,20.3392,-27.7827,1.2086,10.7075,0.641794,0.255497
69442,-2.41006,1.05271,0.527986,0.504987,0.451452,0.0435609,4433810,3963780,382467,8780060,0.468553,-0.0245406,Talarico,13.4721,-22.836,0.649716,11.6203,0.363083,0.162598
69445,2.06829,-0.350437,0.502336,0.475698,0.471273,0.0530291,4028260,3990790,449056,8468110,0.451906,0.553446,Talarico,18.3727,-26.1128,-0.940044,13.1018,0.759823,0.689159
69450,-0.98966,2.34717,0.504702,0.477172,0.468281,0.0545469,4729190,4641070,540607,9910870,0.528905,0.705802,Talarico,19.8037,-25.5217,-0.852326,12.6219,0.44877,0.494967
69471,1.58301,-1.72492,0.507593,0.489871,0.475215,0.0349135,4396880,4265340,313369,8975590,0.478989,0.349959,Talarico,16.0199,-25.9895,0.0830981,13.3804,0.695037,0.845716
69472,0.843934,-0.310047,0.492901,0.46547,0.478878,0.0556525,3902760,4015180,466622,8384570,0.447449,1.17916,Paxton,18.8701,-27.073,1.69184,9.99164,0.614815,0.156944
69486,0.823446,1.12665,0.50505,0.485548,0.475838,0.0386146,4347240,4260300,345727,8953270,0.477798,0.484046,Talarico,18.1438,-25.7446,-1.61935,14.2924,0.939456,0.89529
69504,0.360286,0.819918,0.493016,0.469475,0.482777,0.047748,4370770,4494610,444529,9309900,0.496829,0.59204,Paxton,17.6324,-27.1067,0.541934,12.301,0.539708,0.613291
69508,-2.2795,-0.632344,0.50909,0.481224,0.464039,0.0547369,4359370,4203690,495857,9058920,0.483437,0.17188,Talarico,15.9037,-27.1275,3.0244,10.5972,0.697752,0.628929
69514,-1.14269,2.35765,0.496415,0.476319,0.483199,0.0404815,4424840,4488750,376059,9289650,0.49575,0.471154,Paxton,16.591,-22.6548,-0.13297,10.7092,0.410745,0.787606
69525,-2.15807,-1.70568,0.489875,0.463174,0.48232,0.0545066,4642690,4834600,546355,10023600,0.534921,0.424935,Paxton,15.494,-26.2459,1.20729,10.464,0.308821,0.236816
69538,0.714972,-2.32913,0.50965,0.491572,0.472957,0.0354712,4430770,4262980,319719,9013470,0.481013,0.812864,Talarico,17.5377,-26.4619,-0.537369,13.2246,0.578135,0.88089
69547,0.8336,-1.43671,0.507602,0.48712,0.472529,0.0403514,4455500,4322050,369079,9146630,0.488118,0.369165,Talarico,17.4358,-27.3985,-0.564919,14.4891,0.820538,0.894921
69556,3.07983,-0.448497,0.510988,0.494424,0.47316,0.0324163,4721560,4518500,309563,9549620,0.509622,1.43711,Talarico,21.0226,-29.5239,-0.803909,14.929,0.439125,0.0950638
69557,1.18644,-2.26486,0.514851,0.500188,0.471332,0.0284792,5090750,4797060,289852,10177700,0.543137,0.958901,Talarico,19.615,-30.1201,2.57114,10.0704,0.444411,0.152646
69571,1.18061,1.34947,0.502957,0.488798,0.48305,0.0281517,4666880,4612010,268783,9547680,0.509519,0.945439,Talarico,19.2588,-28.3691,2.4991,9.46196,0.825044,0.539133
69583,0.698562,-1.14735,0.522024,0.499615,0.457458,0.0429277,5020480,4596860,431368,10048700,0.536262,0.493382,Talarico,16.8488,-28.4011,0.753695,14.2275,0.567111,0.250827
69587,-2.34342,0.438365,0.48707,0.464546,0.48921,0.0462439,4502930,4742000,448250,9693180,0.517282,0.2915,Paxton,14.6086,-26.3314,1.1242,12.5299,0.305179,0.284554
69593,0.70433,1.92941,0.500786,0.47571600000000003,0.474223,0.0500612,4230720,4217440,445213,8893370,0.474603,0.871692,Talarico,20.5537,-27.3093,1.31932,10.188,0.654258,0.749887
69596,-0.511249,0.529994,0.503772,0.487719,0.480416,0.0318651,4647490,4577900,303644,9529040,0.508525,0.345981,Talarico,14.9348,-26.8555,-0.24489,14.7889,0.8577,0.724678
69633,1.5674,-0.863858,0.518553,0.489114,0.454114,0.0567715,4294420,3987130,498454,8780010,0.468552,0.529725,Talarico,19.4929,-28.0286,0.226293,13.7183,0.595352,0.720917
69652,-0.130357,1.09405,0.524528,0.498491,0.45187,0.0496388,4507680,4086090,448866,9042640,0.482568,0.530625,Talarico,19.8005,-26.8529,0.683501,11.0516,0.522647,0.650334
69704,-0.971972,-0.297424,0.515198,0.495386,0.46616,0.0384539,4714760,4436600,365979,9517350,0.507898,0.48318,Talarico,18.0434,-28.5716,1.35322,12.0884,0.801219,0.789743
69737,-1.83431,-0.485638,0.487797,0.467242,0.49062,0.0421378,3978500,4177560,358797,8514860,0.454402,0.20707,Paxton,17.282,-28.6101,4.22744,8.81398,0.470481,0.248395
69738,-2.5608,-0.532328,0.51206,0.489799,0.466727,0.0434734,4638860,4420350,411734,9470940,0.505423,-0.0272593,Talarico,13.2517,-28.3722,3.05761,10.9343,0.585993,0.293973
69753,0.827384,0.890672,0.514058,0.490551,0.46372,0.0457289,4168460,3940470,388582,8497510,0.453479,0.525248,Talarico,17.2245,-27.3807,1.08925,12.2208,0.790485,0.661007
69776,0.848647,2.18798,0.480763,0.456339,0.492858,0.0508033,4328130,4674500,481843,9484470,0.506148,1.07046,Paxton,16.7703,-25.4254,-0.450523,13.4189,0.131299,0.116404
69792,1.44231,-1.54314,0.503808,0.487345,0.479979,0.0326757,3906030,3846990,261893,8014910,0.427724,0.272875,Talarico,17.5748,-27.0175,0.787106,12.3848,0.831916,0.189394
69827,-2.7163,1.37581,0.51429,0.498133,0.470452,0.0314152,4620960,4364170,291425,9276550,0.495051,-0.130995,Talarico,13.5407,-22.8267,0.708245,11.3262,0.42653,0.231428
69859,-0.173001,0.232648,0.485368,0.465543,0.493612,0.0408456,4385740,4650170,384794,9420700,0.502743,0.565055,Paxton,17.7448,-26.4043,1.2388,11.4352,0.343904,0.34505
69887,0.386061,-0.408179,0.496104,0.479658,0.487192,0.0331494,4454040,4524000,307821,9285860,0.495547,0.414677,Paxton,18.0873,-28.7607,1.22901,11.8315,0.665937,0.754661
69899,2.36005,0.232978,0.498959,0.475945,0.47793,0.046125,4441160,4459680,430404,9331240,0.497966,1.09242,Paxton,21.8815,-26.4498,0.0818646,11.5265,0.563782,0.39978
69919,1.69162,0.644334,0.503507,0.479401,0.472723,0.0478766,3986090,3930570,398081,8314740,0.443724,0.726398,Talarico,16.4249,-26.6433,0.308935,13.4388,0.749592,0.414148
69940,-0.71299,-1.28576,0.506449,0.490739,0.47824,0.0310214,4772380,4650840,301680,9724900,0.51898,0.872648,Talarico,18.0831,-26.8763,2.31577,8.96775,0.814997,0.502873
69951,2.28892,1.33608,0.535319,0.507952,0.440925,0.0511229,5281300,4584400,531537,10397200,0.554858,1.27781,Talarico,22.8339,-27.6783,-0.445408,12.8029,0.169073,0.0178754
69996,-0.995351,1.34627,0.515572,0.497947,0.467869,0.034184,4340100,4077930,297947,8715980,0.465133,1.03185,Talarico,18.9845,-27.0913,1.89836,10.593,0.720135,0.336026
70011,1.01876,-1.06401,0.508644,0.486265,0.469737,0.0439984,5151960,4976850,466162,10595000,0.565412,0.69542,Talarico,20.2305,-28.1111,2.02339,9.53722,0.79038,0.0967367
70035,1.15051,1.67418,0.524762,0.498308,0.45128,0.0504126,4493290,4069230,454575,9017090,0.481205,0.496843,Talarico,17.6068,-28.2663,0.393153,14.0706,0.45592,0.621567
70059,0.537765,-0.0799896,0.509576,0.480748,0.462679,0.056573,4282540,4121590,503957,8908080,0.475387,0.578809,Talarico,16.4685,-26.3578,0.410972,12.9575,0.775416,0.882165
70097,1.95049,0.110879,0.495473,0.47759,0.486318,0.0360919,3932740,4004600,297200,8234540,0.439442,0.204901,Paxton,18.2291,-26.2349,-0.582315,12.9874,0.623892,0.227593
70126,1.27253,-1.11842,0.52853000000000006,0.508791,0.453863,0.0373458,4735950,4224660,347624,9308240,0.496743,0.717203,Talarico,19.5211,-28.1518,2.20293,10.187,0.424675,0.455948
70138,-1.93946,1.7246,0.511342,0.489958,0.468223,0.0418189,4711070,4502090,402100,9615260,0.513128,0.650802,Talarico,17.4791,-24.3137,0.459856,11.0304,0.602699,0.778683
70146,-1.26689,-0.792613,0.504051,0.481208,0.473473,0.0453192,5235510,5151360,493070,10879900,0.580619,0.523134,Talarico,16.1872,-28.6568,0.748583,13.2055,0.769351,0.0326426
70161,-0.528254,0.269589,0.51669,0.493423,0.461546,0.0450309,4016060,3756600,366514,8139170,0.434356,0.864718,Talarico,16.6806,-26.949,1.18326,12.4228,0.664945,0.227291
70174,2.04334,-0.607212,0.512474,0.490268,0.466401,0.0433309,4295800,4086680,379672,8762150,0.467603,0.665477,Talarico,20.3785,-25.3905,-1.48451,13.1494,0.808869,0.784613
70179,-3.053,-0.18609,0.50612,0.485658,0.473913,0.0404282,4147400,4047100,345247,8539760,0.455731,-0.0468029,Talarico,9.2721,-27.8542,4.22706,10.555,0.39807,0.189263
70190,-2.14712,1.52458,0.491627,0.475455,0.491649,0.0328963,4557770,4713010,315348,9586130,0.511572,0.244928,Paxton,14.0476,-23.5809,0.387604,12.4315,0.404663,0.402091
70205,1.54677,-1.94774,0.491037,0.470646,0.487829,0.0415248,4794460,4969500,423012,10187000,0.543638,1.15557,Paxton,19.131,-26.6994,-0.131269,12.114,0.458767,0.0679423
70207,-2.36624,0.978805,0.517022,0.49777,0.464995,0.0372351,4886310,4564580,365515,9816400,0.523861,0.305607,Talarico,14.0587,-25.3266,1.15199,11.8543,0.61785,0.464803
70211,-0.57676,-0.280635,0.515061,0.495665,0.466678,0.0376563,4823410,4541330,366440,9731180,0.519316,0.270073,Talarico,16.6687,-27.8719,1.57115,12.0567,0.72515,0.534004
70226,-1.04884,-0.682608,0.520819,0.501276,0.461201,0.0375233,4718550,4341320,353210,9413070,0.502337,0.46503100000000003,Talarico,16.325,-28.8982,2.66044,11.4567,0.635337,0.673384
70246,-0.0437828,-0.390102,0.489751,0.47439,0.494244,0.0313659,4549020,4739400,300774,9589200,0.511735,0.799065,Paxton,15.9836,-26.6413,1.52796,11.9942,0.522105,0.385659
70250,-0.697711,1.05569,0.531913,0.508974,0.447901,0.0431245,4670770,4110320,395746,9176830,0.489728,0.160837,Talarico,15.8371,-26.1032,-0.225692,13.8851,0.334012,0.254708
70276,-0.30743,0.541978,0.486789,0.471503,0.497096,0.0314006,3972780,4188420,264574,8425770,0.449646,0.467358,Paxton,17.3054,-26.5253,-0.119835,14.0578,0.348712,0.283324
70295,-2.02425,-1.31647,0.500334,0.48211,0.481467,0.0364228,4411940,4406050,333316,9151300,0.488368,-0.128353,Talarico,12.4333,-27.276,3.05785,11.0903,0.648028,0.191923
70327,1.29502,0.0976221,0.532857,0.505911,0.44352,0.0505691,4754010,4167730,475194,9396930,0.501476,0.480063,Talarico,16.9527,-29.5401,1.59231,13.4151,0.26522,0.323239
70359,-0.601065,0.831742,0.533117,0.516529,0.452356,0.0311154,4285840,3753380,258177,8297400,0.4428,0.54576,Talarico,18.9221,-25.7595,0.405865,10.5718,0.327471,0.17856
70379,1.57454,1.08106,0.503715,0.481456,0.474354,0.04419,4106560,4045980,376917,8529460,0.455181,0.698048,Talarico,19.2383,-26.2388,-0.97692,14.1982,0.774083,0.633589
70437,0.00843856,1.25052,0.513761,0.490943,0.464644,0.0444136,4735200,4481540,428374,9645120,0.51472,0.402113,Talarico,17.3929,-27.5171,1.0485,12.2919,0.833647,0.721094
70455,-2.11832,-1.60414,0.517938,0.495036,0.460746,0.0442181,4127980,3842050,368724,8338750,0.445004,0.606817,Talarico,15.6588,-27.3543,3.64962,8.51033,0.379321,0.464496
70495,-0.592139,-2.34202,0.517198,0.489169,0.456638,0.0541936,4414090,4120540,489024,9023660,0.481553,0.277706,Talarico,15.2528,-28.2526,1.78782,13.1338,0.401374,0.650294
70523,-3.07115,-0.155669,0.513099,0.497879,0.472458,0.0296631,4140340,3928940,246677,8315950,0.443785,-0.119713,Talarico,11.2933,-25.0535,1.72871,11.328,0.412687,0.10171
70526,-0.567008,0.410123,0.483684,0.461343,0.492468,0.0461884,3421640,3652480,342565,7416690,0.395797,0.716606,Paxton,17.5738,-26.3329,0.363156,12.8706,0.305865,0.0160303
70531,-0.0232417,-1.70735,0.517097,0.49504,0.462305,0.0426547,4362090,4073640,375856,8811590,0.470239,0.684503,Talarico,17.5304,-27.1358,0.96546,12.258,0.64892,0.74883
70532,-0.540333,1.18004,0.503179,0.484929,0.478802,0.0362696,4429740,4373770,331317,9134830,0.487486,0.430965,Talarico,18.5259,-26.0624,0.0938418,12.495,0.94234,0.945959
70538,2.38374,-0.960166,0.514213,0.481825,0.455189,0.0629857,4356420,4115590,569485,9041500,0.482508,0.468118,Talarico,19.0162,-27.2878,-0.365811,14.1646,0.640357,0.853019
70551,-1.34947,-0.512625,0.514075,0.490942,0.464059,0.044999,4690340,4433510,429910,9553770,0.509844,0.33113,Talarico,16.1618,-29.1487,2.54842,11.625,0.867475,0.718207
70585,-0.71708,0.910811,0.537063,0.508461,0.438283,0.0532561,4327260,3730000,453236,8510490,0.454167,0.503303,Talarico,18.0204,-26.2795,-0.0125107,12.9734,0.23454,0.156941
70591,1.76137,0.772651,0.50558,0.474823,0.464342,0.0608345,4570320,4469440,585551,9625310,0.513659,0.845902,Talarico,21.1478,-26.8035,-0.110605,11.8009,0.760361,0.613939
70601,-0.687996,1.31308,0.539969,0.525108,0.447371,0.0275211,4749240,4046160,248909,9044310,0.482657,0.768085,Talarico,17.9959,-25.954,-0.0353297,13.3375,0.164168,0.17316
70602,-1.35185,-0.458019,0.511232,0.48898200000000003,0.467496,0.0435222,5370990,5134980,478049,10984000,0.586169,0.401253,Talarico,17.1326,-27.8078,1.10285,12.2474,0.904571,0.0196391
70643,2.16708,1.18653,0.495986,0.474963,0.48265,0.0423872,4041020,4106420,360633,8508070,0.45404,1.16987,Paxton,20.1623,-25.4331,-1.27255,14.2352,0.407031,0.194813
70674,-2.63364,1.01973,0.511739,0.48934,0.46689,0.04377,4636220,4423510,414696,9474420,0.505611,1.45109e-4,Talarico,14.6661,-25.489,1.29786,10.9836,0.605796,0.323293
70700,-0.523834,0.913324,0.532416,0.505921,0.444315,0.0497645,4413140,3875750,434095,8722980,0.465509,0.696509,Talarico,17.4492,-27.2065,0.0928575,13.1659,0.333892,0.316069
70736,0.937075,0.510338,0.489193,0.465659,0.486234,0.0481071,4308210,4498570,445080,9251860,0.493734,0.682662,Paxton,17.7055,-27.1785,0.374852,12.9327,0.460952,0.506128
70745,-0.779696,-1.39265,0.523886,0.503029,0.457159,0.0398117,4755350,4321710,376357,9453420,0.504488,0.273534,Talarico,17.7561,-24.4495,-0.62358,12.7365,0.452238,0.427303
70752,0.511711,1.86084,0.50142,0.47498,0.472289,0.0527309,3842040,3820280,426533,8088860,0.431667,1.1195600000000001,Talarico,20.8146,-24.8881,-1.11016,13.1225,0.742889,0.14295
70755,0.428294,-0.595987,0.49316,0.47536,0.488545,0.0360949,3850750,3957560,292394,8100700,0.432301,0.81902,Paxton,16.006,-26.4756,-0.272756,14.445,0.628086,0.198838
70759,-1.31389,-0.56322,0.5397,0.521443,0.444729,0.0338276,4724960,4029830,306522,9061310,0.483562,-0.06725,Talarico,11.8856,-29.4685,1.65727,14.6145,0.154046,0.0607443
70766,1.59414,-1.97912,0.559525,0.53982,0.424962,0.0352179,5461230,4299240,356291,10116800,0.53989,0.441851,Talarico,19.3827,-31.9541,1.82461,13.5611,0.013936,0.0189017
70773,-2.22152,-1.06326,0.501926,0.484804,0.481082,0.0341139,4345780,4312420,305797,8963990,0.478371,0.170033,Talarico,15.0049,-25.5128,1.33712,11.5845,0.620202,0.586762
70781,-1.4459,-1.06316,0.519276,0.489439,0.453103,0.0574582,4895090,4531670,574664,10001400,0.533733,0.176636,Talarico,16.5491,-27.1166,2.0336,10.9284,0.624178,0.252356
70819,0.396892,1.85868,0.500116,0.475261,0.47504,0.0496985,4449460,4447400,465285,9362150,0.499617,0.789011,Talarico,18.8598,-24.8851,1.00674,10.525,0.725081,0.810275
70830,-2.24647,-1.44175,0.508108,0.48094,0.465591,0.0534684,4957750,4799530,551177,10308500,0.550115,-0.0501589,Talarico,17.4462,-25.4691,2.68396,8.48922,0.559725,0.0834224
70864,1.2588,-0.951545,0.541996,0.524233,0.442994,0.0327738,5297220,4476320,331170,10104700,0.539247,0.711694,Talarico,17.956,-28.5225,0.552421,12.8083,0.102852,0.0518105
70881,-0.0411472,1.29203,0.509817,0.488115,0.469317,0.0425676,4774840,4590950,416404,9782190,0.522034,0.256385,Talarico,17.6653,-26.1805,0.75784,11.3391,0.933915,0.502884
71002,-1.86123,-1.59227,0.509014,0.486318,0.469094,0.0445883,3970110,3829500,364002,8163610,0.435657,0.0718707,Talarico,14.977,-25.9157,0.0120245,13.8499,0.641113,0.211605
71035,2.23418,-1.81804,0.53948,0.514794,0.439447,0.0457584,4549870,3883930,404423,8838220,0.471659,1.03244,Talarico,20.3763,-29.956,0.582056,13.6146,0.0970769,0.0915895
71047,1.53727,0.621515,0.501885,0.482256,0.478634,0.0391102,4061240,4030740,329360,8421340,0.449413,0.851112,Talarico,19.7529,-26.8671,0.189895,11.9246,0.760524,0.412114
71087,1.32523,-0.728885,0.51549,0.49389,0.464208,0.0419016,4467940,4199420,379060,9046430,0.482769,0.925587,Talarico,18.1015,-26.9241,0.76209,11.8553,0.667832,0.679685
71094,-2.87699,1.07197,0.504131,0.482018,0.474118,0.043864,4426960,4354410,402857,9184230,0.490126,0.0822021,Talarico,11.9474,-24.2767,2.49885,9.64807,0.496052,0.450788
71126,-2.0974,-1.63235,0.50248,0.476209,0.471509,0.0522822,4159120,4118070,456623,8733810,0.466087,0.0892867,Talarico,11.9804,-27.3859,1.86735,12.8986,0.530235,0.396527
71128,-1.77247,-1.30248,0.52505,0.504378,0.456251,0.0393704,4831090,4370110,377101,9578300,0.511152,0.26385,Talarico,16.3974,-28.0357,2.11621,11.1916,0.38298,0.358812
71182,0.490787,-2.52821,0.49197,0.470835,0.486205,0.0429598,4526540,4674310,413009,9613850,0.513051,0.717075,Paxton,18.8949,-29.9202,1.81399,12.5781,0.35565,0.474181
71191,-0.592456,-1.70289,0.531616,0.51112899999999994,0.450335,0.0385359,4473820,3941700,337298,8752810,0.467101,0.408731,Talarico,18.1108,-25.991,-0.962779,13.5983,0.334069,0.328011
71198,2.42731,0.735044,0.524243,0.50066600000000006,0.45436,0.0449745,4349330,3947070,390698,8687100,0.463596,1.22939,Talarico,21.6053,-26.0782,-1.20357,13.2163,0.440143,0.0995234
71204,1.05075,-0.410997,0.519042,0.499466,0.462818,0.0377163,4658860,4317030,351806,9327700,0.497781,0.761672,Talarico,19.5776,-29.1196,0.35812,13.9354,0.608418,0.745127
71247,-0.535602,-2.03257,0.504861,0.488209,0.478808,0.032983,4505610,4418840,304395,9228840,0.492504,0.50955,Talarico,16.2304,-30.8657,3.06582,11.0681,0.6489,0.976588
71248,0.76342,0.154634,0.501175,0.478234,0.475991,0.0457749,3499080,3482670,334920,7316670,0.390461,1.09295,Talarico,20.5054,-27.6754,-0.30982,13.2695,0.753005,0.0113658
71277,0.0362558,0.289826,0.519299,0.496706,0.459787,0.0435077,5191090,4805250,454700,10451000,0.55773,0.586517,Talarico,17.48,-26.5521,0.586625,12.3389,0.664264,0.118535
71283,-0.688576,-0.806326,0.515337,0.491493,0.462237,0.0462694,4420010,4156910,416102,8993020,0.479924,-0.0199828,Talarico,15.0363,-25.5976,1.97741,10.7285,0.736811,0.314411
71317,-2.44765,1.3925399999999999,0.519503,0.498003,0.460612,0.0413854,4554190,4212250,378466,9144900,0.488026,0.0755149,Talarico,14.5763,-25.2224,0.437912,12.3778,0.48381,0.376189
71328,-2.53073,0.485545,0.49464,0.474466,0.484749,0.0407854,4387060,4482140,377114,9246310,0.493438,0.0940281,Paxton,12.6955,-25.7832,1.56731,12.3096,0.487417,0.336627
71329,-2.96756,1.21865,0.527173,0.495201,0.444151,0.0606482,4987750,4473570,610859,10072200,0.537509,-0.173011,Talarico,9.74311,-23.0141,3.47386,8.32972,0.178624,0.0373142
71334,-0.166939,2.00624,0.500329,0.478135,0.477507,0.0443576,4391580,4385820,407416,9184810,0.490154,0.426946,Talarico,18.9758,-23.4197,-0.879497,12.0272,0.701539,0.914026
71364,0.180153,0.618734,0.498467,0.466654,0.469525,0.0638216,4455790,4483200,609393,9548380,0.509558,0.656825,Paxton,18.1165,-25.3796,0.875468,10.3978,0.744539,0.720163
71375,-1.91284,1.5047,0.481713,0.458573,0.49339,0.0480366,4062690,4371150,425576,8859420,0.47279,0.319868,Paxton,16.604,-25.0829,1.93147,9.12514,0.218005,0.261294
71470,0.557892,-0.604115,0.539938,0.514981,0.438796,0.0462227,4466580,3805810,400903,8673300,0.462856,0.633354,Talarico,17.4368,-28.4754,1.57278,11.7178,0.0948017,0.136113
71482,0.55937,1.30451,0.524318,0.497259,0.451134,0.0516072,4278770,3881880,444065,8604710,0.459196,0.49811,Talarico,16.5074,-24.8988,0.365901,12.166,0.534195,0.543418
71508,-0.334326,0.321566,0.490272,0.468523,0.487116,0.0443611,4690320,4876450,444093,10010900,0.534239,0.671048,Paxton,18.7883,-25.8976,0.32104,11.1043,0.449545,0.268328
71512,0.645475,-0.274726,0.522147,0.507733,0.464661,0.0276058,4880090,4466100,265334,9611530,0.512926,0.831277,Talarico,17.0012,-27.282,1.46525,12.6565,0.547265,0.466036
71519,2.52822,-0.9928,0.483026,0.464858,0.49752999999999997,0.0376115,4288970,4590410,347019,9226400,0.492375,1.28318,Paxton,22.8216,-27.6882,-0.161733,13.4141,0.309441,0.0961723
71553,1.6973800000000001,-1.12729,0.505191,0.482978,0.473051,0.0439708,4642180,4546770,422629,9611570,0.512931,0.755167,Talarico,17.8894,-29.1245,1.54548,12.892,0.839804,0.72517
71555,1.57829,0.18495,0.50953,0.484316,0.466199,0.0494853,5437960,5234540,555627,11228100,0.5992,0.801617,Talarico,18.2068,-28.2401,0.508644,13.1404,0.819247,0.0104285
71557,-2.41431,1.69538,0.539941,0.504805,0.430121,0.0650743,4566600,3890980,588679,9046260,0.482762,0.113355,Talarico,15.2141,-24.1904,0.784069,10.9757,0.0984441,0.115245
71565,-0.653318,-2.21295,0.488573,0.470495,0.492503,0.0370013,3892060,4074110,306084,8272250,0.441455,0.545289,Paxton,15.3351,-30.0353,2.848,12.0956,0.271742,0.268421
71603,-1.87456,2.0809,0.500118,0.472685,0.472463,0.054852,4208440,4206460,488361,8903260,0.47513,0.350434,Talarico,14.8419,-24.7297,0.476086,11.8918,0.336884,0.81361000000000006
71613,-0.987774,1.48213,0.542098,0.513567,0.433802,0.0526313,5103610,4310940,523027,9937580,0.530327,0.0560288,Talarico,16.7406,-24.088,-0.280965,11.9009,0.129127,0.03501
71619,-0.327389,-1.28469,0.542487,0.511364,0.431264,0.0573719,4510650,3804110,506068,8820830,0.47073,0.693551,Talarico,18.2209,-27.17,1.46797,10.9958,0.0951527,0.117943
71650,2.21431,0.756626,0.508108,0.484583,0.469117,0.0462994,3802340,3680980,363294,7846620,0.418741,1.03192,Talarico,20.3412,-27.7229,-0.111294,13.5333,0.680085,0.147405
71677,0.303265,-1.10926,0.497739,0.472021,0.476308,0.051671,4476450,4517110,490026,9483580,0.5061,0.347371,Paxton,16.2701,-26.4442,1.03618,11.9153,0.729535,0.663851
71679,0.780248,-1.18525,0.490513,0.471081,0.489302,0.0396174,4018060,4173480,337915,8529450,0.455181,0.599431,Paxton,18.3143,-28.0378,0.196862,12.2721,0.602152,0.467404
71680,-0.189529,0.899027,0.518157,0.492889,0.458347,0.0487639,4208440,3913500,416361,8538300,0.455651,0.62224,Talarico,18.9738,-26.2495,0.589054,11.6584,0.692596,0.621717
71723,-0.889051,2.50502,0.496891,0.474193,0.480127,0.0456805,4567740,4624900,440025,9632660,0.514054,0.279519,Paxton,18.9706,-24.3224,-0.307654,11.8953,0.34787,0.515437
71727,1.46792,-0.945359,0.493311,0.474724,0.487598,0.0376785,4585210,4709550,363925,9658680,0.515444,0.310246,Paxton,18.2945,-27.8258,1.27292,11.693,0.624119,0.477971
71737,-1.99886,-0.273124,0.488202,0.461322,0.483619,0.0550596,3799720,3983370,453503,8236580,0.439553,0.0769652,Paxton,13.434,-25.67,1.15356,12.5426,0.458883,0.131073
71756,-0.519979,-1.33275,0.522804,0.499926,0.456314,0.0437598,4675910,4268010,409295,9353220,0.499142,0.528758,Talarico,16.6379,-24.5904,-0.865779,14.2347,0.500073,0.674202
71762,-0.571898,-1.25208,0.493724,0.475299,0.487384,0.0373169,4808570,4930830,377532,10116900,0.539897,0.495366,Paxton,16.3473,-26.2857,0.829614,12.7313,0.520492,0.27898
71786,-0.554677,1.23022,0.504967,0.484303,0.474774,0.0409229,4840800,4745560,409041,9995400,0.533413,0.738607,Talarico,17.3675,-26.1826,0.0958051,14.0237,0.962156,0.411679
71816,0.678955,-1.19089,0.522855,0.500135,0.456411,0.043454,4530650,4134570,393644,9058860,0.483433,0.70845,Talarico,20.9582,-26.2091,-0.629804,12.1426,0.554169,0.695327
71826,-2.55076,1.08103,0.503717,0.478832,0.471764,0.0494041,4191270,4129410,432440,8753120,0.467117,0.546628,Talarico,14.9942,-24.8715,1.27694,10.5105,0.694939,0.823316
71838,1.84221,-0.294307,0.487037,0.47269,0.497854,0.0294558,4497790,4737230,280281,9515300,0.507794,0.448695,Paxton,20.779,-25.2398,2.4126,7.07409,0.408304,0.391772
71863,-1.73637,0.0954088,0.526247,0.495606,0.446168,0.0582258,4313100,3882850,506720,8702670,0.464425,0.270848,Talarico,11.9771,-29.4376,2.99867,13.1369,0.479791,0.410837
71880,-1.13858,-0.46596,0.502136,0.478229,0.474161,0.0476106,4286020,4249560,426699,8962280,0.478282,0.224388,Talarico,15.3671,-28.0847,2.21194,11.536,0.782441,0.684338
71908,-0.782267,-2.33812,0.520153,0.49569,0.457279,0.0470315,5225380,4820470,495789,10541600,0.562565,0.43013,Talarico,17.8185,-26.2342,-0.567469,12.9944,0.308503,0.0787173
71909,-0.575351,1.40946,0.506137,0.482505,0.470805,0.0466899,4026590,3928950,389636,8345180,0.445347,0.0766076,Talarico,15.5965,-25.9692,0.373403,13.2835,0.922197,0.248285
71928,0.139193,1.65164,0.498623,0.468474,0.471062,0.0604641,4738320,4764500,611556,10114400,0.539762,1.08074,Paxton,19.4902,-25.5018,0.312616,11.5028,0.775248,0.137619
71978,0.572177,-1.93921,0.473138,0.456287,0.508098,0.0356157,4229290,4709530,330120,9268940,0.494648,0.622058,Paxton,18.2267,-26.3941,-0.669993,14.5521,0.112785,0.128985
71981,1.72251,0.994462,0.540163,0.519772,0.442478,0.0377506,4382140,3730480,318271,8430890,0.449923,0.796893,Talarico,19.7154,-27.038,1.18634,11.1087,0.151323,0.0617025
72035,1.5366,-1.35475,0.524559,0.495121,0.448759,0.0561205,4081690,3699490,462648,8243840,0.439938,1.02546,Talarico,15.6127,-29.3919,0.569929,14.7762,0.477582,0.165406
72054,-1.44433,1.86947,0.519137,0.497813,0.461111,0.0410756,4611150,4271190,380476,9262820,0.494316,0.270151,Talarico,17.0051,-25.0352,0.628867,11.7309,0.618512,0.568819
72055,1.93677,-1.53912,0.500439,0.480098,0.479256,0.040646,4416470,4408720,373906,9199100,0.490919,1.03468,Talarico,19.6662,-27.137,-0.738949,13.852,0.751675,0.492934
72059,-0.548945,-1.78985,0.51876,0.492707,0.457071,0.0502218,4022790,3731830,410044,8164660,0.435714,0.588684,Talarico,17.6444,-25.9109,-1.09222,15.1423,0.559304,0.294548
72072,0.060016,-1.35944,0.515371,0.495648,0.466082,0.0382701,4755730,4472050,367201,9594980,0.512044,0.494919,Talarico,17.7543,-26.9314,0.179318,12.7014,0.666198,0.731595
72119,-1.0043,1.57972,0.484801,0.464769,0.493912,0.0413183,4015030,4266790,356939,8638750,0.461014,0.393437,Paxton,16.5279,-25.3062,0.356526,12.4168,0.313475,0.291141
72154,0.462535,-0.201769,0.516008,0.488196,0.457906,0.0538983,4273410,4008260,471797,8753480,0.467137,0.96244,Talarico,18.641,-27.5925,-1.05164,14.5504,0.70207,0.445246
72190,0.887795,2.15823,0.506989,0.485553,0.472167,0.0422796,4811560,4678910,418967,9909440,0.528827,0.827024,Talarico,21.0443,-25.2656,-0.207725,11.0558,0.532551,0.41069
72198,-0.0677564,1.99676,0.487956,0.461395,0.484173,0.0544319,3902320,4094960,460365,8457640,0.45135,0.0576685,Paxton,17.0537,-23.2165,-1.48054,13.1264,0.322427,0.160191
72219,0.256123,-1.96893,0.501506,0.481555,0.478663,0.0397819,4502120,4475080,371926,9349120,0.498923,0.773426,Talarico,16.3684,-27.7179,1.30294,12.485900000000001,0.698622,0.865684
72240,1.94556,-0.474515,0.530221,0.503077,0.445728,0.051195,4618980,4092440,470045,9181460,0.489978,0.621847,Talarico,19.7194,-24.8002,-1.16748,13.0026,0.373889,0.46143
72265,2.58117,0.955052,0.501069,0.468936,0.466936,0.0641275,4839550,4818900,661813,10320300,0.550751,1.18956,Talarico,22.8781,-26.4851,-0.335496,10.8859,0.350419,0.0545353
72283,0.181456,0.72576,0.501763,0.482132,0.478744,0.0391235,4114370,4085460,333868,8533700,0.455407,0.597833,Talarico,15.4352,-26.9123,-0.955454,15.5882,0.87629,0.707078
72287,-2.68017,-0.475392,0.509626,0.479973,0.461841,0.0581862,4566540,4394030,553593,9514160,0.507732,-0.084823,Talarico,10.3694,-27.1707,2.90178,11.555,0.559159,0.23986
72304,0.831682,1.61642,0.52664,0.495306,0.445196,0.0594983,4709990,4233490,565785,9509260,0.50747,0.998766,Talarico,19.7547,-25.0822,0.557701,10.4404,0.453085,0.252671
72312,1.90554,1.89765,0.521928,0.504322,0.461946,0.0337319,4609600,4222270,308316,9140180,0.487773,0.901945,Talarico,21.5995,-26.2173,0.832,10.1444,0.306174,0.547263
72313,-1.48273,-2.15362,0.50804,0.488796,0.473326,0.0378778,4093610,3964050,317222,8374880,0.446933,0.204654,Talarico,15.0385,-26.8367,1.63472,11.363,0.381689,0.356392
72343,0.84355,-1.08235,0.506425,0.485968,0.473637,0.0403948,4430380,4317960,368263,9116600,0.486515,0.687128,Talarico,20.0728,-26.6637,-0.7672,13.7642,0.796147,0.987373
72357,-0.273061,1.9925,0.516441,0.495853,0.464281,0.0398654,4494280,4208130,361330,9063740,0.483695,0.151838,Talarico,16.6366,-26.6249,1.53855,11.1196,0.630311,0.531127
72383,0.0575447,-2.03035,0.5125,0.487518,0.463737,0.0487451,4665090,4437530,466445,9569060,0.510663,0.357524,Talarico,18.2621,-29.2777,1.14385,12.9126,0.64986,0.769994
72403,2.6031,0.382946,0.533067,0.504366,0.441793,0.0538415,4229460,3704740,451499,8385710,0.447512,0.852994,Talarico,21.1377,-26.7549,-1.15259,13.6281,0.208329,0.13773
72420,-0.0527553,1.22107,0.509362,0.484843,0.46702,0.0481371,3767300,3628820,374033,7770150,0.414662,0.174574,Talarico,17.1417,-28.1539,1.11485,12.8501,0.958229,0.120903
72432,1.06296,2.28628,0.512825,0.488807,0.464358,0.0468352,4422260,4201070,423720,9047040,0.482806,1.2347,Talarico,21.5397,-23.7277,-1.3538,12.319,0.427652,0.292986
72458,0.363562,1.91911,0.527158,0.501909,0.450194,0.0478966,5186660,4652240,494956,10333900,0.551474,0.981656,Talarico,18.3525,-26.9002,0.111693,12.6184,0.384894,0.0610127
72484,0.958951,-1.63754,0.504725,0.487835,0.478701,0.0334639,4194160,4115620,287705,8597480,0.458812,0.835884,Talarico,16.6514,-27.9985,1.5834,11.8733,0.839743,0.564824
72496,-1.12606,0.325833,0.49959,0.474359,0.475138,0.0505034,4370880,4378060,465353,9214290,0.49173,0.0796181,Paxton,18.2327,-27.8187,1.34304,11.937,0.755091,0.383151
72506,-0.196224,-0.941009,0.475302,0.458118,0.505728,0.0361542,3849510,4249570,303799,8402880,0.448426,0.704935,Paxton,17.1392,-25.612,0.933769,11.2206,0.16826,0.116542
72531,-1.32605,-1.41572,0.469553,0.448658,0.506843,0.0444994,3943440,4454840,391123,8789400,0.469056,0.322332,Paxton,14.323,-26.6745,1.8344,11.851,0.0673671,0.0626511
72612,2.02282,-1.4987,0.487176,0.45664,0.480681,0.0626781,4242840,4466210,582369,9291420,0.495843,1.2206,Paxton,21.7528,-28.3449,0.603297,12.2169,0.371249,0.160651
72613,1.64776,-1.04123,0.508434,0.486559,0.470417,0.0430244,4626850,4473350,409133,9509330,0.507474,0.838808,Talarico,20.9286,-28.6904,2.56843,9.52659,0.808308,0.715597
72656,0.114558,2.19236,0.523462,0.506653,0.461236,0.0321107,4471490,4070660,283394,8825540,0.470984,0.477974,Talarico,15.9307,-26.5563,1.62491,11.0951,0.412054,0.625944
72672,-1.01131,-0.351437,0.513915,0.496961,0.47005,0.0329887,4553260,4306690,302249,9162200,0.488947,0.439021,Talarico,17.086,-26.7576,0.936406,11.9506,0.847862,0.857614
72709,0.206362,1.31146,0.546222,0.522435,0.434017,0.0435479,4626880,3843810,385676,8856360,0.472628,0.255035,Talarico,15.5908,-27.1173,0.973832,12.4608,0.0853514,0.0612745
72736,-2.24336,-0.795155,0.472065,0.455416,0.509316,0.0352687,4346680,4861120,336619,9544420,0.509344,0.329325,Paxton,15.7169,-24.9807,2.47739,7.89722,0.109269,0.09038
72776,-0.354817,0.816518,0.504018,0.475831,0.468244,0.0559247,4223040,4155700,496336,8875070,0.473627,0.3673,Talarico,17.0551,-27.3487,0.116727,13.9748,0.936952,0.846176
72816,-0.365518,-1.28037,0.48425,0.4621,0.492159,0.0457411,4343750,4626300,429967,9400010,0.501641,0.405536,Paxton,16.5062,-25.8663,-0.0567166,13.2571,0.334497,0.347538
72826,-1.96291,-1.77535,0.494937,0.473687,0.483379,0.0429339,4584110,4677910,415493,9677510,0.516449,0.295186,Paxton,14.2779,-27.0076,0.592068,13.1984,0.474739,0.482452
72833,-1.06748,1.07603,0.491567,0.473207,0.489443,0.03735,4264300,4410610,336579,9011500,0.480905,0.0196661,Paxton,14.4516,-25.6452,1.00852,12.6302,0.494991,0.225916
72858,-2.92397,0.887298,0.50172,0.477866,0.474589,0.0475446,4570640,4539300,454749,9564680,0.510427,-0.396495,Talarico,12.6032,-24.3772,0.899846,12.9837,0.461576,0.0451842
72868,-2.1454,0.99209,0.520509,0.498921,0.459603,0.041476,4638700,4273150,385622,9297470,0.496166,-0.0991353,Talarico,14.9848,-25.4335,1.19536,10.9439,0.597237,0.179267
72869,1.46607,1.05147,0.494278,0.474986,0.485983,0.0390303,4734000,4843600,388999,9966600,0.531876,0.853728,Paxton,19.9607,-27.2924,1.58818,9.99784,0.53926,0.2837
72887,1.14864,0.909004,0.5016,0.473912,0.470889,0.0551994,4063200,4037290,473266,8573760,0.457545,1.07186,Talarico,18.9025,-26.7641,0.0919714,12.7249,0.828489,0.274309
72888,-1.49783,-0.46471,0.510157,0.491726,0.472145,0.0361285,4670790,4484800,343176,9498770,0.506911,0.665793,Talarico,16.2511,-30.5774,3.15421,10.8915,0.895117,0.885474
72896,1.93779,0.0646576,0.518596,0.493291,0.457914,0.0487946,4691750,4355270,464091,9511110,0.507572,1.13186,Talarico,19.763,-28.5326,0.0290867,13.037,0.722092,0.309433
72982,-1.18899,-2.07343,0.494119,0.46926,0.48043,0.0503099,4046780,4143100,433859,8623740,0.460212,0.254503,Paxton,14.5985,-27.4821,-0.315833,15.7006,0.460877,0.434165
72987,3.03267,-0.120477,0.487846,0.471889,0.495402,0.0327086,4249780,4461540,294570,9005890,0.480605,0.862213,Paxton,23.4488,-26.5137,-1.22337,13.6852,0.258427,0.408377
72992,2.1699,0.987328,0.516079,0.493546,0.462792,0.0436622,4531990,4249600,400929,9182520,0.490035,1.31586,Talarico,21.1481,-26.8674,-0.569414,13.4014,0.658915,0.200179
73006,1.08041,1.68328,0.517957,0.497518,0.463021,0.0394611,5031420,4682550,399072,10113000,0.539688,1.41793,Talarico,19.5186,-27.6558,0.802782,10.9393,0.576337,0.0410052
73018,-1.19107,-0.266478,0.498922,0.473775,0.475821,0.0504042,4093540,4111220,435506,8640270,0.461094,0.521785,Paxton,15.4198,-25.5019,1.31426,10.8303,0.756835,0.738757
73050,-1.51545,0.356018,0.507447,0.484184,0.469973,0.0458433,4696140,4558320,444639,9699100,0.5176,0.0376593,Talarico,15.025,-24.8191,0.204846,12.2404,0.840694,0.286396
73054,2.45961,1.15284,0.507274,0.492873,0.478739,0.0283882,4056350,3940020,233635,8230010,0.439199,1.52303,Talarico,22.8285,-27.784,-0.361186,12.5865,0.469466,0.0294724
73059,1.0696,-1.90641,0.503699,0.484239,0.477128,0.0386326,4169730,4108490,332661,8610890,0.459528,0.911611,Talarico,19.7927,-28.7904,1.19363,11.7916,0.765062,0.4924
73065,-1.59816,-0.316169,0.516702,0.495528,0.463492,0.0409805,4312590,4033780,356654,8703020,0.464443,0.34967,Talarico,16.0724,-27.7643,2.79164,9.89983,0.811014,0.670993
73075,0.362734,-0.409371,0.507409,0.481391,0.467332,0.051277,3942120,3826990,419909,8189020,0.437012,0.48254,Talarico,16.1859,-27.5495,1.10361,12.2625,0.77752,0.382377
73083,-0.972753,-1.18598,0.50735,0.488156,0.474012,0.0378317,4051130,3933750,313959,8298840,0.442874,0.431664,Talarico,16.8077,-27.3799,1.53409,11.8819,0.807227,0.497298
73090,0.937182,-0.0407714,0.49546,0.475572,0.484288,0.0401394,3663140,3730270,309177,7702590,0.411054,0.36859,Paxton,16.5053,-27.8326,-1.02043,16.0386,0.687831,0.0644809
73115,-0.891247,0.838537,0.4972,0.467043,0.472304,0.0606523,4267180,4315240,554154,9136570,0.487583,0.236285,Paxton,17.0768,-26.2391,1.09604,11.5792,0.658433,0.606277
73149,-0.984864,2.44447,0.518032,0.501253,0.466358,0.0323898,4927980,4584910,318435,9831330,0.524655,0.0494954,Talarico,17.0614,-24.5647,-1.78349,14.6047,0.428676,0.221284
73171,1.17446,-1.30831,0.495359,0.475967,0.484886,0.0391466,4234560,4313910,348277,8896740,0.474782,1.18952,Paxton,20.4358,-27.2659,1.16248,9.82878,0.755285,0.286369
73183,-0.267253,0.986046,0.505213,0.480153,0.470244,0.0496026,4156850,4071060,429426,8657340,0.462007,0.5399,Talarico,18.1758,-25.2705,0.484566,11.2227,0.99101,0.823496
73191,2.51235,1.02616,0.514838,0.496071,0.467477,0.0364513,4602890,4337580,338220,9278690,0.495168,1.70236,Talarico,22.2398,-28.3105,0.0897239,12.5403,0.495977,0.0168223
73208,-1.07637,-1.59099,0.497541,0.475799,0.480502,0.0436994,4070580,4110820,373860,8555260,0.456558,0.559114,Paxton,17.5408,-26.2731,1.35313,10.9784,0.64345,0.67082
73241,0.348225,1.06028,0.531477,0.510186,0.449755,0.0400597,4917610,4335120,386130,9638860,0.514385,0.628375,Talarico,17.8763,-27.8794,0.835834,12.3821,0.376292,0.306114
73263,-2.38674,-1.3815,0.494296,0.47969,0.490762,0.0295478,4016690,4109400,247419,8373520,0.446857,-0.0699228,Paxton,13.6179,-26.7174,4.23099,8.68199,0.377878,0.13357
73298,2.61684,-0.149307,0.498684,0.471726,0.474216,0.0540575,4449320,4472810,509870,9432000,0.503346,0.766199,Paxton,21.5845,-25.5643,-1.36052,12.5833,0.574981,0.749661
73300,2.41587,0.104467,0.495178,0.476488,0.485768,0.0377436,5203040,5304370,412143,10919600,0.582732,1.34847,Paxton,19.8007,-25.224,-0.0746294,11.9842,0.503353,0.0130766
73308,-2.11213,0.286094,0.513045,0.492309,0.467273,0.0404179,4537810,4307050,372548,9217400,0.491894,0.533503,Talarico,15.7005,-25.2297,1.52801,11.056,0.779475,0.945141
73318,1.10046,0.549642,0.530639,0.495693,0.43845,0.065857,4157690,3677560,552385,8387640,0.447614,0.549278,Talarico,15.8693,-27.3188,0.560909,14.3901,0.401272,0.277615
73359,0.00163083,0.668089,0.526762,0.511424,0.459458,0.0291178,4371930,3927700,248915,8548540,0.456201,0.49714,Talarico,17.5374,-25.8434,-0.349627,12.3748,0.538441,0.452909
73374,1.58093,-1.11603,0.496216,0.467091,0.474214,0.0586946,3821690,3879970,480233,8181890,0.436635,0.505495,Paxton,19.4247,-27.558,1.83415,10.2851,0.722317,0.33379
73386,0.237917,-1.43716,0.482434,0.462934,0.496646,0.0404195,4086940,4384560,356837,8828330,0.471129,0.593388,Paxton,18.4754,-25.8575,-0.350916,12.5199,0.290318,0.331736
73407,-1.04268,-0.909247,0.529981,0.498458,0.442063,0.0594791,4226620,3748420,504346,8479380,0.452511,-0.378825,Talarico,15.2861,-28.6753,2.51923,10.9573,0.398914,0.0174286
73441,1.54225,0.854453,0.519108,0.49877,0.462051,0.0391795,4316050,3998300,339035,8653380,0.461794,0.731253,Talarico,19.8905,-27.2174,0.397871,12.7199,0.685555,0.615712
73453,-1.01758,1.6678,0.515788,0.495915,0.465555,0.0385304,4660780,4375450,362122,9398360,0.501548,0.466901,Talarico,15.5016,-25.8377,-0.619283,13.9701,0.67646,0.823211
73464,0.405967,0.909311,0.491131,0.466977,0.483843,0.0491807,4137530,4286970,435754,8860260,0.47284,0.445442,Paxton,17.823,-24.2581,-0.842109,12.5269,0.466976,0.543093
73475,-1.60165,-1.78969,0.513726,0.489899,0.46372,0.0463802,4556070,4312610,431337,9300020,0.496301,0.49326,Talarico,16.3636,-27.3298,1.62742,11.7324,0.470471,0.909322
73478,2.87274,-0.803613,0.536415,0.512212,0.442669,0.0451185,4588010,3965090,404137,8957240,0.478009,1.70438,Talarico,20.4526,-29.7722,0.850707,12.4973,0.0777629,0.0119601
73518,-1.57082,-0.792053,0.502756,0.46853,0.463394,0.0680768,4414650,4366260,641444,9422360,0.502831,0.530002,Talarico,17.119,-26.4336,1.88706,10.9628,0.756449,0.927778
73533,1.83045,-1.87167,0.527572,0.500888,0.448533,0.0505782,4553840,4077850,459833,9091520,0.485178,1.3388,Talarico,20.841,-31.8871,2.35966,11.0871,0.273124,0.081625
73540,0.230437,1.97904,0.494467,0.472065,0.48263,0.0453048,4643010,4746920,445596,9835520,0.524881,1.00694,Paxton,19.9105,-24.4757,-0.962142,12.5249,0.482373,0.237382
73582,-1.20493,-0.414653,0.506647,0.488045,0.475238,0.0367171,4464080,4346940,335846,9146870,0.488128,0.563309,Talarico,13.761,-26.6373,1.40445,12.1775,0.873802,0.964051
73590,-0.0523021,-2.40255,0.509745,0.494033,0.475143,0.0308237,4141320,3982970,258385,8382680,0.447347,0.0774588,Talarico,14.1245,-26.7833,0.405643,14.1819,0.483284,0.268725
73624,-0.616146,0.91594,0.507373,0.473524,0.459761,0.0667148,4686410,4550200,660268,9896880,0.528156,-0.0835852,Talarico,14.7934,-26.5306,-0.473047,15.0084,0.948297,0.170377
73652,-1.87725,0.388879,0.514324,0.496803,0.46913,0.0340677,5024120,4744260,344523,10112900,0.539683,0.535715,Talarico,15.7562,-25.659,1.22997,11.7878,0.768305,0.279189
73658,-2.27184,0.224871,0.514501,0.497085,0.469064,0.0338507,4306800,4064030,293287,8664120,0.462365,-0.0662239,Talarico,13.0943,-25.8382,0.0739738,14.816,0.736842,0.189919
73666,-1.25164,1.94402,0.495768,0.478329,0.486496,0.0351748,4663640,4743260,342949,9749850,0.520307,0.329557,Paxton,14.0805,-25.64,2.08314,10.7612,0.562197,0.4622
73668,-0.0980116,1.24835,0.503072,0.483327,0.477424,0.0392493,4261300,4209260,346046,8816610,0.470506,0.0434714,Talarico,13.5481,-28.2537,0.00588771,15.9189,0.973281,0.372834
73699,-0.205682,1.90576,0.51667,0.498821,0.466632,0.034547,4589240,4293100,317839,9200180,0.490974,0.452807,Talarico,17.0525,-25.8406,0.475334,11.9586,0.641999,0.815718
73707,-0.5747,-1.31422,0.53411,0.509187,0.44415,0.0466627,4601200,4013500,421661,9036360,0.482234,0.242801,Talarico,17.9862,-24.3187,0.39573,10.3577,0.257784,0.285701
73709,-1.15251,0.110209,0.48192,0.458752,0.493173,0.0480744,3927670,4222370,411595,8561630,0.456899,0.0847688,Paxton,16.6529,-28.014,1.15568,13.324,0.236603,0.130069
73711,0.879626,-1.32599,0.485727,0.46748,0.494953,0.0375676,4681990,4957140,376254,10015400,0.534479,1.32656,Paxton,20.5091,-25.9705,-0.674006,12.6135,0.411247,0.0390785
73756,0.450788,0.666226,0.520026,0.495296,0.45715,0.0475544,4319740,3987040,414747,8721520,0.465431,0.592361,Talarico,19.5778,-27.7832,0.0291824,13.6419,0.686051,0.675426
73759,0.613232,-1.23868,0.494583,0.473,0.483361,0.0436391,4186410,4278120,386239,8850760,0.472329,1.25094,Paxton,18.6952,-25.9845,-0.565259,13.1924,0.725791,0.21661
73760,-1.39355,0.856159,0.528435,0.508235,0.453539,0.0382256,4166150,3717790,313346,8197290,0.437455,0.657217,Talarico,19.3504,-27.0451,2.38274,9.91603,0.439848,0.192559
73772,-0.194454,2.28187,0.483938,0.462316,0.493003,0.0446811,3795980,4047960,366868,8210810,0.438176,0.525079,Paxton,18.217,-24.4337,0.319337,11.2621,0.16872,0.1621
73799,1.84707,0.874501,0.509776,0.492622,0.473728,0.0336502,4323370,4157550,295322,8776240,0.468352,0.652089,Talarico,19.2649,-27.2176,0.551979,11.8079,0.793218,0.807517
73891,2.83172,0.11699,0.511478,0.486809,0.464961,0.0482302,4371490,4175290,433102,8979890,0.479218,0.77987,Talarico,21.2567,-30.3144,0.148389,13.9058,0.563389,0.880949
73893,2.33907,-0.318806,0.519334,0.49497,0.458116,0.0469136,4583780,4242480,434454,9260720,0.494207,1.02401,Talarico,21.9431,-26.0154,-0.173669,10.6945,0.598095,0.481913
73897,-1.62266,0.974976,0.529198,0.501188,0.445883,0.052929,4671020,4155580,493293,9319900,0.497365,0.39422,Talarico,15.5665,-26.4805,0.948367,12.8651,0.443161,0.414039
73911,1.01406,-2.2657,0.488302,0.466768,0.489132,0.0440994,4246400,4449850,401192,9097440,0.485493,0.295329,Paxton,17.0991,-28.3595,0.721461,13.628,0.401841,0.451989
73918,-1.46064,0.0628818,0.505905,0.477514,0.466368,0.0561184,3599940,3515910,423072,7538920,0.402322,0.346032,Talarico,15.049,-26.8011,2.83113,10.8222,0.861387,0.0822411
73931,-0.592985,-0.206576,0.509095,0.483488,0.466213,0.050299,3725120,3592020,387538,7704680,0.411167,0.189701,Talarico,16.5952,-27.6432,1.52819,11.5413,0.842081,0.110753
73948,-1.29884,0.968266,0.511477,0.490321,0.468318,0.0413613,4675320,4465510,394389,9535220,0.508856,0.328753,Talarico,17.0325,-25.8893,1.88041,10.0452,0.851066,0.773789
73959,-1.65738,-2.07042,0.491359,0.466831,0.483249,0.0499198,4099740,4243920,438399,8782060,0.468663,0.571616,Paxton,15.1767,-25.3357,0.259953,12.494,0.378211,0.571683
73987,1.21296,-2.23486,0.482925,0.45836,0.490773,0.0508665,4587790,4912210,509129,10009100,0.534145,1.11439,Paxton,20.6224,-28.8904,1.62934,11.1102,0.238257,0.069784
73990,2.84604,-0.186292,0.510422,0.474405,0.455033,0.070562,5289870,5073860,786804,11150500,0.595057,1.08133,Talarico,22.0833,-28.7485,0.207874,12.2223,0.616679,0.0106743
74040,-0.8135,1.2255,0.505516,0.483276,0.472729,0.0439945,4178030,4086850,380342,8645220,0.461361,0.476914,Talarico,17.1073,-27.0235,0.632471,13.7439,0.924949,0.833971
74047,-2.69096,-0.953268,0.514054,0.491729,0.464841,0.0434296,4694170,4437500,414590,9546260,0.509442,0.298271,Talarico,13.7378,-26.1461,3.16342,8.5275,0.370021,0.688183
74048,-1.6453,2.02944,0.518088,0.500289,0.465357,0.0343543,5205630,4842150,357465,10405200,0.555284,0.345725,Talarico,15.2256,-23.7765,1.28121,10.0867,0.54251,0.101562
74052,-0.179373,-1.39405,0.481001,0.462273,0.498792,0.0389346,4272750,4610280,359869,9242900,0.493259,0.448208,Paxton,16.4952,-24.5285,-1.33434,13.5552,0.255243,0.276487
74063,-2.14382,1.23856,0.4969,0.476786,0.482734,0.0404793,4286130,4339600,363893,8989620,0.479739,0.304395,Paxton,13.5625,-25.666,1.00535,13.1665,0.615408,0.723853
74069,-0.772823,0.124175,0.506305,0.480975,0.468996,0.0500293,4625200,4510000,481096,9616290,0.513178,0.809704,Talarico,16.2829,-27.7851,2.64829,10.1562,0.870103,0.662876
74083,-0.671716,1.31063,0.514052,0.48567,0.459118,0.0552116,4379550,4140120,497873,9017540,0.481229,0.761868,Talarico,17.835,-25.1932,0.0556746,11.2997,0.782982,0.877894
74099,-2.11508,0.996764,0.532158,0.512138,0.450241,0.0376216,5185040,4558370,380893,10124300,0.540291,0.463522,Talarico,15.3908,-25.5564,0.613542,11.9557,0.351486,0.118313
74125,-1.25142,-1.34384,0.506656,0.482385,0.469711,0.0479041,4744180,4619530,471129,9834840,0.524846,0.62576,Talarico,15.0173,-27.759,1.62402,12.5325,0.806653,0.603264
74136,0.660848,-0.967751,0.492586,0.468922,0.483037,0.0480408,4388580,4520680,449607,9358870,0.499445,0.494361,Paxton,15.4662,-27.6215,0.779981,13.6955,0.670458,0.595263
74174,1.72564,0.966254,0.499678,0.477812,0.478428,0.0437597,4161910,4167280,381162,8710350,0.464835,1.29781,Paxton,20.2395,-26.723,0.853274,11.4296,0.670447,0.173582
74219,1.95586,-0.563123,0.53034,0.505737,0.447872,0.0463919,4624880,4095710,424246,9144840,0.488019,0.26133,Talarico,18.641,-25.909300000000002,0.269095,12.1718,0.365111,0.355381
74222,0.26579,2.32017,0.51194,0.492689,0.469707,0.0376033,4870500,4643300,371729,9885530,0.527548,0.518785,Talarico,17.9292,-25.5528,-0.72464,14.2499,0.50583,0.510313
74231,-0.630595,-1.23674,0.509339,0.486513,0.468672,0.0448153,4321700,4163210,398094,8883000,0.47405,0.521105,Talarico,19.5521,-24.6417,0.519537,9.52934,0.807014,0.874958
74289,0.941658,-2.00881,0.515165,0.491066,0.462155,0.0467788,4488550,4224290,427578,9140420,0.487786,0.652772,Talarico,16.8576,-28.2678,2.13234,11.263,0.619376,0.929929
74319,1.76704,-1.58937,0.474672,0.456637,0.505367,0.0379963,3789160,4193520,315292,8297960,0.44283,0.950908,Paxton,20.1575,-29.2894,-0.347918,14.8791,0.147951,0.0745302
74332,2.09833,1.73053,0.490969,0.466076,0.483222,0.0507019,4649950,4821020,505843,9976810,0.532422,1.08862,Paxton,21.9987,-25.3879,-1.04869,11.753,0.276967,0.13397
74337,0.666014,-0.365704,0.50463,0.480743,0.471922,0.0473353,4191120,4114220,412669,8718000,0.465246,0.791665,Talarico,18.7929,-29.0358,1.95982,11.1237,0.788357,0.709853
74360,1.95933,-0.988575,0.489517,0.46964,0.489756,0.0406041,4301090,4485310,371863,9158260,0.488739,1.12814,Paxton,20.1392,-29.3089,1.13358,12.6405,0.5003,0.256875
74380,-1.44047,0.932167,0.533589,0.515989,0.451026,0.0329851,4550420,3977530,290890,8818840,0.470624,0.491037,Talarico,15.056,-27.2062,1.4108,12.102,0.367319,0.298277
74388,-2.44915,-0.104123,0.504223,0.481495,0.473429,0.0450762,4306650,4234510,403177,8944340,0.47732,-0.150326,Talarico,17.5328,-25.1785,2.25979,9.42268,0.673939,0.20392
74400,-1.46356,-0.822089,0.510996,0.486494,0.465558,0.0479479,4578530,4381490,451251,9411270,0.502239,0.53502,Talarico,16.5433,-27.0563,-0.0884505,14.2428,0.837434,0.937818
74413,-0.296163,0.735382,0.521042,0.497987,0.457766,0.0442473,4388460,4034020,389925,8812400,0.470283,0.326351,Talarico,16.1994,-26.0062,0.189547,12.8692,0.61284400000000006,0.617465
74420,-0.209403,1.54331,0.490799,0.458102,0.475279,0.0666191,4044480,4196120,588164,8828760,0.471153,0.643472,Paxton,17.7894,-25.75,0.0828589,11.9278,0.471379,0.575137
74473,-1.03446,0.251563,0.501561,0.477031,0.474061,0.0489083,4264010,4237460,437174,8938650,0.477016,0.8126,Talarico,16.6713,-27.9005,1.58208,12.0929,0.815321,0.848371
74483,-1.87636,-1.66032,0.508115,0.483729,0.468277,0.0479942,4551240,4405850,451561,9408650,0.5021,0.362997,Talarico,17.7508,-26.6878,2.44472,9.16448,0.612249,0.86255
74507,2.2443,0.524065,0.522913,0.495622,0.452188,0.0521902,3955760,3609090,416551,7981410,0.425932,1.09505,Talarico,20.2735,-26.434,0.027331,12.6261,0.555182,0.0858229
74531,2.18234,-1.72019,0.482578,0.460475,0.493723,0.045802,4326370,4638740,430330,9395440,0.501395,0.946622,Paxton,21.8572,-27.0926,-0.259036,11.8395,0.228898,0.185238
74564,-0.71908,2.00651,0.492141,0.469766,0.484769,0.0454649,4531220,4675940,438540,9645690,0.514749,0.635952,Paxton,18.5879,-23.2996,-0.146636,10.4468,0.483943,0.472098
74580,1.22887,0.297724,0.533095,0.506752,0.443833,0.0494154,4685970,4104150,456947,9247060,0.493479,0.896103,Talarico,16.6493,-28.5755,1.28759,12.7965,0.288231,0.229951
74629,0.586027,0.805842,0.529139,0.494628,0.440151,0.0652206,5033510,4479140,663708,10176400,0.543068,0.757952,Talarico,19.0239,-27.4115,0.194264,13.1249,0.482095,0.120782
74634,0.241315,-1.99381,0.529126,0.510239,0.454066,0.0356945,4266510,3796800,298469,8361770,0.446235,0.900987,Talarico,17.3843,-26.7471,2.53237,10.1942,0.316579,0.184666
74642,-0.101378,0.389926,0.48948,0.472373,0.492679,0.0349479,4227980,4409720,312801,8950510,0.477651,0.305952,Paxton,19.4346,-27.7401,1.62541,10.7816,0.427472,0.485079
74750,2.23244,1.70561,0.497629,0.473485,0.477996,0.0485189,4653620,4697960,476866,9828450,0.524501,1.25589,Paxton,24.3405,-25.8116,-1.80664,12.3085,0.309362,0.11574
74756,0.924411,0.76584,0.498928,0.48185,0.483921,0.0342293,4368500,4387270,310326,9066100,0.483821,0.855939,Paxton,19.1054,-29.6155,1.22027,13.4134,0.773552,0.787141
74811,0.600111,-2.51786,0.508612,0.483402,0.467033,0.0495654,4382170,4233770,449323,9065260,0.483777,0.906948,Talarico,18.1009,-29.776,2.11798,12.6474,0.452558,0.736732
74821,-0.190172,-1.75287,0.493172,0.471195,0.484242,0.0445631,3489010,3585620,329972,7404600,0.395154,0.327217,Paxton,18.333,-26.3988,1.93678,9.91397,0.490547,0.0270884
74828,-0.0400613,0.312387,0.500158,0.47287,0.472572,0.0545581,4238070,4235400,488974,8962440,0.47829,0.33263,Talarico,15.4474,-27.7961,0.0236182,13.9206,0.768925,0.817218
74832,-1.93325,1.80205,0.515939,0.496867,0.466169,0.0369638,4734390,4441880,352209,9528480,0.508496,0.493139,Talarico,15.6917,-25.1852,1.18498,11.6099,0.584293,0.76352
74841,0.056741,1.85267,0.538365,0.522352,0.447903,0.0297448,4572440,3920750,260373,8753570,0.467143,0.693637,Talarico,20.0776,-26.2371,-0.741585,13.6938,0.216187,0.16899
74859,2.01005,0.687095,0.518937,0.494434,0.458349,0.0472172,4815810,4464330,459897,9740040,0.519788,0.679069,Talarico,21.4599,-26.4062,-0.535101,12.4138,0.719889,0.497901
74867,-0.720478,-2.13789,0.484029,0.466,0.496752,0.0372483,4050640,4317950,323776,8692370,0.463877,0.668899,Paxton,16.6684,-25.2016,-0.863286,13.3581,0.211514,0.343875
74877,1.45232,0.276736,0.499576,0.479151,0.479965,0.0408839,4373080,4380500,373136,9126720,0.487055,0.789558,Paxton,19.9857,-27.8205,0.990659,11.0428,0.761177,0.877416
74886,-0.245027,0.0308298,0.498111,0.471682,0.475259,0.0530581,4500850,4534990,506287,9542130,0.509229,0.0341633,Paxton,14.3174,-26.0988,1.08384,11.9451,0.710877,0.270019
74899,-1.65431,-0.0535876,0.522041,0.505198,0.462537,0.0322653,4891040,4478020,312374,9681430,0.516657,0.0776908,Talarico,15.8764,-29.3652,3.74365,9.76348,0.62505,0.236648
74926,-2.13644,1.28277,0.521706,0.498852,0.457341,0.0438076,4624050,4239270,406069,9269380,0.494667,0.138744,Talarico,15.9321,-25.6833,2.17118,10.6121,0.577553,0.382089
74940,-0.591293,-1.57496,0.505627,0.487848,0.476988,0.0351639,4182290,4089200,301458,8572940,0.457502,0.606742,Talarico,18.307,-24.3215,0.191896,10.6677,0.81763,0.740632
74949,-1.16655,1.23023,0.519558,0.501434,0.463684,0.034882,4075300,3768480,283496,8127280,0.433717,0.400333,Talarico,15.7481,-27.6622,2.42549,10.4507,0.636868,0.2381
74968,-1.12197,-1.42963,0.497884,0.478419,0.482487,0.0390939,4617890,4657150,377349,9652380,0.515106,0.714903,Paxton,18.3466,-28.3776,1.8652,11.2391,0.658936,0.607054
75033,0.435091,2.34193,0.499101,0.481806,0.483541,0.0346528,4140650,4155570,297807,8594030,0.45863,0.675673,Paxton,18.3694,-24.6744,-0.05256,11.7887,0.406588,0.669131
75069,1.2608,-1.78993,0.503518,0.482948,0.4762,0.0408517,4380350,4319140,370526,9070020,0.484028,0.69156,Talarico,19.0136,-29.1573,0.882159,12.7539,0.790082,0.955174
75080,0.407466,1.27217,0.500938,0.483278,0.481469,0.0352533,4483250,4466470,327036,9276760,0.495062,0.300754,Talarico,17.4314,-25.0999,-0.494588,13.0835,0.926526,0.717557
75081,1.4237,-0.229571,0.49875,0.48308,0.485501,0.0314191,4825830,4850020,313868,9989710,0.533109,0.988094,Paxton,19.2442,-28.384,0.433373,12.7659,0.72158,0.243211
75090,0.882321,1.88867,0.528555,0.502638,0.448328,0.0490343,4089150,3647320,398913,8135390,0.434152,0.944906,Talarico,18.9173,-25.9585,-0.760463,13.1902,0.359543,0.1208
75119,-0.444263,2.45599,0.52398,0.498988,0.453315,0.0476966,4898590,4450220,468240,9817050,0.523894,0.747203,Talarico,18.0492,-25.1553,0.88607,10.7725,0.360884,0.328657
75195,-1.0329,-0.582032,0.491324,0.47391,0.490647,0.0354426,4155100,4301840,310750,8767700,0.467896,0.484422,Paxton,17.3018,-27.5367,0.333415,12.6962,0.510425,0.537201
75204,-0.273084,2.19233,0.521455,0.491307,0.450878,0.0578151,4285390,3932740,504287,8722420,0.465479,0.511387,Talarico,16.6119,-24.8944,-0.831081,13.7019,0.503122,0.652387
75286,-1.95107,0.990726,0.48562,0.462144,0.489514,0.048342,3901570,4132630,408118,8442320,0.45053,0.658342,Paxton,16.0545,-26.6613,1.27318,11.7129,0.355822,0.283603
75294,-1.87301,-1.03131,0.50435700000000006,0.478954,0.470679,0.0503669,4095000,4024240,430630,8549870,0.456273,-0.049092,Talarico,14.3389,-28.7098,2.18014,12.5748,0.746161,0.182494
75311,2.63008,0.436027,0.497544,0.475127,0.479818,0.0450548,4197380,4238820,398024,8834220,0.471447,1.10253,Paxton,21.1437,-27.4773,-0.838404,12.3728,0.384339,0.379178
75326,0.560752,-2.37646,0.495598,0.476737,0.485205,0.0380585,4471800,4551230,356989,9380010,0.500569,0.68512,Paxton,18.526,-28.2913,1.59302,12.048400000000001,0.486264,0.703138
75330,0.962288,0.752553,0.491869,0.460407,0.475628,0.063965,4146340,4283420,576057,9005810,0.480601,0.708616,Paxton,19.4125,-25.8386,-0.373771,12.1917,0.533677,0.639357
75355,1.41847,-1.98842,0.507134,0.482498,0.468924,0.0485786,4365080,4242270,439482,9046830,0.482789,0.810598,Talarico,18.232,-30.341,1.49694,13.8247,0.617375,0.90795
75358,0.589212,-1.44673,0.493862,0.472648,0.484397,0.0429547,3951370,4049600,359104,8360070,0.446142,0.683679,Paxton,18.8068,-27.4553,0.86134,10.9991,0.682312,0.416556
75381,-1.71495,-0.24212,0.52012100000000006,0.495243,0.456925,0.0478312,5013750,4625830,484234,10123800,0.540266,0.235035,Talarico,12.5597,-28.6078,2.77371,12.4059,0.694116,0.18951
75398,-0.0378313,2.0366,0.516663,0.497228,0.465155,0.0376169,4730380,4425260,357868,9513500,0.507695,0.982111,Talarico,21.0189,-23.3789,-1.1679,10.7707,0.599825,0.491038
75401,0.105679,-1.44556,0.501296,0.479227,0.476749,0.0440239,3982040,3961460,365808,8309310,0.443432,0.469579,Talarico,18.1095,-26.9537,1.07515,11.1481,0.772593,0.523561
75418,1.99199,-0.71365,0.515623,0.494895,0.464905,0.0402,4439920,4170870,360652,8971450,0.478769,1.04893,Talarico,20.7357,-25.8093,-1.43016,13.716,0.717265,0.453998
75449,0.921444,1.29582,0.50935,0.484175,0.466398,0.0494269,4722860,4549460,482132,9754450,0.520557,0.880643,Talarico,19.8182,-28.2262,1.55599,10.8121,0.824701,0.462992
75451,1.55867,1.20156,0.472061,0.456177,0.510174,0.033649,4255040,4758710,313865,9327610,0.497774,0.485248,Paxton,20.5828,-26.2666,-1.38686,13.0888,0.0733168,0.100067
75452,0.185289,-1.11601,0.514555,0.497839,0.469676,0.0324851,4691430,4426020,306126,9423580,0.502898,0.568284,Talarico,18.4588,-27.5327,0.52559,12.456,0.660531,0.881403
75461,-1.82027,-1.46398,0.498328,0.468422,0.471565,0.0600125,4161520,4189440,533158,8884120,0.474109,0.566502,Paxton,17.23,-26.7692,1.86793,11.1682,0.663958,0.774354
75480,-0.596532,-1.62548,0.51586,0.500272,0.46951,0.0302175,4282570,4019230,258676,8560470,0.456836,0.53292,Talarico,19.9939,-25.691,0.333003,10.437,0.669328,0.681057
75492,-1.85824,-1.35685,0.510219,0.488345,0.468783,0.0428722,4428900,4251490,388817,9069220,0.483985,-0.0377293,Talarico,14.5556,-25.7695,1.52575,11.3317,0.70505,0.351665
75500,-2.33773,1.64216,0.505581,0.488571,0.477784,0.0336445,4656540,4553730,320664,9530940,0.508626,-0.155315,Talarico,13.382,-24.7347,0.314856,13.1898,0.495071,0.192664
75522,0.592766,-0.841152,0.495422,0.476463,0.485269,0.0382681,4370220,4450980,351003,9172200,0.489483,0.403647,Paxton,19.8503,-28.5171,0.849391,10.9615,0.710839,0.750803
75534,-2.54187,0.698303,0.516415,0.498874,0.46716,0.0339652,4469930,4185770,304329,8960020,0.478158,0.164138,Talarico,12.8777,-26.5499,1.05412,13.4019,0.572982,0.538581
75537,-0.349604,-0.421866,0.511314,0.48379,0.46238,0.0538297,3885840,3713870,432364,8032070,0.428638,0.412052,Talarico,13.1542,-26.9541,2.23093,11.5056,0.752733,0.215622
75549,1.21591,-0.00209493,0.483078,0.456011,0.487958,0.0560308,4222470,4518290,518822,9259580,0.494145,0.70562,Paxton,18.4352,-28.8479,0.185217,13.8382,0.334319,0.337922
75561,-0.200271,0.938043,0.524309,0.502906,0.456272,0.0408222,4465060,4051030,362441,8878530,0.473813,0.692036,Talarico,19.0583,-26.5769,-0.587499,13.8002,0.540543,0.624259
75585,2.26293,0.13207,0.511215,0.488388,0.46696,0.0446515,4736640,4528820,433053,9698520,0.517574,0.796689,Talarico,19.2782,-25.6158,-1.60526,14.458,0.818626,0.575374
75603,-0.163444,-2.17123,0.500859,0.477276,0.475638,0.0470861,4257090,4242480,419987,8919560,0.475998,0.763366,Talarico,19.1774,-28.2813,2.55892,9.98361,0.565119,0.857153
75622,2.79048,-0.677263,0.495026,0.466771,0.476151,0.0570776,4407760,4496350,538990,9443100,0.50394,0.958831,Paxton,20.5266,-27.2893,-0.273735,12.4424,0.487749,0.466096
75658,1.16945,-0.231683,0.497977,0.475814,0.47968,0.0445061,4480680,4517080,419108,9416870,0.502539,0.518401,Paxton,17.3093,-27.6058,0.739755,12.408,0.713839,0.787358
75670,-1.24488,-0.249796,0.5148,0.487539,0.459507,0.0529534,4441840,4186450,482445,9110740,0.486205,0.276794,Talarico,17.1053,-29.207,1.81322,11.7925,0.850225,0.688708
75733,2.12315,-1.30122,0.537951,0.51529,0.442586,0.0421231,5360750,4604390,438222,10403400,0.555184,1.07883,Talarico,20.5368,-28.6459,-0.0299529,12.5007,0.139219,0.0238555
75785,-0.806607,0.114528,0.498956,0.48047,0.482481,0.0370492,4373610,4391910,337250,9102770,0.485775,0.54831,Paxton,17.9919,-25.6056,1.70553,9.16994,0.770309,0.881474
75795,1.07914,-0.688635,0.464872,0.445879,0.513265,0.0408555,3968730,4568530,363651,8900920,0.475007,0.879902,Paxton,20.7628,-26.1666,-0.304915,11.4523,0.0631207,0.0546261
75803,1.39358,1.60249,0.532598,0.512952,0.450161,0.0368869,5098540,4474420,366641,9939600,0.530435,0.69395,Talarico,19.9549,-27.7263,0.84715,11.4579,0.284041,0.170653
75819,-0.593067,-1.55614,0.53428,0.515888,0.449688,0.0344241,4162190,3628080,277734,8068010,0.430556,0.673005,Talarico,19.4099,-24.7342,0.90483,9.12891,0.271432,0.0828317
75852,2.13636,0.164286,0.471427,0.452261,0.507083,0.0406554,3895540,4367750,350184,8613470,0.459664,1.02985,Paxton,19.8101,-25.1906,-1.3366,13.3125,0.0871596,0.0651394
75856,2.0329,-0.587894,0.511757,0.476128,0.454251,0.0696207,4007640,3823500,586007,8417140,0.449186,1.23071,Talarico,21.3637,-28.6453,-0.325094,14.7416,0.822617,0.141813
75858,0.10467,1.91571,0.489013,0.468021,0.489051,0.0429281,3956120,4133880,362866,8452870,0.451094,0.860989,Paxton,19.3301,-26.7896,1.1903,11.044,0.365233,0.304562
75901,1.51858,-1.26037,0.540095,0.512813,0.436674,0.0505124,4475590,3811090,440849,8727530,0.465749,0.482967,Talarico,17.9932,-31.5496,3.31267,11.7712,0.143691,0.161705
75903,-0.531867,-0.0388811,0.493868,0.470263,0.481941,0.0477956,4088120,4189650,415500,8693270,0.463922,0.448492,Paxton,17.6698,-28.2453,2.15655,11.3148,0.584677,0.589264
75904,-0.943279,-1.90264,0.495849,0.472237,0.480144,0.0476192,4248420,4319550,428400,8996380,0.480098,0.815369,Paxton,18.1653,-25.7116,-0.622121,13.3829,0.533951,0.742811
75943,-1.80495,0.62638,0.508983,0.491981,0.474615,0.0334044,4851500,4680260,329406,9861170,0.526249,0.614366,Talarico,16.3115,-26.0185,3.1415,8.65245,0.858153,0.554397
75975,-2.05549,1.22327,0.487942,0.466342,0.48939,0.0442676,4111190,4314380,390256,8815830,0.470465,0.208093,Paxton,15.8943,-26.2217,2.05862,10.8646,0.400625,0.35163
75999,0.770604,-0.176835,0.494392,0.462953,0.473455,0.0635919,3846030,3933280,528296,8307600,0.44334,0.560429,Paxton,17.1251,-27.9681,0.735979,12.8896,0.650197,0.414603
76001,0.900698,0.201268,0.490641,0.467788,0.485633,0.0465784,4618780,4794980,459899,9873660,0.526916,1.13288,Paxton,19.4195,-26.5979,-0.740947,13.8873,0.545985,0.131759
76002,-0.316374,-0.750101,0.514748,0.496947,0.46847,0.0345831,3734510,3520510,259889,7514910,0.401041,0.531002,Talarico,18.9229,-26.5408,1.23263,10.7427,0.691482,0.0716775
76022,-2.08777,1.85025,0.504091,0.474825,0.467119,0.0580568,3854710,3792150,471315,8118180,0.433233,-0.0561976,Talarico,15.4141,-24.0199,-0.417402,12.6842,0.414531,0.142056
76103,-3.00231,-0.405337,0.486233,0.465669,0.492039,0.0422916,4757270,5026670,432051,10216000,0.545185,-0.189605,Paxton,11.1069,-25.7432,1.52805,13.485,0.137399,0.0265314
76110,-2.32086,0.628348,0.516657,0.487163,0.455751,0.0570858,4763790,4456630,558222,9778650,0.521846,0.342794,Talarico,15.5226,-25.906,1.22372,11.8734,0.640762,0.517249
76125,0.397905,2.09699,0.515549,0.491303,0.461668,0.0470293,3907250,3671560,374016,7952830,0.424408,0.931018,Talarico,20.3429,-26.6106,1.54131,9.76691,0.563515,0.173493
76131,2.53271,0.604565,0.519688,0.497304,0.459624,0.0430725,4727000,4368840,409415,9505250,0.507256,0.836562,Talarico,20.7894,-26.7424,0.0999855,11.8956,0.536026,0.586315
76134,-0.443307,0.190682,0.529855,0.511893,0.454206,0.0339009,4903670,4351060,324753,9579490,0.511217,0.617637,Talarico,16.5476,-26.9841,1.58363,10.3514,0.430003,0.368991
76166,2.55233,-0.49035,0.487187,0.473959,0.498889,0.0271524,4438050,4671490,254249,9363790,0.499707,1.05411,Paxton,23.2211,-28.6837,-1.14876,14.2169,0.380774,0.22773
76192,1.20455,1.68441,0.48763,0.457111,0.480303,0.0625856,4129180,4338690,565349,9033220,0.482066,0.645484,Paxton,21.3076,-26.8262,0.152483,11.4734,0.307316,0.487922
76196,0.940009,1.90218,0.504319,0.478802,0.470601,0.0505975,4713170,4632440,498065,9843680,0.525316,0.79043,Talarico,22.6421,-25.0744,-0.82296,10.7301,0.674341,0.486545
76237,0.270826,-1.28581,0.53675,0.511396,0.441368,0.0472354,3694820,3188870,341274,7224970,0.385565,0.605962,Talarico,16.1327,-27.6874,0.18133,14.702,0.163579,0.0122991
76272,-0.809036,-0.0296738,0.508203,0.483152,0.467554,0.0492937,4429540,4286530,451924,9167990,0.489257,0.195938,Talarico,16.5855,-28.2284,1.37075,11.7996,0.882443,0.669444
76294,0.608266,-1.31428,0.51767,0.497783,0.4638,0.0384169,4304320,4010470,332190,8646980,0.461454,0.716157,Talarico,17.2645,-28.0879,1.44605,11.4199,0.631437,0.645439
76299,1.78617,1.2637,0.503077,0.480313,0.474437,0.0452496,4401270,4347430,414637,9163340,0.489011,0.631895,Talarico,20.8027,-27.845,-0.13738,13.2955,0.677472,0.970589
76309,-1.12614,0.77513,0.510543,0.486843,0.466736,0.0464212,4223540,4049110,402721,8675380,0.462972,0.322915,Talarico,17.2944,-26.8251,1.6421,10.8961,0.836404,0.68289
76327,1.75619,1.12902,0.519856,0.499574,0.461412,0.0390134,4526340,4180580,353477,9060400,0.483514,1.10816,Talarico,19.3677,-26.9267,1.5448,10.4919,0.57,0.329648
76349,-1.77378,0.0354815,0.479249,0.462166,0.502188,0.0356455,4612490,5011920,355748,9980170,0.532601,0.524347,Paxton,15.644,-25.8971,2.47451,9.75711,0.171631,0.122762
76383,-1.77531,-0.932905,0.501913,0.478354,0.474707,0.0469386,5131600,5092470,503539,10727600,0.572489,-0.0498891,Talarico,16.0997,-28.0335,3.40486,8.99416,0.732687,0.0250969
76418,-0.902281,1.12477,0.487052,0.469117,0.49406,0.0368232,4315200,4544630,338720,9198550,0.490887,0.486317,Paxton,16.9552,-26.1665,1.55751,10.9294,0.35690499999999997,0.4337
76422,-0.240434,0.282949,0.498953,0.469393,0.471364,0.0592425,4046990,4063980,510774,8621750,0.460109,0.863506,Paxton,16.9663,-25.8989,-0.320117,13.4309,0.734119,0.558261
76433,0.369037,-1.44964,0.531961,0.50798,0.44694,0.0450805,4715290,4148690,418457,9282440,0.495365,0.70138,Talarico,17.5238,-27.3549,0.810408,13.5051,0.29067,0.363806
76512,1.04805,2.18977,0.535943,0.512866,0.444076,0.0430575,4577900,3963870,384336,8926100,0.476348,0.590894,Talarico,18.9247,-25.7638,-1.36008,14.4219,0.151217,0.276627
76513,1.83136,0.522561,0.510981,0.48947,0.468433,0.042097,5022020,4806180,431920,10260100,0.54754100000000006,0.499279,Talarico,18.2099,-25.597,0.195673,11.767,0.845292,0.196874
76564,1.65054,1.67341,0.527998,0.508474,0.454549,0.0369769,4400620,3933920,320019,8654570,0.461858,1.06578,Talarico,20.148,-26.4114,-1.04131,13.3863,0.320339,0.217527
76574,-2.11781,0.862129,0.514052,0.492276,0.465363,0.0423618,4737030,4478060,407636,9622720,0.513527,0.421136,Talarico,15.366,-24.261,0.131194,12.1958,0.75648,0.736705
76611,0.287589,-0.0401611,0.476691,0.460396,0.50542,0.0341839,4486220,4924950,333097,9744270,0.520013,0.41161,Paxton,19.9827,-26.9322,0.0801787,12.1831,0.158298,0.126033
76615,-0.638861,1.61923,0.498771,0.47774,0.480094,0.0421663,4811230,4834930,424649,10070800,0.537436,0.54802,Paxton,17.1912,-25.2358,-0.00193717,12.1098,0.767879,0.36715
76641,0.521905,-1.22225,0.517168,0.493848,0.46106,0.0450919,4745700,4430620,433317,9609630,0.512827,0.581353,Talarico,18.0749,-27.4193,0.757043,11.861,0.632549,0.670173
76675,-1.60512,1.7941,0.493921,0.470373,0.481951,0.0476756,4098680,4199570,415430,8713690,0.465016,0.356759,Paxton,16.2522,-22.8353,-0.0866081,10.5002,0.486098,0.555528
76707,-2.39982,1.27296,0.512704,0.490314,0.466016,0.0436708,4063460,3862090,361920,8287470,0.442265,0.179669,Talarico,15.1194,-24.8222,0.366763,12.5271,0.652591,0.285154
76746,-0.902801,-1.87699,0.490529,0.471146,0.48934,0.0395142,4149860,4310120,348042,8808020,0.470048,0.475971,Paxton,17.721800000000002,-26.6264,0.953616,12.0899,0.406988,0.516431
76760,-1.30048,0.487933,0.490523,0.462761,0.480642,0.0565969,4159940,4320680,508771,8989390,0.479727,0.378483,Paxton,15.8254,-26.8477,0.154712,13.7334,0.428183,0.546624
76780,0.729518,-0.274154,0.511203,0.491055,0.469531,0.0394137,4809960,4599130,386063,9795150,0.522729,0.74667,Talarico,16.6155,-28.2296,1.54978,12.1948,0.771617,0.52139
76784,-0.0881465,-1.62916,0.527285,0.504164,0.45198700000000003,0.043849,4776700,4282340,415447,9474480,0.505614,0.369072,Talarico,16.9128,-26.8142,0.278773,13.7867,0.417457,0.415363
76800,-0.939502,2.35838,0.509906,0.487674,0.468726,0.0436007,4842280,4654140,432926,9929340,0.529888,0.425978,Talarico,16.5574,-24.829,-0.139733,12.6545,0.475714,0.460299
76828,1.05398,-1.64575,0.508096,0.481783,0.466429,0.0517872,4372210,4232870,469971,9075050,0.484298,0.800693,Talarico,19.575,-27.6672,-0.0544902,13.411,0.816236,0.928371
76835,-2.93982,0.835408,0.508822,0.490406,0.4734,0.0361935,5300490,5116680,391193,10808400,0.576797,-0.22676,Talarico,12.0117,-25.0788,2.41862,10.5952,0.465483,0.0200891
76896,-0.152811,0.912275,0.50772,0.481287,0.466652,0.052061,4750620,4606160,513876,9870650,0.52675399999999994,0.468648,Talarico,17.7848,-26.3442,0.470955,12.3967,0.984211,0.549437
76916,-0.853632,2.30244,0.484874,0.465512,0.494556,0.0399315,3958820,4205810,339586,8504220,0.453835,0.983257,Paxton,17.6544,-22.7981,-1.54745,12.1678,0.210243,0.203543
76940,-0.509041,0.238577,0.525177,0.502679,0.454483,0.0428379,4681250,4232410,398932,9312590,0.496972,0.394934,Talarico,14.9088,-27.5057,0.760662,14.2702,0.51874,0.529902
76967,2.9563,-0.250911,0.509621,0.482078,0.463876,0.0540458,4693210,4516010,526156,9735370,0.519533,1.2966,Talarico,24.3446,-27.7306,-1.26082,12.8641,0.55682,0.125579
77033,3.17421,-0.33717,0.477718,0.459916,0.50282,0.0372646,4031490,4407580,326651,8765720,0.467791,1.62302,Paxton,24.6448,-27.8105,-2.52085,14.554,0.0880906,0.0116302
77074,-0.799128,1.1706,0.534102,0.507712,0.442878,0.0494097,3909190,3409990,380435,7699610,0.410895,0.816858,Talarico,17.7849,-26.7768,2.02086,10.5687,0.290028,0.0332137
77128,-0.452486,-1.69792,0.530116,0.510437,0.452441,0.0371219,4395670,3896220,319678,8611570,0.459565,0.268632,Talarico,16.5072,-27.6701,0.184324,13.8624,0.358507,0.294746
77172,1.57724,-1.98865,0.500386,0.479639,0.4789,0.0414609,4297200,4290580,371458,8959240,0.478117,1.02918,Talarico,18.5019,-31.2444,2.88505,10.8101,0.601226,0.493927
77192,2.6437,0.679564,0.499825,0.4778,0.478135,0.0440656,4495410,4498560,414594,9408570,0.502096,1.20087,Paxton,23.3153,-26.1883,-1.09852,12.9866,0.343742,0.267821
77219,0.366729,-2.51991,0.479688,0.463976,0.50327,0.0327532,4324660,4690910,305288,9320860,0.497415,0.167918,Paxton,17.3824,-29.1248,3.41719,9.20537,0.141236,0.156223
77247,-1.02687,0.56544,0.500173,0.480766,0.480433,0.0388016,4505280,4502160,363612,9371060,0.500096,0.538522,Talarico,16.51,-28.0051,1.46738,12.2245,0.740776,0.892588
77256,-2.09503,0.0644943,0.511927,0.480536,0.458144,0.0613204,4374160,4170330,558179,9102670,0.48577,0.286642,Talarico,15.0178,-25.8688,0.684261,12.75,0.801634,0.753621
77259,1.48013,-1.78789,0.532985,0.517322,0.453292,0.029386,4892210,4286690,277897,9456800,0.504669,1.38233,Talarico,19.1287,-26.6499,-0.341028,12.9666,0.245886,0.0400985
77278,0.106721,-0.39254,0.518877,0.502661,0.466087,0.0312524,4711970,4369120,292962,9374050,0.500254,0.559853,Talarico,16.3,-26.8095,0.354506,13.3582,0.584594,0.7991
77297,-2.26955,-1.04255,0.495067,0.476167,0.485656,0.0381766,4816810,4912800,386187,10115800,0.539838,0.333647,Paxton,14.3493,-27.3328,1.31053,12.9815,0.524222,0.220719
77312,-0.996437,-1.02987,0.504108,0.473889,0.466166,0.0599446,4195270,4126900,530680,8852850,0.472442,0.423694,Talarico,15.461,-27.8913,1.59964,12.7676,0.752662,0.865554
77351,2.64701,-0.85327,0.550115,0.529176,0.43276,0.0380633,4677700,3825430,336464,8839590,0.471733,1.34404,Talarico,22.5092,-27.7345,-1.51804,14.6695,0.0296565,0.0215526
77359,-2.48002,0.75992,0.465095,0.445755,0.512662,0.0415835,4379160,5036470,408522,9824150,0.524274,0.187952,Paxton,16.0496,-24.5516,0.8543,11.4406,0.0569154,0.0307818
77369,-1.50819,-0.00478537,0.501594,0.479337,0.476291,0.0443717,4559250,4530280,422045,9511580,0.507593,0.654162,Talarico,14.7631,-27.6727,1.57104,11.827,0.81027,0.83968
77392,-1.31871,2.31021,0.498067,0.479676,0.483399,0.0369249,4274040,4307210,329010,8910250,0.475503,0.40791,Paxton,17.9271,-24.8182,1.08978,9.3171,0.405825,0.79386
77444,1.98623,-1.35395,0.512793,0.482667,0.458585,0.0587482,4465060,4242280,543468,9250810,0.493676,1.19284,Talarico,22.6137,-27.5379,-0.947658,13.2649,0.658095,0.378246
77458,0.770914,0.0994666,0.493351,0.471073,0.483771,0.045156,4002730,4110620,383693,8497050,0.453453,0.607632,Paxton,20.0329,-27.0292,0.0105996,12.6315,0.62625,0.530797
77460,0.788722,-1.31538,0.506916,0.481409,0.468274,0.0503173,4225380,4110090,441640,8777100,0.468398,0.844172,Talarico,19.1729,-26.4117,-0.938039,13.671,0.809405,0.68596
77467,-2.25846,-0.830263,0.513589,0.489346,0.463451,0.0472029,4315060,4086720,416236,8818020,0.470582,-0.100162,Talarico,14.939,-25.9907,0.844869,11.5719,0.635752,0.213608
77496,0.922076,1.60308,0.507291,0.484906,0.470967,0.0441268,3784770,3675980,344417,7805160,0.416532,0.745831,Talarico,17.11,-26.7213,-0.538238,13.797,0.787126,0.185587
77499,0.865364,1.87586,0.521701,0.500557,0.458913,0.0405295,4853130,4449370,392952,9695450,0.517406,0.903154,Talarico,18.8922,-27.7609,1.32564,11.4311,0.509392,0.362545
77501,-0.691533,-1.12231,0.506954,0.481965,0.468744,0.049291,3657980,3557630,374104,7589710,0.405032,0.785397,Talarico,14.8701,-29.5162,3.51205,11.4056,0.788811,0.112258
77507,0.868535,-2.38185,0.516048,0.496632,0.465744,0.0376231,4273380,4007600,323736,8604720,0.459198,0.448637,Talarico,18.177,-29.7744,1.17342,14.0462,0.479703,0.693509
77542,2.58387,-0.452171,0.503088,0.486024,0.480058,0.0339189,4397960,4343970,306927,9048860,0.4829,1.29305,Talarico,21.3009,-27.4736,-1.16023,13.6205,0.687616,0.219163
77545,1.28937,0.242614,0.508275,0.487656,0.471777,0.0405673,4576990,4427950,380752,9385690,0.500875,0.911412,Talarico,17.4526,-27.2646,0.507437,13.3343,0.772129,0.693178
77582,-0.681946,-2.31138,0.475225,0.45332,0.500586,0.0460937,4337930,4790230,441082,9569240,0.51067,0.294473,Paxton,15.5404,-27.0449,1.63228,10.8984,0.126913,0.125987
77589,0.244986,-0.594291,0.512893,0.489829,0.465201,0.0449702,4343580,4125190,398775,8867540,0.473225,0.390988,Talarico,20.0046,-26.3054,-1.86579,14.59,0.697176,0.783806
77600,1.46251,0.0777292,0.51125,0.494306,0.472551,0.0331435,4588560,4386610,307665,9282830,0.495385,0.65893,Talarico,18.5828,-28.6759,1.0639,12.5595,0.823991,0.980476
77643,0.889092,0.211008,0.550064,0.525327,0.429703,0.0449702,4804520,3929960,411287,9145770,0.488071,0.422907,Talarico,18.2448,-28.5503,2.34048,9.89413,0.0376671,0.0445921
77661,-2.02591,2.00425,0.491349,0.474113,0.490809,0.0350776,4345960,4499000,321539,9166490,0.489176,0.111615,Paxton,17.3267,-23.7757,0.867585,8.9232,0.294423,0.318874
77667,-0.482308,0.840801,0.506803,0.481762,0.468828,0.0494098,5029820,4894780,515861,10440500,0.557165,0.558894,Talarico,18.2015,-26.7884,0.43556,12.4216,0.952781,0.145867
77696,1.19565,-1.3552,0.491759,0.473826,0.489708,0.0364656,4161130,4300600,320240,8781980,0.468657,0.910017,Paxton,18.6648,-27.2288,0.136129,12.664,0.626406,0.457989
77700,-0.401824,1.87328,0.511543,0.481271,0.459551,0.0591779,5103660,4873330,627555,10604500,0.565922,0.964986,Talarico,16.2784,-25.7629,1.80108,10.5141,0.709697,0.0373452
77720,0.0101875,-1.46951,0.500209,0.475519,0.475122,0.0493598,4467790,4464060,463766,9395620,0.501408,0.468064,Talarico,15.5332,-26.8651,-0.470607,14.5209,0.760594,0.867209
77754,-1.24717,2.12329,0.489037,0.462384,0.483115,0.0545009,4535330,4738680,534577,9808580,0.523444,0.39969,Paxton,18.4337,-24.1748,-0.235982,11.6602,0.358488,0.304631
77760,0.879448,-0.993103,0.528324,0.506138,0.45187,0.0419922,4549380,4061600,377444,8988420,0.479676,0.206878,Talarico,15.2382,-28.9161,2.25485,12.02,0.422041,0.386683
77806,1.16537,0.245856,0.523983,0.504249,0.458089,0.0376618,5364480,4873410,400667,10638600,0.567734,0.450943,Talarico,18.3659,-27.8294,-0.368956,13.5214,0.572399,0.0490804
77837,0.688435,0.0870722,0.522995,0.505758,0.461284,0.0329582,4275240,3899300,278600,8453140,0.45111,0.395445,Talarico,18.4982,-27.3161,-0.522984,14.235900000000001,0.593567,0.435869
77860,2.53686,-0.0452188,0.501373,0.482313,0.479672,0.0380149,4169020,4146180,328593,8643790,0.461281,0.846059,Talarico,20.3638,-25.0912,-0.587185,11.3829,0.628035,0.612551
77866,0.397829,0.383779,0.508479,0.487372,0.471117,0.0415115,4661860,4506380,397070,9565310,0.51046,0.410273,Talarico,18.2658,-26.8584,0.0298715,13.2996,0.823693,0.838088
77889,-5.14016e-4,2.00085,0.504021,0.477464,0.469846,0.0526899,4573250,4500270,504674,9578190,0.51115,0.543573,Talarico,17.0376,-26.3991,1.0016,12.2747,0.762046,0.86166
77916,0.793027,0.555956,0.504026,0.480723,0.473044,0.0462337,4012280,3948190,385883,8346350,0.445409,0.666825,Talarico,18.7712,-26.181,0.512948,11.9402,0.816618,0.483253
77947,0.985169,1.11911,0.509775,0.479206,0.460828,0.0599666,4477340,4305630,560283,9343250,0.49861,0.925065,Talarico,19.8074,-27.8739,1.19985,11.7727,0.835715,0.686772
77973,-2.44491,0.372722,0.535946,0.513297,0.444444,0.0422598,5124580,4437180,421908,9983670,0.532787,-0.0472651,Talarico,16.3235,-24.7807,0.155522,11.8132,0.195928,0.0441775
77976,-1.41159,0.830104,0.498736,0.475845,0.478258,0.0458966,4666830,4690490,450129,9807460,0.523383,1.05512,Paxton,17.513,-26.0581,1.08459,11.1741,0.698446,0.247604
77988,-0.166689,-0.09298,0.475748,0.452632,0.498779,0.0485886,3964750,4368970,425603,8759320,0.467451,0.777214,Paxton,17.698,-24.5825,-0.100571,11.5107,0.14344,0.169428
78002,0.780588,-1.56888,0.532789,0.516553,0.452973,0.0304735,4194030,3677810,247422,8119260,0.433293,0.717352,Talarico,17.8186,-28.8351,2.11164,10.8511,0.262547,0.0999578
78005,-2.44512,0.578817,0.499594,0.476018,0.476793,0.0471891,4612510,4620020,457252,9689780,0.517102,0.324755,Paxton,11.5893,-25.7434,2.60257,10.882,0.662531,0.536668
78017,1.70083,-1.07582,0.517415,0.496804,0.463362,0.0398337,4071180,3797120,326426,8194730,0.437317,0.600852,Talarico,19.2111,-28.2263,-0.129609,14.2727,0.620025,0.331554
78021,0.943428,2.23298,0.49727,0.471074,0.476246,0.0526798,4126320,4171630,461443,8759390,0.467452,0.89207,Paxton,20.6866,-25.8287,-0.623986,12.3104,0.339857,0.594465
78033,1.95125,-1.68015,0.520441,0.493846,0.455054,0.0511005,4622950,4259810,478358,9361120,0.499564,1.16296,Talarico,19.5397,-27.7566,0.924289,11.5632,0.384585,0.28099
78039,2.15184,-0.901132,0.480272,0.452015,0.489149,0.0588366,3934170,4257370,512092,8703630,0.464476,0.759477,Paxton,21.2611,-26.9316,-0.628059,12.1179,0.298714,0.249728
78044,-0.341465,0.124996,0.502759,0.479409,0.474147,0.0464446,4030960,3986720,390515,8408200,0.448709,0.182888,Talarico,16.3742,-28.8196,1.57348,11.9876,0.829582,0.336044
78059,-2.41699,-0.303473,0.503323,0.478139,0.471826,0.050035,4296480,4239750,449606,8985830,0.479537,-0.0246641,Talarico,14.7199,-28.0396,3.61294,8.99908,0.665926,0.323336
78063,1.00038,1.98597,0.505275,0.479592,0.469577,0.0508311,4282820,4193400,453929,8930150,0.476564,0.725449,Talarico,18.2524,-24.3805,-2.62022,15.8485,0.616214,0.886647
78067,1.46731,-0.104755,0.497649,0.47578,0.480274,0.0439463,4124430,4163400,380961,8668790,0.46262,0.768049,Paxton,15.8988,-28.036,1.43537,13.048,0.721258,0.652783
78074,-1.97741,0.770418,0.538578,0.514847,0.44109,0.0440628,4430530,3795810,379183,8605520,0.459238,-0.155427,Talarico,15.4713,-23.8982,0.103519,12.1184,0.207286,0.0392907
78097,1.72581,0.398262,0.517046,0.495363,0.462701,0.0419368,4552360,4252200,385397,9189950,0.490428,1.16891,Talarico,19.5263,-27.6232,-0.130283,13.3066,0.832551,0.344986
78102,-0.901086,-1.14749,0.496812,0.479755,0.485912,0.0343325,4287620,4342650,306833,8937100,0.476938,0.186427,Paxton,16.0481,-26.4643,0.975908,11.8905,0.589134,0.553791
78117,-1.26153,0.137923,0.517141,0.491489,0.458908,0.0496031,5112410,4773500,515965,10401900,0.555105,0.0573627,Talarico,15.3229,-27.4885,2.6621,9.92654,0.719289,0.0892094
78126,-0.250383,-1.75838,0.515963,0.497134,0.466373,0.0364928,4128980,3873490,303093,8305560,0.443231,0.726136,Talarico,16.0981,-27.1079,1.6074600000000001,11.8825,0.676845,0.397404
78141,2.12867,0.669999,0.498798,0.466942,0.469193,0.0638644,4139600,4159560,566179,8865330,0.473107,1.20369,Paxton,22.2753,-26.2734,-0.849065,12.0014,0.558403,0.288632
78142,-2.31502,-0.724814,0.499446,0.478385,0.479446,0.042169,4659610,4669950,410739,9740300,0.519799,-0.38485,Paxton,14.1905,-28.4076,3.43052,9.85129,0.621937,0.0447877
78172,-1.38958,-1.77263,0.483541,0.449642,0.480252,0.0701066,4618490,4932900,720099,10271500,0.548147,0.710305,Paxton,16.6291,-23.9578,0.37073,11.3974,0.267135,0.0789376
78208,1.38668,-0.225881,0.514881,0.496941,0.468216,0.0348425,4465400,4207280,313087,8985770,0.479534,0.515632,Talarico,18.4103,-28.5913,0.995162,12.9711,0.746953,0.852066
78234,-0.888098,-1.34784,0.501313,0.482766,0.480236,0.036998,4990300,4964160,382445,10336900,0.551638,0.631989,Talarico,17.5652,-26.8368,0.718605,11.9966,0.7311,0.207445
78276,-2.32352,0.29894,0.50285,0.483257,0.477779,0.0389636,3805070,3761940,306792,7873800,0.420193,-0.151937,Talarico,13.6288,-26.4242,0.720794,13.0114,0.700963,0.0635078
78286,-1.03043,-1.43242,0.484013,0.461997,0.492517,0.0454866,4362160,4650330,429483,9441970,0.503879,0.287345,Paxton,18.0799,-25.3656,-0.688682,12.9616,0.300017,0.293947
78320,-0.358363,2.27167,0.51244,0.492411,0.468503,0.0390859,4607670,4383950,365741,9357370,0.499365,0.244607,Talarico,18.017,-23.571,-0.47819,11.6518,0.55888,0.712187
78357,-1.32581,-2.22738,0.507447,0.483091,0.468911,0.0479972,4005240,3887680,397938,8290850,0.442448,0.367653,Talarico,16.1161,-26.079,1.02145,12.1375,0.386235,0.442076
78375,-2.22116,-1.59483,0.497086,0.479788,0.485413,0.0347985,4655180,4709760,337635,9702570,0.517785,-0.0661123,Paxton,13.1325,-26.1369,2.84292,9.13298,0.445804,0.173454
78412,0.0915148,0.936158,0.47614,0.457127,0.502942,0.0399308,4360370,4797390,380886,9538640,0.509036,0.224007,Paxton,16.6985,-25.3962,-1.63129,14.7735,0.168017,0.12591
78438,-2.25953,-0.0835446,0.515225,0.491081,0.462057,0.0468619,4852160,4565390,463022,9880570,0.527285,0.228873,Talarico,15.8549,-27.4519,3.31635,9.33794,0.737644,0.392971
78456,-0.492924,1.18266,0.519038,0.498814,0.46222,0.0389661,4587450,4250910,358360,9196720,0.49079,0.528757,Talarico,17.3125,-26.1566,1.14874,11.6501,0.631558,0.825765
78502,-1.97502,-1.94346,0.493006,0.474024,0.487474,0.0385017,3927050,4038480,318967,8284490,0.442112,0.0904473,Paxton,15.3475,-26.0379,1.39554,11.2525,0.365986,0.175223
78512,-0.344217,-2.50639,0.484521,0.461239,0.49071,0.0480502,4298390,4573030,447790,9319210,0.497329,0.647831,Paxton,15.3259,-28.6622,1.26957,12.7764,0.155102,0.359453
78520,-0.226261,0.314869,0.493775,0.472968,0.484894,0.0421374,4225560,4332110,376461,8934130,0.476778,0.58377,Paxton,20.239,-27.1838,1.2387,10.9797,0.555561,0.683388
78530,1.04873,-1.80762,0.499825,0.481163,0.4815,0.037337,4463430,4466550,346351,9276340,0.49504,0.697961,Paxton,19.1945,-27.9072,0.987941,11.5421,0.785311,0.904365
78601,-2.91798,0.0937999,0.525417,0.505918,0.45697,0.0371119,5199740,4696660,381430,10277800,0.548484,-0.188326,Talarico,11.1325,-27.3386,3.87964,10.2349,0.258558,0.0252466
78615,-0.509584,-0.925101,0.500212,0.478764,0.478358,0.0428776,4247650,4244050,380415,8872110,0.473466,0.361609,Talarico,16.3591,-25.6276,-0.894291,14.0526,0.659543,0.810673
78639,-1.7803,-0.240371,0.508247,0.486702,0.470907,0.0423909,3898130,3771620,339520,8009270,0.42742,0.528832,Talarico,14.9066,-27.036,1.66667,11.3192,0.84524,0.24175
78657,-1.32104,-0.627657,0.499636,0.476997,0.477692,0.0453113,4655450,4662240,442235,9759930,0.520846,0.426052,Paxton,15.0461,-27.169,1.75749,12.493,0.708306,0.548106
78691,1.35658,1.7662,0.513768,0.487493,0.461366,0.0511411,4852000,4591960,509005,9952960,0.531147,0.839615,Talarico,20.6314,-25.9944,-0.235604,12.0461,0.604426,0.331945
78696,0.918661,-2.55025,0.516773,0.494464,0.462366,0.0431706,4289630,4011180,374519,8675330,0.462966,0.623583,Talarico,18.5995,-28.6412,2.07235,10.8229,0.356654,0.706479
78700,2.04157,-0.032687,0.503257,0.484684,0.478411,0.0369042,4895690,4832330,372761,10100800,0.539035,0.970667,Talarico,21.2599,-27.5078,0.57349000000000006,10.889,0.754242,0.228613
78714,-0.662625,2.08985,0.532501,0.508276,0.446231,0.0454929,5359620,4705390,479710,10544700,0.562729,0.64327,Talarico,19.0521,-24.4455,1.94321,8.24189,0.234847,0.0305081
78727,0.0496689,0.907277,0.46668,0.450344,0.514651,0.035005,4152520,4745490,322773,9220780,0.492077,0.529786,Paxton,19.0275,-24.306,-0.556584,10.9129,0.0555653,0.0578795
78728,-0.710986,-2.10428,0.526905,0.512926,0.460544,0.0265301,4167380,3741790,215550,8124720,0.433583,0.556291,Talarico,17.6963,-26.6262,2.84999,8.88114,0.305093,0.188688
78747,0.174249,1.07044,0.504981,0.47636,0.466962,0.0566787,4889790,4793320,581802,10264900,0.547795,0.326863,Talarico,17.6881,-24.4413,0.00386915,10.8273,0.99656,0.174246
78757,-0.152416,-2.39395,0.523982,0.497982,0.452399,0.0496193,4733170,4299920,471617,9504710,0.507228,0.672334,Talarico,13.8111,-28.7934,2.44859,12.4307,0.33745000000000003,0.551256
78787,1.87073,1.31355,0.51455,0.488007,0.460409,0.051584,4584630,4325350,484610,9394590,0.501347,1.0808,Talarico,21.6897,-27.0122,0.675384,10.8207,0.65422,0.461324
78831,1.65543,1.80873,0.517943,0.492034,0.457944,0.0500226,4409920,4104380,448334,8962630,0.478298,0.864628,Talarico,18.6126,-26.5097,-0.818631,13.9417,0.486414,0.681739
78867,2.33771,-0.51213,0.502945,0.483802,0.478136,0.0380621,4114290,4066110,323683,8504080,0.453829,1.01825,Talarico,22.7128,-26.8857,-1.32419,13.9398,0.744271,0.28438600000000003
78888,-0.292708,0.814192,0.501347,0.476102,0.473545,0.0503534,4125890,4103720,436361,8665970,0.462466,0.305177,Talarico,16.2494,-25.3403,0.041444,12.3945,0.867346,0.672437
78903,1.19136,-0.79582,0.491405,0.471466,0.487958,0.0405762,5099380,5277770,438873,10816000,0.577208,0.817833,Paxton,18.5271,-27.1389,1.44732,10.206,0.581689,0.029429
78905,2.46476,0.506913,0.518287,0.494468,0.459575,0.0459575,4035460,3750690,375069,8161220,0.435528,1.03606,Talarico,20.396,-25.6227,-1.20344,13.6972,0.621714,0.161722
78930,-2.47937,0.346531,0.542393,0.522451,0.440782,0.0367667,5042000,4253840,354823,9650660,0.515015,0.245659,Talarico,13.3989,-26.4984,2.4245,10.7028,0.093143,0.0762963
78966,-2.35812,1.24303,0.524634,0.509656,0.461795,0.0285497,5176770,4690630,289990,10157400,0.542057,-0.076027,Talarico,14.9816,-25.6508,2.28108,9.58786,0.439276,0.0604958
78970,2.45277,-1.127,0.532452,0.500353,0.439362,0.0602849,5555020,4877890,669296,11102200,0.59248,0.805856,Talarico,21.983,-27.2467,-0.89599,12.7986,0.159381,0.0109373
79006,-1.53839,0.140901,0.5207,0.498633,0.458987,0.0423806,4811650,4429070,408959,9649680,0.514964,0.466213,Talarico,16.9073,-28.1437,3.92087,8.16911,0.65091,0.544317
79007,0.741737,-1.72657,0.517993,0.494064,0.459739,0.046197,4495670,4183340,420364,9099370,0.485595,1.06985,Talarico,19.9356,-27.3876,1.95797,10.1876,0.615024,0.435913
79027,2.29602,-1.87249,0.512761,0.49065,0.466229,0.0431212,4758520,4521680,418207,9698410,0.517563,1.58339,Talarico,21.1702,-29.5926,1.23075,11.3763,0.303958,0.0341008
79041,-0.943551,1.83062,0.508405,0.486877,0.47078,0.0423428,4241500,4101270,368876,8711650,0.464903,-0.0379812,Talarico,16.7988,-25.502,-0.859863,14.6792,0.693836,0.26928
79042,-2.12744,-0.505192,0.512238,0.486168,0.462937,0.0508949,4408280,4197640,461485,9067410,0.48389,0.870418,Talarico,15.4116,-26.9157,2.30558,10.9108,0.759932,0.799926
79050,-0.356883,0.351232,0.526941,0.500325,0.449165,0.0505101,4555140,4089360,459862,9104370,0.485861,0.673182,Talarico,16.6984,-27.3564,0.92509,12.5045,0.513206,0.577708
79085,-1.69994,0.149317,0.479257,0.458715,0.498422,0.0428634,3987440,4332610,372596,8692650,0.46389,0.27927,Paxton,14.1621,-27.8835,2.52411,11.1554,0.168624,0.192246
79097,-0.109301,-1.63713,0.514223,0.490575,0.463437,0.0459876,4715500,4454640,442042,9612190,0.512964,0.705872,Talarico,16.2627,-26.3451,1.02546,12.0212,0.706587,0.702551
79142,0.460008,1.22875,0.504907,0.479828,0.470502,0.0496694,4521690,4433800,468062,9423550,0.502897,0.821465,Talarico,18.8446,-25.8456,-0.57598,13.7631,0.981731,0.805759
79158,-0.170993,1.17154,0.513142,0.491208,0.466048,0.042744,4089530,3880070,355864,8325460,0.444295,0.216664,Talarico,19.0064,-27.9116,0.28837,12.62,0.86679,0.326575
79169,0.479419,0.532568,0.49444,0.472796,0.48343,0.0437736,4185370,4279500,387500,8852380,0.472417,0.529708,Paxton,20.1533,-26.5286,1.42112,9.45444,0.613163,0.672958
79179,-0.473398,-0.598442,0.487789,0.462058,0.485192,0.0527502,4620060,4851380,527443,9998880,0.533598,0.389708,Paxton,17.1916,-25.5811,1.16014,9.76437,0.48328,0.206368
79197,-0.298446,0.344486,0.533671,0.511021,0.446537,0.0424421,3907140,3414110,324502,7645760,0.408021,0.779807,Talarico,18.796,-27.1328,0.725987,11.7851,0.321915,0.0328895
79207,-1.0306,-1.35696,0.513174,0.497677,0.472124,0.0301995,4867670,4617740,295375,9780790,0.52196,0.414895,Talarico,17.2793,-26.8824,1.03125,12.7034,0.725013,0.609433
79224,2.61929,0.610181,0.505765,0.484545,0.473498,0.0419562,4431000,4329980,383675,9144650,0.488012,1.50043,Talarico,22.9911,-25.1644,-1.00821,11.3419,0.469131,0.08127
79232,-2.66554,1.38262,0.519373,0.500314,0.46299,0.0366957,4360020,4034750,319787,8714550,0.465059,0.281257,Talarico,14.971,-23.2725,0.899902,10.3932,0.376284,0.566905
79272,0.360351,-0.512766,0.510861,0.489652,0.468832,0.0415163,4516520,4324480,382944,9223950,0.492244,0.52923,Talarico,17.33,-26.94,0.287365,12.8666,0.736654,0.960253
79275,0.909692,1.07951,0.526286,0.505248,0.454777,0.0399751,4575980,4118870,362050,9056900,0.483328,0.788416,Talarico,18.8787,-25.1504,-0.681185,12.821,0.500867,0.521113
79304,1.57845,0.665317,0.520367,0.492625,0.454062,0.053313,4653890,4289590,503655,9447140,0.504153,0.701767,Talarico,19.5142,-26.4115,-0.28233,12.443,0.689256,0.690092
79333,-1.63799,1.62789,0.502596,0.483742,0.478744,0.037514,3992810,3951560,309641,8254010,0.440481,0.462808,Talarico,16.3758,-26.625,1.76245,10.9444,0.642857,0.467593
79380,1.48923,-2.13189,0.506319,0.477626,0.465703,0.0566706,4834060,4713390,573564,10121000,0.540116,0.743646,Talarico,16.3071,-30.2815,1.87037,13.1401,0.503685,0.323745
79436,-1.06924,0.8238,0.499845,0.480098,0.480396,0.0395056,3651020,3653290,300430,7604750,0.405834,0.480969,Paxton,14.7442,-26.1041,0.388491,13.9311,0.735037,0.0793745
79470,2.12757,-1.08897,0.51442,0.495368,0.467595,0.0370372,4128350,3896900,308665,8333920,0.444748,0.535286,Talarico,21.2161,-28.6848,-0.32672,13.516,0.684293,0.493896
79490,2.73651,-0.303247,0.498523,0.469898,0.472684,0.057418,3780790,3803200,461984,8045980,0.429381,0.857369,Paxton,22.3633,-25.216,-1.94748,13.4274,0.553282,0.188854
79495,-0.119201,1.83911,0.536622,0.513367,0.443296,0.0433373,4512260,3896370,380915,8789550,0.469061,0.850828,Talarico,16.9864,-26.2178,0.306409,12.312,0.231409,0.176437
79510,2.6832,-0.0748384,0.497729,0.476522,0.48087,0.042608,4920020,4964920,439922,10324900,0.550996,1.00663,Paxton,22.0711,-25.9537,-1.75883,13.3036,0.526844,0.0927484
79511,-0.543759,-2.29661,0.504566,0.487096,0.478279,0.0346254,4330690,4252310,307849,8890850,0.474466,-0.0565046,Talarico,16.0632,-28.086,1.94128,11.923400000000001,0.489611,0.289303
79513,1.27368,0.754199,0.540919,0.517134,0.438894,0.0439724,4545790,3858030,386533,8790350,0.469102,0.51138,Talarico,17.6475,-26.1289,-0.934332,14.4599,0.142185,0.162903
79577,1.01262,-1.69973,0.490613,0.47086,0.488879,0.0402602,4057680,4212960,346946,8617590,0.459883,0.689456,Paxton,16.805,-28.6373,2.05726,11.6158,0.56203,0.494009
79587,-1.3208,-0.293639,0.500569,0.471616,0.470544,0.05784,4382070,4372110,537427,9291610,0.495851,0.158811,Talarico,16.3888,-26.5281,0.439803,12.5504,0.789529,0.476046
79660,0.40174,1.02757,0.512864,0.490308,0.465711,0.0439804,4487140,4262030,402494,9151660,0.488383,0.631652,Talarico,17.0798,-25.4472,-1.52241,14.485900000000001,0.85731,0.968536
79668,0.640015,-2.29464,0.482077,0.466648,0.501348,0.0320041,4135150,4442640,283601,8861390,0.472898,0.585398,Paxton,17.0932,-28.7046,0.875001,12.9238,0.212868,0.326316
79671,-2.69153,-0.278457,0.519961,0.49961,0.461251,0.0391385,4279740,3951150,335266,8566150,0.457139,0.0493878,Talarico,12.5859,-28.0845,4.02128,9.31946,0.443683,0.200853
79709,1.14338,-1.67748,0.508801,0.482459,0.465768,0.0517723,4887860,4718760,524512,10131100,0.540656,0.843779,Talarico,18.8204,-28.5861,0.730524,11.7838,0.789891,0.271402
79712,1.27252,-0.845022,0.508283,0.493301,0.477223,0.0294766,4701030,4547810,280905,9529750,0.508563,0.978803,Talarico,18.2328,-28.3052,1.98075,10.6845,0.798539,0.514102
79725,0.542879,1.63143,0.506053,0.485604,0.473987,0.0404087,4024250,3927980,334871,8287100,0.442248,0.505013,Talarico,17.4814,-27.5615,0.919359,12.8167,0.852597,0.502209
79727,-0.323715,2.05112,0.505725,0.479744,0.468882,0.0513739,3805210,3719050,407485,7931740,0.423282,0.995911,Talarico,18.6969,-24.8829,-0.0612918,11.8537,0.7282,0.189233
79729,1.53972,-1.08272,0.523432,0.506877,0.461494,0.0316286,4864110,4428610,303515,9596230,0.512109,0.851524,Talarico,19.6193,-27.9924,-0.00782937,12.581,0.504269,0.422653
79733,2.43329,-0.365648,0.517851,0.491182,0.457319,0.0514986,4338610,4039500,454887,8833000,0.47138,0.902859,Talarico,19.8708,-27.014,-0.425944,13.1374,0.61026,0.554377
79773,0.933244,1.23817,0.514094,0.487998,0.461241,0.0507609,5013910,4739000,521540,10274400,0.548305,0.786271,Talarico,20.9861,-25.9216,1.16112,9.75877,0.723766,0.186155
79774,1.36074,0.17586,0.469121,0.445606,0.504268,0.0501256,3705240,4193020,416797,8315050,0.443737,1.22036,Paxton,19.8502,-27.6357,-0.679998,13.9246,0.0783117,0.0257731
79775,1.73502,-0.742332,0.510091,0.489075,0.469725,0.0411996,4671310,4486490,393510,9551310,0.509715,0.751141,Talarico,20.4846,-27.7986,0.620045,12.0339,0.816306,0.769363
79804,-1.23783,0.526723,0.53203,0.51173,0.450115,0.038155,4590110,4037430,342242,8969780,0.478681,0.647733,Talarico,16.9158,-23.7673,-0.508156,11.7973,0.350972,0.388394
79829,1.36384,1.78238,0.469592,0.450441,0.508778,0.0407808,4417240,4989320,399916,9806470,0.52333,1.03062,Paxton,20.0832,-25.0841,-0.0144379,10.6883,0.0760958,0.0477895
79833,-1.17814,0.857546,0.540344,0.516491,0.439366,0.0441424,4799290,4082630,410175,9292090,0.495881,0.391925,Talarico,17.9177,-25.3717,1.57235,9.25475,0.202014,0.142913
79881,-1.83834,1.65028,0.52159199999999994,0.499499,0.458145,0.0423559,4942200,4533030,419083,9894310,0.52802,-0.076397,Talarico,17.5294,-25.7363,1.14129,10.8036,0.595008,0.101907
79900,-1.42501,-1.61947,0.50147,0.465126,0.462398,0.072476,3787880,3765670,590229,8143780,0.4346,0.405942,Talarico,13.8474,-25.3905,0.965432,12.131,0.730184,0.33059
79912,0.252335,1.13407,0.500477,0.471709,0.470809,0.0574815,4497300,4488720,548032,9534060,0.508794,0.596737,Talarico,19.9575,-28.1973,0.00416959,13.1019,0.906892,0.804975
79922,-1.46215,1.76475,0.491494,0.4732,0.489578,0.0372219,4507210,4663220,354537,9524970,0.508309,0.673527,Paxton,17.5016,-25.4931,-0.457769,12.6977,0.467338,0.503168
79941,-2.20062,1.68271,0.541563,0.518658,0.439048,0.0422938,4752680,4023170,387555,9163400,0.489013,-0.160094,Talarico,15.8524,-24.496,0.623982,10.8233,0.0908289,0.035212
79943,-0.186107,0.556453,0.502881,0.478302,0.472823,0.0488749,4873610,4817780,498006,10189400,0.543764,0.332468,Talarico,19.2682,-26.4542,0.0464387,11.7501,0.865414,0.213347
79969,0.667165,0.486327,0.525409,0.509022,0.459789,0.0311893,4998170,4514740,306253,9819170,0.524008,0.382407,Talarico,17.5381,-27.8339,-0.667836,15.0877,0.590504,0.32742
79986,0.871506,0.844743,0.518408,0.494242,0.459141,0.0466167,4260190,3957630,401819,8619640,0.459997,0.525491,Talarico,17.1421,-27.2485,-0.164538,14.6278,0.698485,0.672454
80020,-2.314,0.885972,0.492244,0.471195,0.486044,0.0427604,4201200,4333600,381254,8916060,0.475815,0.111674,Paxton,16.4135,-25.8021,0.725008,11.5611,0.525655,0.35058
80021,-1.34999,-0.0398598,0.514308,0.48393,0.457005,0.0590652,4047380,3822190,493996,8363570,0.446331,0.586184,Talarico,15.2366,-27.8646,1.17241,13.9002,0.835949,0.518756
80059,-0.798606,0.0543814,0.50837,0.489193,0.473086,0.0377212,4442400,4296120,342549,9081070,0.48462,0.537112,Talarico,17.0057,-25.6348,2.45528,9.56118,0.871964,0.941625
80066,1.28017,0.256043,0.491105,0.473018,0.490152,0.0368296,4329290,4486110,337083,9152490,0.48843,0.63355,Paxton,19.1925,-26.2712,-1.71416,15.331,0.579418,0.587735
80073,-0.94197,1.87465,0.497243,0.472236,0.477472,0.050292,4288380,4335930,456702,9081010,0.484615,0.531302,Paxton,18.7089,-24.5871,0.587046,10.564,0.651716,0.829118
80117,-0.762674,2.18277,0.523854,0.498012,0.452657,0.0493303,4203520,3820700,416377,8440600,0.450439,0.251016,Talarico,17.0587,-23.4494,0.0636234,11.5251,0.446126,0.300643
80144,0.548186,-1.89137,0.511209,0.490801,0.469278,0.0399205,4458130,4262630,362613,9083370,0.484741,0.699432,Talarico,20.8247,-25.8168,-0.162621,10.5977,0.720075,0.968361
80193,0.911375,-0.436391,0.505604,0.484514,0.473773,0.0417123,4690400,4586420,403801,9680630,0.516615,0.508767,Talarico,20.2262,-27.3345,1.25652,11.1808,0.783277,0.784469
80205,-0.438115,-2.15386,0.49255,0.467244,0.481378,0.0513781,3974410,4094640,437026,8506080,0.453934,0.566618,Paxton,16.4381,-27.4162,1.7407300000000001,11.6564,0.389314,0.516039
80209,-0.973697,-2.10686,0.492556,0.47247,0.48675,0.0407807,4141140,4266300,357438,8764870,0.467745,0.959251,Paxton,17.2949,-26.5873,0.761221,11.8545,0.409127,0.42695
80243,0.627516,0.838538,0.525257,0.500036,0.451947,0.0480178,4393590,3971060,421911,8786560,0.468904,0.776575,Talarico,18.7097,-26.7895,0.794624,11.6175,0.574132,0.513864
80267,-1.43507,-0.604441,0.499382,0.477938,0.479121,0.042941,4145710,4155980,372477,8674160,0.462906,0.0819237,Paxton,15.0443,-27.5921,1.31942,12.7174,0.711785,0.326203
80311,0.984411,1.73906,0.483993,0.466696,0.497566,0.0357382,4296000,4580170,328975,9205150,0.491239,0.308073,Paxton,20.1934,-26.3437,0.298779,11.3569,0.250498,0.339907
80327,-1.89055,1.15446,0.52161,0.501475,0.459924,0.0386015,4209440,3860660,324026,8394130,0.447959,0.135263,Talarico,15.4048,-25.5847,1.21041,11.2748,0.62815,0.209782
80359,-2.20197,-0.803787,0.506828,0.488854,0.475683,0.0354631,4611640,4487390,334544,9433580,0.50343,0.1171,Talarico,15.4388,-26.9357,2.40843,9.47256,0.694939,0.489865
80374,1.77442,-0.879411,0.52539,0.497321,0.449254,0.0534249,4111930,3714500,441725,8268160,0.441237,0.938081,Talarico,22.7869,-28.728,-0.0666308,12.4263,0.445545,0.188181
80390,-1.8447,1.13548,0.523955,0.496196,0.450825,0.0529793,4616820,4194670,492942,9304430,0.496538,0.428293,Talarico,15.4709,-25.9324,0.591841,12.7699,0.57363,0.588573
80396,-2.51617,0.231911,0.494561,0.465917,0.476166,0.0579171,4176270,4268140,519143,8963550,0.478347,0.348423,Paxton,12.9664,-26.4158,2.77243,11.0457,0.465719,0.68
80402,0.4915,0.413294,0.52461,0.503579,0.456332,0.0400885,4320080,3914760,343909,8578740,0.457813,0.454733,Talarico,18.1356,-26.6839,1.26972,10.6673,0.608284,0.51051
80406,-0.483794,1.37528,0.515715,0.48865,0.458869,0.0524817,4463040,4191040,479337,9133420,0.487413,0.707099,Talarico,17.091,-25.785,0.986216,12.131,0.740066,0.901412
80412,0.813269,-1.26318,0.497033,0.477017,0.482712,0.0402709,4247130,4297840,358553,8903530,0.475143,0.289645,Paxton,14.6602,-27.4368,0.3239,14.5191,0.791827,0.693923
80439,0.482505,0.782767,0.520173,0.491121,0.453028,0.0558508,4274200,3942680,486066,8702940,0.464439,0.361913,Talarico,17.5973,-27.7145,0.474604,13.3656,0.676124,0.625731
80454,0.53925,-1.02362,0.499637,0.470977,0.471662,0.0573612,4533430,4540020,552135,9625590,0.513679,0.501456,Paxton,14.972,-27.0354,2.60632,10.6184,0.758348,0.697971
80524,1.25767,-2.21961,0.494441,0.473812,0.484465,0.041723,4219340,4314220,371548,8905110,0.475228,1.02089,Paxton,18.1278,-27.3734,0.178178,12.8306,0.48571,0.446782
80528,0.780891,1.11004,0.529057,0.494505,0.440186,0.065309,4308460,3835190,569016,8712670,0.464958,0.72553,Talarico,18.2739,-28.2589,1.67775,11.0836,0.448149,0.410338
80533,-0.0641049,-1.51134,0.510008,0.478099,0.459336,0.0625645,4818390,4629290,630539,10078200,0.537832,0.49508,Talarico,19.7951,-26.8161,-0.864238,13.3796,0.748668,0.323674
80544,-0.87096,0.128906,0.53096,0.508956,0.449602,0.0414421,4225410,3732650,344057,8302110,0.443046,0.641096,Talarico,17.4882,-25.8258,-0.361584,12.8754,0.394365,0.21305
80567,0.41776,-0.00155051,0.505788,0.482495,0.471453,0.0460521,4548300,4444210,434116,9426630,0.503059,0.24254,Talarico,17.3189,-24.0242,-1.14653,13.1891,0.805022,0.655426
80591,2.36399,-1.20703,0.491394,0.467914,0.484304,0.0477823,4377950,4531300,447067,9356320,0.499306,0.825799,Paxton,21.904,-27.1661,-0.879444,12.9924,0.514068,0.514403
80595,1.02537,-1.66291,0.51369,0.489232,0.463156,0.0476119,4647780,4400060,452321,9500160,0.506985,0.487264,Talarico,19.2022,-28.5806,1.72378,11.4787,0.70612,0.841664
80613,0.428359,0.70937,0.512087,0.487666,0.464645,0.0476889,4407220,4199170,430982,9037370,0.482288,0.706271,Talarico,17.0908,-26.0471,0.466327,13.0523,0.846394,0.939897
80628,-2.76439,0.570065,0.515558,0.494355,0.46452,0.0411249,4474040,4204020,372191,9050250,0.482973,-0.420631,Talarico,13.4871,-26.3788,1.97915,12.2294,0.50174,0.0551617
80639,-1.27408,0.0673384,0.519087,0.492695,0.456461,0.0508439,4595730,4257750,474259,9327740,0.497783,0.447644,Talarico,15.4401,-27.736,1.44818,13.206,0.680301,0.736098
80676,0.0576269,-2.77564,0.486329,0.461175,0.487102,0.0517227,4364790,4610180,489529,9464490,0.505084,0.364929,Paxton,15.0876,-27.9543,0.63371,13.3854,0.142172,0.391029
80712,-2.13214,-1.00267,0.463337,0.446523,0.517188,0.036289,4103610,4753030,333501,9190140,0.490439,0.304006,Paxton,13.0039,-25.7048,0.632256,12.6859,0.0639815,0.0289344
80725,2.1624,1.44287,0.486377,0.461899,0.487773,0.0503271,5016960,5298000,546633,10861600,0.579638,1.15034,Paxton,21.848,-25.5727,-1.76286,13.1742,0.261171,0.0128478
80738,2.2597,1.61615,0.490423,0.459569,0.477517,0.062914,4808310,4996100,658247,10462700,0.558348,0.838976,Paxton,23.0291,-26.7345,-0.332765,10.8575,0.256619,0.0664219
80757,-0.739423,-2.28738,0.506345,0.478143,0.46616,0.0556965,4276940,4169760,498200,8944900,0.477351,0.515996,Talarico,15.0478,-26.1531,0.948197,12.6542,0.494281,0.890446
80776,1.98545,-1.57569,0.502018,0.479714,0.475858,0.0444275,4265400,4231110,395029,8891540,0.474503,1.33132,Talarico,18.6742,-29.332,1.00654,12.7201,0.737674,0.177556
80846,-0.43998,-1.4245,0.520697,0.502525,0.462575,0.0349005,4373100,4025440,303713,8702260,0.464403,0.767203,Talarico,18.1239,-28.0061,2.09334,10.5272,0.558494,0.581622
80851,-0.0546156,1.28829,0.509679,0.491709,0.473032,0.035259,4648260,4471710,333313,9453280,0.504481,0.945654,Talarico,18.9195,-25.5903,1.80433,8.86633,0.938216,0.603878
80858,-2.34518,0.681642,0.488236,0.468912,0.491509,0.039579,3712890,3891810,313390,7918090,0.422556,-0.0330185,Paxton,12.9564,-25.6173,0.810636,13.4353,0.3761,0.0516547
80893,2.25999,-0.447121,0.489574,0.466896,0.486782,0.0463217,4514270,4706550,447870,9668690,0.515978,0.624659,Paxton,19.2256,-26.8245,1.39656,10.9366,0.462417,0.389268
80895,-1.92704,-0.601963,0.490512,0.475888,0.494298,0.0298135,4140310,4300490,259383,8700180,0.464291,0.309181,Paxton,13.7136,-26.8418,2.0051,11.6593,0.549727,0.425379
80904,-1.45699,0.747347,0.524951,0.503364,0.455514,0.0411218,4163710,3767910,340150,8271770,0.44143,0.568056,Talarico,18.5673,-23.9041,0.153215,11.409,0.513903,0.313145
80907,-0.793036,2.27383,0.507002,0.48415,0.470778,0.0450715,4510910,4386320,419939,9317160,0.49722,0.668814,Talarico,18.8116,-23.9741,-2.34231,14.3631,0.542619,0.989637
80911,0.462866,-1.41588,0.496057,0.479166,0.486783,0.0340507,4634390,4708060,329331,9671780,0.516144,0.315752,Paxton,17.11,-27.7409,-0.356562,13.8659,0.73718,0.518948
80915,-1.39699,1.12404,0.508727,0.488061,0.471315,0.040624,3538620,3417210,294539,7250360,0.38692,0.586659,Talarico,16.0536,-25.8226,0.837926,12.2303,0.873844,0.0337007
80921,-1.53143,-0.439254,0.50449600000000006,0.482328,0.47373,0.0439421,3678610,3613040,335137,7626790,0.407009,0.693518,Talarico,18.5944,-27.5477,2.94797,7.93794,0.823194,0.130965
80956,1.90763,0.0739782,0.508406,0.494611,0.478255,0.0271333,4188960,4050430,229797,8469190,0.451968,0.990673,Talarico,19.4176,-28.107,0.631933,12.7491,0.82116,0.297799
80967,0.0797576,2.00071,0.50567,0.486277,0.475372,0.0383511,4756710,4650030,375146,9781880,0.522017,0.959696,Talarico,18.8769,-26.0973,0.0830798,12.0832,0.752859,0.376385
81005,-2.05688,-1.06413,0.493815,0.473276,0.485132,0.0415925,4292430,4399960,377228,9069620,0.48401,0.305696,Paxton,13.962,-26.9385,1.20021,13.2527,0.553988,0.632832
81030,-0.110259,-1.86778,0.507841,0.485437,0.470447,0.0441161,4164730,4036120,378487,8579340,0.457843,0.311897,Talarico,20.1751,-25.3911,1.676,8.64689,0.709265,0.62822
81031,-0.500505,1.66163,0.467966,0.440978,0.50135,0.0576715,3756480,4270770,491276,8518530,0.454599,0.598154,Paxton,17.0435,-24.0678,0.248635,11.0161,0.0454223,0.0509291
81087,0.937044,-1.04175,0.496181,0.481524,0.488937,0.0295382,4916290,4991980,301581,10209900,0.544857,0.544564,Paxton,19.3583,-26.2079,-0.302417,12.4469,0.766678,0.266805
81102,2.54124,-0.709607,0.492361,0.472567,0.487232,0.0402009,4235290,4366720,360293,8962300,0.47828,1.19354,Paxton,21.7625,-26.8716,0.469188,10.8129,0.534234,0.246173
81103,-0.546502,2.40081,0.514477,0.490515,0.46291,0.0465745,4165060,3930660,395473,8491190,0.453141,0.69563,Talarico,17.2102,-25.998,0.949995,11.7343,0.49906,0.57784
81144,-0.188543,-1.18288,0.529263,0.508772,0.452512,0.0387161,4681450,4163770,356245,9201460,0.491043,0.56582,Talarico,18.3417,-26.6633,1.37347,11.9041,0.355855,0.48689
81152,-0.681828,2.36702,0.521256,0.497746,0.457151,0.0451037,4562300,4190210,413418,9165940,0.48915,0.648357,Talarico,19.4407,-23.2524,-0.792873,10.4795,0.460833,0.774011
81200,-2.27522,-0.395313,0.509665,0.484716,0.466332,0.048952,3698240,3557980,373489,7629700,0.407164,0.389468,Talarico,16.0777,-26.1847,1.4203,11.3915,0.738121,0.0947298
81236,-0.513715,-2.26431,0.47692,0.457941,0.502264,0.0397955,4006160,4393910,348139,8748210,0.466856,0.281057,Paxton,14.228,-25.9582,1.89449,10.7057,0.150919,0.155638
81249,1.53286,-1.30736,0.503668,0.48053,0.47353,0.0459398,4644820,4577170,444056,9666050,0.515835,1.02104,Talarico,18.8872,-29.2811,0.108186,13.3347,0.852131,0.371703
81314,0.0378582,1.34431,0.516284,0.489957,0.45905,0.0509931,4467020,4185230,464912,9117160,0.486546,0.950413,Talarico,17.528,-28.3073,0.345952,13.9338,0.734005,0.64711
81328,0.854241,-1.12789,0.503864,0.476806,0.469494,0.0536997,3745640,3688190,421848,7855680,0.419227,0.670412,Talarico,19.9427,-27.586,0.151638,11.3739,0.805435,0.185264
81340,-0.53819,1.67251,0.510025,0.492893,0.473517,0.0335897,4365430,4193820,297495,8856740,0.472648,0.761303,Talarico,17.0373,-26.6658,0.645869,11.8166,0.786687,0.812826
81366,-0.716578,0.205422,0.508368,0.481545,0.465693,0.0527616,4527400,4378360,496055,9401810,0.501736,0.372206,Talarico,15.5663,-26.4204,2.01773,10.6987,0.84783,0.87435
81369,1.07952,-0.0945073,0.496798,0.479842,0.486027,0.0341311,4422390,4479400,314564,9216350,0.491839,1.08003,Paxton,18.9078,-27.9951,1.24512,12.4044,0.711217,0.397672
81378,1.6968,-1.40564,0.503877,0.484508,0.477051,0.0384413,4340900,4274090,344411,8959400,0.478123,0.996552,Talarico,21.9115,-28.8892,0.616032,12.1118,0.835293,0.534236
81380,1.28719,-0.100163,0.48248,0.466119,0.49997,0.0339106,4156220,4458060,302369,8916640,0.475843,0.692131,Paxton,19.3034,-27.7925,0.162782,11.8804,0.335246,0.34433
81382,-3.11362,0.0491616,0.507159,0.485631,0.47192,0.0424486,4499010,4371990,393255,9264260,0.494395,-0.41649,Talarico,10.4228,-26.0025,2.41346,11.3095,0.3904,0.0559452
81383,-1.9599,-1.90626,0.520817,0.502098,0.46196,0.0359421,4883270,4492900,349563,9725730,0.519025,0.221197,Talarico,14.898,-25.061,-0.301044,13.1226,0.218503,0.38053
81408,-1.68814,-0.338645,0.513257,0.49306,0.467589,0.0393514,4795190,4547480,382707,9725370,0.519003,0.387775,Talarico,15.136,-28.6973,3.32556,10.6267,0.867951,0.657288
81409,-0.653127,0.868875,0.506986,0.484386,0.471037,0.0445777,4603920,4477040,423695,9504650,0.50722,0.453581,Talarico,13.8274,-27.955,1.48727,12.9776,0.935292,0.897664
81445,1.19275,0.432287,0.514219,0.491036,0.46388,0.0450845,4694870,4435230,431060,9561160,0.510241,0.676082,Talarico,19.1555,-23.6784,-1.8049,12.9393,0.803016,0.767059
81449,-0.975345,1.75573,0.493661,0.467099,0.479095,0.0538059,3797820,3895360,437478,8130660,0.433899,0.413775,Paxton,13.5195,-24.6472,-0.2107,14.3153,0.58248,0.243961
81455,-2.86903,0.783214,0.545108,0.514394,0.42926,0.0563459,5609780,4681350,614487,10905600,0.581987,0.0346535,Talarico,11.3238,-26.0204,4.53659,8.33392,0.0472494,0.00921665
81489,2.0089,-0.642102,0.511412,0.491564,0.469626,0.0388097,4599860,4394560,363165,9357580,0.499374,0.752767,Talarico,21.6491,-26.7111,-0.817647,12.5917,0.824186,0.900624
81552,-1.63063,-0.964714,0.484875,0.467888,0.497079,0.0350329,3984310,4232880,298323,8515510,0.454439,0.457019,Paxton,14.1331,-27.1584,2.01835,11.4674,0.379177,0.270494
81555,0.961357,-0.263411,0.49334,0.470051,0.482742,0.0472074,4012540,4120880,402981,8536400,0.455551,0.946124,Paxton,17.0687,-26.263,1.0039,11.4089,0.626909,0.333571
81583,-2.89631,-0.0133112,0.520146,0.500138,0.461396,0.0384664,4528980,4178150,348331,9055460,0.483252,0.1294,Talarico,12.7315,-25.6635,1.56795,11.7002,0.388625,0.43164
81599,-0.470768,0.595982,0.494904,0.475141,0.484926,0.039933,4565380,4659390,383695,9608470,0.512765,0.416999,Paxton,14.8838,-26.794,0.511085,14.110900000000001,0.567443,0.567386
81607,1.80205,-1.79576,0.496886,0.473088,0.479018,0.0478933,3902450,3951360,395066,8248880,0.440208,1.24095,Paxton,21.2647,-28.0728,0.651647,11.6352,0.590382,0.0934525
81626,0.347059,-1.09479,0.52914,0.503265,0.447836,0.0488989,4879470,4342040,474105,9695620,0.517414,0.887196,Talarico,19.7692,-26.9285,0.266085,12.7611,0.365658,0.216512
81656,-1.41846,0.972334,0.519316,0.489348,0.452945,0.0577078,4761530,4407310,561517,9730350,0.51927,0.685026,Talarico,17.5395,-25.2262,1.08393,10.7028,0.666809,0.499429
81734,-2.21376,0.0264773,0.50695,0.483005,0.469761,0.0472341,5034180,4896150,492304,10422600,0.556214,0.0462728,Talarico,15.2475,-26.541,1.19183,12.1369,0.763699,0.0695841
81770,1.90648,-0.0265088,0.510603,0.48312,0.463055,0.0538244,4330480,4150620,482458,8963560,0.478349,0.471307,Talarico,19.2709,-27.7169,-0.204477,12.8376,0.84448,0.879379
81799,-2.31766,0.876981,0.533015,0.504231,0.441766,0.0540024,4343020,3805000,465131,8613150,0.459649,0.0857151,Talarico,13.9584,-26.8885,2.43282,10.7242,0.296184,0.163847
81810,3.23677,-0.33063,0.507761,0.485306,0.470471,0.0442236,4817860,4670580,439028,9927460,0.529789,1.9492,Talarico,26.2958,-29.1214,-1.5421,14.1545,0.368653,0.00963306
81834,-0.0379747,-1.16082,0.471243,0.451896,0.50705,0.0410537,4757590,5338250,432215,10528100,0.561837,0.618224,Paxton,16.077,-27.2213,0.169201,13.1619,0.104963,0.0202751
81857,-1.75802,0.565666,0.487219,0.465595,0.490023,0.0443825,4534460,4772360,432244,9739070,0.519732,0.194793,Paxton,14.0772,-26.4036,2.15936,11.2087,0.373318,0.195829
81876,-0.485128,-2.53087,0.516409,0.491894,0.460635,0.0474714,4366670,4089180,421416,8877260,0.473742,0.473715,Talarico,16.9856,-26.0969,0.674535,12.3354,0.329728,0.776865
81931,-0.637906,0.562544,0.529303,0.505437,0.449473,0.0450899,4620900,4109260,412229,9142390,0.487893,0.719231,Talarico,16.3002,-27.2445,1.22946,12.1702,0.452256,0.466815
81977,-1.00194,-2.3783,0.477559,0.45353,0.496154,0.0503164,3886710,4251990,431207,8569910,0.45734,0.254735,Paxton,14.2044,-28.8154,2.26144,12.013,0.129218,0.14479
81986,-0.278057,2.18619,0.517231,0.499831,0.466529,0.0336402,4174520,3896380,280958,8351850,0.445703,0.780425,Talarico,19.9069,-25.0987,0.491094,10.1194,0.572316,0.382618
81996,-0.336076,1.81588,0.51731799999999994,0.491419,0.458518,0.0500627,4682950,4369420,477069,9529430,0.508546,0.66722,Talarico,18.0907,-24.3445,0.240903,11.8282,0.651797,0.730297
82044,0.903586,-1.97169,0.508979,0.485133,0.468017,0.0468499,4070920,3927290,393133,8391340,0.447812,0.5305,Talarico,19.5068,-27.8757,1.75067,10.5199,0.736883,0.601524
82054,1.02907,0.683166,0.466408,0.450605,0.515512,0.0338835,4383820,5015280,329644,9728750,0.519182,1.02505,Paxton,21.7155,-26.6425,0.197599,10.7461,0.0536704,0.041494
82062,1.48395,-2.10616,0.507496,0.48404,0.469742,0.0462186,4238890,4113680,404751,8757320,0.467342,0.738373,Talarico,17.7362,-30.5194,2.01497,11.5568,0.509941,0.755416
82093,0.908442,0.912594,0.50449600000000006,0.486957,0.478278,0.0347654,4282990,4206650,305776,8795420,0.469374,0.486629,Talarico,19.728,-26.1392,-0.829216,12.8795,0.897878,0.856501
82099,-0.586921,1.06564,0.499094,0.47605,0.477779,0.0461713,4711760,4728870,456986,9897610,0.528194,0.702835,Paxton,16.9396,-25.5707,0.721234,11.6187,0.794905,0.487382
82159,2.1218,-0.171459,0.534142,0.508791,0.443748,0.0474612,4473990,3902040,417344,8793370,0.469262,0.915981,Talarico,21.4067,-28.3057,-1.40428,14.5483,0.254409,0.226155
82165,2.47103,0.530629,0.534538,0.514101,0.447665,0.0382345,5298090,4613430,394027,10305500,0.549965,1.09836,Talarico,20.317,-27.9114,-0.28485,13.2067,0.196781,0.0366553
82198,-0.350199,2.51568,0.534526,0.51066,0.444691,0.0446492,4712790,4103980,412060,9228830,0.492502,0.674976,Talarico,18.0527,-24.5137,-0.683132,12.9215,0.1579,0.308435
82208,-1.48775,0.0482675,0.531209,0.50803,0.448335,0.0436348,4278820,3776040,367508,8422370,0.449466,-0.104712,Talarico,13.6339,-28.0518,3.4625,10.5329,0.36962,0.0609908
82215,-2.01577,1.54507,0.502243,0.478288,0.474016,0.0476962,4286240,4247960,427436,8961640,0.478248,0.26884,Talarico,15.822,-24.6868,0.0627896,12.368,0.60392,0.757246
82228,-2.02616,1.9428,0.52185,0.499021,0.457232,0.0437464,4582320,4198580,401706,9182610,0.49004,0.278928,Talarico,15.7308,-25.0464,0.426346,12.6389,0.420805,0.528813
82262,-2.29555,-1.07374,0.529519,0.512725,0.455561,0.0317139,4377970,3889860,270793,8538620,0.455669,0.621148,Talarico,13.0818,-27.0649,1.87308,13.2137,0.209087,0.368292
82270,-1.11016,1.94544,0.501677,0.486278,0.483028,0.0306942,4947590,4914510,312295,10174400,0.542965,0.426669,Talarico,16.8106,-25.0342,0.588737,10.7563,0.634382,0.246896
82276,0.717325,-1.50137,0.516233,0.495014,0.463882,0.0411038,4422610,4144470,367234,8934310,0.476787,0.507867,Talarico,19.9311,-28.572,1.18444,12.3796,0.664399,0.807615
82292,-1.6214,-0.790004,0.528286,0.500324,0.446745,0.0529312,4372710,3904440,462606,8739760,0.466405,0.139828,Talarico,13.3944,-28.6447,1.5866,13.8373,0.442283,0.308431
82342,0.049036,1.04991,0.513245,0.492402,0.466987,0.0406116,4688750,4446740,386712,9522200,0.508159,1.16421,Talarico,18.5492,-25.887,1.15586,11.1125,0.870157,0.318727
82389,2.40633,0.384187,0.504054,0.482974,0.475204,0.041822,3852490,3790520,333598,7976610,0.425679,1.09967,Talarico,19.0144,-28.4495,0.876698,12.9276,0.595154,0.150532
82392,-1.39257,1.55688,0.52301,0.491378,0.448141,0.0604812,4831980,4406810,594744,9833530,0.524777,0.508366,Talarico,14.7265,-26.2565,1.99238,11.4022,0.587142,0.391627
82447,-2.52696,0.603474,0.535737,0.513828,0.445276,0.0408958,4902630,4248550,390202,9541380,0.509185,0.552826,Talarico,15.1564,-25.775,2.29698,9.71034,0.205781,0.227802
82479,-1.47784,1.55725,0.501911,0.481084,0.47742,0.0414968,4635690,4600390,399861,9635940,0.51423,0.209232,Talarico,14.9568,-25.8455,-0.162345,13.5144,0.695896,0.440122
82543,-1.3669,-1.72697,0.503895,0.484638,0.477146,0.0382154,4574000,4503290,360676,9437970,0.503663,0.48747,Talarico,14.3851,-25.7943,2.0947,9.75119,0.712189,0.924083
82593,-0.144871,-0.837745,0.479248,0.459049,0.498805,0.0421458,3851860,4185440,353643,8390950,0.447789,0.882967,Paxton,16.8637,-25.5836,-0.263552,13.2847,0.267818,0.135977
82599,-2.15291,-0.799283,0.500694,0.478098,0.476772,0.0451294,4541610,4529020,428699,9499330,0.506939,0.00661059,Talarico,12.1769,-27.7364,1.14837,13.9726,0.666981,0.291871
82600,-1.60711,0.94653,0.541588,0.521767,0.441636,0.0365969,5013030,4243140,351615,9607780,0.512728,0.554098,Talarico,15.8745,-25.5305,0.592801,11.6645,0.179508,0.100243
82639,2.66223,-1.02272,0.49588,0.47111,0.478938,0.0499519,3877900,3942340,411175,8231420,0.439275,1.10395,Paxton,21.2396,-26.2706,-1.11354,12.6007,0.517987,0.146547
82661,-1.95002,1.06245,0.493937,0.479129,0.490892,0.0299792,4232480,4336390,264827,8833690,0.471417,-0.115271,Paxton,14.6209,-25.9744,0.988912,12.1427,0.594031,0.144909
82666,0.505303,-0.180199,0.507081,0.479313,0.465925,0.0547622,4132600,4017180,472156,8621940,0.460117,0.65884,Talarico,19.5373,-26.9191,0.891808,11.6773,0.794135,0.721533
82669,-2.80823,0.640029,0.509106,0.48232,0.465065,0.052615,4298800,4145020,468945,8912760,0.475637,0.244429,Talarico,12.8457,-25.0935,1.79549,11.8534,0.560298,0.702158
82673,-1.77262,-0.190736,0.49003,0.463366,0.482221,0.0544127,4413390,4592980,518261,9524640,0.50829,0.783358,Paxton,17.7894,-27.1959,4.26064,6.19248,0.518127,0.434467
82695,-1.00376,1.47407,0.505707,0.484642,0.473703,0.0416547,4353200,4254940,374155,8982300,0.479348,0.140717,Talarico,16.7403,-25.6372,1.73999,9.15899,0.831038,0.561934
82753,-0.961841,0.852142,0.522248,0.503116,0.460251,0.0366332,4323420,3955060,314799,8593280,0.458587,0.700539,Talarico,17.0304,-27.0442,2.96462,9.36534,0.557486,0.541583
82761,2.18365,-1.86183,0.509401,0.491603,0.473458,0.0349387,3976380,3829610,282605,8088600,0.431653,1.11452,Talarico,20.4414,-29.1802,-0.430204,14.0878,0.393247,0.163301
82768,-0.442754,-1.67296,0.50405,0.489221,0.481358,0.0294209,4440830,4369460,267064,9077350,0.484421,0.769962,Talarico,19.0696,-25.1972,0.170442,11.6042,0.777304,0.950634
82777,-0.0150039,-2.09398,0.49368,0.467573,0.479544,0.0528824,4171500,4278300,471796,8921600,0.476109,0.950897,Paxton,19.9028,-26.9944,-0.343278,12.8357,0.501944,0.513961
82800,0.955833,0.244814,0.497051,0.474298,0.479927,0.0457757,4404380,4456650,425078,9286120,0.495561,0.918551,Paxton,18.5897,-27.742,0.0996939,12.8853,0.724907,0.609751
82844,-1.09242,-1.25459,0.532169,0.513032,0.451007,0.0359611,4569430,4017000,320296,8906720,0.475315,0.261481,Talarico,16.087,-27.718,1.47067,11.4807,0.297774,0.332123
82872,2.66219,-1.29204,0.505071,0.48275,0.473056,0.0441937,4291510,4205330,392869,8889700,0.474407,1.24788,Talarico,22.0952,-29.2861,-0.724768,14.2112,0.466393,0.250078
82894,2.00943,-1.67862,0.495518,0.478454,0.487109,0.0344371,3837620,3907040,276216,8020880,0.428039,1.07324,Paxton,21.4468,-28.9047,0.575873,11.7708,0.548046,0.111695
82902,-2.57968,1.13951,0.51892,0.493241,0.457274,0.0494853,4895160,4538210,491116,9924480,0.529629,0.528988,Talarico,16.9525,-25.6826,0.876479,11.8855,0.476508,0.368964
82923,1.69745,1.88195,0.517338,0.48921,0.456419,0.0543712,4471270,4171570,496941,9139780,0.487752,1.30579,Talarico,21.1917,-25.8318,-0.972957,13.5198,0.458508,0.186843
82932,0.226616,-1.24057,0.498342,0.478599,0.481785,0.0396156,4289070,4317620,355023,8961710,0.478249,0.462468,Paxton,18.6461,-26.9795,0.80088,10.6379,0.739565,0.822334
82933,-1.18051,-1.59662,0.500085,0.480852,0.480689,0.0384586,3878260,3876950,310184,8065390,0.430418,0.49951,Talarico,18.1597,-25.6982,0.189997,11.7801,0.716404,0.268112
82961,0.880041,-0.0130106,0.4999,0.472377,0.472566,0.0550565,3929290,3930860,457966,8318110,0.443902,0.483757,Paxton,17.9835,-26.9376,0.696399,11.6609,0.739334,0.520957
82968,0.232488,-0.617179,0.494128,0.48162,0.493066,0.0253134,4027530,4123240,211682,8362450,0.446268,0.425994,Paxton,16.752,-26.9184,0.546676,12.7182,0.631664,0.411665
83007,1.17814,1.85704,0.476843,0.451626,0.495491,0.0528826,4595060,5041360,538052,10174500,0.54297,0.544417,Paxton,20.2029,-26.5101,-0.988363,13.8469,0.139358,0.0708648
83038,1.35817,-1.59835,0.450022,0.428245,0.523363,0.0483927,4042850,4940810,456852,9440510,0.503801,0.691525,Paxton,16.0356,-26.1627,0.591462,12.3678,0.0173624,0.0155998
83103,0.117626,1.06556,0.510703,0.479566,0.459466,0.060968,4445610,4259280,565177,9270070,0.494704,0.670501,Talarico,18.374,-25.9343,0.72829,11.5809,0.936857,0.986438
83111,1.57943,0.400355,0.516955,0.497461,0.464829,0.0377101,3775300,3527650,286187,7589130,0.404999,0.961078,Talarico,20.8823,-27.9371,2.02839,10.4726,0.827741,0.0592198
83122,-2.34795,-0.393877,0.526448,0.503987,0.453348,0.0426652,4076260,3666700,345078,8088040,0.431622,-0.0329312,Talarico,13.4255,-25.0646,1.08731,12.4588,0.341089,0.0551574
83151,0.86307,-1.70308,0.503445,0.479549,0.472986,0.0474647,4387680,4327630,434283,9149590,0.488277,0.833351,Talarico,17.7831,-28.7191,2.95004,9.54008,0.827632,0.875438
83188,-2.25283,1.28282,0.476182,0.45517,0.500703,0.0441272,4657200,5123080,451500,10231800,0.546028,0.169387,Paxton,14.8528,-25.4814,0.453261,12.13,0.122492,0.026093
83193,-1.78723,-0.417926,0.531132,0.507236,0.447774,0.0449902,4649740,4104660,412417,9166810,0.489197,0.28527,Talarico,14.829,-29.6561,3.14409,10.8665,0.364664,0.343523
83220,0.0467401,-2.26546,0.519242,0.491064,0.454669,0.0542665,4449700,4119910,491727,9061340,0.483564,0.636444,Talarico,17.4342,-27.0092,0.690999,12.6455,0.516537,0.813816
83223,-0.147974,-0.759145,0.536516,0.50917,0.43986,0.0509703,4488500,3877520,449320,8815340,0.470438,0.233532,Talarico,19.3733,-27.1342,1.80018,9.44966,0.160038,0.214854
83234,0.712292,-1.07413,0.512203,0.492379,0.468917,0.038704,4301410,4096440,338117,8735970,0.466204,0.927378,Talarico,18.2002,-27.3318,0.331612,12.631,0.722889,0.510421
83251,0.727757,0.301735,0.499361,0.483478,0.484715,0.0318069,4359800,4370960,286821,9017580,0.48123,0.941304,Paxton,18.723,-26.2103,0.503087,11.4518,0.744223,0.648069
83255,-1.06652,2.33726,0.534254,0.504716,0.439996,0.0552879,4290520,3740340,469995,8500860,0.453656,0.279188,Talarico,16.6837,-26.4448,1.19564,12.8499,0.14869,0.173366
83259,0.769409,1.20256,0.499045,0.474917,0.476735,0.0483475,4355460,4372130,443394,9170990,0.489417,0.725132,Paxton,18.3561,-27.5202,0.247511,13.622,0.811593,0.896664
83261,-0.930818,0.586695,0.475905,0.452843,0.498699,0.048458,3887870,4281560,416034,8585460,0.458171,0.644196,Paxton,16.7965,-26.5291,0.736989,11.8058,0.135847,0.166891
83309,-0.3764,-0.637691,0.489598,0.459401,0.478922,0.0616766,3943230,4110790,529396,8583420,0.458063,0.74397,Paxton,16.716,-25.9534,0.0569533,12.8425,0.52248000000000006,0.430635
83325,3.08291,-0.302851,0.518465,0.489915,0.455019,0.0550665,4215990,3915690,473878,8605550,0.459246,1.68966,Talarico,23.3527,-28.7491,0.173424,12.4156,0.367392,0.0170775
83329,-0.178794,-1.51538,0.497754,0.477059,0.481364,0.0415775,4319520,4358500,376463,9054490,0.4832,0.521979,Paxton,15.6427,-25.7565,1.40532,10.8859,0.684647,0.837279
83415,0.333928,2.6677,0.51512,0.492742,0.463816,0.043442,4180880,3935440,368602,8484930,0.452803,1.06886,Talarico,21.5002,-24.467,0.212979,9.91936,0.272658,0.219695
83421,-1.25837,1.22622,0.493111,0.47453,0.487788,0.0376817,3887880,3996510,308731,8193120,0.437235,0.0161317,Paxton,16.0438,-26.0861,-0.429533,13.9988,0.558207,0.137677
83443,1.73207,-1.07482,0.514903,0.483092,0.455128,0.06178,4708410,4435870,602134,9746420,0.520126,1.13567,Talarico,19.9265,-28.4989,1.28868,11.6971,0.686611,0.211161
83477,-1.45201,0.853128,0.536178,0.517853,0.44797,0.0341765,4677400,4046200,308692,9032300,0.482014,0.277453,Talarico,15.6836,-25.8539,0.955837,11.8975,0.306531,0.247859
83506,-2.25607,0.540035,0.498159,0.481875,0.485438,0.0326871,3940140,3969270,267272,8176690,0.436354,0.32422,Paxton,15.2251,-24.9703,1.62035,11.1091,0.672065,0.292382
83563,-0.102526,-2.42424,0.493698,0.477759,0.489956,0.0322843,4099230,4203880,277003,8580110,0.457886,0.60879,Paxton,14.1165,-27.7249,1.28555,13.6323,0.379977,0.583527
83571,-0.632285,0.232278,0.498372,0.480245,0.483383,0.0363717,4042400,4068820,306154,8417380,0.449201,0.364156,Paxton,17.0506,-26.3375,1.24576,10.9824,0.731769,0.504205
83578,-2.97046,0.796892,0.537704,0.515014,0.442788,0.0421981,4844800,4165360,396963,9407120,0.50202,-0.447,Talarico,11.8156,-23.9226,1.34579,11.0832,0.119391,0.0138607
83633,-2.39015,-1.33027,0.458881,0.441749,0.520917,0.0373336,3410870,4022150,288263,7721280,0.412052,0.076524,Paxton,13.2421,-25.0476,1.76241,10.3066,0.0338582,0.0104407
83657,-2.01326,-1.09788,0.497262,0.479265,0.484542,0.036193,4613810,4664610,348424,9626840,0.513743,0.284688,Paxton,11.857,-24.1145,1.04592,11.6019,0.632375,0.527837
83687,1.84185,-1.91308,0.52027,0.494912,0.456348,0.0487403,4654450,4291770,458383,9404600,0.501883,1.00754,Talarico,19.5366,-30.1305,1.35918,12.5782,0.320836,0.444085
83708,-1.27229,1.7453,0.525278,0.503941,0.455439,0.0406198,4408050,3983790,355308,8747150,0.4668,0.643922,Talarico,16.7186,-23.9666,-0.522794,13.3465,0.482761,0.565486
83833,1.93944,-1.22605,0.509998,0.479452,0.460653,0.0598955,4272190,4104680,533703,8910570,0.475521,0.949604,Talarico,19.9511,-27.0741,0.619602,11.3206,0.752795,0.588214
83882,0.251709,-1.4839,0.494733,0.471172,0.481204,0.0476234,3883940,3966640,392567,8243150,0.439903,0.661484,Paxton,16.2233,-27.9145,0.546412,13.2713,0.655836,0.336956
83906,1.35409,0.540235,0.527947,0.500383,0.447408,0.0522097,4402250,3936190,459329,8797780,0.469501,0.887556,Talarico,19.3216,-28.1894,-0.757609,14.5057,0.457057,0.363766
83909,-1.46055,1.68452,0.500106,0.473171,0.472972,0.053857,4446860,4444980,506147,9397990,0.501532,0.0481028,Talarico,15.3308,-25.5406,-0.282944,13.9104,0.63998,0.333987
83911,-1.39037,-0.579715,0.496122,0.46811,0.475428,0.0564616,3856580,3916870,465166,8238620,0.43966,0.538221,Paxton,17.045,-26.5706,1.27704,11.1919,0.642575,0.383162
83916,-1.44534,0.721607,0.535957,0.512953,0.444125,0.0429218,4577160,3963000,382998,8923160,0.476192,0.592116,Talarico,17.0649,-25.6989,-0.361613,13.3734,0.286966,0.275839
83940,-1.64723,-0.533195,0.492043,0.469213,0.484389,0.0463985,4634270,4784160,458264,9876700,0.527077,0.547361,Paxton,15.5533,-27.7121,2.25138,11.4725,0.57704,0.364564
84003,-1.47915,1.58748,0.500174,0.483104,0.482768,0.0341273,3784010,3781380,267309,7832700,0.417998,0.51251,Talarico,15.4059,-25.6933,0.0581821,13.6929,0.666932,0.139731
84004,0.212182,1.54195,0.475536,0.452078,0.498592,0.0493301,4005150,4417240,437037,8859430,0.472794,0.701956,Paxton,18.8294,-24.6211,0.347095,10.7483,0.138898,0.187323
84048,1.78434,-1.83687,0.479754,0.455052,0.49346,0.0514874,3927720,4259240,444407,8631370,0.460622,0.882421,Paxton,18.7121,-29.2475,1.27239,12.7155,0.202702,0.189006
84064,0.531285,1.69076,0.529349,0.499243,0.443883,0.0568743,4622550,4109960,526606,9259120,0.494118,0.70447,Talarico,19.2124,-26.4801,-0.646713,13.8387,0.38525,0.450696
84068,-0.589159,-1.25581,0.529282,0.509678,0.453283,0.0370383,5056770,4497240,367475,9921490,0.529468,0.664982,Talarico,18.022,-28.6389,1.18638,12.7577,0.368381,0.233018
84071,-0.287232,1.50554,0.523898,0.493398,0.448384,0.0582185,4971380,4517830,586598,10075800,0.537701,0.408561,Talarico,17.479,-27.5668,1.33032,12.7431,0.481119,0.204855
84074,-0.0590425,0.621429,0.514601,0.492626,0.464672,0.042702,4261460,4019640,369393,8650490,0.461642,0.737821,Talarico,19.3311,-26.4531,-1.09427,14.4009,0.792175,0.658069
84075,-2.50151,-0.0379214,0.505432,0.477833,0.467562,0.0546051,4711790,4610500,538447,9860740,0.526227,0.0755727,Talarico,12.0313,-27.1588,2.61073,12.0588,0.676865,0.248578
84092,1.08365,-0.702912,0.497588,0.475321,0.479928,0.0447513,4157740,4198050,391450,8747240,0.466804,1.11377,Paxton,17.2614,-27.4398,0.577501,11.6866,0.723157,0.34135
84108,-2.54254,0.770764,0.481363,0.466612,0.502743,0.0306446,4880940,5258880,320554,10460400,0.558226,-0.0863961,Paxton,15.9058,-24.9665,0.856656,11.0482,0.175687,0.0133205
84123,-0.130128,-1.95502,0.536993,0.516032,0.444934,0.039034,4424810,3815170,334704,8574690,0.457594,0.831527,Talarico,19.9438,-27.4022,0.0348104,13.6066,0.195818,0.130549
84124,0.860198,0.919631,0.508079,0.487076,0.471586,0.0413372,4570450,4425100,387885,9383440,0.500754,0.604808,Talarico,18.1867,-27.4183,2.28367,9.85737,0.880103,0.97182
84129,0.706678,1.23645,0.514894,0.487056,0.458878,0.0540659,4700860,4428910,521822,9651600,0.515065,0.504037,Talarico,19.3295,-25.2139,-0.436843,12.4986,0.728559,0.697137
84201,-1.26638,0.254706,0.509317,0.489591,0.471678,0.0387313,4460860,4297660,352897,9111420,0.486235,0.107703,Talarico,16.1717,-24.1526,-0.162813,12.0192,0.842774,0.537508
84233,-1.60633,1.25635,0.522587,0.49664,0.453709,0.0496511,4283620,3913320,428250,8625190,0.460291,0.617231,Talarico,15.7328,-25.8133,1.14492,11.8847,0.620744,0.589163
84238,-1.97646,-0.910107,0.509501,0.488408,0.470194,0.0413978,4191870,4035540,355305,8582710,0.458023,0.12395,Talarico,15.1655,-27.3525,2.34471,10.8276,0.757358,0.397765
84260,-1.88065,0.594865,0.518429,0.497243,0.461893,0.0408641,4272560,3968800,351124,8592480,0.458545,0.501589,Talarico,14.6308,-25.7137,1.53249,11.4723,0.664425,0.660207
84273,1.97441,0.0392118,0.492695,0.463695,0.477446,0.0588583,4167850,4291440,529038,8988330,0.479672,0.820577,Paxton,20.6029,-27.7307,-0.448781,13.6561,0.531658,0.618543
84297,-0.223723,1.92058,0.479909,0.465119,0.504062,0.0308188,3955640,4286840,262101,8504590,0.453853,0.289164,Paxton,19.1918,-24.7425,-0.53666,12.1275,0.166599,0.174319
84303,-1.63066,1.19465,0.530012,0.500686,0.443982,0.0553322,4692640,4161190,518597,9372430,0.500169,0.0740405,Talarico,17.2524,-26.7048,1.76983,10.7279,0.447396,0.160875
84320,2.08441,1.30368,0.505112,0.485878,0.476043,0.0380786,4606040,4512800,360978,9479820,0.505897,1.0542,Talarico,20.4645,-26.1116,-0.571616,11.7349,0.605804,0.431593
84323,-1.14769,-1.75828,0.492118,0.47047,0.485541,0.0439883,3744990,3864960,350151,7960100,0.424798,0.568471,Paxton,18.0465,-27.7867,1.10715,12.2889,0.499104,0.142059
84328,0.586333,-0.0593,0.51032,0.481715,0.462232,0.0560531,4079330,3914340,474677,8468350,0.451921,0.698951,Talarico,18.064,-25.9246,0.379083,12.0912,0.768919,0.554021
84364,0.249213,0.284343,0.506242,0.483898,0.471965,0.0441368,4037260,3937700,368242,8343200,0.445243,0.534701,Talarico,19.2542,-27.2352,0.869641,11.237,0.837225,0.561493
84397,-2.13779,0.899758,0.484383,0.467968,0.498144,0.0338875,4326170,4605130,313276,9244580,0.493345,0.111148,Paxton,14.2162,-25.6417,2.36607,9.85114,0.317033,0.190732
84412,1.32538,1.63133,0.506655,0.479159,0.466572,0.0542687,4715940,4592050,534119,9842120,0.525232,0.663793,Talarico,20.3663,-24.2874,-1.09607,12.5508,0.718929,0.574102
84421,0.735491,0.998742,0.515943,0.494685,0.464113,0.0412018,4352170,4083200,362488,8797860,0.469505,0.820207,Talarico,19.6324,-25.1715,-1.28396,13.025,0.746235,0.665135
84435,0.530127,-1.32195,0.522353,0.496517,0.454023,0.049459500000000003,4762860,4355240,474442,9592540,0.511914,0.890572,Talarico,18.5526,-26.7281,0.509467,11.9603,0.551301,0.421341
84439,-0.153413,0.445293,0.532032,0.510198,0.448763,0.0410381,4872060,4285390,391887,9549340,0.509607,0.298122,Talarico,16.2035,-26.398,0.0777616,13.4733,0.386049,0.247512
84485,-2.81062,-0.0382798,0.505519,0.484684,0.474101,0.041215,4222380,4130190,359049,8711620,0.464903,0.339682,Talarico,13.9272,-22.7177,-0.190138,12.2825,0.550832,0.751137
84491,2.39242,-1.28862,0.513681,0.493621,0.467328,0.0390518,4264900,4037730,337409,8640030,0.461082,1.16656,Talarico,22.1625,-26.9585,0.641553,10.6969,0.540727,0.194351
84509,-1.24227,-2.2513,0.519235,0.498572,0.461634,0.0397944,4559260,4221470,363905,9144640,0.48801,0.176711,Talarico,14.0113,-29.2539,1.85956,13.6456,0.238113,0.500011
84525,-1.50604,1.4149,0.490396,0.468216,0.486556,0.0452279,4802060,4990150,463861,10256100,0.547323,0.195975,Paxton,16.4117,-25.8639,1.98192,9.61491,0.46226,0.0814298
84568,-2.08312,0.458252,0.505165,0.493229,0.483144,0.0236266,4421550,4331140,211800,8964490,0.478396,0.255726,Talarico,15.5906,-26.2211,2.69283,9.42021,0.803694,0.74308
84603,-2.57515,-0.34489,0.507113,0.489637,0.475901,0.0344617,4490460,4364490,316048,9171000,0.489419,-0.0164692,Talarico,12.9177,-28.1243,4.856,8.55572,0.637479,0.370112
84624,0.0181703,1.34137,0.518901,0.495756,0.459641,0.0446028,4663020,4323320,419528,9405870,0.501954,0.639079,Talarico,16.3316,-28.078,0.19935,14.9663,0.656768,0.780197
84637,-1.24831,-0.627216,0.530654,0.508599,0.449839,0.041562,4528620,4005410,370072,8904100,0.475174,0.254683,Talarico,17.5301,-26.1237,0.216778,12.9044,0.416312,0.362552
84653,-1.86883,0.957644,0.509052,0.49241,0.474897,0.0326931,4005030,3862590,265910,8133530,0.434053,0.185357,Talarico,15.4249,-26.69,1.08889,12.2089,0.872733,0.226414
84673,0.69839,-1.21005,0.509184,0.493791,0.475978,0.0302307,4557550,4393150,279021,9229720,0.492551,0.885543,Talarico,17.8382,-27.9845,0.957502,12.4572,0.771517,0.790417
84706,-0.903447,-0.985344,0.51727,0.491858,0.459015,0.049127,4325430,4036610,432026,8794060,0.46930500000000003,0.567814,Talarico,18.4646,-26.6093,1.43863,10.7649,0.694616,0.746571
84737,-1.61053,-2.10141,0.49632,0.472113,0.479114,0.0487728,4089660,4150310,422493,8662470,0.462279,0.272505,Paxton,14.0521,-25.2037,0.0742473,12.9423,0.410618,0.53372
84757,1.76318,1.65907,0.48448,0.45739,0.486694,0.0559163,4298170,4573550,525456,9397180,0.501488,0.889751,Paxton,20.0567,-26.2026,-0.375562,11.5276,0.265302,0.254303
84801,2.40571,-1.29579,0.502228,0.483549,0.479259,0.0371927,4400290,4361250,338453,9099990,0.485631,0.987079,Talarico,20.5233,-28.2231,0.167653,12.0482,0.64916,0.572537
84823,-0.93495,-2.06209,0.533638,0.506291,0.442463,0.051246,4629010,4045430,468541,9142980,0.487922,0.424716,Talarico,16.7926,-25.6273,0.344023,12.6207,0.232658,0.313845
84825,0.576453,-2.58476,0.527476,0.511703,0.458394,0.0299033,4721730,4229820,275932,9227490,0.492435,1.09915,Talarico,19.8473,-28.8346,0.787103,12.1094,0.171402,0.20519
84845,2.05596,1.28138,0.507615,0.483715,0.469202,0.047083,4618200,4479640,449518,9547360,0.509503,0.75284,Talarico,19.4454,-27.9021,-0.683456,13.7774,0.655917,0.787379
84853,-2.30791,1.06392,0.495299,0.475063,0.484081,0.0408562,4319510,4401510,371485,9092500,0.485227,0.0804826,Paxton,13.4638,-24.9646,0.419052,12.3512,0.596554,0.351073
84875,1.58931,-1.78328,0.464562,0.448536,0.516967,0.034497,4506970,5194580,346632,10048200,0.536228,0.771707,Paxton,19.2522,-27.6355,0.572216,12.7582,0.0365183,0.0142275
84905,-1.27638,-1.95589,0.527978,0.507304,0.453539,0.0391572,4205030,3759370,324573,8288970,0.442347,0.413852,Talarico,15.8089,-29.0189,2.89229,11.2176,0.251955,0.24811
84933,1.02987,-0.271496,0.505388,0.482261,0.471977,0.0457622,4411130,4317070,418577,9146780,0.488126,0.703935,Talarico,18.0845,-26.4399,-0.980864,13.4618,0.770795,0.994501
84943,-1.63365,1.14036,0.490885,0.476752,0.494458,0.0287894,4270520,4429120,257882,8957530,0.478026,0.31729,Paxton,15.2757,-26.4145,-0.0669667,13.9145,0.483647,0.536697
84956,-0.490686,-2.38253,0.512952,0.496672,0.471589,0.0317389,4396510,4174490,280951,8851950,0.472391,0.398273,Talarico,16.727,-28.7987,2.33363,11.3714,0.45286,0.783903
85002,2.63517,-0.0864501,0.483845,0.459309,0.489981,0.0507095,4142480,4419100,457345,9018920,0.481305,0.931667,Paxton,23.501,-25.0259,-2.13188,12.3507,0.220553,0.250937
85007,2.4946,-1.22791,0.496497,0.474726,0.481424,0.0438503,4317950,4378870,398848,9095670,0.485397,0.894147,Paxton,19.3537,-28.4734,-1.09768,15.6544,0.569094,0.67359
85037,-3.0238,-0.154735,0.48131,0.45926,0.494927,0.0458134,4563180,4917570,455199,9935940,0.530238,0.171982,Paxton,13.3089,-26.2117,2.17173,11.5055,0.0786105,0.0995275
85041,-0.108786,0.850471,0.50163,0.48286,0.479721,0.0374187,4456780,4427810,345374,9229970,0.492566,0.517849,Talarico,17.1929,-26.7224,-0.556023,14.0543,0.895533,0.959976
85058,2.28308,-0.87855,0.490723,0.466731,0.484378,0.0488908,4013500,4165250,420420,8599170,0.458901,1.12106,Paxton,23.5566,-28.8218,-0.616398,13.1069,0.539642,0.221166
85068,0.119358,-0.0322165,0.519575,0.500007,0.462331,0.0376623,5064400,4682790,381469,10128700,0.540525,0.574025,Talarico,18.799,-27.6584,1.17005,11.5767,0.62647,0.238321
85083,0.74919,1.78118,0.486168,0.463756,0.490145,0.0460985,3993670,4220930,396981,8611580,0.459562,0.595334,Paxton,20.6917,-27.2767,0.743347,11.8043,0.298714,0.368123
85090,2.13079,-0.995391,0.483288,0.467267,0.499583,0.0331509,4187380,4476980,297080,8961440,0.478235,0.871739,Paxton,21.5416,-26.0997,-0.496471,12.2519,0.3589,0.27838
85092,1.32981,-2.25723,0.500215,0.479332,0.478921,0.041747,4358170,4354430,379571,9092170,0.48521,0.767063,Talarico,21.3466,-27.8423,-0.0900562,12.4077,0.462091,0.908288
85132,-1.15485,0.215626,0.508242,0.485888,0.47013,0.0439816,3766960,3644790,340977,7752720,0.413731,0.29798,Talarico,15.8574,-27.0507,1.20266,12.1194,0.856931,0.117256
85146,-1.2115,-0.353422,0.509306,0.490065,0.472156,0.0377784,4029290,3882040,310612,8221950,0.438772,-0.088038,Talarico,13.9003,-27.7727,2.42756,11.9692,0.911074,0.127916
85155,-0.646875,-0.116657,0.487315,0.469368,0.493803,0.0368283,3806300,4004460,298656,8109420,0.432766,0.240383,Paxton,15.6896,-28.0494,0.269086,14.8742,0.405336,0.114274
85158,1.39737,1.07776,0.499634,0.478068,0.478768,0.0431639,3835640,3841260,346313,8023200,0.428165,1.04612,Paxton,19.5492,-26.7419,-0.193161,12.6893,0.727135,0.151241
85168,1.87282,-0.597492,0.502621,0.484412,0.479359,0.0362293,4600220,4552240,344052,9496510,0.506787,0.930063,Talarico,19.1741,-29.4764,1.84076,11.6016,0.776067,0.588787
85170,-2.09058,0.152584,0.509972,0.488661,0.46955,0.0417888,4381040,4209700,374653,8965390,0.478446,0.226576,Talarico,16.5592,-28.4235,3.27827,9.57036,0.805083,0.689613
85179,-2.53669,-0.354228,0.490714,0.464434,0.482012,0.0535533,3759510,3901800,433504,8094820,0.431985,-0.220806,Paxton,14.4018,-25.9679,2.48045,9.54979,0.404835,0.0570621
85200,2.06177,-1.67908,0.502036,0.481567,0.477662,0.0407707,4653150,4615420,393948,9662520,0.515643,1.0432,Talarico,18.7871,-28.4964,-0.94679,15.1482,0.656171,0.342276
85202,-2.00412,-0.103148,0.518903,0.48783,0.452288,0.0598817,4926740,4567790,604763,10099300,0.538956,0.0805346,Talarico,12.634,-26.6717,0.841519,13.8448,0.696463,0.176656
85246,-1.55986,-2.11694,0.488166,0.464778,0.487311,0.0479111,4250250,4456320,438133,9144700,0.488014,0.469872,Paxton,14.9709,-26.7591,-0.176643,13.6259,0.301174,0.473829
85297,-1.90454,-1.03547,0.511118,0.488339,0.467095,0.0445654,4798120,4589390,437872,9825380,0.52434,0.181326,Talarico,14.1246,-28.2283,2.08122,12.4563,0.747173,0.395791
85300,-3.09958,0.0241298,0.522895,0.500556,0.456722,0.0427218,4523740,4127590,386095,9037430,0.482288,-0.341515,Talarico,8.72158,-26.1793,1.5848,14.2136,0.242062,0.0654203
85307,0.21358,-1.45329,0.509057,0.487872,0.470512,0.0416157,4514910,4354250,385123,9254280,0.493864,0.972367,Talarico,15.6395,-27.7904,1.94811,11.6072,0.73272,0.617763
85320,-3.01346,-0.155895,0.538008,0.513492,0.44094,0.0455684,4079260,3502900,362003,7944170,0.423946,0.0140359,Talarico,11.4204,-25.4125,2.02627,11.9508,0.0823714,0.026948
85327,0.649942,-2.39664,0.504448,0.474332,0.465966,0.0597018,3596930,3533500,452728,7583160,0.404679,0.317694,Talarico,18.8499,-27.8002,-1.55456,15.8985,0.471006,0.087612400000000007
85328,0.442607,1.50445,0.503891,0.48747,0.479942,0.0325878,4762450,4688900,318374,9769730,0.521368,0.5131,Talarico,16.2322,-24.7271,0.476186,12.4374,0.933162,0.671728
85331,0.0413302,-1.00184,0.477593,0.46057,0.503787,0.0356428,4561190,4989170,352983,9903340,0.528499,0.542526,Paxton,16.0579,-27.5312,1.00369,12.9171,0.235992,0.117939
85347,-0.80299,2.48894,0.526372,0.497614,0.447752,0.0546335,4381880,3942800,481090,8805770,0.469925,0.134274,Talarico,15.947,-24.9586,0.891795,11.5899,0.269249,0.334986
85380,-2.06188,0.730531,0.510103,0.489454,0.470067,0.0404783,4350570,4178240,359796,8888610,0.474349,0.181327,Talarico,13.8637,-26.3521,0.531841,13.6863,0.838398,0.609684
85381,1.45522,2.05736,0.474661,0.449209,0.497169,0.0536226,4447470,4922310,530900,9900680,0.528355,0.954219,Paxton,21.102,-24.2018,-1.73886,13.0648,0.0950173,0.0652927
85409,0.277166,-0.10841,0.496644,0.476127,0.482562,0.0413111,4004010,4058120,347407,8409530,0.448781,0.487179,Paxton,16.699,-27.8885,0.0528486,14.1647,0.664335,0.54612
85424,-0.456585,-0.807984,0.505187,0.481615,0.471725,0.0466601,4214130,4127590,408276,8749990,0.46695,0.516514,Talarico,16.9689,-26.853,-0.528478,14.3846,0.721167,0.848382
85436,-2.17258,-0.971614,0.48022,0.455091,0.492581,0.0523285,4118420,4457690,473555,9049660,0.482942,0.185325,Paxton,17.2356,-25.2755,2.99603,7.58459,0.249384,0.200103
85472,2.11415,-0.396393,0.510085,0.484023,0.464882,0.0510951,3833310,3681730,404658,7919700,0.42264,0.650603,Talarico,18.6904,-26.4065,-1.78232,14.3913,0.844431,0.222043
85502,0.576226,1.2209,0.531427,0.503593,0.444032,0.0523746,4662530,4111080,484911,9258510,0.494091,1.16789,Talarico,18.5535,-27.0802,1.71558,9.87191,0.372148,0.119328
85520,1.24078,2.05351,0.517662,0.491437,0.457902,0.0506607,4800180,4472620,494835,9767630,0.52126,0.598224,Talarico,20.5726,-26.8268,-0.161739,11.6907,0.484781,0.506324
85537,-0.23893,-0.163095,0.490077,0.474172,0.493374,0.0324542,4319600,4494520,295650,9109770,0.486151,0.47532,Paxton,17.3734,-26.3729,0.469928,12.6623,0.501272,0.54318
85546,1.53751,-0.46883,0.505238,0.479139,0.469204,0.0516565,4254610,4166390,458694,8879700,0.473874,1.0229,Talarico,19.013,-28.0039,0.247697,12.4838,0.798777,0.459345
85547,-0.746169,0.935713,0.503802,0.489353,0.481968,0.0286788,4570150,4501180,267836,9339170,0.498394,0.300157,Talarico,15.867,-27.3069,-0.0243324,13.1679,0.902478,0.742247
85557,-2.14819,0.847642,0.503918,0.482996,0.475485,0.0415196,4636760,4564650,398588,9599990,0.512312,-0.154494,Talarico,14.2418,-25.0873,0.531772,12.4652,0.834258,0.192161
85575,0.887088,-0.462279,0.530952,0.513139,0.453311,0.03355,4782850,4225210,312712,9320770,0.497412,1.1163,Talarico,17.279,-28.2569,0.801138,13.0066,0.269497,0.145698
85610,2.55527,-1.20368,0.502995,0.486497,0.480704,0.0327999,4290490,4239400,289267,8819150,0.470643,1.15132,Talarico,22.0718,-26.83,-1.56425,13.5229,0.573508,0.31391
85614,1.02548,1.98114,0.519924,0.490378,0.452794,0.0568287,4752720,4388460,550781,9691960,0.51722,1.10303,Talarico,21.4717,-27.4014,0.7499,10.3798,0.50578,0.227725
85617,-0.889233,2.28182,0.511147,0.485667,0.464485,0.0498488,4659040,4455840,478204,9593090,0.511942,0.465245,Talarico,17.089,-24.382,-1.01697,13.312,0.531442,0.83384
85634,1.98022,-0.653811,0.497018,0.474551,0.480244,0.0452052,5016160,5076350,477835,10570300,0.564096,0.498057,Paxton,19.5157,-24.5046,-0.542363,11.217,0.657908,0.0820006
85667,1.7842,-1.67423,0.501408,0.480296,0.477599,0.0421048,4744650,4718020,415937,9878610,0.527179,0.9383,Talarico,20.2892,-28.4738,1.21378,11.2959,0.739998,0.338769
85672,0.581599,0.884902,0.512882,0.493958,0.469144,0.0368984,4911930,4665180,366918,9944020,0.530672,1.12428,Talarico,18.5495,-26.0631,0.101095,11.5359,0.837429,0.152664
85707,0.192198,-0.613663,0.504718,0.483042,0.474012,0.0429461,4226810,4147790,375795,8750390,0.466971,0.928474,Talarico,18.3936,-27.3838,-0.664413,14.4515,0.749426,0.563919
85708,0.182262,0.633227,0.509705,0.487838,0.46926,0.042902,4468510,4298340,392975,9159830,0.488823,0.703745,Talarico,19.9749,-25.972,1.11558,9.48628,0.891142,0.995906
85709,-1.09457,-1.73521,0.484884,0.468771,0.497999,0.0332299,4687540,4979800,332286,9999620,0.533639,0.502295,Paxton,16.8474,-26.277,0.76194,11.9601,0.29547,0.187887
85730,0.0750643,-1.29302,0.490993,0.471272,0.488562,0.0401664,4201370,4355500,358081,8914950,0.475755,0.665516,Paxton,18.5473,-27.2846,0.598442,12.3478,0.505487,0.599707
85762,0.41494,1.71392,0.524001,0.495003,0.449657,0.0553397,4465180,4056130,499192,9020500,0.481386,0.551827,Talarico,18.1426,-24.2847,-0.505847,12.7026,0.500359,0.67292
85769,-2.28954,-1.42462,0.480612,0.445729,0.48169,0.0725809,4448330,4807220,724350,9979900,0.532586,0.306051,Paxton,14.711,-26.2266,0.990531,12.4121,0.157521,0.10841
85813,1.91826,1.8142,0.472262,0.446897,0.499392,0.0537112,4307990,4814040,517765,9639800,0.514436,1.29232,Paxton,23.6849,-24.0745,-2.0033,12.2937,0.061552,0.0229103
85817,0.235407,1.3964,0.508142,0.485623,0.47006,0.0443169,4104380,3972840,374556,8451770,0.451036,0.752399,Talarico,18.8514,-27.6537,0.560184,12.2398,0.918144,0.495399
85820,-1.87011,1.86123,0.478442,0.458405,0.499715,0.0418802,4034130,4397670,368561,8800360,0.469635,0.141951,Paxton,14.5087,-25.3494,0.0508699,13.6948,0.127372,0.149047
85849,-1.81743,-1.76119,0.52037,0.492125,0.453597,0.054278,3988300,3676050,439881,8104230,0.432486,0.440634,Talarico,16.6504,-26.899,1.26076,11.3621,0.30503,0.224601
85861,-2.69031,-0.403951,0.481866,0.461348,0.496072,0.0425797,4297380,4620830,396623,9314840,0.497095,-0.183943,Paxton,11.5894,-26.5545,0.920561,13.6946,0.154586,0.048801
85873,-0.479447,-2.09365,0.51208,0.484696,0.461829,0.0534756,4596730,4379860,507149,9483740,0.50611,0.333194,Talarico,17.633,-25.4484,-0.0652518,11.5589,0.62573,0.79061
85900,-0.974426,-0.475425,0.494525,0.476788,0.487345,0.0358675,4868400,4976200,366237,10210800,0.544912,0.60593,Paxton,15.6434,-28.78,2.17521,11.7251,0.587112,0.255586
85914,-1.75828,-0.656522,0.525401,0.499489,0.451192,0.0493188,4541110,4102010,448382,9091500,0.485176,-0.21139,Talarico,14.5722,-28.3618,3.54435,9.7793,0.502338,0.0935201
85928,2.24398,0.406445,0.526987,0.500297,0.449056,0.0506471,3771510,3385240,381806,7538560,0.402303,0.861837,Talarico,19.2201,-28.5163,-0.729577,14.7548,0.429068,0.0320887
85942,-0.530987,-0.150516,0.524773,0.495734,0.44893,0.0553361,3885420,3518580,433708,7837710,0.418269,0.281581,Talarico,15.4692,-27.7279,0.762935,14.149,0.458154,0.0974774
85943,-2.37365,0.562173,0.50104,0.47564,0.473665,0.050695,4363930,4345820,465120,9174870,0.489624,0.186241,Talarico,13.5744,-25.5134,0.882043,12.5932,0.709337,0.560246
85957,-0.896872,0.686988,0.503439,0.486241,0.479599,0.0341598,4601660,4538790,323279,9463730,0.50504,0.251052,Talarico,16.7501,-26.0457,1.34836,10.514,0.830022,0.605237
85974,2.75329,-0.994339,0.499283,0.48196,0.483345,0.0346947,4235700,4247870,304914,8788490,0.469005,1.08644,Paxton,23.3358,-27.8479,-0.440135,12.253,0.480995,0.383752
85988,-0.999001,-0.44172,0.516801,0.493963,0.461846,0.0441908,4353350,4070300,389458,8813110,0.470317,0.440927,Talarico,16.5796,-28.2892,2.25303,10.1084,0.753172,0.747552
85991,2.16116,-1.23675,0.514613,0.483605,0.45614,0.0602555,4899450,4621200,610455,10131100,0.540655,0.709866,Talarico,18.9722,-30.1635,1.04756,13.3968,0.627532,0.260291
86033,0.0981585,1.70136,0.483365,0.459832,0.491482,0.0486856,4108140,4390900,434957,8933990,0.47677,0.811362,Paxton,18.0638,-24.602,-0.143382,11.9937,0.263964,0.315286
86053,-0.201429,0.76256,0.503016,0.476452,0.47074,0.0528082,4417560,4364590,489626,9271770,0.494796,0.443952,Talarico,16.6859,-25.7592,0.409972,12.5606,0.913243,0.949525
86058,0.604476,2.06666,0.541304,0.516268,0.43748,0.0462522,4784260,4054130,428619,9267010,0.494541,1.07227,Talarico,19.49,-26.4888,1.02736,11.3467,0.137107,0.0560693
86060,-0.226354,1.80645,0.479726,0.461046,0.500016,0.0389371,4046690,4388730,341758,8777180,0.468399,0.569169,Paxton,18.2672,-24.7771,0.0279996,11.4568,0.17779,0.260038
86101,3.13035,-0.167102,0.514139,0.489842,0.462901,0.0472572,4137580,3910010,399170,8446760,0.450767,1.45734,Talarico,25.4552,-27.7824,-1.7042,13.4332,0.381396,0.0426838
86119,-2.22376,0.0990489,0.533018,0.513574,0.449948,0.036478,3898030,3415100,276868,7590000,0.405047,0.350997,Talarico,13.6545,-25.815,-0.0844373,14.1848,0.256701,0.0309566
86153,-0.384862,-0.149947,0.507326,0.484325,0.470338,0.0453372,4933190,4790720,461791,10185700,0.54357,0.247367,Talarico,17.0683,-27.005,0.524598,13.4071,0.823048,0.184253
86156,1.13052,-1.80556,0.508411,0.49185,0.475576,0.0325744,4610330,4457780,305334,9373440,0.500221,1.10776,Talarico,17.7978,-27.8508,0.923697,11.6578,0.767926,0.420459
86165,1.11286,-2.38559,0.53665,0.51034,0.440633,0.0490269,4638240,4004710,445583,9088530,0.485016,0.681994,Talarico,17.6059,-29.5177,0.98998,13.0283,0.0959408,0.263182
86223,2.37932,1.62556,0.514757,0.494652,0.46629,0.0390579,4435730,4181400,350247,8967380,0.478552,0.990609,Talarico,22.397,-28.5781,-0.401923,14.7499,0.351552,0.549241
86232,1.66251,0.0199152,0.530305,0.515664,0.456727,0.0276082,4586550,4062340,245560,8894450,0.474659,0.96315,Talarico,19.05,-28.5691,-1.33094,15.3093,0.335411,0.279551
86235,2.67427,-1.3869,0.496302,0.474135,0.4812,0.0446651,4390030,4455440,413556,9259030,0.494116,1.10311,Paxton,23.5024,-27.9264,0.0835063,11.8731,0.417474,0.360432
86248,1.69998,0.430155,0.51275,0.48472,0.460614,0.0546653,4807150,4568080,542136,9917360,0.52925,0.892967,Talarico,20.6326,-28.3841,1.29451,9.98382,0.871122,0.328638
86278,-1.70489,1.69435,0.522597,0.500326,0.457059,0.0426154,4520110,4129220,385002,9034330,0.482124,0.0978378,Talarico,16.1786,-25.3953,0.390548,12.3382,0.58071,0.345356
86301,1.04632,-0.00893409,0.482253,0.466483,0.500816,0.0327011,4421360,4746780,309944,9478090,0.505806,0.750307,Paxton,15.4786,-28.5602,0.0797159,15.3445,0.307239,0.247121
86312,-0.45818,2.61225,0.516235,0.496367,0.465147,0.0384861,4135870,3875740,320677,8332280,0.444657,0.171647,Talarico,19.7141,-24.5992,-1.22879,13.1278,0.366417,0.27323
86320,1.00314,0.337428,0.514288,0.485999,0.458994,0.0550072,3947840,3728480,446832,8123150,0.433499,0.812039,Talarico,17.1071,-28.5991,1.72631,12.3193,0.768927,0.257693
86342,-2.56476,0.533755,0.514327,0.487197,0.460055,0.0527487,4388070,4143610,475096,9006780,0.480652,-0.0132109,Talarico,13.8099,-24.8526,1.21157,11.1746,0.62517,0.339562
86347,-0.819727,2.0203700000000002,0.511122,0.484813,0.463714,0.0514732,4793840,4585210,508968,9888020,0.527683,0.0262736,Talarico,16.434,-24.524,0.0373545,12.9909,0.639368,0.225566
86362,-0.709135,-0.120738,0.487545,0.461495,0.485073,0.0534325,4434790,4661370,513466,9609620,0.512825,0.367516,Paxton,17.1616,-26.9594,0.0707891,12.3328,0.407794,0.372254
86377,-0.412141,0.637447,0.509328,0.487777,0.46991,0.0423128,4924590,4744210,427190,10096000,0.538781,0.557728,Talarico,18.4071,-25.9974,-0.0700185,11.7136,0.885021,0.324031
86390,2.27611,0.763247,0.493395,0.471931,0.484567,0.0435019,4364640,4481500,402326,9248460,0.49355,1.27421,Paxton,20.5265,-25.7,-0.423186,12.6119,0.36146,0.159118
86400,-2.40779,-1.50597,0.513251,0.490846,0.4655,0.0436533,4581750,4345170,407477,9334400,0.498137,-0.335943,Talarico,12.9374,-26.3335,2.39455,11.306,0.40892,0.0914914
86401,-2.45393,-1.23686,0.522253,0.49676,0.454426,0.0488139,4424160,4047140,434739,8906040,0.475278,0.318214,Talarico,13.7937,-25.5587,2.12166,11.5136,0.272007,0.590102
86417,1.80317,-0.24763,0.501773,0.48282,0.479407,0.0377729,4201260,4171570,328681,8701510,0.464362,0.832532,Talarico,19.8529,-26.9607,0.24814,11.8688,0.757804,0.674588
86420,0.927216,-1.00802,0.517587,0.501942,0.467831,0.0302268,5006770,4666520,301506,9974790,0.532312,1.33816,Talarico,19.1091,-26.5409,-0.63804399999999994,13.3233,0.626359,0.066731
86430,-0.768549,1.25572,0.50939,0.488748,0.47073,0.0405218,4003810,3856200,331953,8191960,0.43717,0.0926352,Talarico,19.1031,-25.3563,-1.17412,13.8396,0.90236,0.225309
86435,-1.52543,0.985776,0.519347,0.497364,0.460308,0.0423279,4417100,4088010,375915,8881030,0.473943,0.592019,Talarico,16.1209,-26.42,1.36735,12.0375,0.675075,0.742574
86437,0.796701,0.846612,0.505272,0.48002,0.470003,0.0499773,4617970,4521600,480800,9620370,0.5134,0.957994,Talarico,18.1691,-25.9315,-1.02622,13.8984,0.898656,0.483573
86447,-1.75999,-0.611282,0.487356,0.464478,0.488578,0.0469443,4528600,4763570,457701,9749870,0.520311,0.252676,Paxton,15.2947,-27.1944,2.50253,11.0229,0.457084,0.240457
86473,-2.89284,-0.363291,0.52349,0.497253,0.452628,0.0501186,3871290,3523870,390191,7785350,0.415472,-0.266813,Talarico,11.5804,-27.1387,3.59748,9.93127,0.253794,0.0126571
86489,0.0385119,1.45258,0.526504,0.498972,0.448735,0.0522932,4404660,3961190,461616,8827460,0.471083,0.59828,Talarico,15.4645,-24.24,0.809374,11.5356,0.441683,0.556362
86492,2.33614,0.267008,0.513124,0.493386,0.468147,0.0384675,4509700,4279010,351605,9140310,0.487781,0.682567,Talarico,20.9421,-26.8426,-0.219786,12.0216,0.78904,0.962321
86525,-2.05558,0.935384,0.550405,0.524263,0.428241,0.0474963,4198390,3429420,380358,8008170,0.427364,0.146149,Talarico,13.8048,-26.305,1.95751,11.476,0.0344959,0.013432
86540,0.43429,-2.21383,0.52054,0.493989,0.455004,0.0510073,4814320,4434380,497108,9745810,0.520093,0.554896,Talarico,17.7635,-27.591,0.901074,11.7889,0.510766,0.487163
86544,-0.731328,-1.21173,0.496749,0.469111,0.475252,0.0556362,4675410,4736610,554499,9966520,0.531873,0.689566,Paxton,18.1106,-26.4641,-0.286668,13.5057,0.587903,0.419883
86551,0.867515,-1.53415,0.49858,0.472706,0.475399,0.0518955,3922850,3945200,430666,8298710,0.44287,0.657777,Paxton,17.7153,-28.8335,1.13351,12.7257,0.813311,0.422584
86586,0.760203,1.31823,0.502869,0.476628,0.47119,0.0521812,4380340,4330370,479559,9190270,0.490447,0.711161,Talarico,17.5047,-26.114,-0.175751,13.8498,0.931924,0.979606
86589,2.44647,-1.67805,0.522803,0.499863,0.456258,0.0438793,4239010,3869230,372112,8480350,0.452562,0.834557,Talarico,19.5048,-29.0856,-0.889458,15.652,0.205567,0.33869
86598,-1.83587,0.320308,0.521574,0.499608,0.458278,0.0421142,4283970,3929580,361115,8574660,0.457593,0.176653,Talarico,15.4494,-26.8414,1.69393,11.4637,0.592749,0.323159
86606,0.128249,-1.09761,0.540269,0.515997,0.439077,0.0449259,4700500,3999790,409254,9109540,0.486139,0.890088,Talarico,21.6619,-27.3776,-0.886819,12.1979,0.110181,0.132709
86645,2.06523,-0.553137,0.535997,0.510122,0.441603,0.0482747,4931100,4268760,466648,9666500,0.515861,0.516181,Talarico,19.2575,-26.1637,-0.69055,13.8009,0.210953,0.193616
86656,-2.06264,1.60129,0.527989,0.501735,0.44854,0.0497253,3858850,3449730,382438,7691020,0.410437,0.120365,Talarico,15.7765,-25.3522,0.770564,11.7105,0.38984,0.0306854
86682,-1.97829,-1.31549,0.489626,0.464282,0.483955,0.0517636,4328220,4511620,482561,9322400,0.497498,0.321828,Paxton,14.6455,-24.3473,0.181234,12.3652,0.426758,0.483447
86688,-2.15917,-1.08048,0.519147,0.498393,0.461631,0.0399763,4727290,4378600,379178,9485060,0.506179,0.193864,Talarico,16.3764,-25.7091,2.16912,9.35128,0.504069,0.449789
86736,-1.79097,-1.513,0.522676,0.496907,0.45379,0.0493027,4704530,4296320,466780,9467630,0.505246,0.475411,Talarico,13.3723,-25.8346,1.81935,11.5915,0.363028,0.602895
86748,0.410569,0.92859100000000006,0.511576,0.492485,0.470197,0.0373177,4884800,4663720,370142,9918670,0.529317,0.544839,Talarico,18.5587,-29.1926,2.58454,10.7606,0.887861,0.474959
86757,1.62985,-1.05594,0.548228,0.51799,0.426854,0.0551554,4739120,3905310,504619,9149040,0.488247,1.01064,Talarico,18.204,-29.5946,2.18622,11.6767,0.0564144,0.0330689
86764,-1.13865,2.02291,0.485854,0.469859,0.497219,0.0329218,4435290,4693560,310769,9439620,0.503752,0.231099,Paxton,17.7101,-23.7271,0.770988,9.53335,0.296637,0.289115
86774,-1.49272,-1.90898,0.531431,0.507035,0.447058,0.0459078,4988110,4398070,451632,9837810,0.525004,0.0929914,Talarico,13.6339,-28.6546,2.36331,12.4227,0.183754,0.12927
86788,3.06477,-0.304231,0.518588,0.501004,0.465088,0.033908,4284320,3977190,289964,8551480,0.456357,1.36051,Talarico,23.5674,-28.2012,-0.00214974,11.9826,0.375189,0.0660075
86792,-2.47071,1.56251,0.506409,0.47742,0.465335,0.0572441,4750860,4630600,569642,9951100,0.531049,0.269068,Talarico,16.7707,-26.0717,1.67958,10.2755,0.505564,0.33066
86806,0.617006,0.325034,0.530088,0.511713,0.453622,0.0346647,4263280,3779310,288805,8331390,0.444614,0.295139,Talarico,18.7524,-27.196,2.63284,9.21312,0.427579,0.194954
86810,3.03418,-0.512601,0.526161,0.507806,0.45731,0.0348838,5071100,4566820,348359,9986280,0.532927,1.49478,Talarico,21.289,-28.8409,1.69561,10.7253,0.259125,0.0257865
86818,0.836314,0.0436807,0.506645,0.4753,0.462833,0.0618673,4011410,3906190,522144,8439740,0.450393,0.347009,Talarico,16.6293,-28.1541,1.80763,12.0193,0.763429,0.57042
86857,-2.10233,0.981859,0.537159,0.516568,0.445098,0.0383338,4243780,3656630,314925,8215340,0.438417,0.16268,Talarico,14.8327,-26.5691,-0.287011,15.0198,0.249529,0.066761
86871,-1.03451,1.51884,0.481331,0.455048,0.490348,0.0546049,3958860,4265960,475056,8699880,0.464278,0.246676,Paxton,18.0871,-24.6215,0.712073,10.4879,0.231246,0.225995
86887,1.0871,-1.36016,0.505104,0.475155,0.465551,0.0592944,4866560,4768200,607296,10242000,0.546577,0.623804,Talarico,16.7335,-29.8524,2.03768,12.9562,0.843381,0.254006
86916,-0.969686,0.622541,0.482882,0.460827,0.493501,0.0456719,4326650,4633410,428807,9388860,0.501042,0.380759,Paxton,16.8931,-26.0549,-0.639142,13.8061,0.27229,0.311076
86991,-0.184109,-0.813951,0.50017,0.472636,0.472314,0.0550494,4327840,4324900,504077,9156820,0.48866,0.49443,Talarico,16.0429,-24.2205,-0.539594,13.0796,0.680431,0.928929
87024,2.04887,0.989988,0.501961,0.479576,0.475828,0.0445962,4463230,4428360,415040,9306630,0.496657,1.08781,Talarico,20.7276,-25.812,-0.684536,11.7667,0.617111,0.426032
87034,-2.84029,0.732392,0.521876,0.498465,0.456675,0.0448597,4565080,4182360,410838,9158280,0.488739,0.0980099,Talarico,13.6617,-26.3639,2.23023,11.2796,0.323222,0.352373
87058,-1.47332,0.104971,0.486321,0.468694,0.49506,0.0362465,3999550,4224540,309306,8533390,0.45539,0.120206,Paxton,14.9235,-26.2245,1.3783,11.6293,0.35282,0.192538
87068,0.30788,0.152913,0.525564,0.50599,0.456766,0.0372443,4668920,4214710,343664,9227290,0.492425,0.739779,Talarico,16.3009,-26.8236,1.19033,11.1143,0.539893,0.564276
87082,-2.17902,0.228323,0.527675,0.509509,0.456064,0.0344272,4472460,4003320,302202,8777990,0.468446,0.201286,Talarico,15.4821,-26.4694,1.13284,11.1643,0.367104,0.370717
87101,-2.71864,0.370142,0.525415,0.502824,0.45418,0.0429957,4746870,4287660,405898,9440430,0.503796,-0.137008,Talarico,14.4038,-26.6869,2.81955,9.84919,0.310663,0.0911049
87123,-2.10655,-0.407629,0.492045,0.469951,0.485147,0.0449016,4517970,4664060,431671,9613700,0.51304399999999994,0.375214,Paxton,15.7187,-26.0656,0.532767,13.3802,0.579743,0.498427
87139,-2.60428,1.18272,0.510886,0.487767,0.46698,0.045253,3870910,3705950,359127,7935980,0.423511,0.00589022,Talarico,15.6828,-23.3733,2.13345,9.00371,0.604075,0.123881
87149,-0.441495,-1.76559,0.504757,0.478111,0.469099,0.0527899,4173910,4095240,460857,8730020,0.465884,0.673299,Talarico,16.4921,-27.0429,-1.2687,16.3509,0.761005,0.769483
87156,2.90098,-0.68549,0.494772,0.475325,0.485369,0.039306,4050880,4136490,334979,8522350,0.454802,1.32629,Paxton,24.1785,-28.3654,0.558618,10.3382,0.436072,0.096866
87160,-0.0264513,1.47401,0.511643,0.483666,0.461653,0.0546812,4194800,4003890,474247,8672940,0.462837,0.522375,Talarico,17.892,-26.4103,0.203455,13.0474,0.837173,0.794223
87162,2.76464,0.474187,0.504307,0.484318,0.476046,0.0396363,4396870,4321770,359837,9078480,0.48448,1.43142,Talarico,22.3891,-26.3394,-0.24488,11.0371,0.406492,0.114454
87176,-0.740939,2.52069,0.480274,0.458564,0.496233,0.0452024,4065890,4399880,400790,8866560,0.47317,0.442109,Paxton,17.9338,-23.2298,-0.516502,11.2424,0.0849286,0.240837
87179,0.607651,-0.576079,0.518134,0.492278,0.457821,0.0499008,4696610,4367860,476081,9540550,0.50914,0.744383,Talarico,18.4657,-26.1038,0.358537,12.5928,0.622923,0.671443
87196,3.16351,-0.531193,0.494332,0.472669,0.483508,0.0438226,4455240,4557400,413059,9425710,0.50301,1.78622,Paxton,23.0861,-28.8404,-0.286213,12.2051,0.327329,0.0163159
87214,0.596339,1.04785,0.502193,0.48752,0.483262,0.0292186,4115820,4079870,246674,8442360,0.450532,0.477507,Talarico,18.3488,-27.5872,0.635402,12.0872,0.936745,0.675626
87238,0.452674,-0.290017,0.489701,0.468675,0.488388,0.0429368,4649520,4845100,425958,9920580,0.529418,0.605723,Paxton,17.8329,-26.239,-0.502728,13.6237,0.5219,0.302701
87250,-1.93264,-1.14196,0.515231,0.491971,0.462885,0.0451437,4543650,4275020,416930,9235610,0.492867,-0.122643,Talarico,15.3758,-27.1941,1.66585,11.425,0.649827,0.232376
87257,-1.97328,0.709899,0.507622,0.489756,0.475049,0.035195,4571620,4434340,328527,9334490,0.498143,0.198778,Talarico,15.0481,-27.2618,0.55967,14.7434,0.862113,0.654331
87266,-0.444601,-1.95717,0.509956,0.484222,0.465315,0.0504629,4168570,4005800,434425,8608790,0.459417,0.182669,Talarico,14.8991,-28.1773,1.60533,12.1297,0.7063,0.476277
87286,-0.867883,-0.887667,0.502257,0.471079,0.466846,0.0620742,4088440,4051700,538734,8678880,0.463152,0.159447,Talarico,14.4259,-27.2461,0.495109,14.0227,0.699495,0.466437
87295,2.11478,0.595696,0.512181,0.492475,0.46905,0.0384746,4975220,4738580,388689,10102500,0.539128,0.852324,Talarico,21.3016,-26.6527,-0.184887,12.4415,0.809758,0.257036
87346,2.22146,-0.522959,0.511251,0.494045,0.472301,0.0336542,4622850,4419390,314907,9357150,0.49935,0.898112,Talarico,18.8143,-26.832,-0.165258,12.5203,0.817929,0.718929
87352,-0.646772,0.994187,0.528184,0.501147,0.447665,0.0511881,4487980,4009020,458411,8955410,0.477912,0.342437,Talarico,15.4985,-26.2377,0.0925404,13.5618,0.416587,0.436401
87374,0.812209,0.499134,0.51716,0.495867,0.462961,0.0411719,4699420,4387560,390193,9477180,0.505757,0.669261,Talarico,16.8559,-28.3493,0.997856,13.5418,0.737233,0.774041
87388,-1.0703,-1.87226,0.489939,0.468642,0.48789,0.0434685,4743570,4938400,439986,10122000,0.540166,0.29502,Paxton,15.2625,-24.2887,0.714967,11.4755,0.415967,0.159267
87397,-2.47402,0.572222,0.490547,0.467789,0.485818,0.0463927,4004920,4159280,397186,8561390,0.456884,0.0272081,Paxton,14.1471,-25.2364,0.222272,13.8263,0.393119,0.172787
87407,2.39268,0.543043,0.548653,0.525026,0.43191,0.0430633,4782390,3934210,392258,9108860,0.486101,1.31128,Talarico,20.3631,-28.7547,0.752569,12.8386,0.0500829,0.0216913
87426,2.48441,-0.492774,0.504886,0.480684,0.47138,0.0479364,4027030,3949080,401597,8377710,0.447082,0.946719,Talarico,21.0763,-27.8172,0.195067,11.9912,0.745107,0.293215
87447,-0.321303,2.55508,0.508247,0.4807,0.465101,0.0541989,4318280,4178140,486886,8983310,0.479403,0.694986,Talarico,20.2627,-24.8167,0.386477,10.6633,0.390244,0.925859
87509,-0.104885,0.914347,0.493378,0.477675,0.490497,0.0318275,4310530,4426240,287211,9023980,0.481575,0.675306,Paxton,18.1961,-24.5548,-1.55422,13.4524,0.530286,0.699171
87510,0.872361,1.45105,0.505837,0.482247,0.471117,0.0466359,4121470,4026350,398569,8546390,0.456087,0.594939,Talarico,22.5015,-24.8243,-1.23615,12.3617,0.873817,0.732672
87550,-1.63087,1.4272,0.510557,0.487687,0.467519,0.0447936,4244730,4069190,389875,8703800,0.464483,0.373042,Talarico,16.6282,-23.8364,0.791845,10.1418,0.777806,0.749232
87566,0.415624,1.06347,0.504095,0.483702,0.475843,0.0404547,4720860,4644160,394832,9759850,0.520844,0.822039,Talarico,17.8898,-26.3789,-0.202018,12.5812,0.979722,0.519637
87593,2.12071,-0.288623,0.495709,0.476451,0.484699,0.0388497,4274390,4348390,348533,8971320,0.47876,0.893016,Paxton,20.9753,-26.3927,0.366496,10.7933,0.606582,0.649877
87602,0.592241,1.49214,0.550805,0.529261,0.431625,0.0391136,4453960,3632310,329157,8415420,0.449097,0.709767,Talarico,19.0683,-29.3173,0.689194,13.0652,0.0487047,0.0194745
87613,-0.0197486,2.25462,0.528183,0.506976,0.452872,0.040152,4745140,4238740,375810,9359690,0.499488,0.38898,Talarico,18.5091,-25.2558,1.25104,10.5961,0.281373,0.433739
87623,-0.880038,-1.94437,0.531986,0.505563,0.444768,0.0496692,4291040,3775040,421575,8487650,0.452952,0.594348,Talarico,16.0821,-27.239,0.129784,14.0178,0.289705,0.279876
87645,-0.186908,-0.264382,0.491443,0.467669,0.483956,0.0483746,4298400,4448100,444616,9191110,0.490495,0.256261,Paxton,18.9321,-26.7505,0.296557,12.2038,0.541447,0.492836
87655,-1.43798,-0.0794088,0.506954,0.483673,0.470403,0.0459243,4349570,4230240,412988,8992790,0.47991,0.145179,Talarico,16.8329,-28.3935,3.17553,9.80642,0.881343,0.57586
87734,0.187986,-1.25333,0.527938,0.505118,0.451657,0.0432252,4773830,4268580,408518,9450930,0.50435700000000006,0.279604,Talarico,15.8044,-28.3446,0.858383,13.9991,0.405269,0.342348
87741,-1.92482,1.84337,0.493343,0.473041,0.485807,0.0411523,4457660,4577960,387795,9423410,0.502888,0.265191,Paxton,14.0254,-24.0709,-0.649224,13.8057,0.389365,0.501839
87746,-0.333499,-0.770626,0.483382,0.458082,0.489579,0.052339,4463890,4770810,510029,9744730,0.520036,0.886377,Paxton,19.6871,-25.9629,1.9593,8.614,0.382183,0.15842
87791,-1.42769,-1.79227,0.531054,0.502515,0.443745,0.05374,4471950,3948950,478240,8899140,0.47491,0.0473643,Talarico,16.3642,-27.1921,0.721313,13.2415,0.223651,0.224479
87799,-0.808823,1.58096,0.481245,0.45636,0.491931,0.0517083,3979050,4289200,450850,8719100,0.4653,0.631251,Paxton,17.0249,-25.186,0.133243,13.25,0.219502,0.293811
87812,0.157381,0.352523,0.513678,0.49137,0.465202,0.0434279,4341820,4110590,383735,8836150,0.471549,0.272186,Talarico,19.5142,-27.9651,0.252727,12.8157,0.773798,0.67908
87839,2.35703,-0.703077,0.501194,0.483119,0.480817,0.0360641,4136800,4117090,308806,8562700,0.456956,0.798701,Talarico,20.2483,-27.2057,-1.05867,13.7085,0.700096,0.588361
87843,-0.669276,0.823008,0.506644,0.47826,0.465717,0.0560224,4712030,4588440,551957,9852430,0.525783,0.526042,Talarico,15.9561,-26.6477,0.882881,11.8968,0.923221,0.594583
87862,-1.10494,-0.967885,0.51106,0.4904,0.469175,0.0404256,4089310,3912320,337098,8338720,0.445005,0.0742846,Talarico,13.2773,-29.5587,3.20244,10.8234,0.802194,0.250862
87882,0.313074,-1.76664,0.521887,0.502893,0.460711,0.0363964,4979070,4561440,360356,9900870,0.528368,0.752828,Talarico,15.8603,-27.915,1.31362,13.4311,0.54517,0.303506
87942,0.576484,-0.844764,0.490266,0.46758,0.486146,0.0462737,4215110,4382480,417145,9014740,0.481076,0.611392,Paxton,17.175,-27.3294,0.0973967,13.5082,0.586742,0.572002
88003,0.679552,-2.50594,0.491982,0.475456,0.490953,0.0335908,3985220,4115110,281554,8381880,0.447306,0.753181,Paxton,16.2492,-29.8629,1.32544,13.3526,0.371422,0.374475
88013,0.996468,-0.162192,0.479854,0.451837,0.489777,0.0583861,4249560,4606390,549126,9405080,0.501912,0.801235,Paxton,18.598,-27.394,0.492893,12.9041,0.272423,0.204696
88017,1.81737,0.618786,0.512813,0.492632,0.468015,0.0393525,4567350,4339110,364849,9271310,0.494771,0.758022,Talarico,17.1262,-25.3617,-0.402655,13.2438,0.859187,0.917036
88067,-0.361387,2.05358,0.45962,0.441333,0.51888,0.0397875,4179690,4914100,376811,9470600,0.505408,0.900323,Paxton,18.6669,-24.0426,0.659759,9.61886,0.0196505,0.0257992
88075,2.67688,-0.0548286,0.470973,0.446218,0.501221,0.0525613,3990610,4482520,470066,8943200,0.477264,1.02984,Paxton,22.6205,-28.2088,-0.159826,13.0463,0.0788812,0.0625769
88081,1.1057,-1.15274,0.476759,0.456362,0.500854,0.042784,3843230,4217920,360304,8421460,0.449421,1.06241,Paxton,19.8562,-27.3029,1.10494,11.2119,0.210389,0.0835368
88097,0.0418493,-1.81334,0.504353,0.476253,0.468032,0.0557149,3693260,3629500,432059,7754820,0.413842,0.471934,Talarico,19.2836,-24.5997,-0.21021,11.6601,0.72132,0.133958
88111,-1.96308,-1.61013,0.490333,0.473767,0.492448,0.0337857,4152520,4316260,296128,8764900,0.467745,-0.202149,Paxton,14.6254,-27.7151,1.83804,11.6815,0.416963,0.0786988
88123,-1.35744,-0.852245,0.52759,0.495771,0.44392,0.0603089,4657090,4170010,566519,9393620,0.501297,0.391052,Talarico,18.1648,-28.0884,1.42425,12.3408,0.484425,0.443876
88126,-2.18325,-0.927447,0.49906,0.479151,0.480956,0.0398937,4416050,4432680,367677,9216410,0.491843,0.263645,Paxton,14.7521,-26.8493,1.77247,12.024,0.629768,0.645644
88142,-1.54443,-0.0682998,0.514321,0.495789,0.468178,0.0360324,4600050,4343870,334317,9278230,0.495141,0.46673,Talarico,15.8591,-29.1954,2.89203,10.3158,0.842308,0.880826
88177,1.82849,1.41487,0.509891,0.486448,0.467575,0.0459772,4787290,4601550,452476,9841320,0.525192,0.925437,Talarico,20.1598,-26.5892,0.391118,11.134,0.696151,0.362264
88180,1.62618,-0.165219,0.505787,0.484341,0.473256,0.0424031,4305360,4206830,376926,8889120,0.474377,0.692342,Talarico,19.6537,-27.3462,0.812026,12.5699,0.793011,0.856517
88184,-1.51123,2.01537,0.473414,0.448801,0.499208,0.0519906,4464120,4965500,517138,9946750,0.530817,0.152341,Paxton,14.3014,-23.0746,0.693937,10.7704,0.0800843,0.0589652
88201,-0.882875,-2.24263,0.507672,0.484906,0.470249,0.0448447,4679380,4537950,432755,9650080,0.514987,0.809588,Talarico,16.7175,-25.3302,0.3597,11.9989,0.502951,0.62809
88204,0.782308,1.15458,0.518843,0.490157,0.454555,0.0552884,4652610,4314680,524802,9492090,0.506551,0.531528,Talarico,18.0748,-26.3907,0.801647,11.9879,0.64022,0.717095
88216,-1.40605,1.01081,0.473499,0.457587,0.508807,0.0336057,4176700,4644220,306741,9127660,0.487104,0.183774,Paxton,17.5568,-25.2265,1.33471,9.64277,0.115331,0.0990248
88225,0.749867,-0.925386,0.518983,0.500788,0.464153,0.0350586,3955150,3665810,276888,7897860,0.421475,0.434611,Talarico,18.5889,-26.7282,0.642986,12.5253,0.602523,0.144226
88234,-0.638892,1.51394,0.499335,0.476717,0.477986,0.0452964,4126170,4137160,392058,8655390,0.461903,0.363145,Paxton,16.7443,-25.5426,-0.199702,12.4734,0.801413,0.698178
88240,-0.167085,1.76525,0.498814,0.468591,0.470818,0.0605914,4413500,4434480,570690,9418670,0.502634,-0.0842879,Paxton,16.7994,-26.392,0.663483,12.2252,0.749982,0.214077
88243,-0.0227269,1.04299,0.537627,0.50534,0.434605,0.0600551,4692130,4035340,557617,9285090,0.495505,0.593534,Talarico,19.7929,-26.1084,0.625408,11.2956,0.186191,0.225125
88265,0.0594158,0.238738,0.508339,0.478381,0.462686,0.0589332,4592970,4442280,565822,9601070,0.512368,0.547775,Talarico,19.1495,-28.487,0.0325621,13.7972,0.825131,0.868054
88279,-1.58203,0.00744062,0.51709,0.500081,0.467027,0.032892,4606490,4302000,302984,9211480,0.491573,0.0733685,Talarico,14.3241,-27.7233,1.86153,12.8371,0.769614,0.419961
88285,-0.642757,-1.34911,0.494949,0.470836,0.480445,0.0487192,4042990,4125500,418344,8586830,0.458244,0.262723,Paxton,15.3902,-26.9795,0.915467,12.6546,0.544133,0.438591
88292,2.86374,-0.251341,0.516454,0.498382,0.466626,0.034991800000000003,4554130,4263950,319749,9137820,0.487649,1.15135,Talarico,22.3741,-28.2763,-0.0576891,11.7429,0.500578,0.365776
88336,2.03709,-0.162629,0.525818,0.500579,0.451422,0.0479985,3666140,3306120,351531,7323790,0.390839,0.551864,Talarico,18.0621,-26.4548,-0.412257,12.7418,0.498717,0.0228932
88362,-1.02813,1.94488,0.492543,0.475215,0.489604,0.0351814,4892790,5040940,362226,10296000,0.549452,0.40838,Paxton,17.8619,-24.7549,2.77849,7.18623,0.517013,0.171381
88373,2.25247,-1.08533,0.493729,0.472367,0.484367,0.043266400000000003,4907120,5031780,449468,10388400,0.554387,0.808807,Paxton,22.2954,-27.3835,0.552223,10.3679,0.606652,0.113115
88381,-2.61077,-0.728025,0.506506,0.488587,0.476035,0.0353776,4321780,4210760,312932,8845470,0.472047,0.0179889,Talarico,10.1934,-26.1677,2.30511,11.7199,0.519871,0.37671
88387,-2.13548,-0.681854,0.476454,0.451049,0.49563,0.0533208,3968560,4360810,469144,8798510,0.469539,0.245197,Paxton,14.8726,-25.2575,0.287331,12.4495,0.178978,0.150408
88440,1.90637,-1.93823,0.507243,0.483621,0.469809,0.0465694,4219980,4099460,406355,8725790,0.465658,0.99677,Talarico,20.1105,-28.4317,0.77998,12.987,0.478083,0.423505
88454,-1.93298,-0.374642,0.533116,0.508007,0.444894,0.0470994,4531810,3968790,420162,8920760,0.476064,0.765081,Talarico,17.1389,-26.9122,2.16227,10.7058,0.289903,0.307389
88465,0.753906,2.08573,0.515872,0.496285,0.465746,0.0379693,4831300,4534000,369629,9734930,0.519512,0.816965,Talarico,19.7234,-25.159300000000002,-0.491258,12.2015,0.547401,0.492684
88487,1.13637,1.0839,0.517922,0.496465,0.462106,0.0414289,4521810,4208870,377335,9108010,0.486057,0.369914,Talarico,18.0682,-27.0405,0.868513,12.0942,0.654947,0.698323
88520,-0.362418,-1.4473800000000001,0.507374,0.485686,0.471568,0.0427466,4666650,4531000,410725,9608370,0.512759,0.485991,Talarico,20.9923,-27.1064,0.194746,11.6567,0.809749,0.85119
88529,1.02755,-1.16634,0.491523,0.469457,0.48565,0.0448936,4388510,4539880,419668,9348060,0.498867,0.689998,Paxton,19.0742,-26.1545,0.496883,11.0656,0.638585,0.560774
88548,-2.28852,-1.39605,0.529275,0.498077,0.442978,0.0589443,5021440,4465950,594255,10081600,0.538013,0.263745,Talarico,15.0572,-28.0338,3.42482,9.22245,0.179264,0.128255
88570,-2.24492,-1.01595,0.493994,0.473228,0.484735,0.0420367,3898170,3992960,346273,8237400,0.439596,-0.107548,Paxton,13.4972,-26.3157,2.81698,9.83757,0.515824,0.107612
88581,1.75043,0.771044,0.505064,0.484766,0.475046,0.040188,4709850,4615410,390455,9715710,0.51849,0.550175,Talarico,18.3196,-26.6667,1.08924,10.7652,0.756894,0.755253
88631,-0.0336476,-0.310293,0.503597,0.47897,0.472128,0.0489017,4476680,4412740,457059,9346480,0.498783,0.505274,Talarico,17.418,-27.4948,1.95665,10.8086,0.785495,0.961423
88662,0.73456,-2.19069,0.487365,0.455997,0.47964,0.0643627,4006880,4214630,565559,8787060,0.46893,0.50445,Paxton,15.6198,-27.524,1.57866,11.8594,0.381821,0.418907
88678,0.208911,-0.813314,0.513252,0.495564,0.469974,0.0344613,4256300,4036510,295981,8588790,0.458344,0.409684,Talarico,17.4571,-26.8397,1.41114,11.0373,0.675043,0.702357
88728,-0.51584,-1.80944,0.541298,0.519962,0.440622,0.0394157,4752720,4027510,360280,9140510,0.487792,0.699548,Talarico,16.7268,-27.2458,0.4336,13.0492,0.115428,0.175213
88738,-2.82142,1.0318,0.514011,0.490018,0.463304,0.0466784,4338840,4102300,413311,8854450,0.472525,0.0998306,Talarico,13.7494,-24.2122,1.75866,10.6796,0.451497,0.452308
88769,-2.97868,0.990893,0.507457,0.489086,0.474711,0.0362031,4777440,4637030,353636,9768110,0.521283,-0.16201,Talarico,11.623,-25.1791,3.2501,9.51635,0.433635,0.152012
88862,-2.30793,-1.00086,0.485785,0.46762,0.494987,0.0373925,4213660,4460260,336939,9010860,0.480875,0.275439,Paxton,16.513,-24.6456,0.657087,11.5468,0.31586,0.368345
88867,-1.52279,1.73497,0.538487,0.521224,0.446717,0.0320592,4958200,4249450,304967,9512620,0.507648,0.113829,Talarico,14.6652,-26.404,1.79752,11.5019,0.159074,0.0974306
88871,1.33227,1.97349,0.505568,0.476021,0.465536,0.0584434,4019060,3930530,493439,8443030,0.45057,0.71853,Talarico,19.6451,-26.0697,-1.37122,14.4335,0.546903,0.531989
88873,2.62997,-0.212435,0.518537,0.496288,0.460805,0.0429075,4011380,3724580,346811,8082760,0.431344,1.26298,Talarico,18.6311,-27.7301,-0.890825,15.1364,0.559178,0.0568586
88894,-0.730813,-0.699083,0.506203,0.479138,0.467395,0.0534675,4006780,3908580,447121,8362480,0.446271,0.410648,Talarico,14.8234,-26.5389,0.232839,13.6653,0.760414,0.563121
88917,-1.72309,0.747079,0.491496,0.470085,0.486352,0.0435625,4619200,4779050,428059,9826310,0.524388,0.577253,Paxton,17.3771,-22.7999,1.20607,8.09173,0.501118,0.377098
88935,-2.03638,-0.0864849,0.507007,0.49253,0.478915,0.0285546,3994510,3884100,231583,8110190,0.432805,0.356284,Talarico,16.4018,-28.2372,2.05875,11.1695,0.790806,0.272567
88937,-0.444039,-1.59537,0.503514,0.481859,0.475135,0.0430059,4209940,4151190,375737,8736870,0.466253,0.394356,Talarico,18.2234,-26.0674,0.0705129,12.5274,0.783052,0.817191
88943,-1.93776,-1.85447,0.513989,0.49485,0.467914,0.0372366,4662540,4408740,350848,9422120,0.502819,0.227406,Talarico,13.893,-26.5857,1.5804,12.0488,0.382295,0.645635
88959,0.589297,2.39973,0.493557,0.46779,0.480003,0.0522071,4074100,4180470,454685,8709250,0.464775,0.532593,Paxton,19.8222,-25.3829,0.158562,10.9905,0.23233,0.614362
88994,1.2378,-2.08141,0.521153,0.506319,0.465216,0.0284647,4927710,4527680,277030,9732420,0.519378,0.847132,Talarico,18.3686,-28.013,0.0645841,13.3413,0.394724,0.393755
88995,-1.83722,-0.910621,0.507185,0.482594,0.46892,0.0484859,4770220,4635060,479261,9884540,0.527497,0.0656071,Talarico,16.0013,-27.2083,2.07361,11.1016,0.782673,0.247509
89003,2.5332,-0.548074,0.528257,0.512376,0.457561,0.0300621,4290200,3831230,251714,8373150,0.446837,1.20495,Talarico,21.69,-27.4528,-0.534769,12.381,0.353208,0.0797158
89020,-0.87494,1.4257,0.466002,0.43723,0.501028,0.0617418,4189670,4800990,591628,9582290,0.511367,0.664118,Paxton,17.5453,-25.2178,1.0813,9.66196,0.0448784,0.0424973
89024,0.100461,0.596756,0.510032,0.486434,0.467298,0.0462685,4292110,4123260,408256,8823620,0.470877,0.56291,Talarico,18.6054,-26.9683,0.0134114,13.3676,0.882317,0.853012
89025,0.797687,0.0113911,0.506947,0.489042,0.475638,0.03532,4468670,4346200,322740,9137610,0.487635,0.841343,Talarico,21.3197,-28.2241,1.39041,10.2456,0.76854,0.879909
89026,2.14451,-1.5403,0.507683,0.478712,0.464223,0.0570655,4439360,4304990,529200,9273550,0.494891,0.801331,Talarico,18.6999,-29.4013,0.324413,13.5644,0.63476,0.919406
89029,1.54222,0.525435,0.528936,0.509186,0.453476,0.0373383,4609270,4104970,337995,9052230,0.483075,0.866596,Talarico,21.1473,-27.3093,0.0645281,12.0527,0.412631,0.360109
89030,1.25879,-0.00158973,0.526857,0.504873,0.4534,0.0417274,4185270,3758570,345910,8289750,0.442392,0.780272,Talarico,19.0295,-28.1752,0.12918,14.4387,0.434487,0.202111
89043,0.887935,2.14304,0.532817,0.512727,0.449568,0.0377053,4492990,3939530,330409,8762930,0.467639,0.703506,Talarico,19.2895,-24.4642,-0.286529,11.4417,0.214856,0.311402
89073,-1.92684,1.2259,0.514724,0.492943,0.464741,0.0423159,4325530,4078060,371318,8774910,0.46828,-0.13039799999999999,Talarico,14.3313,-25.5305,1.3309,10.7403,0.763058,0.168088
89077,2.36283,1.11622,0.511469,0.491358,0.469322,0.0393194,4064340,3882060,325236,8271630,0.441425,0.834509,Talarico,21.5035,-27.204,-1.75221,14.3452,0.563613,0.318892
89088,-0.137071,-1.3632,0.521467,0.49257,0.452014,0.055416,4388740,4027390,493750,8909880,0.475482,0.548537,Talarico,17.082,-27.9205,1.87161,12.4155,0.548369,0.709472
89100,-2.56097,-1.16209,0.514989,0.495147,0.466324,0.0385295,4657560,4386440,362425,9406420,0.501981,-0.331742,Talarico,13.8051,-26.5353,1.3108,12.6243,0.384731,0.0853215
89138,1.62905,-2.09767,0.51107,0.486509,0.465434,0.0480569,4691400,4488180,463412,9642990,0.514607,0.963474,Talarico,17.5514,-30.8871,3.05198,11.4921,0.402089,0.448185
89151,0.362323,-0.329135,0.519179,0.50041,0.463439,0.0361507,4556910,4220240,329201,9106350,0.485966,0.217983,Talarico,15.7454,-25.1317,-0.821708,14.2676,0.611213,0.545245
89156,1.73769,-1.43283,0.534485,0.512061,0.445984,0.041955,4567700,3978280,374248,8920230,0.476036,1.03812,Talarico,19.0066,-28.1485,0.00403504,12.824,0.224634,0.172995
89180,-1.25922,1.97729,0.515504,0.489957,0.460485,0.0495574,4741820,4456600,479618,9678040,0.516477,0.894512,Talarico,19.7893,-24.6972,0.139897,10.549,0.614068,0.472212
89185,-0.837062,0.196659,0.498919,0.482663,0.484755,0.0325821,4061030,4078630,274139,8413800,0.449008,0.322462,Paxton,16.3273,-28.0594,0.696022,14.2586,0.760103,0.466805
89228,-2.12236,-1.71939,0.501503,0.476022,0.473169,0.0508092,3799380,3776610,405535,7981530,0.425942,-0.0726652,Talarico,13.9251,-26.789,1.15137,12.03,0.465661,0.110444
89240,-0.999228,0.577195,0.48938,0.466468,0.486713,0.0468195,3832050,3998360,384624,8215040,0.438402,0.0584883,Paxton,15.7766,-25.4906,2.01651,10.4488,0.391196,0.13176
89263,-2.87153,0.663995,0.534544,0.515249,0.448654,0.0360968,5182900,4513030,363099,10059000,0.536811,0.00293618,Talarico,10.9478,-25.6342,2.38942,12.0667,0.173233,0.0515857
89268,2.46316,-1.27097,0.497,0.471621,0.477314,0.0510648,4218150,4269080,456721,8943950,0.4773,1.35859,Paxton,20.482,-27.7828,0.628989,11.4629,0.580709,0.130364
89350,2.32003,-1.68666,0.501889,0.479627,0.476016,0.0443569,3999700,3969600,369901,8339200,0.445029,0.884184,Talarico,18.2856,-28.9172,0.038064,13.3376,0.52893,0.32347
89358,-2.81156,0.9797,0.496241,0.476285,0.4835,0.0402149,4709040,4780370,397605,9887010,0.527629,-0.128094,Paxton,13.9094,-24.7397,1.56787,11.0439,0.415433,0.102987
89398,-1.36877,-0.569587,0.511603,0.492121,0.469799,0.0380801,4495710,4291790,347876,9135380,0.487517,0.804211,Talarico,13.9838,-27.0267,1.28217,12.8847,0.887202,0.912426
89432,1.32432,-1.70549,0.489518,0.466084,0.486044,0.0478716,4634370,4832830,475997,9943200,0.530628,0.922218,Paxton,15.4401,-27.5752,1.55558,12.418,0.503978,0.190289
89449,3.26444,-0.331907,0.500951,0.472543,0.470748,0.0567085,4107700,4092100,492953,8692750,0.463897,1.57189,Talarico,25.8739,-29.9317,-1.50265,14.756,0.315456,0.0515291
89452,-0.00151225,-2.36996,0.514664,0.492139,0.464095,0.0437655,5089790,4799750,452630,10342200,0.551917,0.316253,Talarico,16.3278,-27.9172,0.727259,13.302,0.509756,0.114099
89456,1.3156,-1.64387,0.52207,0.500031,0.457754,0.0422148,4224940,3867730,356688,8449360,0.450907,0.857945,Talarico,19.3588,-28.0396,0.357919,12.4627,0.500729,0.316053
89461,2.37302,-1.33415,0.487641,0.463658,0.487161,0.0491806,4737320,4977460,502491,10217300,0.545257,1.06949,Paxton,18.9258,-28.402,-1.10629,15.5351,0.388083,0.0678972
89467,3.1185,-0.264314,0.521887,0.499022,0.457166,0.0438117,4229590,3874830,371337,8475750,0.452316,1.2374,Talarico,21.936,-28.1069,-0.440744,13.4559,0.325356,0.0846264
89518,0.521652,-2.14199,0.523529,0.499593,0.454687,0.0457204,4198410,3821040,384219,8403660,0.448466,0.531759,Talarico,17.2327,-28.1714,1.28568,11.98,0.445787,0.444654
89543,2.75415,-0.344947,0.499694,0.481883,0.482473,0.0356443,4654150,4659840,344262,9658250,0.515422,1.24981,Paxton,22.5039,-29.0166,0.734159,11.7208,0.566163,0.157765
89560,1.05033,1.79115,0.49081,0.463482,0.48084,0.0556778,3506350,3637660,421215,7565220,0.403723,0.768403,Paxton,21.0713,-26.6272,1.22982,9.81895,0.356672,0.0318995
89573,0.322617,1.09529,0.517412,0.49814,0.464614,0.0372464,4779060,4457410,357335,9593800,0.51198,0.804964,Talarico,18.0328,-27.1803,-0.194851,14.0628,0.718672,0.60261
89583,-0.744476,-1.26429,0.504569,0.484976,0.476193,0.0388304,4148930,4073790,332190,8554910,0.456539,0.743112,Talarico,16.7684,-26.1356,1.36145,11.0374,0.790297,0.614054
89587,-0.31455,0.920059,0.478527,0.45673,0.49772,0.04555,4002880,4362120,399210,8764220,0.467711,0.162771,Paxton,17.1515,-24.8837,0.659477,11.1107,0.188463,0.156816
89616,-1.18483,-0.65756,0.522577,0.496414,0.453521,0.0500645,5090360,4650520,513374,10254300,0.547224,0.58761,Talarico,16.1554,-26.8508,0.26233,13.8743,0.609498,0.161337
89652,-0.407581,-0.0436695,0.50205,0.484665,0.480706,0.0346291,4574040,4536680,326813,9437530,0.503644,0.389689,Talarico,18.0563,-26.7902,2.32742,9.52315,0.818834,0.813094
89655,2.23553,-0.645317,0.511417,0.489905,0.468031,0.0420642,4166450,3980420,357740,8504610,0.453858,1.17096,Talarico,18.0172,-26.7857,-0.343317,14.0348,0.800903,0.182495
89697,1.14052,0.786925,0.514261,0.491855,0.464576,0.0435689,4762040,4497930,421825,9681790,0.516673,0.705243,Talarico,16.7241,-26.8183,0.513237,13.8375,0.788244,0.629695
89706,1.06402,-1.17336,0.494189,0.4737,0.48484,0.0414597,4039450,4134460,353546,8527460,0.455074,0.803796,Paxton,18.5335,-26.3581,-1.69592,15.2615,0.729509,0.476246
89714,-2.66986,0.230417,0.511588,0.492908,0.470578,0.0365136,4298230,4103500,318403,8720130,0.465355,-0.197374,Talarico,11.002,-27.1036,2.72516,11.3344,0.655254,0.126656
89733,0.312252,0.822304,0.485736,0.469791,0.497383,0.0328258,3824220,4048820,267210,8140250,0.434411,0.681578,Paxton,17.7775,-26.0143,-1.2084,14.8378,0.304753,0.163803
89748,-2.30801,0.564733,0.495976,0.479082,0.486855,0.0340632,4572690,4646880,325123,9544690,0.509363,0.303539,Paxton,13.8255,-25.295,3.06575,8.93899,0.607543,0.572858
89754,-2.51865,-1.36427,0.521564,0.495232,0.454282,0.0504854,4900320,4495120,499553,9895000,0.528055,0.217027,Talarico,13.8736,-25.6348,2.19042,10.3061,0.235616,0.300748
89769,-0.814113,1.8893,0.492726,0.471736,0.485663,0.0426016,4041730,4161060,365002,8567790,0.457227,0.554987,Paxton,18.235,-25.4879,-0.143514,11.8607,0.533415,0.550089
89786,1.60206,-0.695907,0.529388,0.499977,0.444467,0.055556,4797250,4264630,533056,9594930,0.51204,0.549228,Talarico,18.2976,-27.4301,-0.712133,13.6639,0.357545,0.386252
89804,-3.13493,-0.111042,0.51579,0.490133,0.460123,0.0497442,4302470,4039040,436663,8778170,0.468455,-0.602358,Talarico,10.2915,-26.6576,2.92307,11.6158,0.344699,0.0184588
89837,-1.17002,1.31469,0.498454,0.475566,0.478516,0.0459185,4254440,4280830,410790,8946070,0.477415,0.112955,Paxton,16.7199,-24.1748,-0.382852,12.5661,0.725294,0.451369
89843,1.03295,0.0102815,0.494856,0.468679,0.478422,0.0528982,3925230,4006830,443027,8375080,0.446945,0.39305,Paxton,18.1145,-25.7833,0.34452,11.6958,0.683402,0.415071
89865,0.0298115,0.45407,0.492656,0.469918,0.483928,0.0461538,4532690,4667830,445186,9645700,0.514752,1.12964,Paxton,17.8969,-25.4038,0.0767877,11.3737,0.520375,0.194944
89895,-2.18606,1.74623,0.510986,0.493966,0.472726,0.0333081,4496530,4303180,303201,9102920,0.485786,0.185431,Talarico,13.8503,-23.3118,1.81168,9.76142,0.520562,0.648141
89906,1.31532,2.08241,0.52299,0.502545,0.458362,0.0390932,5127110,4676340,398840,10202300,0.544455,0.885545,Talarico,21.6964,-27.2713,-1.10886,13.7171,0.350949,0.145795
89954,1.6398,0.613891,0.511379,0.476444,0.45524,0.0683162,4261910,4072240,611106,8945260,0.477369,0.647382,Talarico,18.7498,-26.6749,1.33501,10.5772,0.84525,0.899183
89986,-1.55148,-1.75991,0.489696,0.46774,0.487423,0.0448373,4344280,4527100,416441,9287820,0.495651,0.24832,Paxton,14.4091,-27.1731,1.6454,12.8433,0.45259,0.42526
90003,2.30466,0.770896,0.509992,0.485338,0.466319,0.0483427,4272430,4105010,425561,8803000,0.469778,1.2058,Talarico,18.9187,-27.7219,0.160581,12.518,0.670053,0.242909
90052,1.41037,2.12093,0.523256,0.493132,0.449298,0.0575707,4218120,3843170,492444,8553730,0.456477,0.682183,Talarico,21.5417,-25.4913,-1.49458,12.8055,0.307082,0.5077
90061,-1.81913,1.56796,0.469603,0.44466,0.502226,0.053114,4337610,4899150,518121,9754880,0.520574,0.379359,Paxton,16.8144,-25.2818,0.272026,12.0921,0.0850962,0.0595452
90079,-0.715019,-1.88796,0.530565,0.509565,0.450855,0.0395804,4596450,4066860,357029,9020340,0.481379,0.253882,Talarico,17.078,-26.6279,0.557257,12.2938,0.329363,0.365068
90103,-1.11193,1.13843,0.505377,0.490568,0.48013,0.0293024,4669380,4570030,278910,9518320,0.507953,0.156703,Talarico,15.6869,-26.4212,1.54371,11.4483,0.877764,0.480639
90107,2.30359,-0.765292,0.520108,0.494862,0.456597,0.0485414,5003580,4616680,490805,10111100,0.539585,1.05062,Talarico,21.6527,-26.8959,-1.03375,13.628,0.518054,0.109473
90111,2.41964,-0.120181,0.510082,0.480534,0.461538,0.0579287,4484190,4306920,540572,9331680,0.497996,1.07505,Talarico,22.1256,-26.6221,0.400358,10.5916,0.801193,0.47305
90127,-0.457903,-0.836389,0.515703,0.490776,0.460888,0.0483351,4743140,4454280,467138,9664560,0.515758,0.59087,Talarico,17.0196,-25.4396,-0.612776,13.2324,0.698129,0.651955
90139,-1.83578,0.2855,0.496874,0.478714,0.484737,0.0365498,4176630,4229180,318886,8724690,0.465601,0.323164,Paxton,14.9455,-24.6931,1.18918,11.118,0.65491,0.635843
90161,-0.610578,0.280222,0.487739,0.463751,0.48706700000000003,0.0491819,4341400,4559670,460416,9361480,0.499583,0.394428,Paxton,14.202,-26.4062,0.390472,14.268,0.387321,0.454164
90201,1.63143,1.17391,0.492542,0.476798,0.491237,0.031965,4392540,4525560,294480,9212570,0.491637,0.747013,Paxton,19.2944,-26.9532,0.473589,12.8779,0.447697,0.632941
90233,-0.645741,-1.56346,0.495826,0.476277,0.484295,0.0394273,4195050,4265680,347276,8808000,0.470047,0.440842,Paxton,17.5346,-27.2375,1.67464,10.6681,0.564875,0.690515
90248,-0.675641,2.20953,0.502218,0.484408,0.480129,0.0354627,4808650,4766170,352033,9926850,0.529753,0.606834,Talarico,16.6067,-25.073,0.0137711,12.2367,0.597999,0.517029
90270,-2.27359,-0.308595,0.517417,0.500195,0.46652,0.0332845,4578050,4269840,304637,9152520,0.488432,-0.0362905,Talarico,15.5095,-27.3362,2.87195,9.83389,0.663406,0.284949
90275,2.48915,-1.31419,0.508789,0.486722,0.469906,0.0433725,4944400,4773580,440603,10158600,0.542119,1.18291,Talarico,21.0962,-29.1005,0.212695,12.9638,0.541365,0.113928
90283,0.273863,-0.983308,0.515986,0.491296,0.460854,0.0478493,4628930,4342110,450830,9421880,0.502806,0.801097,Talarico,17.9372,-27.0211,0.402218,12.1445,0.633926,0.741496
90290,-0.736291,-0.246529,0.503536,0.476984,0.470285,0.0527313,4587120,4522700,507114,9616940,0.513217,-0.0622277,Talarico,18.6851,-26.5685,-0.243966,12.9125,0.835239,0.252019
90293,-0.176891,2.2887,0.498271,0.47578,0.479083,0.0451363,4020510,4048420,381418,8450350,0.45096,0.578914,Paxton,17.6746,-25.2927,-1.14474,13.8427,0.481759,0.609724
90320,1.89578,-0.528176,0.523264,0.506894,0.461822,0.0312845,4629030,4217430,285695,9132150,0.487344,1.11797,Talarico,20.4226,-27.5182,-1.2972,15.0221,0.511539,0.258805
90327,-2.41965,-0.559447,0.49364,0.475138,0.48738,0.0374821,3860840,3960320,304570,8125740,0.433637,-0.158596,Paxton,14.4849,-27.9456,4.01742,8.75426,0.529739,0.079907
90340,-1.8784,-1.0354,0.51843,0.492715,0.457682,0.0496029,3966500,3684480,399318,8050300,0.429615,0.00773378,Talarico,14.529,-28.8635,2.70153,12.2581,0.615491,0.0958392
90356,1.1361,0.498443,0.496533,0.470202,0.476768,0.0530297,4106770,4164110,463164,8734040,0.466099,0.649309,Paxton,20.5059,-27.8863,0.92605,10.9832,0.721869,0.694149
90359,1.23019,-1.40881,0.529647,0.500513,0.444481,0.0550057,4811050,4272460,528728,9612240,0.512967,0.69838,Talarico,17.5109,-28.5993,1.61638,12.1145,0.389109,0.335297
90370,-2.05551,0.931426,0.508414,0.485142,0.46908300000000003,0.0457749,4618300,4465440,435754,9519490,0.508014,-0.172836,Talarico,14.1255,-26.5188,2.55615,10.7332,0.857916,0.17361
90381,-1.90596,-1.08189,0.514164,0.492658,0.465515,0.0418269,4316880,4079040,366505,8762420,0.467615,0.152716,Talarico,15.2292,-26.98,0.948302,13.1248,0.693272,0.488618
90401,1.96184,0.559876,0.52838,0.502013,0.448085,0.0499019,4785190,4271150,475665,9532010,0.508681,1.06349,Talarico,18.7871,-26.7766,0.504643,11.9556,0.406381,0.181391
90433,1.10635,-1.73229,0.485346,0.464979,0.493056,0.0419655,4172870,4424840,376612,8974320,0.478921,0.741505,Paxton,19.8417,-28.1897,0.589042,12.1783,0.380804,0.402183
90450,-1.28912,1.20162,0.494238,0.468666,0.479594,0.0517393,4384130,4486360,483995,9354490,0.49921,0.165904,Paxton,16.623,-26.154,0.152221,13.1112,0.589914,0.396421
90485,-1.25318,0.907136,0.513062,0.491327,0.466309,0.0423636,4658550,4421340,401673,9481570,0.50599,0.60124,Talarico,15.8439,-25.1375,0.16747,12.0994,0.807389,0.876197
90547,2.39095,-0.409514,0.526687,0.508287,0.456778,0.0349356,4325390,3887060,297293,8509740,0.45413,0.636035,Talarico,19.8632,-26.8755,-0.926679,13.0427,0.444529,0.427577
90567,0.532321,2.3068,0.500574,0.480302,0.4792,0.0404973,4530180,4519790,381968,9431940,0.503343,0.939585,Talarico,19.2302,-25.6067,1.00314,10.6535,0.445491,0.588624
90583,-2.13564,-1.80753,0.503948,0.479952,0.472431,0.0476166,4477340,4407180,444202,9328720,0.497835,-0.115841,Talarico,12.4214,-24.7039,1.27214,11.7385,0.419936,0.228495
90594,-0.570737,-0.0364334,0.502969,0.474758,0.469153,0.0560891,4220130,4170310,498577,8889020,0.474368,0.156474,Talarico,18.3859,-26.5979,1.97306,8.84801,0.844564,0.56035
90598,-2.20189,0.494234,0.516306,0.489534,0.458613,0.0518526,4299580,4028000,455422,8783010,0.468713,-0.261459,Talarico,12.9804,-25.3273,1.79789,11.4154,0.682285,0.0850892
90600,2.71799,-0.835136,0.471433,0.452759,0.50763,0.0396108,3774080,4231470,330185,8335740,0.444843,1.22787,Paxton,20.3456,-25.3446,-1.29407,12.9702,0.103719,0.0327703
90609,1.50106,-0.532884,0.492872,0.472595,0.486266,0.0411388,4285180,4409140,373020,9067340,0.483884,1.05736,Paxton,19.2292,-26.5666,-0.778528,14.2461,0.569726,0.377539
90611,1.09862,-1.47181,0.495334,0.471756,0.480644,0.0476003,4294630,4375550,433330,9103510,0.485817,0.79663,Paxton,16.4596,-27.1205,0.825728,13.4838,0.749954,0.744664
90655,-0.415446,2.20866,0.496451,0.469805,0.476522,0.0536734,3960820,4017450,452509,8430780,0.449912,0.37879,Paxton,15.642,-25.2849,0.815223,11.4493,0.499257,0.482998
90656,-1.21621,-0.654054,0.526372,0.502311,0.451979,0.0457101,4044220,3638980,368023,8051230,0.429663,0.15648,Talarico,16.6508,-29.6291,1.66535,13.5953,0.528537,0.116685
90678,-1.38515,-0.706885,0.517129,0.493571,0.460875,0.0455542,4573470,4270500,422109,9266080,0.49449,0.733767,Talarico,16.5513,-29.1988,2.08074,12.0577,0.766858,0.841521
90712,1.05435,-2.32729,0.468469,0.445921,0.505948,0.0481304,4292030,4869800,463259,9625090,0.513651,0.459034,Paxton,17.6927,-25.9123,-0.781207,13.2945,0.0403801,0.0605618
90736,-0.0773864,-0.12731,0.489698,0.467305,0.486968,0.045727,3944980,4110970,386026,8441970,0.450511,0.523373,Paxton,16.2118,-24.385,-0.758665,13.6405,0.492597,0.385723
90749,0.197226,2.2235,0.496044,0.477534,0.485151,0.0373154,5093540,5174780,398018,10666300,0.569219,0.770596,Paxton,20.5122,-26.2554,0.469087,11.336,0.419872,0.0532931
90767,-1.09486,-1.02407,0.50867,0.487334,0.470721,0.0419451,4387850,4238270,377665,9003790,0.480495,0.455921,Talarico,17.2802,-27.412,1.15355,11.9013,0.80255,0.903026
90770,-1.57815,2.17691,0.524079,0.501852,0.455736,0.0424121,4015790,3646780,339379,8001940,0.42703,0.106125,Talarico,14.2401,-24.785,1.83101,10.7998,0.351815,0.0952606
90773,1.29517,-0.203248,0.506658,0.482738,0.470051,0.0472114,4523620,4404730,442407,9370760,0.500078,0.754548,Talarico,18.845,-27.4543,-0.188399,13.5548,0.781198,0.923363
90814,1.57804,1.96508,0.467673,0.447075,0.508881,0.0440433,3614830,4114560,356112,8085500,0.431491,0.990761,Paxton,22.1351,-25.4362,-1.89735,13.3639,0.0493998,0.0189525
90826,-0.0774884,-2.01534,0.517587,0.499444,0.465503,0.0350534,4594880,4282620,322491,9199990,0.490964,0.834003,Talarico,16.3847,-26.6775,1.78289,10.4056,0.608844,0.754929
90833,-2.4901,1.16699,0.499703,0.478191,0.478759,0.0430502,4587250,4592700,412977,9592930,0.511933,0.164176,Paxton,14.6559,-24.7052,1.65744,10.8361,0.616059,0.384236
90844,2.36452,-1.02365,0.500606,0.479672,0.47851,0.0418176,4753510,4742000,414409,9909920,0.52885,0.711048,Talarico,19.8932,-28.2723,-0.126038,14.0721,0.687924,0.48836
90851,-1.13367,1.24602,0.504618,0.485512,0.476627,0.0378609,4092460,4017560,319135,8429150,0.449829,0.521638,Talarico,17.7048,-25.4056,0.939126,10.8518,0.856152,0.673138
90855,-2.75624,0.730562,0.531886,0.509308,0.448244,0.0424478,5054620,4448590,421273,9924490,0.529627,0.0576957,Talarico,13.4413,-26.1467,2.19031,10.3928,0.225741,0.0994798
90883,-2.07937,-0.896672,0.521334,0.503191,0.462008,0.034801,3899720,3580540,269707,7749970,0.413583,0.406799,Talarico,13.4299,-28.2417,1.92092,13.5671,0.504183,0.104862
90894,-1.48994,-0.187544,0.515068,0.491068,0.462337,0.0465949,4190800,3945600,397643,8534040,0.455428,0.351156,Talarico,17.1468,-28.658,2.38185,9.82778,0.846678,0.594871
90909,-2.22949,0.877903,0.511583,0.490109,0.467916,0.0419756,4707840,4494660,403205,9605710,0.512618,0.163069,Talarico,17.1666,-24.5826,1.23044,9.90487,0.783679,0.490666
90930,-1.5606,-1.71703,0.488505,0.467962,0.489985,0.0420528,3739920,3915920,336083,7991930,0.426498,0.450912,Paxton,14.4398,-26.6751,-0.356034,15.2966,0.41839,0.122955
90950,0.764895,-1.62371,0.509184,0.488208,0.470595,0.0411971,4498220,4335940,379579,9213740,0.491699,0.526074,Talarico,15.8289,-27.9478,1.87736,12.342,0.80132,0.965705
91022,1.66896,0.597868,0.498923,0.484792,0.486886,0.0283216,4765570,4786150,278405,9830130,0.524591,0.467221,Paxton,18.1084,-27.2417,1.16778,12.182,0.713393,0.502929
91026,0.674228,0.424991,0.501277,0.479021,0.47658,0.0443987,3945080,3924980,365655,8235710,0.439505,0.523564,Talarico,18.9765,-26.3465,0.91248,11.2388,0.782009,0.439033
91073,-2.79507,-0.19131,0.53868,0.51637,0.442214,0.0414165,5100730,4368210,409115,9878060,0.527154,0.067057,Talarico,12.7891,-24.2975,1.5136,11.5829,0.104902,0.0632184
91074,-1.29619,1.1677,0.509701,0.484098,0.46567,0.0502317,3802450,3657700,394555,7854700,0.419173,-0.00512415,Talarico,15.3524,-27.2431,2.15335,10.7553,0.867834,0.103887
91130,-1.00229,-0.327373,0.528023,0.508357,0.454399,0.0372439,4511060,4032240,330495,8873790,0.473559,0.55678,Talarico,17.1589,-26.9865,1.80704,11.3188,0.457915,0.505658
91137,0.718493,0.00203614,0.49899,0.468897,0.470796,0.0603077,4160610,4177460,535122,8873200,0.473525,1.13212,Paxton,20.3647,-26.5495,-0.788155,13.0022,0.731319,0.35895
91146,0.27655,0.957771,0.521704,0.498509,0.457031,0.0444603,4867860,4462840,434148,9764850,0.521109,0.391084,Talarico,19.3618,-25.105,-0.0677999,11.6698,0.629213,0.430406
91151,-1.72032,-0.42887,0.538164,0.516801,0.443503,0.0396961,4671580,4009010,358830,9039430,0.482397,0.480055,Talarico,14.8182,-27.6356,2.37853,10.8373,0.178487,0.226963
91164,2.68415,0.705149,0.489807,0.466932,0.486365,0.0467032,4427440,4611710,442839,9481990,0.506017,1.17305,Paxton,22.0743,-27.2646,-0.930877,13.5696,0.19668,0.172409
91206,-2.29293,1.41625,0.498295,0.48153,0.484826,0.0336436,4003760,4031160,279735,8314660,0.443718,0.2163,Paxton,14.4359,-24.4307,0.583165,11.642,0.528685,0.288365
91235,-0.767414,-1.96444,0.50533,0.481021,0.470874,0.0481052,3761340,3681990,376158,7819490,0.417291,0.519697,Talarico,18.3245,-26.1663,1.71104,10.0448,0.683976,0.168833
91236,-2.40628,0.714995,0.483143,0.459769,0.491852,0.048379,4443650,4753730,467581,9664960,0.515777,-0.15523700000000001,Paxton,14.3467,-25.734,2.16651,10.1481,0.232374,0.042347
91277,-2.20681,1.81468,0.496742,0.475223,0.481457,0.0433196,4576860,4636900,417210,9630970,0.513965,0.00512493,Paxton,15.3034,-22.7305,-0.280032,12.1847,0.335958,0.210907
91297,-0.338583,-0.226372,0.512352,0.484578,0.461214,0.0542079,4338080,4128920,485285,8952290,0.477744,0.88442,Talarico,16.2643,-27.4107,1.47071,11.9418,0.753127,0.724156
91315,1.86567,1.89943,0.530068,0.511933,0.453854,0.0342131,4445410,3941080,297092,8683580,0.463403,1.0307,Talarico,21.3664,-28.7361,-0.509547,12.7767,0.188597,0.238485
91330,1.99196,1.73402,0.510743,0.489935,0.469325,0.0407398,4582260,4389490,381030,9352780,0.499121,0.994755,Talarico,23.7206,-26.0319,0.899554,8.86516,0.513399,0.574888
91343,1.38018,-0.288435,0.495605,0.472937,0.481325,0.0457386,4462400,4541540,431567,9435510,0.503533,0.961722,Paxton,19.1577,-27.4726,-0.520829,14.7268,0.660262,0.479154
91357,3.19392,-0.357943,0.493796,0.465454,0.477149,0.0573966,4552970,4667370,561441,9781790,0.522013,1.38615,Paxton,22.6752,-27.3148,-1.89776,14.5883,0.325607,0.0577633
91362,-0.455853,0.312809,0.511389,0.487575,0.465859,0.0465655,4335120,4142030,414022,8891170,0.474488,-0.0550907,Talarico,17.02,-25.5447,0.0373938,12.8422,0.793583,0.29801
91391,0.137615,-1.91238,0.474938,0.455733,0.503831,0.0404362,4296120,4749530,381185,9426830,0.503071,0.243611,Paxton,17.7881,-28.9612,1.74133,11.9073,0.155504,0.118047
91421,0.0527118,0.271563,0.505499,0.477825,0.467429,0.0547458,4456770,4359800,510625,9327190,0.497753,0.375637,Talarico,17.1232,-27.8895,-0.341145,14.2821,0.846398,0.885073
91431,-2.55368,-1.15019,0.500259,0.482026,0.481527,0.0364471,4603800,4599040,348104,9550950,0.509693,0.226832,Talarico,14.7111,-24.5546,1.0084,10.8499,0.41533,0.495255
91451,-0.719338,-2.40597,0.496584,0.471467,0.477954,0.0505791,4370300,4430440,468847,9269580,0.494678,0.425796,Paxton,15.5793,-26.7022,3.05687,8.85691,0.333298,0.785265
91456,1.29107,-0.386814,0.510547,0.4903,0.470043,0.0396572,4114370,3944390,332785,8391540,0.447821,0.917633,Talarico,17.3125,-28.8935,2.26309,11.5472,0.794401,0.319838
91466,1.60932,0.200584,0.499753,0.482501,0.482978,0.0345213,4202380,4206530,300666,8709570,0.464792,0.183704,Paxton,18.6522,-27.2383,1.33182,10.9427,0.756181,0.501062
91500,0.518833,1.79054,0.513106,0.488238,0.463295,0.0484671,4567760,4334410,453440,9355620,0.499272,0.616233,Talarico,17.3147,-27.6476,1.02219,13.3066,0.642902,0.940935
91517,1.04706,-0.8997,0.502345,0.481749,0.477251,0.041,3865160,3829080,328951,8023200,0.428166,0.852093,Talarico,20.7543,-27.0706,-1.16809,13.6123,0.801402,0.208592
91520,-1.29796,-1.18603,0.52821,0.506217,0.452147,0.0416353,4824480,4309170,396803,9530450,0.508601,0.0570371,Talarico,15.3945,-26.8559,1.40707,11.623,0.40019,0.152738
91521,-0.726532,0.145544,0.498133,0.470844,0.474373,0.0547822,4026690,4056870,468501,8552060,0.456388,0.709401,Paxton,18.2178,-27.7772,2.31473,10.9304,0.737053,0.615435
91530,1.8457,-2.14332,0.494816,0.472176,0.48207,0.0457538,4505740,4600150,436606,9542500,0.509241,1.12447,Paxton,18.0523,-31.6678,1.80441,13.0699,0.335859,0.258358
91547,1.38153,1.66027,0.481025,0.458837,0.495037,0.0461259,4362420,4706590,438544,9507550,0.50738,0.876958,Paxton,18.2566,-24.2641,-1.52056,13.4159,0.210378,0.178448
91574,0.0612135,-0.827057,0.510035,0.49045,0.471151,0.0383991,4245970,4078890,332432,8657300,0.462005,0.581673,Talarico,19.5527,-24.7294,-1.41748,13.2662,0.696612,0.78555
91612,1.36024,0.0758274,0.516502,0.492,0.460561,0.0474397,4188080,3920460,403824,8512360,0.45427,0.716093,Talarico,19.1389,-28.2685,1.58346,11.6545,0.766655,0.57003
91753,-0.123599,-0.266389,0.502171,0.475363,0.471252,0.0533847,4283200,4246160,481017,9010380,0.48085,0.303167,Talarico,18.0394,-27.7287,1.9962,9.78677,0.778509,0.810281
91761,1.2308,-1.28087,0.494981,0.474174,0.483789,0.0420367,4008610,4089900,355373,8453880,0.451149,0.782897,Paxton,18.3419,-28.9515,3.21796,10.0582,0.739257,0.45489
91776,0.0309076,-1.16855,0.465993,0.447947,0.513327,0.0387257,4312210,4941600,372797,9626600,0.513734,0.871488,Paxton,16.2183,-26.7065,1.0793,11.5619,0.0494743,0.0457322
91910,1.21014,-0.887611,0.49932,0.47763,0.478931,0.0434385,4155460,4166770,377921,8700150,0.464292,0.82445,Paxton,19.3777,-27.856,1.8746,10.2979,0.777516,0.662953
91956,1.87227,0.298482,0.516689,0.491649,0.459889,0.0484623,4554160,4259960,448908,9263040,0.49433,0.652553,Talarico,19.4347,-27.6596,0.305633,12.8458,0.828699,0.896962
91978,2.17537,-1.43397,0.505881,0.479605,0.468454,0.051941,4533030,4427640,490925,9451590,0.50439,0.81025,Talarico,19.2601,-28.7867,0.841896,12.7524,0.699763,0.804539
92021,-0.745998,2.15741,0.52799,0.505398,0.451813,0.0427887,5173150,4624660,437976,10235800,0.546242,0.112402,Talarico,16.9624,-25.7928,2.0143,10.6031,0.319829,0.0660144
92082,-2.0993,1.06929,0.475023,0.459806,0.508159,0.0320354,4141810,4577360,288566,9007730,0.480706,0.464753,Paxton,17.8794,-25.0256,-0.835211,13.0849,0.129289,0.155146
92093,1.20025,-2.08183,0.49314,0.469251,0.482307,0.0484427,4615380,4743800,476465,9835640,0.524888,0.721437,Paxton,19.4552,-28.8038,1.73569,10.8514,0.550774,0.396103
92125,-2.08456,1.19983,0.509734,0.485087,0.46656,0.0483534,4310750,4146110,429695,8886550,0.474239,0.346991,Talarico,15.1624,-25.2662,0.059828,12.7126,0.804865,0.792885
92157,-1.52292,-1.79316,0.504781,0.48322,0.474066,0.0427134,4143270,4064780,366237,8574290,0.457572,0.11338,Talarico,15.0966,-28.7741,2.71832,10.9959,0.642413,0.362667
92208,1.70809,0.179637,0.488338,0.46707,0.489379,0.0435515,4133220,4330630,385398,8849250,0.472247,1.00526,Paxton,19.5905,-27.5525,0.93024,11.9186,0.442863,0.312431
92253,-0.774075,0.906367,0.489087,0.462024,0.482642,0.0553337,4058870,4240000,486106,8784980,0.468817,0.750541,Paxton,16.9275,-25.0314,1.20918,10.1023,0.38837699999999997,0.482519
92272,2.75667,0.517832,0.50486,0.486527,0.477161,0.0363117,3852860,3778690,287556,7919110,0.422612,1.0239,Talarico,21.4835,-27.345,-0.266538,12.5018,0.405684,0.173817
92287,0.0317195,-2.65406,0.470661,0.443287,0.498552,0.0581607,4311410,4848910,565670,9725990,0.519038,0.570399,Paxton,17.6056,-27.8945,1.26894,11.9424,0.0540793,0.0722595
92295,-2.50538,1.12224,0.531002,0.513343,0.4534,0.0332573,4796610,4236510,310752,9343870,0.498644,0.126276,Talarico,14.6057,-24.8358,1.75985,10.5702,0.290653,0.19823
92336,2.426,0.574686,0.504209,0.486301,0.478181,0.0355182,4320060,4247930,315526,8883510,0.474078,1.63795,Talarico,20.4041,-27.2671,0.890294,10.6643,0.544459,0.0365381
92372,-0.822014,-0.863331,0.485208,0.467643,0.496157,0.0362,4331250,4595330,335279,9261860,0.494267,0.203647,Paxton,17.6939,-26.9002,0.338938,12.5554,0.405432,0.287012
92373,1.17676,2.07288,0.51157300000000006,0.488553,0.466448,0.044999,4063700,3879840,374294,8317830,0.44389,0.702604,Talarico,19.3882,-26.4074,-0.374245,12.768,0.521425,0.426226
92381,-2.00441,1.79447,0.516891,0.490272,0.458231,0.0514972,3954820,3696350,415406,8066570,0.430479,-0.00971714,Talarico,15.8206,-23.387,-0.585056,12.9209,0.562668,0.10594
92383,2.62611,-1.01741,0.513431,0.487796,0.462275,0.0499292,4197210,3977620,429613,8604440,0.459185,1.03297,Talarico,19.6346,-28.278,-0.315637,13.7801,0.510002,0.30371
92396,1.74103,1.52507,0.500052,0.477183,0.477084,0.0457329,4397100,4396190,421415,9214710,0.491749,0.946264,Talarico,20.4775,-26.6627,-1.84087,15.6156,0.539553,0.628393
92417,-0.139276,-1.12246,0.496238,0.473649,0.48083,0.0455207,4243630,4307970,407840,8959440,0.478128,0.563845,Paxton,18.0802,-26.3583,-0.0143957,11.8483,0.636242,0.759413
92421,1.20088,-0.666076,0.522127,0.501269,0.458782,0.039949,4709410,4310250,375320,9394980,0.501374,0.991453,Talarico,20.1037,-27.8331,-0.416852,14.1731,0.516245,0.406352
92443,-1.08226,-0.0206623,0.496588,0.473808,0.480318,0.0458738,4283780,4342640,414753,9041180,0.482489,0.487466,Paxton,15.5861,-28.8005,1.77616,12.3472,0.697642,0.801173
92470,-0.366775,-0.427497,0.515778,0.494983,0.4647,0.0403161,4414350,4144280,359546,8918170,0.475925,0.242686,Talarico,18.4756,-26.1588,-0.543825,13.4781,0.669983,0.643545
92474,1.11611,0.180767,0.498874,0.480605,0.482774,0.0366212,4287260,4306600,326681,8920540,0.476052,0.768113,Paxton,18.9907,-29.051,1.91377,11.4221,0.747595,0.825139
92486,1.21518,0.737992,0.537574,0.513513,0.441729,0.0447586,4626530,3979780,403256,9009570,0.480802,0.907156,Talarico,18.3805,-28.7104,1.47015,12.0949,0.198606,0.164076
92500,0.249445,1.99258,0.513801,0.497514,0.470787,0.0316988,4331140,4098460,275956,8705550,0.464579,0.953259,Talarico,18.1754,-25.1784,-0.955629,13.2623,0.616724,0.448611
92544,1.97336,-2.00328,0.531638,0.509207,0.448601,0.042192,4896630,4313830,405726,9616190,0.513174,0.960536,Talarico,19.727,-30.5427,3.37023,10.0607,0.176813,0.166928
92555,1.2849,1.9443,0.518715,0.484378,0.449426,0.0661955,4485630,4161950,613009,9260590,0.494199,0.708628,Talarico,18.6758,-25.8615,-1.42738,14.2029,0.501555,0.814107
92567,-2.10257,-1.22749,0.517792,0.491347,0.45758,0.0510737,4610680,4293820,479263,9383760,0.500773,0.232864,Talarico,12.9739,-26.7248,1.71189,12.0178,0.520464,0.554763
92573,0.187078,-0.68817,0.491984,0.470977,0.486324,0.042699,4686900,4839620,424917,9951440,0.531067,0.548988,Paxton,16.602,-27.0783,1.64793,11.8641,0.595454,0.336044
92576,1.86774,-0.94185700000000006,0.497506,0.471822,0.476552,0.0516265,4193130,4235160,458810,8887100,0.474268,0.701892,Paxton,20.215,-28.7659,1.28974,11.4291,0.709975,0.781262
92586,2.22441,-1.10156,0.510116,0.489178,0.469777,0.0410458,4571100,4389810,383551,9344460,0.498674,1.09399,Talarico,19.4975,-27.5285,0.14743,13.1648,0.722251,0.452122
92602,0.7626,0.161323,0.530376,0.497951,0.440914,0.0611346,4273400,3783910,524655,8581960,0.457983,0.754231,Talarico,16.1554,-28.0711,-0.613821,16.0687,0.374752,0.303093
92603,0.142906,1.96453,0.471117,0.45165,0.50703,0.0413205,4282470,4807570,391794,9481840,0.506006,0.510043,Paxton,19.2978,-25.1971,-0.420671,12.17,0.0525253,0.0828082
92617,-2.78104,-0.0355503,0.50143,0.485902,0.48313,0.0309675,4702030,4675200,299669,9676900,0.516415,-0.261523,Talarico,12.9889,-25.1319,1.30515,12.0218,0.508749,0.107786
92623,-0.652158,-2.1745,0.488208,0.466965,0.489523,0.0435122,4468540,4684400,416383,9569330,0.510676,0.585553,Paxton,16.3798,-23.7246,0.303028,11.7624,0.271705,0.382137
92634,2.78253,0.125646,0.509864,0.489361,0.470426,0.0402131,4583210,4405860,376624,9365690,0.499809,1.34883,Talarico,23.1698,-25.9696,-1.51837,12.8242,0.597787,0.205982
92656,0.829532,0.164596,0.47432,0.449295,0.497945,0.0527599,4318190,4785760,507077,9611030,0.512902,0.682091,Paxton,17.6571,-26.4029,-1.07052,15.3123,0.130946,0.0905346
92670,1.55389,-0.76609,0.529513,0.507097,0.450569,0.0423338,4307950,3827730,359639,8495320,0.453361,0.568404,Talarico,20.3785,-27.4379,1.01572,11.7605,0.355633,0.359365
92671,0.172714,-2.10507,0.501023,0.478715,0.476759,0.0445266,4294600,4277060,399453,8971120,0.478751,0.629328,Talarico,18.5941,-27.2964,1.32852,11.5371,0.63286,0.856102
92674,-0.69441,0.0388619,0.497501,0.478793,0.483604,0.037603,4359120,4402920,342352,9104390,0.485861,0.483914,Paxton,15.4359,-28.6055,2.46348,11.6875,0.720053,0.84867
92730,1.7572,1.61276,0.524207,0.50706,0.460229,0.0327108,4703100,4268730,303400,9275230,0.494983,1.31744,Talarico,20.1229,-24.2838,-2.65435,13.9608,0.375376,0.116165
92750,-2.31022,0.958083,0.528606,0.507825,0.452861,0.0393143,4426460,3947370,342684,8716520,0.465161,0.391217,Talarico,15.937,-25.8583,1.67295,11.0165,0.372673,0.407527
92752,1.38994,-1.83093,0.480218,0.458345,0.496106,0.0455488,3982470,4310570,395765,8688810,0.463686,0.86465,Paxton,17.6406,-28.6368,-0.164831,13.9613,0.230284,0.209832
92777,-1.78912,1.22983,0.511931,0.485139,0.462526,0.0523357,4122220,3930080,444696,8496990,0.453449,0.332833,Talarico,14.0398,-25.6164,1.12353,12.2527,0.821344,0.575068
92801,-1.196,1.79991,0.497924,0.480046,0.484049,0.035905,4572240,4610370,341980,9524590,0.508287,0.366396,Paxton,15.8698,-23.3577,0.830398,9.64505,0.642148,0.666078
92853,3.2205,-0.336187,0.508128,0.482241,0.466812,0.0509471,5008590,4848350,529140,10386100,0.554263,1.44271,Talarico,23.0373,-27.7719,-1.53176,13.78,0.378909,0.0232459
92901,2.48265,1.44689,0.520917,0.500059,0.4599,0.0400415,4460290,4102090,357151,8919530,0.475997,1.20663,Talarico,25.0489,-27.0857,-0.395027,11.3428,0.300581,0.162732
92919,-1.90734,0.950426,0.50117,0.472936,0.470727,0.0563377,4513080,4492000,537613,9542680,0.509252,0.812604,Talarico,14.8036,-25.6864,2.53848,9.9863,0.787492,0.677369
92922,0.416615,1.97957,0.509382,0.488451,0.470458,0.0410907,4994380,4810400,420149,10224900,0.545661,0.543396,Talarico,18.3647,-27.6869,1.15926,12.0254,0.668491,0.233627
92961,1.3201,-1.42397,0.528551,0.506198,0.451511,0.0422912,4767620,4252560,398319,9418500,0.502627,0.799848,Talarico,18.1789,-28.2948,0.785951,13.5241,0.414014,0.368275
92963,-1.42085,-0.0909476,0.516714,0.494226,0.462252,0.043522,4698110,4394160,413720,9505990,0.507297,0.524587,Talarico,15.1364,-29.4596,4.11865,9.976,0.788803,0.764812
92989,-1.88215,-0.728709,0.511336,0.478178,0.456977,0.0648442,4241640,4053580,575195,8870410,0.473376,-0.00419059,Talarico,12.4558,-27.579,0.640565,14.6043,0.803824,0.351983
93001,-0.420046,0.561814,0.507288,0.483739,0.469839,0.0464214,4432360,4305000,425346,9162710,0.488973,0.654475,Talarico,18.2135,-25.4155,0.206118,10.7902,0.887806,0.993709
93062,-1.60009,-1.66514,0.500863,0.479622,0.477969,0.0424089,4365580,4350540,386011,9102130,0.485744,0.564658,Talarico,17.405,-27.5953,1.53577,11.618,0.682697,0.91590800000000006
93095,-0.0173,2.43541,0.492094,0.473752,0.488975,0.0372726,4266020,4403100,335630,9004750,0.480547,0.896361,Paxton,21.1493,-23.4748,-1.29691,11.1692,0.245931,0.531678
93144,-1.45027,-2.19475,0.507543,0.490178,0.475609,0.0342128,3733330,3622370,260574,7616280,0.406451,0.157874,Talarico,16.665,-26.4244,0.918919,12.3867,0.367398,0.0890475
93148,1.81611,-1.39585,0.517011,0.487158,0.455101,0.0577416,4383970,4095490,519622,8999080,0.480245,0.767926,Talarico,18.7856,-29.6836,-0.764884,16.2045,0.56657,0.803291
93207,-0.502862,1.56039,0.479596,0.461404,0.500664,0.0379319,4518360,4902810,371453,9792620,0.522588,0.528652,Paxton,16.5755,-24.8304,0.557422,11.6488,0.1879,0.154008
93208,-0.127119,-1.22057,0.503702,0.475238,0.468253,0.0565092,4536330,4469660,539402,9545390,0.509399,0.611224,Talarico,18.9129,-27.9564,1.93085,11.7216,0.756865,0.873931
93237,-2.3159,-1.05496,0.462473,0.43447,0.504979,0.0605504,4474430,5200570,623584,10298600,0.549591,-0.00455225,Paxton,14.5805,-26.6361,2.20861,10.7805,0.0538633,0.00989021
93242,3.09404,-0.156714,0.484679,0.461821,0.491018,0.0471607,4256230,4525310,434641,9216180,0.49183,1.18969,Paxton,24.4815,-26.3388,-2.07401,12.0578,0.171949,0.158732
93253,1.04335,2.33404,0.518465,0.496727,0.461345,0.0419282,4594080,4266850,387782,9248710,0.493567,0.846893,Talarico,19.9077,-24.2105,-2.25862,14.1704,0.371875,0.706881
93259,-1.85395,0.348767,0.525394,0.501164,0.452719,0.0461176,4588120,4144600,422203,9154920,0.488559,0.310761,Talarico,14.4128,-27.5066,3.10306,10.5591,0.47174,0.485515
93260,-0.135735,1.55349,0.514311,0.486923,0.459825,0.0532519,4158100,3926690,454746,8539530,0.455719,0.734614,Talarico,17.393,-27.1483,0.341881,12.4485,0.757193,0.582154
93262,-2.0732,0.617596,0.519955,0.493765,0.455866,0.050369,4639100,4283020,473235,9395360,0.501391,0.305065,Talarico,14.5502,-25.8757,1.90143,10.5436,0.598868,0.561908
93267,0.267302,-0.185348,0.52519,0.505261,0.456792,0.0379466,4256710,3848380,319692,8424780,0.449597,1.08694,Talarico,20.4617,-29.209,2.2807,10.3242,0.463856,0.16371
93270,1.01328,-1.2811,0.490507,0.472478,0.490767,0.036755,4148630,4309210,322730,8780580,0.468587,0.763538,Paxton,18.9562,-26.8662,1.25025,10.8096,0.594246,0.517605
93279,1.78822,-1.04877,0.524814,0.500251,0.452945,0.0468039,4829510,4372810,451853,9654170,0.5152,0.91817,Talarico,20.2271,-27.6718,-0.222468,13.4534,0.44932,0.302207
93291,0.614484,2.11495,0.503495,0.473738,0.467162,0.0590997,4120880,4063670,514087,8698640,0.464212,0.88476,Talarico,19.5567,-26.226,0.957824,10.2287,0.603592,0.603098
93324,1.76294,-0.677434,0.492131,0.46776,0.482718,0.0495221,3872610,3996450,409996,8279060,0.441818,1.117,Paxton,18.9943,-25.1402,-0.544275,12.7401,0.546718,0.152948
93336,0.424598,0.255607,0.490701,0.466427,0.484105,0.0494677,3763240,3905870,399117,8068230,0.430568,0.745413,Paxton,17.4968,-26.7035,-0.662802,13.204,0.499843,0.187349
93346,2.53816,1.2261,0.519761,0.497431,0.459607,0.0429624,4989910,4610490,430972,10031400,0.535334,0.927836,Talarico,23.3321,-26.6404,-1.7498,13.3485,0.364641,0.195487
93347,-2.40641,0.214185,0.540559,0.518584,0.440763,0.0406526,4726220,4016980,370495,9113700,0.48636,0.0236772,Talarico,13.9722,-26.0794,0.841185,12.7801,0.121365,0.0724654
93360,1.81082,-0.0726635,0.51005,0.486357,0.46719,0.0464539,4501460,4324060,429953,9255480,0.493924,0.936255,Talarico,17.3055,-28.9063,-0.285032,15.0886,0.838954,0.688617
93368,-0.810599,1.68331,0.495269,0.471614,0.480625,0.0477611,4263930,4345390,431814,9041130,0.482485,0.506021,Paxton,16.0577,-25.1363,-0.49934,14.5375,0.645555,0.752412
93378,2.09122,-1.13157,0.507254,0.491287,0.477236,0.031477,4057860,3941810,259989,8259660,0.440786,0.730305,Talarico,22.2917,-28.1968,-0.789115,12.6299,0.775847,0.363278
93417,1.49509,-2.14709,0.493126,0.469475,0.482564,0.0479612,4410620,4533600,450586,9394810,0.501362,1.24164,Paxton,17.7856,-30.2013,3.11468,11.0545,0.440497,0.168051
93443,2.17862,-0.314074,0.484162,0.45878,0.488796,0.0524237,4560510,4858870,521118,9940500,0.530483,0.0855454,Paxton,19.0375,-27.2575,-1.98727,16.4506,0.321045,0.0835956
93444,-1.5682,-1.61979,0.498585,0.470881,0.473553,0.0555654,4474330,4499720,527985,9502040,0.507084,0.606662,Paxton,16.4369,-26.5214,1.39659,11.6744,0.679848,0.758314
93511,0.450086,-1.53883,0.47967,0.456935,0.495668,0.0473976,3820760,4144640,396326,8361720,0.446229,0.336745,Paxton,18.6059,-27.1543,0.164206,12.3239,0.247701,0.133963
93521,-1.19579,0.524403,0.521479,0.500591,0.459353,0.0400569,4199410,3853470,336034,8388910,0.447683,0.643535,Talarico,15.4148,-25.5245,1.81251,10.673,0.593347,0.445662
93551,1.04716,-0.496671,0.520751,0.4958,0.456287,0.047913,4868800,4480780,470510,9820090,0.524058,0.401899,Talarico,19.0898,-27.2055,0.15888,12.0526,0.555575,0.415303
93557,2.07153,1.68861,0.485118,0.465864,0.494446,0.0396903,3699700,3926690,315204,7941600,0.423811,0.586963,Paxton,21.3821,-26.7452,0.435543,10.1829,0.243206,0.0991201
93562,-2.51368,0.588529,0.496468,0.479776,0.486602,0.0336215,3737440,3790610,261910,7789960,0.41572,0.252804,Paxton,15.6529,-25.1817,1.25514,11.6524,0.562905,0.0814856
93582,1.15632,0.0524692,0.511707,0.488157,0.46582,0.0460231,4744350,4527270,447295,9718920,0.51866,0.659712,Talarico,19.5301,-29.01,-0.277779,14.0744,0.788911,0.652968
93622,-1.42185,-0.648322,0.505564,0.486891,0.476174,0.0369355,4668030,4565280,354117,9587430,0.511641,-0.00530764,Talarico,15.0873,-26.8066,2.01246,11.3541,0.818468,0.29231
93649,0.119757,1.0065,0.503437,0.482019,0.475438,0.0425439,4260710,4202540,376059,8839310,0.471719,0.868112,Talarico,16.0093,-25.6213,0.974834,11.557,0.974787,0.72915
93678,2.05293,1.20517,0.517985,0.502168,0.467296,0.0305354,4785310,4453010,290981,9529300,0.508537,1.06035,Talarico,21.3847,-25.5987,-0.148354,11.4657,0.569331,0.382738
93687,1.64141,0.399536,0.495598,0.478355,0.486852,0.0347927,4399560,4477710,319998,9197260,0.490819,0.804542,Paxton,20.1477,-28.6718,2.47222,10.2806,0.67753,0.728628
93698,0.559105,0.522435,0.504685,0.479509,0.470607,0.0498839,3836190,3764960,399083,8000240,0.426937,0.942889,Talarico,19.8061,-25.8598,0.64824,11.0363,0.843516,0.211871
93733,0.171729,-1.16732,0.495253,0.469574,0.478576,0.0518496,4071990,4150060,449623,8671680,0.462771,0.4926,Paxton,16.3308,-26.6672,1.11454,12.3907,0.668965,0.646076
93766,0.609366,-0.155052,0.50435,0.479746,0.47147,0.0487842,4673450,4592830,475232,9741520,0.519862,0.835228,Talarico,19.3202,-24.5085,-1.98036,13.3155,0.789366,0.522649
93771,3.15831,-0.273266,0.52547,0.503901,0.455051,0.0410481,4776850,4313780,389126,9479760,0.505893,1.51762,Talarico,24.5401,-28.3893,-1.29468,13.3687,0.26071,0.033788
93816,0.49333,2.29639,0.508702,0.486679,0.470028,0.0432921,4511960,4357590,401357,9270900,0.49475,0.705794,Talarico,20.835,-26.2512,0.152227,11.2511,0.515409,0.991285
93829,2.40113,0.281734,0.506598,0.485522,0.472875,0.0416029,4389880,4275530,376156,9041570,0.48251,0.914378,Talarico,21.5224,-27.2773,-0.277818,12.6761,0.681631,0.714236
93832,1.66054,0.942238,0.503992,0.484905,0.477225,0.0378697,4766170,4690670,372224,9829070,0.524536,0.751244,Talarico,19.0311,-26.4781,-0.169088,13.2898,0.765722,0.530134
93850,-0.729944,1.78493,0.517882,0.504253,0.46943,0.0263171,3840070,3574880,200414,7615360,0.406401,0.364695,Talarico,15.2227,-26.2698,0.897593,12.1887,0.640168,0.0868646
93867,0.501781,0.505634,0.529884,0.494556,0.438773,0.0666704,4702490,4172080,633936,9508500,0.507428,0.730444,Talarico,18.8972,-27.4721,1.53229,10.7238,0.46221,0.345162
93910,0.540292,-1.65939,0.478328,0.460372,0.50209,0.0375382,4339120,4732310,353806,9425240,0.502986,0.737043,Paxton,17.6841,-28.0691,1.17961,12.2519,0.216552,0.184888
93922,2.13831,0.392672,0.497923,0.468423,0.472331,0.0592459,4603020,4641420,582187,9826620,0.524408,0.593272,Paxton,20.2011,-26.967,-0.152374,12.7868,0.589235,0.5401
93957,1.08542,-2.36424,0.490945,0.472852,0.490294,0.0368542,4154450,4307700,323799,8785950,0.468872,0.596342,Paxton,19.5544,-29.7593,1.90721,11.6409,0.407091,0.564867
94006,-2.32679,0.674066,0.527596,0.50429,0.451537,0.0441724,4547620,4071900,398341,9017860,0.481244,0.750464,Talarico,13.3878,-25.2463,2.04746,10.8492,0.360878,0.510107
94023,2.2683,-1.62631,0.48113,0.460655,0.49679,0.0425553,4344710,4685520,401364,9431590,0.503326,1.18657,Paxton,20.7856,-27.8827,0.482185,11.7755,0.22159,0.095694
94039,-1.46334,1.72804,0.500555,0.485257,0.484182,0.0305614,4341490,4331870,273426,8946780,0.477454,0.172129,Talarico,16.0409,-24.3273,0.180203,11.6786,0.62783,0.57839
94064,1.56974,-0.757195,0.490381,0.466054,0.484338,0.0496073,4558660,4737510,485229,9781400,0.521992,0.666123,Paxton,17.9661,-27.0058,-0.834768,14.839,0.513609,0.367128
94073,-0.624992,1.87757,0.504295,0.479458,0.47129,0.0492523,4922590,4838730,505673,10267000,0.547907,0.476989,Talarico,17.4588,-25.0015,-0.434743,13.0119,0.763267,0.200603
94079,-0.880263,-2.53889,0.519452,0.488743,0.45214,0.0591172,4237920,3920530,512608,8671050,0.462742,0.376578,Talarico,15.2179,-27.7991,3.35076,9.94081,0.211415,0.635088
94157,2.0428,-0.800265,0.528292,0.490019,0.437534,0.0724467,4008800,3579420,592679,8180900,0.436581,0.855965,Talarico,21.1435,-27.9227,0.0952627,12.0565,0.377309,0.135813
94173,-0.525855,-0.697335,0.489781,0.467465,0.486971,0.0455644,4789530,4989390,466842,10245800,0.546772,1.00106,Paxton,19.5115,-27.4749,1.89614,10.0578,0.515382,0.0840478
94177,-0.837877,-2.05929,0.531686,0.507147,0.4467,0.0461533,4747050,4181240,432009,9360300,0.499519,0.57626,Talarico,18.2282,-24.8262,0.315978,11.267,0.276423,0.375541
94186,-2.13277,-0.115271,0.491297,0.471185,0.487878,0.0409376,4275750,4427230,371487,9074470,0.484267,0.419525,Paxton,15.3318,-24.5125,0.874245,10.9151,0.516515,0.591251
94218,0.546966,1.403,0.491643,0.472954,0.489032,0.0380135,4435590,4586370,356508,9378470,0.500492,0.913204,Paxton,20.3457,-25.3742,-0.870788,12.5293,0.482699,0.44308
94229,0.541522,0.838549,0.523066,0.502839,0.458491,0.0386706,4689480,4275890,360643,9326010,0.497691,0.323833,Talarico,16.1396,-26.8872,0.518848,13.6298,0.617103,0.521597
94263,-1.30264,2.12123,0.525154,0.504551,0.456217,0.0392318,4853670,4388710,377402,9619790,0.51337,0.33111,Talarico,13.6081,-25.774,0.794134,13.3888,0.38055,0.39057
94304,-1.3176,-0.00174386,0.49215,0.465404,0.48025,0.0543452,4229900,4364830,493924,9088650,0.485022,0.263707,Paxton,16.5664,-25.8531,1.05732,11.3282,0.531797,0.541324
94322,2.89377,-0.0137422,0.50761,0.481732,0.467288,0.0509796,5243130,5085920,554857,10883900,0.580826,1.73051,Talarico,23.9278,-28.1319,-0.00475372,12.7967,0.563844,0.00926155
94326,-1.16354,-0.992202,0.504748,0.484246,0.475136,0.0406189,4904890,4812620,411426,10128900,0.540539,0.332098,Talarico,15.1689,-27.0063,1.52949,12.1936,0.770192,0.2396
94366,2.57559,0.0363619,0.507646,0.483558,0.468992,0.0474501,5047460,4895420,495293,10438200,0.557042,0.655143,Talarico,21.1288,-25.3162,0.141529,10.5028,0.713355,0.166271
94386,0.773367,1.24687,0.520891,0.493261,0.453695,0.0530431,4799500,4414520,516116,9730130,0.519254,0.415283,Talarico,17.6674,-26.5183,1.39072,10.0844,0.582551,0.474761
94394,-0.311062,-0.328596,0.50138,0.483057,0.480397,0.0365465,4209240,4186060,318457,8713760,0.465018,0.899749,Talarico,17.9594,-26.5956,1.16798,10.8806,0.757879,0.599731
94417,-0.0983931,1.39438,0.502722,0.470238,0.465146,0.0646157,4145100,4100220,569581,8814900,0.470416,0.806794,Talarico,20.1441,-24.9179,-1.54084,14.0822,0.949763,0.781988
94429,-0.409818,1.41856,0.516011,0.49274,0.462161,0.045099,4439880,4164340,406369,9010590,0.480855,0.410946,Talarico,19.3972,-26.5428,0.739899,11.431,0.731641,0.774094
94461,2.36158,-0.357471,0.521852,0.49549,0.453993,0.0505166,4806370,4403850,490023,9700240,0.517662,0.744296,Talarico,20.1424,-25.4161,1.36017,8.97701,0.541685,0.457969
94497,0.416483,-0.946457,0.490173,0.465196,0.483848,0.0509558,3967480,4126560,434583,8528620,0.455138,0.617935,Paxton,18.27,-26.8724,0.535167,12.4829,0.575694,0.455483
94528,1.75262,-1.65089,0.539089,0.523497,0.44758,0.0289233,4805530,4108640,265507,9179680,0.489884,0.555753,Talarico,17.9759,-29.5254,0.131505,14.0066,0.149162,0.208145
94531,1.41174,0.0921274,0.536071,0.508493,0.440062,0.0514449,4490830,3886470,454343,8831650,0.471308,0.95577,Talarico,19.5802,-28.099,-0.383054,14.3507,0.18389,0.177864
94538,-1.36833,0.307526,0.525567,0.500569,0.451867,0.0475637,4304300,3885520,408991,8598800,0.45888,0.214758,Talarico,16.2669,-27.2719,1.56262,12.1703,0.513202,0.329567
94542,0.55844,0.173292,0.506759,0.484103,0.47119,0.0447065,4574630,4452600,422463,9449700,0.504292,0.404324,Talarico,18.7367,-27.6996,1.2974,10.9482,0.791361,0.882587
94561,0.750343,-0.256764,0.483723,0.461112,0.492144,0.0467446,3971790,4239080,402635,8613510,0.459666,0.453777,Paxton,16.3914,-25.744,-0.345603,12.3461,0.35804,0.27069
94616,0.728437,-1.53943,0.509972,0.491814,0.472581,0.0356053,4376900,4205730,316869,8899500,0.474929,0.596506,Talarico,18.2468,-27.5029,1.56108,10.9755,0.788509,0.878379
94621,0.943841,-1.06946,0.5132,0.496538,0.470995,0.0324669,4301410,4080140,281255,8662810,0.4623,0.933677,Talarico,19.3018,-26.3284,-0.774353,13.86,0.710331,0.450094
94669,1.90096,1.18181,0.535294,0.514229,0.446418,0.0393533,4443010,3857110,340018,8640140,0.461085,1.03635,Talarico,21.9598,-24.8636,-1.67002,12.69,0.234438,0.149799
94731,0.0426955,-1.50814,0.500912,0.481082,0.47933,0.0395871,4515460,4499020,371566,9386050,0.500894,0.609414,Talarico,16.6981,-25.9402,-1.02985,14.861,0.769567,0.904217
94735,-0.904161,-2.1679,0.477015,0.456787,0.500808,0.0424041,3957130,4338480,367345,8662960,0.46231,0.572501,Paxton,15.9683,-26.4349,1.83562,10.8666,0.147355,0.191022
94770,0.674431,-0.576616,0.499801,0.483476,0.483862,0.0326618,4631200,4634890,312866,9578950,0.511188,0.67984,Paxton,19.0271,-28.2283,0.661094,11.6114,0.74614,0.731333
94814,-0.216414,1.79685,0.505112,0.480951,0.471215,0.0478346,4180650,4096020,415801,8692470,0.46388,0.451294,Talarico,18.9295,-24.6494,0.711108,10.0418,0.83924,0.840973
94834,-2.86282,0.297558,0.493443,0.462522,0.474814,0.0626643,4306330,4420780,583439,9310550,0.496866,-0.253544,Paxton,9.36713,-25.6407,2.04735,12.1921,0.300368,0.0799795
94837,2.00139,-0.25297,0.496087,0.476952,0.484477,0.0385715,4224510,4291160,341640,8857320,0.472681,0.932763,Paxton,20.1584,-26.3894,0.307027,11.6023,0.629432,0.572476
94855,1.13974,1.23208,0.50496,0.479669,0.470246,0.0500846,4811930,4717400,502437,10031800,0.535357,1.23433,Talarico,20.4144,-24.9919,0.0757965,10.1356,0.870214,0.109051
94866,-0.638101,-1.18944,0.490333,0.465583,0.483942,0.0504755,4493490,4670680,487155,9651320,0.515051,0.395201,Paxton,16.7083,-27.3849,1.73552,11.4526,0.460776,0.42999
94942,-0.874399,1.7471,0.524802,0.501581,0.454172,0.0442469,4772870,4321740,421038,9515640,0.507811,0.392293,Talarico,17.0953,-25.2646,-0.318946,12.1196,0.456762,0.477815
94968,-1.03458,2.39462,0.479988,0.461311,0.499778,0.03891,4219240,4571060,355878,9146170,0.488096,0.0383693,Paxton,17.3761,-25.165,-0.36587,13.3991,0.0969578,0.112415
94977,-0.45525,-1.55443,0.498136,0.472268,0.475803,0.0519284,4822570,4858670,530268,10211500,0.544948,0.710854,Paxton,18.4585,-26.28,1.01948,11.3826,0.654816,0.273293
94978,0.3632,0.393879,0.529586,0.511285,0.454157,0.0345583,4160650,3695770,281223,8137640,0.434271,0.819221,Talarico,18.7272,-27.6179,0.845241,12.3037,0.465863,0.114332
94997,0.300005,2.05591,0.530529,0.508155,0.449672,0.0421725,4670540,4133020,387615,9191170,0.490494,0.598272,Talarico,20.052,-25.9469,1.56577,9.35116,0.287701,0.448797
95025,2.61173,-0.221842,0.521366,0.497396,0.456628,0.045976,4866190,4467350,449799,9783330,0.522095,0.682105,Talarico,21.3965,-28.8257,-1.23445,14.6099,0.515603,0.420093
95061,-1.28329,1.11539,0.496228,0.477551,0.48481,0.037639,4410600,4477650,347629,9235880,0.49288,0.757508,Paxton,19.0134,-24.3272,0.405835,10.8142,0.644695,0.769692
95086,0.0927268,1.4217,0.510398,0.491232,0.471217,0.0375514,4978820,4775970,380598,10135400,0.540886,0.791428,Talarico,17.0039,-26.7173,0.0966435,12.6884,0.873284,0.276024
95093,1.82103,1.21242,0.490796,0.471466,0.489149,0.0393855,4390540,4555220,366779,9312530,0.496971,0.929234,Paxton,21.4446,-26.7343,-0.969251,12.988,0.380762,0.416274
95097,0.701044,-2.294,0.513976,0.494552,0.467657,0.0377912,4421900,4181420,337899,8941210,0.477154,0.790716,Talarico,17.3846,-27.3222,0.673761,13.2955,0.588853,0.818018
95125,-3.06721,0.212277,0.501467,0.480328,0.477518,0.042153500000000003,3882530,3859810,340730,8083070,0.431361,-0.410579,Talarico,11.3357,-24.7168,1.52021,11.2055,0.354331,0.0255162
95165,1.74993,-1.56091,0.51878,0.498104,0.46204,0.0398553,4252920,3945000,340293,8538210,0.455649,0.947278,Talarico,19.5029,-28.4592,0.500672,12.254,0.491387,0.32222
95185,0.0941895,-0.241869,0.501547,0.478633,0.475679,0.045688,4248420,4222210,405534,8876160,0.473684,0.213345,Talarico,17.7944,-28.0574,2.97332,9.51738,0.77316,0.645204
95217,1.98775,-0.699341,0.483142,0.46322,0.495545,0.0412354,4206340,4499880,374445,9080660,0.484599,0.565901,Paxton,21.677,-26.0818,-1.63597,14.4989,0.355888,0.352826
95221,0.981021,0.445184,0.51935,0.500308,0.463028,0.036664,4553210,4213930,333672,9100800,0.485671,0.971402,Talarico,20.6206,-27.9859,1.94056,9.43839,0.711387,0.547807
95231,0.467998,-1.88058,0.506354,0.486344,0.474137,0.039519,3921910,3823470,318684,8064060,0.430342,0.952359,Talarico,17.6368,-25.9789,-0.581311,13.9179,0.730999,0.227747
95259,1.30708,-1.86122,0.520015,0.496529,0.458307,0.0451641,4574160,4222040,416064,9212270,0.491622,0.760228,Talarico,18.7541,-28.5971,1.14256,11.8628,0.471045,0.744464
95308,2.31811,-1.8479,0.500262,0.473883,0.473388,0.0527293,4433880,4429240,493361,9356480,0.499316,0.969103,Talarico,19.9281,-29.8537,1.50758,12.1161,0.409213,0.57094
95352,-0.505199,0.133837,0.518275,0.493162,0.458383,0.0484554,4256360,3956200,418207,8630760,0.460588,0.427997,Talarico,16.1932,-28.5663,1.51663,12.444,0.617483,0.664216
95355,0.192759,0.79876,0.506176,0.480655,0.468925,0.0504204,4452410,4343760,467055,9263220,0.49434,0.681299,Talarico,17.2523,-25.3571,-0.254189,11.484,0.956998,1
95371,-0.96985,-0.865233,0.480303,0.461802,0.499679,0.0385196,4609550,4987620,384489,9981660,0.532678,-0.0358124,Paxton,13.492,-26.2377,0.113919,14.1014,0.256773,0.0471762
95395,1.95396,1.74593,0.509446,0.488844,0.470716,0.0404399,4453950,4288770,368455,9111180,0.486227,1.32826,Talarico,21.7537,-27.0832,0.121002,12.3992,0.521613,0.22622
95442,-2.36752,-1.15171,0.52837,0.503376,0.44932,0.0473041,4087480,3648540,384116,8120140,0.433338,0.221812,Talarico,14.092,-26.3991,2.89672,9.89591,0.20346,0.136103
95467,2.20403,0.776838,0.478424,0.4551,0.496149,0.0487518,3705680,4039930,396965,8142580,0.434536,1.22729,Paxton,24.0144,-27.2342,-2.77468,15.1829,0.0912648,0.0419329
95502,-1.91955,1.67995,0.505274,0.479357,0.46935,0.0512927,4394830,4303080,470260,9168160,0.489268,0.156068,Talarico,16.8216,-22.4339,0.947763,8.81026,0.57883,0.574177
95512,1.18825,-0.578131,0.509272,0.486475,0.468761,0.0447634,4846890,4670400,445990,9963280,0.5317,0.336781,Talarico,17.2112,-27.7228,-0.568545,15.2826,0.789725,0.379645
95525,1.29101,1.64434,0.507425,0.486399,0.472165,0.0414361,4679250,4542310,398623,9620180,0.513386,0.949103,Talarico,20.8443,-25.7698,0.479745,10.7054,0.717068,0.494037
95538,0.490969,0.641124,0.493285,0.476635,0.48961,0.0337549,4787420,4917750,339041,10044200,0.536019,0.399343,Paxton,19.7718,-27.4635,0.80635,11.2428,0.566872,0.262236
95556,2.42419,-1.48708,0.483616,0.460904,0.492133,0.046962,4147200,4428190,422562,8997950,0.480181,1.63632,Paxton,20.8923,-27.6975,-0.945481,14.3688,0.267122,0.0145571
95559,-0.772911,0.203504,0.487907,0.468093,0.491298,0.0406093,4692490,4925110,407096,10024700,0.534975,0.247464,Paxton,17.6003,-23.9807,0.477306,10.3103,0.38868,0.149324
95581,0.230406,1.22259,0.514827,0.485368,0.457411,0.0572211,4456590,4199890,525397,9181870,0.489997,0.879042,Talarico,20.1123,-25.8116,-0.244012,11.5088,0.787055,0.766625
95587,0.00533676,0.317633,0.515031,0.496751,0.467757,0.0354914,4605490,4336680,329049,9271220,0.494769,0.397384,Talarico,17.1666,-27.4311,0.181477,12.9267,0.74633,0.797869
95596,2.32409,-1.40317,0.491469,0.466418,0.482611,0.050971,4381860,4533980,478858,9394710,0.501354,1.6322,Paxton,21.1224,-26.0247,-0.758925,12.1687,0.46741,0.0204009
95628,-0.957643,1.4044,0.526115,0.502835,0.452915,0.0442506,4776980,4302740,420385,9500100,0.506983,0.482907,Talarico,13.2271,-25.8981,2.33956,10.6144,0.433836,0.496847
95666,1.45399,-2.23387,0.496534,0.468568,0.475109,0.0563229,3965560,4020920,476669,8463150,0.451644,0.808661,Paxton,19.1284,-26.4854,0.0289978,12.5577,0.434096,0.460486
95677,-2.38425,-0.581403,0.500234,0.4823,0.481849,0.0358516,4717910,4713490,350704,9782110,0.522031,-0.107311,Talarico,11.0655,-28.0192,2.99632,12.1041,0.624994,0.177506
95701,2.93597,-0.982143,0.492207,0.470183,0.485072,0.0447456,4777820,4929120,454689,10161600,0.542286,1.44046,Paxton,22.5595,-29.3906,0.28094,13.052,0.346568,0.0259662
95714,-2.31748,-0.925332,0.522301,0.489867,0.448034,0.0620982,4391640,4016610,556707,8964950,0.478424,-0.265028,Talarico,12.7638,-26.8847,2.89707,10.9612,0.377757,0.0826849
95748,2.64238,-0.162778,0.472662,0.456095,0.508854,0.0350509,3978310,4438500,305733,8722540,0.465486,1.19025,Paxton,22.8966,-25.9119,-1.33647,11.9721,0.101118,0.0436868
95784,-1.5961,-1.66872,0.491638,0.468862,0.484811,0.0463272,4449770,4601130,439672,9490570,0.506473,0.422009,Paxton,13.853,-26.0672,1.18402,12.9697,0.520464,0.537804
95792,1.4607,-1.56779,0.483064,0.466788,0.499519,0.0336926,4555440,4874860,328810,9759110,0.520802,0.450825,Paxton,17.3357,-27.1576,-0.316066,13.9581,0.305132,0.208525
95801,0.454072,0.158245,0.491233,0.475675,0.492654,0.0316716,3919030,4058920,260939,8238880,0.439674,0.548508,Paxton,17.9262,-27.6972,1.79289,10.8739,0.527613,0.299351
95817,0.0179019,-2.33445,0.515576,0.490662,0.461015,0.0483232,4178040,3925600,411478,8515120,0.454415,0.200618,Talarico,15.5734,-29.1182,1.61879,12.5729,0.523281,0.400136
95818,-1.07329,-1.45233,0.473484,0.446494,0.496504,0.0570014,4305180,4787390,549618,9642190,0.514562,0.915646,Paxton,17.8623,-25.4006,2.26601,8.90771,0.0910439,0.0854312
95820,0.418765,-2.74314,0.482334,0.458172,0.491734,0.0500944,4076610,4375240,445718,8897570,0.474827,0.71602,Paxton,16.1723,-28.6506,0.154925,15.946,0.130801,0.333115
95828,-2.25256,-1.46193,0.533734,0.513766,0.448822,0.0374121,5024450,4389320,365877,9779650,0.5219,0.285643,Talarico,13.3232,-27.1554,0.533798,14.2805,0.111638,0.181121
95881,0.219839,-0.413752,0.503013,0.483462,0.47767,0.0388672,4635660,4580130,372677,9588470,0.511698,0.694802,Talarico,17.261,-27.4364,1.27051,11.8821,0.776445,0.783864
95929,0.0891558,1.24447,0.503594,0.483801,0.476894,0.0393053,4493830,4429680,365091,9288600,0.495693,0.068778,Talarico,17.7842,-26.8147,0.319671,12.626,0.986836,0.415519
95931,-2.74244,-0.431647,0.497985,0.478282,0.482153,0.0395649,4092250,4125370,338523,8556140,0.456608,-0.337932,Paxton,13.089,-26.4627,2.048,11.6736,0.456725,0.0598072
95946,1.25568,1.18799,0.52993,0.503495,0.446622,0.0498832,4408430,3910460,436760,8755650,0.467252,1.27659,Talarico,19.181,-26.5618,0.772256,10.8675,0.39321,0.0761614
95951,-2.93821,1.02895,0.504815,0.485144,0.47589,0.0389666,4293070,4211180,344818,8849060,0.472239,-0.30914,Talarico,11.2274,-23.9133,1.33761,11.9158,0.462866,0.105045
95977,-0.747563,1.20492,0.506713,0.480468,0.467738,0.0517933,4670230,4546500,503440,9720170,0.518725,0.124598,Talarico,15.576,-28.07,1.35763,13.0007,0.94096,0.352275
95997,-0.87333,-0.335424,0.515351,0.498586,0.468882,0.0325313,5107320,4803040,333237,10243600,0.546657,0.0715837,Talarico,16.2302,-25.1253,1.39489,10.3775,0.777555,0.144162
96014,0.411918,-0.236429,0.514487,0.492508,0.464773,0.0427192,4448710,4198180,385872,9032760,0.482041,0.679903,Talarico,19.1962,-28.1,-0.0170225,13.3281,0.720172,0.904807
96026,2.57114,-1.09281,0.523491,0.50202,0.456966,0.0410145,4679950,4259950,382347,9322250,0.497492,0.919418,Talarico,20.4013,-29.3885,-0.409238,13.5912,0.277511,0.44331
96032,-0.39335,1.32414,0.511642,0.483092,0.461108,0.0558003,3573520,3410900,412765,7397190,0.394756,0.797892,Talarico,18.0438,-24.6975,-0.604553,13.2294,0.878311,0.0584183
96042,-0.809758,1.18351,0.491905,0.477719,0.493443,0.0288386,3991320,4122690,240945,8354950,0.44587,0.773376,Paxton,17.5943,-25.974,1.86288,10.3716,0.516207,0.346809
96043,-1.85231,2.15886,0.513997,0.491758,0.464976,0.0432658,4700720,4444710,413578,9559010,0.510127,0.269588,Talarico,15.0461,-24.064,0.458692,12.0499,0.416084,0.64939
96047,-2.30155,1.19998,0.497633,0.474982,0.479502,0.0455162,4704360,4749120,450805,9904280,0.528551,-0.270758,Paxton,11.6418,-25.2906,1.03775,13.2936,0.615061,0.0694682
96087,0.855777,-0.182639,0.489217,0.467098,0.487689,0.0452134,4235910,4422640,410021,9068570,0.483954,0.649012,Paxton,20.2891,-27.8956,1.18618,11.5908,0.5132,0.537374
96132,1.44914,1.99328,0.505623,0.484,0.473235,0.0427655,3908860,3821920,345381,8076160,0.430991,0.774191,Talarico,19.6433,-26.3447,-1.07656,13.0481,0.501639,0.246933
96158,0.591129,-2.25624,0.545288,0.511916,0.426884,0.0611994,4195750,3498810,501600,8196160,0.437393,0.506543,Talarico,15.2822,-29.085,0.411377,14.5603,0.0502583,0.0328578
96160,-2.64915,-0.177132,0.520842,0.505556,0.465096,0.0293484,4717220,4339700,273843,9330770,0.497945,-0.210199,Talarico,14.051,-26.2011,2.76722,9.91088,0.452663,0.119404
96174,0.743096,2.07906,0.516635,0.492691,0.460962,0.0463475,4622070,4324410,434799,9381280,0.50064,1.01199,Talarico,20.2562,-25.379,-0.888015,12.94,0.543796,0.526281
96194,0.139479,-0.676536,0.505887,0.483131,0.471887,0.0449827,4378660,4276750,407682,9063090,0.483658,0.441565,Talarico,16.0236,-27.0595,1.01177,12.8541,0.732802,0.933121
96233,0.252457,-2.08943,0.52347,0.498021,0.453364,0.048615,4044660,3681980,394825,8121470,0.433412,0.328883,Talarico,16.5853,-29.1346,1.68488,13.3831,0.479913,0.197463
96252,-0.553758,0.952475,0.510383,0.482833,0.463188,0.0539793,4073210,3907480,455373,8436070,0.450199,0.318837,Talarico,19.0348,-26.1802,0.118863,11.9501,0.914205,0.516832
96268,0.120006,-0.003002,0.527881,0.506698,0.453174,0.0401284,4915440,4396210,389283,9700930,0.517698,0.635193,Talarico,18.4101,-27.0967,1.53044,10.9167,0.434317,0.372409
96278,-0.24934,-1.70446,0.498585,0.475691,0.47839,0.0459191,4741870,4768780,457739,9968390,0.53197,0.901096,Paxton,17.4271,-24.9518,0.299519,11.2122,0.681804,0.31151
96289,0.707105,-2.16457,0.516498,0.498019,0.466203,0.0357777,4852110,4542130,348576,9742820,0.519932,0.192354,Talarico,14.5928,-28.7418,2.9529,11.1452,0.586363,0.416881
96302,0.576521,0.94923,0.477969,0.451442,0.493059,0.0554993,3985170,4352550,489928,8827650,0.471096,0.107372,Paxton,17.9639,-24.9287,-0.909671,13.5773,0.185495,0.128978
96313,-0.503659,-0.413821,0.497694,0.479466,0.483908,0.0366261,4604540,4647200,351738,9603480,0.512498,0.727582,Paxton,18.7744,-25.8915,2.03889,9.7053,0.66362,0.626965
96315,0.117634,0.19739399999999999,0.514252,0.484358,0.45750999999999997,0.0581313,4522340,4271670,542759,9336770,0.498265,0.541565,Talarico,16.764,-29.102,1.88199,12.2325,0.746085,0.917946
96340,-1.12189,2.03957,0.505951,0.488578,0.477084,0.0343374,4420260,4316270,310657,9047180,0.482808,0.202569,Talarico,18.6583,-24.4537,0.108627,10.708,0.577961,0.666531
96358,0.0731007,1.18942,0.514402,0.495845,0.46808,0.0360752,4240880,4003410,308545,8552840,0.456429,0.919253,Talarico,17.6026,-25.8791,-0.176391,13.3537,0.818388,0.395873
96368,-0.288975,2.56653,0.517624,0.492772,0.459216,0.0480114,4696630,4376800,457598,9531030,0.50863100000000006,0.69242,Talarico,18.5768,-23.3194,0.0697161,9.92179,0.384379,0.714346
96391,-1.38692,-0.244193,0.493799,0.473608,0.485503,0.0408881,4415390,4526280,381194,9322870,0.497524,0.521915,Paxton,14.2831,-26.9498,0.383768,13.4332,0.606848,0.65213
96449,-2.3725,-0.582328,0.490279,0.470309,0.488958,0.040733,3948660,4105240,341990,8395900,0.448054,-0.16825,Paxton,12.7918,-27.6328,4.42938,8.67023,0.460011,0.0794922
96464,-0.0435833,1.40454,0.496744,0.478086,0.484354,0.0375599,4746840,4809070,372926,9928830,0.529857,0.196171,Paxton,17.9735,-25.9781,0.268902,12.671,0.732512,0.232787
96480,1.21252,1.14492,0.517029,0.483274,0.45144,0.0652856,4056920,3789690,548050,8394660,0.447989,0.720147,Talarico,21.0757,-25.0889,-1.56677,13.0952,0.660917,0.467663
96482,2.82356,-0.657152,0.510506,0.488545,0.468437,0.0430176,4930570,4727630,434149,10092300,0.538589,1.19259,Talarico,22.7226,-27.7515,-0.528083,12.0271,0.547316,0.120834
96493,2.77444,0.801885,0.50479,0.474717,0.465708,0.0595747,4064330,3987200,510053,8561580,0.456894,1.35123,Talarico,22.8225,-27.098,-1.85182,14.5652,0.321597,0.107578
96538,-0.582059,-2.54044,0.475023,0.457504,0.505617,0.0368786,3839970,4243790,309533,8393290,0.447913,0.0883956,Paxton,15.3178,-28.3994,0.990124,13.7065,0.0988142,0.0424467
96549,-1.07655,1.99797,0.519727,0.494741,0.457184,0.048075,3516840,3249870,341738,7108440,0.379346,0.0689435,Talarico,15.959,-25.8033,1.25389,10.6246,0.585339,0.0107797
96574,2.58606,0.363074,0.518883,0.496891,0.460726,0.0423835,4710780,4367910,401817,9480510,0.505936,1.0298,Talarico,21.2556,-28.5286,0.228275,12.9221,0.562886,0.42405
96585,2.5393,-1.28969,0.496586,0.472745,0.479245,0.0480105,3799980,3852230,385914,8038120,0.428961,0.858836,Paxton,18.1104,-29.4552,-1.21684,16.7526,0.531728,0.173681
96587,-0.721628,0.787487,0.55678,0.528422,0.420646,0.0509327,5337180,4248620,514432,10100200,0.539009,0.600594,Talarico,17.0444,-26.9764,3.20682,8.47236,0.0328357,0.0266473
96604,-0.170637,-2.07617,0.475552,0.454839,0.501605,0.0435559,4470850,4930540,428134,9829530,0.524561,0.580854,Paxton,19.1019,-27.757,1.18585,11.294,0.154653,0.102072
96666,-1.4172,-0.747699,0.49885,0.479119,0.481328,0.0395524,4695460,4717110,387621,9800190,0.522994,0.459843,Paxton,16.0739,-28.2818,4.88707,7.24528,0.683849,0.521016
96733,-2.13203,-0.0522857,0.510074,0.483949,0.464833,0.0512183,4023690,3864750,425843,8314280,0.443696,0.580095,Talarico,16.6459,-24.7179,0.541879,10.8796,0.797467,0.482582
96751,-1.54922,0.534551,0.502975,0.478851,0.473186,0.0479633,3958190,3911360,396465,8266010,0.441121,0.12183,Talarico,16.7147,-26.1647,1.15497,10.6618,0.79699,0.23483
96752,1.14534,-2.2245,0.519083,0.493758,0.457455,0.0487877,4559910,4224650,450560,9235120,0.492842,0.914341,Talarico,17.891,-27.9549,0.471671,13.2702,0.401696,0.622738
96753,1.8645,-2.17868,0.507577,0.479107,0.464804,0.0560889,4530970,4395700,530439,9457110,0.504687,0.642758,Talarico,19.6776,-30.2716,0.981846,13.028,0.321464,0.938706
96783,-0.695056,-1.05908,0.529123,0.503514,0.448088,0.0483984,4516620,4019430,434143,8970200,0.478702,-0.023307,Talarico,16.6353,-26.5097,2.29906,9.23916,0.371759,0.161186
96788,1.77116,-0.180124,0.495278,0.475151,0.48421,0.0406394,4274210,4355700,365571,8995480,0.480052,0.693604,Paxton,19.0079,-28.9638,0.266232,13.5495,0.637243,0.764387
96811,-2.15619,0.969832,0.483439,0.462249,0.493919,0.0438321,4241410,4531990,402185,9175590,0.489664,0.128788,Paxton,16.9258,-23.255,-0.573899,12.1938,0.292187,0.202126
96813,0.05281,0.907617,0.497879,0.477359,0.481426,0.0412145,4347310,4384350,375341,9107010,0.486002,0.820159,Paxton,18.322,-26.1454,-0.378418,13.6574,0.752144,0.80624
96845,-0.746816,-1.97436,0.479451,0.460273,0.499728,0.0399994,3949240,4287760,343203,8580210,0.457888,0.371515,Paxton,15.1546,-26.5375,0.479639,13.1544,0.178161,0.177968
96858,-0.1504,1.02805,0.538751,0.516409,0.44212,0.0414705,4635010,3968230,372217,8975460,0.478982,0.516708,Talarico,18.8462,-27.4031,-0.677288,14.2654,0.164952,0.223496
96921,0.0355644,-1.0866,0.513642,0.485985,0.460171,0.0538446,4412290,4177920,488859,9079070,0.484514,0.511332,Talarico,16.7547,-24.905,-0.58732,13.443,0.678714,0.90039
96993,-1.04918,0.195707,0.527599,0.500015,0.447703,0.052282,4532830,4058610,473957,9065400,0.483781,0.357396,Talarico,16.1853,-26.7931,1.48551,11.4247,0.479866,0.45813
96996,-1.09582,1.83736,0.50749,0.489474,0.475026,0.0355002,4688120,4549740,340016,9577870,0.511133,0.649282,Talarico,15.4468,-26.6532,2.21226,10.417,0.665956,0.853836
97070,-0.596501,0.335138,0.532431,0.508292,0.446371,0.0453371,4417280,3879160,393999,8690440,0.463772,0.751346,Talarico,16.9257,-27.7118,1.88693,10.6468,0.365027,0.289852
97073,-0.789469,-1.94278,0.50967,0.489091,0.470533,0.040376,4727040,4547670,390232,9664940,0.515777,0.356439,Talarico,16.6359,-24.0733,0.260387,11.6395,0.686022,0.716887
97135,0.830685,1.34007,0.517074,0.494896,0.462212,0.0428926,4930240,4604640,427304,9962190,0.531639,0.538778,Talarico,17.1442,-26.7876,1.02862,11.6631,0.641076,0.359805
97141,-1.32318,-0.697852,0.521737,0.502778,0.460883,0.0363392,4606380,4222550,332935,9161870,0.488931,0.611345,Talarico,18.024,-29.4956,1.27472,14.0147,0.638182,0.766881
97142,1.84932,0.683097,0.529582,0.503357,0.447122,0.0495214,4323740,3840700,425380,8589820,0.458404,0.808267,Talarico,19.8781,-27.6289,1.75672,11.0193,0.380935,0.300819
97147,-0.231038,-0.627894,0.488285,0.465286,0.487613,0.0471006,4656670,4880120,471391,10008200,0.534094,0.537203,Paxton,16.6578,-26.4364,1.749,10.6757,0.504138,0.242595
97212,-0.55777,1.93778,0.517964,0.498462,0.463888,0.03765,4857100,4520200,366868,9744180,0.520007,0.706265,Talarico,16.558,-24.4779,-0.574374,13.1642,0.628301,0.504724
97230,2.20546,1.14327,0.506,0.490168,0.478543,0.0312891,4230930,4130590,270075,8631600,0.460634,1.25382,Talarico,21.3731,-29.0125,-0.295784,13.9653,0.598746,0.179408
97246,0.947552,0.516989,0.497871,0.48095,0.485063,0.0339876,4316710,4353630,305052,8975390,0.478978,0.872336,Paxton,16.3439,-27.1087,0.00438674,14.1624,0.739341,0.733255
97249,1.16156,1.06265,0.504676,0.485186,0.476195,0.0386189,4341460,4261000,345563,8948020,0.47752,0.883959,Talarico,20.4638,-26.9076,1.68572,9.9605,0.871757,0.753502
97265,-1.19371,-0.648904,0.504776,0.483309,0.474164,0.0425261,4409440,4326000,387984,9123420,0.486879,0.480268,Talarico,18.7008,-27.5413,0.959014,11.9432,0.795735,0.955618
97292,0.360433,1.51787,0.490787,0.46650199999999997,0.484016,0.0494818,3851830,3996440,408563,8256840,0.440631,0.643021,Paxton,17.9787,-26.0105,-0.229138,11.8235,0.468158,0.298233
97295,-0.915056,-2.10912,0.508873,0.488773,0.471728,0.039499,4679990,4516780,378202,9574980,0.510973,0.36151,Talarico,17.5925,-26.0885,-0.149449,13.7022,0.575617,0.788095
97316,-1.65845,1.28509,0.52959,0.501175,0.44517,0.0536546,4226040,3753790,452429,8432260,0.449994,0.394933,Talarico,16.3359,-25.9149,2.55336,8.8832,0.453691,0.285256
97324,1.27909,0.194999,0.492526,0.462869,0.476918,0.0602133,3872980,3990530,503824,8367320,0.44653,0.969483,Paxton,19.9305,-26.399,1.28677,9.93542,0.630777,0.226067
97331,0.455937,-2.30228,0.493015,0.473645,0.48706700000000003,0.0392877,4339840,4462820,359979,9162650,0.488973,1.08261,Paxton,19.1625,-26.7795,0.622256,12.098,0.487827,0.343806
97346,2.26394,1.7256,0.49841,0.48039,0.483454,0.0361565,5067020,5099340,381369,10547700,0.56289,0.80641,Paxton,20.8776,-27.4544,-0.549879,13.6834,0.299351,0.0876023
97375,0.322479,1.49469,0.502004,0.482529,0.478676,0.0387949,4208060,4174460,338324,8720840,0.465394,0.700886,Talarico,18.4011,-27.156,1.16269,11.701,0.92563,0.750437
97380,-0.687382,1.25175,0.495007,0.460525,0.469816,0.0696592,4383860,4472300,663104,9519260,0.508002,0.629547,Paxton,16.5013,-25.3533,0.383085,12.7417,0.644519,0.614006
97396,-1.58976,-0.737719,0.489251,0.465336,0.485783,0.0488819,3625940,3785260,380892,7792090,0.41583,0.121624,Paxton,17.1067,-27.9205,2.31137,11.6678,0.487439,0.0472001
97416,2.516,-0.396819,0.506453,0.480882,0.468628,0.0504891,4718680,4598440,495427,9812540,0.523656,1.09627,Talarico,20.2073,-28.8234,-0.129219,14.2694,0.766378,0.222705
97432,-0.290135,-1.24325,0.489803,0.473105,0.492803,0.0340912,3541340,3688780,255183,7485300,0.399458,0.446849,Paxton,17.2078,-26.2253,1.55049,9.87335,0.450781,0.0283795
97485,-1.38507,1.41096,0.511648,0.482003,0.460057,0.0579401,3833500,3658960,460813,7953270,0.424434,0.600465,Talarico,16.2882,-25.8075,1.20657,12.5706,0.785629,0.220371
97491,-0.362402,-1.97687,0.519867,0.499895,0.461688,0.0384171,4780900,4415490,367413,9563800,0.51038,0.630326,Talarico,15.7371,-26.8432,1.61428,12.3665,0.534362,0.640955
97536,2.84994,0.321414,0.489537,0.47136,0.491509,0.0371309,4705560,4906700,370676,9982940,0.532749,1.75048,Paxton,25.1587,-27.0666,-1.03365,11.758,0.248625,0.0137386
97538,2.59393,-1.16053,0.512562,0.490125,0.466101,0.0437738,4348690,4135540,388388,8872620,0.473493,1.01637,Talarico,19.4043,-28.5208,-0.432874,14.1117,0.492416,0.464421
97539,-2.097,-1.53803,0.50539,0.480769,0.470514,0.048717,4067800,3981020,412195,8461010,0.45153,0.502727,Talarico,13.8573,-27.8133,2.62626,11.7357,0.591645,0.710094
97563,2.56164,0.318102,0.495516,0.477915,0.486565,0.0355203,4739810,4825590,352279,9917680,0.529264,1.47598,Paxton,20.476,-27.3192,-0.471992,14.0164,0.418475,0.039975
97592,-2.87806,0.57996,0.508947,0.492468,0.475153,0.0323794,4927140,4753910,323956,10005000,0.533924,-0.235612,Talarico,12.7577,-25.9934,1.97568,11.3552,0.517827,0.0696235
97599,-1.34835,1.26,0.534945,0.506465,0.440296,0.0532387,4852880,4218860,510126,9581860,0.511345,0.395623,Talarico,17.0095,-25.9072,0.452807,12.3364,0.335862,0.219823
97607,0.954723,-0.897189,0.518503,0.491703,0.456609,0.0516879,4408710,4094050,463444,8966200,0.478492,0.561611,Talarico,20.5083,-27.7443,0.499804,11.7508,0.607414,0.790763
97615,1.25887,-1.97939,0.503279,0.482715,0.476424,0.0408617,4166940,4112630,352730,8632300,0.460671,0.790793,Talarico,18.9476,-27.0719,0.381595,11.6525,0.696228,0.649573
97624,1.4639,-0.893262,0.514992,0.478537,0.450675,0.0707886,4319070,4067600,638908,9025580,0.481659,0.939876,Talarico,21.0633,-28.0932,0.564374,11.9327,0.676994,0.655207
97657,0.757422,0.877386,0.515174,0.497717,0.468398,0.0338852,5376690,5059960,366052,10802700,0.576496,1.00842,Talarico,18.4548,-28.4748,1.64142,10.7003,0.773606,0.0191416
97702,-2.10036,1.04277,0.50016,0.485767,0.485456,0.0287765,4282230,4279480,253676,8815380,0.470442,0.445092,Talarico,15.995,-24.8825,1.5244,9.94749,0.755492,0.810007
97717,-0.050724,-2.74265,0.510972,0.492168,0.471031,0.0368009,4161410,3982690,311161,8455260,0.451221,0.463576,Talarico,15.2326,-28.2385,1.70114,12.3692,0.284374,0.656542
97747,0.590698,1.88015,0.522832,0.501324,0.457538,0.0411381,4535080,4138980,372144,9046200,0.48276,0.808795,Talarico,18.2868,-26.0802,0.448575,11.7685,0.496958,0.618337
97762,-0.32203,0.868788,0.500108,0.477101,0.476896,0.0460033,4860520,4858430,468664,10187600,0.54367,0.39658,Talarico,17.9361,-26.7351,2.29932,9.71443,0.827091,0.233339
97786,-0.925302,-0.322607,0.513536,0.480172,0.454859,0.064969,4487820,4251240,607218,9346280,0.498773,0.671222,Talarico,17.215,-28.3735,2.82742,10.5425,0.842581,0.927962
97818,-0.241177,1.52273,0.51002,0.489453,0.470222,0.0403255,4218740,4052980,347577,8619290,0.459975,0.200299,Talarico,16.7565,-24.6578,1.24494,10.3727,0.860927,0.502642
97835,-1.4171,2.26601,0.500878,0.474333,0.47267,0.0529975,4895260,4878100,546950,10320300,0.550754,0.358899,Talarico,16.6477,-23.3967,0.88862,9.81631,0.388849,0.165552
97844,-1.82736,-1.40054,0.497303,0.468973,0.474059,0.0569685,3776860,3817820,458794,8053460,0.429779,0.443509,Paxton,14.54,-26.916,2.91276,9.34096,0.65355,0.235301
97868,0.75786,-0.706208,0.52775,0.49454,0.442534,0.062926,4462740,3993430,567846,9024020,0.481572,0.980012,Talarico,18.7737,-27.9538,1.45702,11.4573,0.389992,0.293913
97892,-1.90821,0.782421,0.504273,0.477932,0.469832,0.052236200000000003,4834320,4752390,528373,10115100,0.539802,0.181315,Talarico,15.0482,-25.0731,1.38643,10.376,0.842646,0.193066
97911,-1.98094,1.65126,0.520013,0.495779,0.457617,0.046604,4426560,4085840,416104,8928500,0.476478,0.355199,Talarico,15.3985,-24.5445,-0.915545,13.7881,0.588983,0.668482
97928,1.38504,-0.727345,0.511367,0.486071,0.464461,0.0494685,4483380,4284060,456284,9223730,0.492233,0.755221,Talarico,19.6245,-28.1792,-0.188426,13.6273,0.765982,0.955015
97943,0.824009,-2.60003,0.503341,0.480709,0.474327,0.0449634,4351370,4293590,407007,9051970,0.483066,0.953511,Talarico,16.7032,-29.8585,1.18198,13.5763,0.295346,0.635225
97997,-0.103058,-2.04227,0.516943,0.502567,0.469624,0.0278081,5038130,4707890,278770,10024800,0.53498,0.576501,Talarico,16.5418,-26.5664,1.72277,9.7019,0.610516,0.315594
98042,0.0960288,1.59315,0.492996,0.462359,0.475496,0.0621442,3629510,3732630,487830,7849970,0.41892,0.664535,Paxton,18.4512,-24.7549,-0.309555,11.5919,0.546247,0.105132
98054,-1.39352,-2.07877,0.51157,0.488483,0.466387,0.0451304,4549910,4344100,420361,9314370,0.497065,0.190083,Talarico,16.6991,-24.7384,0.707609,11.2553,0.402831,0.658962
98074,-2.63057,0.136848,0.513618,0.486523,0.460723,0.052753800000000003,4519680,4280000,490069,9289750,0.495757,0.442858,Talarico,13.1839,-26.1372,1.98516,12.2496,0.656779,0.874144
98075,-0.923653,-1.70401,0.506759,0.48518,0.472239,0.0425809,4217950,4105440,370180,8693570,0.463936,0.429079,Talarico,17.6994,-25.8192,1.62399,11.0485,0.786555,0.827905
98095,0.00554816,0.750194,0.507855,0.489276,0.474141,0.0365835,4150380,4021990,310327,8482700,0.452685,0.528334,Talarico,17.1405,-25.5106,0.263894,12.382,0.949382,0.712198
98104,-1.79588,0.0512077,0.518863,0.502475,0.465941,0.031584,4348280,4032120,273319,8653720,0.461812,0.093113,Talarico,13.6811,-27.453,2.8673,10.7911,0.710291,0.285373
98109,-2.0452,-0.878347,0.523095,0.488804,0.445643,0.0655533,4662060,4250400,625227,9537690,0.508986,0.270445,Talarico,14.0725,-28.2865,1.39758,13.3024,0.461346,0.418544
98123,-0.491359,-2.21865,0.535642,0.508991,0.441253,0.0497564,4813310,4172750,470526,9456580,0.504661,0.128093,Talarico,16.7736,-30.4771,0.991346,14.5621,0.193183,0.138712
98139,0.0863975,-1.31452,0.504632,0.485261,0.476353,0.0383863,3847080,3776460,304321,7927860,0.423077,0.12434,Talarico,17.5956,-25.6889,-0.376047,13.4052,0.757309,0.151522
98190,-1.11627,2.06177,0.521497,0.503798,0.462264,0.0339382,4678310,4292620,315153,9286090,0.495559,0.531277,Talarico,17.8624,-24.9957,-0.329371,12.9909,0.527782,0.742145
98204,1.7102,-0.852301,0.508995,0.489077,0.471792,0.0391312,3952890,3813180,316272,8082340,0.43132,1.05578,Talarico,20.9846,-27.1108,-0.902619,13.5004,0.816045,0.195307
98226,2.21833,1.70577,0.505029,0.482904,0.473286,0.0438095,3926760,3848540,356239,8131540,0.433946,1.63492,Talarico,22.9834,-26.031,-0.31824,11.306,0.392022,0.0193179
98237,1.90781,-1.48873,0.496632,0.480093,0.486604,0.0333022,4530110,4591550,314236,9435890,0.503555,1.03701,Paxton,21.1205,-28.027,1.02447,10.8077,0.680674,0.413873
98241,2.0510100000000002,-1.30974,0.548643,0.52527,0.432129,0.0426015,4961010,4081320,402358,9444680,0.504023,1.21266,Talarico,20.1134,-26.53,0.763617,11.0019,0.049406,0.018596
98245,2.00162,0.31501,0.495214,0.478095,0.487336,0.0345689,4527200,4614710,327342,9469250,0.505336,1.15801,Paxton,19.4327,-27.0263,-0.409398,13.3829,0.584277,0.253798
98257,-1.82587,-0.526119,0.509484,0.490996,0.472717,0.036287,4649280,4476190,343604,9469070,0.505329,0.741225,Talarico,16.6599,-28.3425,2.96669,10.0525,0.837374,0.854359
98320,0.914321,-0.10906,0.496139,0.474092,0.481471,0.0444376,4860800,4936460,455613,10252900,0.547154,0.640449,Paxton,19.1424,-27.6643,-0.00977536,12.8434,0.695298,0.242836
98323,-2.53507,-0.332246,0.511599,0.481024,0.459212,0.059764,4424070,4223470,549662,9197200,0.490816,0.172066,Talarico,15.717,-25.6262,0.685517,12.4477,0.657597,0.634019
98327,1.3027,-0.706251,0.49098,0.472021,0.489365,0.038614,4666380,4837840,381737,9885960,0.527571,1.17906,Paxton,20.8535,-26.5587,-0.526542,12.7664,0.547832,0.113373
98342,-0.698087,1.00743,0.511187,0.48822,0.466851,0.0449294,4587450,4386660,422169,9396280,0.50144,0.216116,Talarico,14.2917,-25.8317,0.00364135,13.9369,0.881397,0.683306
98417,-0.469432,-1.51886,0.487204,0.465219,0.489656,0.0451245,4198140,4418660,407204,9024010,0.481574,0.723828,Paxton,19.6356,-25.6271,-0.188256,12.3846,0.331558,0.464838
98446,-1.13155,0.622798,0.54717,0.524694,0.434229,0.0410774,4501690,3725530,352430,8579650,0.45786,0.182549,Talarico,15.6991,-26.4528,1.47505,11.2402,0.0787223,0.0297098
98454,-2.49716,0.977752,0.504864,0.48706700000000003,0.477682,0.0352517,5050710,4953390,365547,10369600,0.553385,0.188132,Talarico,14.6492,-24.6487,-0.177887,13.3856,0.747658,0.0967712
98471,-1.13542,2.24383,0.496807,0.477223,0.483358,0.0394189,4080840,4133300,337079,8551210,0.456343,0.420505,Paxton,18.6553,-23.6281,-0.556411,12.3961,0.479667,0.610552
98566,1.17769,0.798369,0.483797,0.458691,0.489416,0.0518937,3554410,3792500,402126,7749040,0.413534,0.853112,Paxton,19.8042,-26.2177,-1.93948,13.9938,0.248888,0.0468716
98568,2.41797,-0.0914261,0.53191600000000006,0.500508,0.440445,0.0590472,4477500,3940180,528232,8945920,0.477406,1.14323,Talarico,22.1617,-25.7023,-1.3121,13.4509,0.289651,0.135209
98573,-2.09649,-1.53504,0.524174,0.498027,0.45209,0.0498824,3841280,3486970,384743,7713000,0.411614,0.2423,Talarico,15.0169,-27.1809,1.17189,12.1817,0.272768,0.0671245
98584,0.839771,-1.00336,0.491969,0.47616000000000003,0.491706,0.032134,4225580,4363530,285166,8874280,0.473584,0.737656,Paxton,19.0084,-25.5163,-0.0697655,11.2143,0.657452,0.607835
98586,0.0813928,0.517149,0.513802,0.487867,0.461656,0.0504773,4318460,4086440,446810,8851710,0.472377,0.24009,Talarico,16.7087,-27.1479,0.56454,13.2319,0.79908,0.64852
98653,1.86098,-1.76862,0.495365,0.46977,0.478562,0.0516675,4713070,4801280,518365,10032700,0.535403,0.685497,Paxton,17.8751,-28.3229,1.61053,12.2975,0.544128,0.358614
98703,1.0876,0.511968,0.515031,0.486314,0.457927,0.0557589,4827880,4546070,553547,9927500,0.529788,0.878897,Talarico,18.1452,-28.252,2.82192,9.46541,0.78446,0.315362
98743,-0.752494,-0.981579,0.543049,0.524068,0.44098,0.0349521,4792270,4032490,319615,9144380,0.487999,0.561863,Talarico,18.6406,-28.4207,1.39326,11.8449,0.0919406,0.140355
98807,-1.02175,0.272746,0.509894,0.490134,0.471113,0.0387537,4634530,4454670,366441,9455640,0.504608,0.181914,Talarico,15.8792,-27.5598,1.25752,14.2005,0.829266,0.610567
98811,0.751056,1.81889,0.503446,0.479917,0.473346,0.0467373,4311320,4252290,419863,8983460,0.479411,0.816226,Talarico,19.3949,-26.5595,-0.186441,12.7915,0.753023,0.874055
98814,0.815745,-2.68514,0.511422,0.494581,0.472488,0.0329314,4663590,4455270,310523,9429380,0.503205,0.926459,Talarico,19.1093,-28.9813,1.47252,12.1176,0.333082,0.639372
98841,2.25561,-0.603684,0.521747,0.495161,0.453883,0.0509563,4688510,4297660,482487,9468650,0.505302,0.899024,Talarico,20.8819,-26.5566,-2.02344,14.8035,0.515419,0.485909
98959,-0.794038,-0.45884,0.521597,0.500732,0.459267,0.0400015,3911050,3587180,312438,7810660,0.416824,0.393015,Talarico,15.8198,-26.8601,0.577737,13.0261,0.552363,0.117889
98980,-1.7916,-1.50356,0.494228,0.469335,0.480297,0.0503674,4244000,4343120,455451,9042570,0.482563,0.456063,Paxton,16.789,-26.7407,1.70884,10.6099,0.583084,0.712519
98982,1.20038,1.93278,0.504447,0.479203,0.470755,0.0500423,3939240,3869790,411367,8220390,0.43869,0.432557,Talarico,19.7663,-25.7223,0.956846,10.2748,0.596738,0.421644
98992,2.39573,0.550479,0.485221,0.465547,0.493907,0.0405466,4491370,4764970,391174,9647510,0.514846,1.34679,Paxton,22.1603,-28.2245,-0.188026,13.0782,0.197692,0.0595859
99024,1.07742,1.06166,0.516734,0.489283,0.457593,0.0531242,4037910,3776380,438419,8252710,0.440412,0.56008,Talarico,20.16,-26.8145,-0.417976,12.2983,0.693132,0.392096
99032,-0.311811,2.5555,0.520034,0.498842,0.460407,0.0407505,4215160,3890390,344337,8449880,0.450936,0.288923,Talarico,18.6569,-23.112,0.309209,10.0101,0.378176,0.398162
99059,0.322054,1.36561,0.494299,0.47269,0.483593,0.0437169,4722190,4831120,436734,9990040,0.533127,0.483814,Paxton,18.4582,-28.3205,0.613929,14.636,0.606384,0.337723
99114,2.07592,1.54619,0.48283,0.464145,0.497157,0.0386979,4601300,4928560,383631,9913490,0.529041,0.969689,Paxton,22.3376,-26.4368,-0.48845,11.4292,0.221777,0.117777
99116,-2.00277,-1.51262,0.489739,0.474626,0.494513,0.0308613,4682250,4878440,304451,9865140,0.52646,0.300431,Paxton,14.1344,-27.296,2.31754,11.4689,0.401521,0.261811
99130,-1.77247,-0.906884,0.514067,0.485502,0.458931,0.0555668,4482460,4237140,513027,9232620,0.492708,0.211978,Talarico,13.5749,-27.7807,0.74386,14.607,0.763779,0.645743
99133,-2.4207,0.814928,0.503172,0.482492,0.476408,0.0410996,4762460,4702410,405675,9870540,0.526747,-0.00707912,Talarico,12.8657,-25.0978,2.11586,9.93995,0.768174,0.197853
99152,-0.336634,2.53709,0.524616,0.505251,0.457836,0.0369129,5214610,4725240,380972,10320800,0.550779,0.449523,Talarico,18.6891,-25.2052,-0.794009,13.1493,0.305657,0.113591
99157,-2.93105,-0.120215,0.498324,0.476652,0.479857,0.0434911,4349480,4378730,396859,9125060,0.486966,-0.311277,Paxton,10.6142,-25.4061,1.43908,13.1072,0.379245,0.0733617
99176,0.718344,-1.38629,0.517159,0.483382,0.451306,0.065312,3871960,3615020,523159,8010150,0.427466,0.636798,Talarico,15.5589,-28.145,0.517401,14.0389,0.646633,0.208457
99180,0.850629,1.35282,0.504048,0.479483,0.471782,0.0487347,4063820,3998550,413047,8475410,0.452298,0.340632,Talarico,18.3176,-25.4108,-0.626462,13.0703,0.917357,0.59395
99229,-0.15363,-2.56389,0.508118,0.488396,0.472791,0.0388125,4593150,4446390,365014,9404560,0.501883,0.450063,Talarico,17.6047,-26.8391,-0.640142,14.0167,0.369051,0.932028
99240,-1.08759,-1.35541,0.507447,0.489689,0.475315,0.0349961,4877420,4734260,348570,9960250,0.531535,0.11833,Talarico,17.6783,-25.991,1.84899,10.1828,0.814772,0.250833
99245,0.107085,0.405998,0.480839,0.460021,0.496683,0.0432954,4264790,4604680,401385,9270850,0.494748,0.783408,Paxton,20.0211,-25.8971,1.18166,9.57508,0.219923,0.255381
99301,-1.86339,-1.27436,0.499545,0.478358,0.479229,0.0424133,4050540,4057920,359139,8467600,0.451878,0.302459,Paxton,16.085,-26.5,2.26346,10.564,0.690219,0.49637
99317,-0.00177413,-1.96846,0.498558,0.475156,0.477906,0.0469382,4270200,4294910,421831,8986950,0.479596,0.443443,Paxton,14.4148,-28.1432,2.96274,10.9252,0.661911,0.839616
99319,-0.20191,-1.71672,0.515079,0.483413,0.455109,0.0614782,4509500,4245470,573497,9328460,0.497821,0.421246,Talarico,18.1641,-26.3572,0.0689976,12.5102,0.696599,0.818598
99333,-1.25805,-0.118745,0.491201,0.46576,0.482447,0.0517924,4919850,5096120,547086,10563100,0.563706,0.252223,Paxton,15.2201,-26.9347,0.193454,13.9658,0.507554,0.0479886
99347,-2.81886,0.931653,0.515504,0.489059,0.459642,0.0512993,4764890,4478290,499809,9742990,0.519945,-0.241703,Talarico,13.6651,-25.4391,2.76639,8.94577,0.439107,0.0782104
99351,2.48925,-0.775594,0.50518,0.484253,0.474322,0.0414254,4191620,4105660,358572,8655860,0.461926,1.05084,Talarico,22.6969,-28.1287,0.578374,10.6264,0.690658,0.328709
99404,1.03695,-1.93614,0.498633,0.47361,0.476205,0.050185,4901910,4928780,519420,10350100,0.552342,0.782306,Paxton,20.13,-28.3333,1.22844,10.9496,0.723561,0.182912
99410,-1.22272,2.32598,0.513678,0.492695,0.466457,0.0408481,4528240,4287090,375425,9190760,0.490474,0.50869,Talarico,15.1658,-23.7254,-0.0627209,12.6017,0.460904,0.921527
99429,-0.186244,2.06554,0.549914,0.526805,0.431171,0.0420235,4758840,3894940,379615,9033390,0.482075,0.456941,Talarico,18.3398,-25.4028,0.316094,11.1763,0.0411487,0.0458887
99438,-1.69306,-1.45925,0.487686,0.470937,0.49472,0.0343428,4352100,4571880,317374,9241360,0.493172,0.771726,Paxton,17.5151,-26.6432,3.18056,8.06947,0.399961,0.44246
99476,1.7758100000000001,1.50717,0.535615,0.510297,0.442434,0.0472684,4886600,4236750,452642,9575990,0.51103,0.686474,Talarico,18.5802,-27.5875,-1.09592,15.1938,0.193083,0.201458
99488,-2.18195,-0.609415,0.505815,0.475941,0.464997,0.0590623,4359690,4259440,541019,9160150,0.48884,0.232509,Talarico,17.0205,-26.1859,2.94186,8.39866,0.722579,0.705604
99513,2.31292,-1.77931,0.492574,0.46929,0.48344,0.0472702,3874900,3991730,390307,8256930,0.44063600000000003,1.07049,Paxton,21.3042,-29.4039,-0.496317,14.5473,0.323718,0.158684
99530,-1.37414,1.70723,0.52605,0.501849,0.452145,0.0460054,4227600,3808890,387551,8424040,0.449556,0.652119,Talarico,15.8587,-24.654,-0.014854,12.9893,0.472691,0.379366
99537,-0.900625,-0.393081,0.483967,0.454806,0.48494,0.0602542,4205240,4483870,557125,9246240,0.493432,0.381771,Paxton,16.3457,-26.7513,1.38389,12.1061,0.325179,0.35615
99598,2.35266,0.0448217,0.52112,0.498395,0.457997,0.0436079,4060310,3731200,355264,8146780,0.43476,0.639547,Talarico,19.7537,-25.9549,-1.99559,14.8529,0.592746,0.246895
99618,1.4341,1.32407,0.528896,0.508383,0.452831,0.0387858,4235230,3772440,323116,8330790,0.44458,0.728011,Talarico,20.9175,-27.882,1.0609,11.2525,0.389802,0.220792
99635,-2.24297,1.43339,0.536591,0.500401,0.432154,0.0674445,4414610,3812520,595005,8822140,0.470802,0.240693,Talarico,13.508,-24.1979,1.19435,11.5139,0.208526,0.216299
99652,-0.243059,-0.217563,0.489869,0.467388,0.486722,0.0458901,4400310,4582330,432040,9414680,0.502423,1.00386,Paxton,18.1431,-28.3822,2.02387,10.7705,0.502076,0.305355
99679,-1.5295,0.348192,0.497866,0.47591,0.479989,0.0441017,4710750,4751130,436537,9898420,0.528239,0.452767,Paxton,16.5484,-26.619,1.1425399999999999,10.9346,0.691615,0.425887
99691,-2.42353,0.130486,0.514661,0.495726,0.467484,0.0367896,4839350,4563640,359145,9762130,0.520965,-0.045536,Talarico,14.6813,-23.9698,0.599019,12.203,0.707066,0.174027
99714,0.409945,1.56663,0.521635,0.505248,0.463337,0.0314145,4628320,4244400,287772,9160490,0.488858,0.842679,Talarico,18.2402,-26.6555,1.38201,10.4919,0.561464,0.621217
99719,2.13632,-0.316425,0.527745,0.498627,0.446198,0.0551743,4909780,4393530,543278,9846580,0.525473,0.644495,Talarico,19.7694,-25.1349,-1.63782,13.8295,0.45185,0.301648
99738,-1.01225,-1.78052,0.506328,0.486196,0.474043,0.0397603,4226210,4120570,345612,8692390,0.463881,0.662331,Talarico,16.0146,-25.725,1.83851,10.1361,0.74794,0.758814
99751,0.988938,0.946167,0.50305,0.484854,0.478975,0.0361716,4444140,4390240,331546,9165930,0.489146,1.21314,Talarico,19.4227,-26.1607,-0.0192151,12.9276,0.882508,0.297167
99767,-1.48383,-1.99343,0.514597,0.48317,0.455759,0.0610718,4243390,4002650,536357,8782400,0.468678,0.358139,Talarico,16.7465,-26.3003,1.95834,10.235,0.361302,0.72664
99787,-0.723092,1.73926,0.502893,0.479401,0.473886,0.0467129,4624380,4571170,450600,9646150,0.514778,-0.0840054,Talarico,16.2527,-25.7168,-0.0528953,13.3665,0.791639,0.234591
99810,-1.98476,-0.354247,0.504125,0.48494,0.477005,0.0380551,5696260,5603050,447007,11746300,0.626853,0.25269200000000003,Talarico,15.0258,-26.7285,2.05846,11.1507,0.761931,0.009149
99833,-2.39234,-0.475024,0.50511,0.481517,0.471775,0.0467077,4603360,4510220,446531,9560110,0.510184,0.148621,Talarico,12.0786,-25.7846,1.0711,13.2341,0.672169,0.444238
99859,1.9458,1.38208,0.488959,0.47028,0.491518,0.0382022,4153040,4340600,337364,8831010,0.471278,1.08236,Paxton,22.4393,-25.3165,-1.81025,12.7654,0.329542,0.261497
99871,-0.719381,0.64165,0.515478,0.494825,0.465109,0.040066,4708670,4425900,381261,9515830,0.507821,0.29295,Talarico,14.2052,-26.856,0.328927,14.4468,0.703167,0.6541
99885,-1.52084,-1.43443,0.505301,0.480194,0.470119,0.049687,4089180,4003390,423119,8515690,0.454445,0.529423,Talarico,16.2612,-27.6267,0.923699,13.2171,0.778775,0.753257
99886,-2.16379,-0.358633,0.536431,0.511154,0.441726,0.0471201,4180160,3612380,385343,8177890,0.436421,0.203185,Talarico,14.0195,-28.1554,2.55068,12.0508,0.18635,0.0719542
99941,-0.524776,2.15337,0.524918,0.503688,0.455867,0.040445299999999997,4621540,4182760,371102,9175400,0.489651,0.766702,Talarico,19.1896,-24.497,0.779858,9.85772,0.418044,0.57569
99963,-0.986467,-2.43857,0.50519,0.47842,0.46859,0.0529893,4410180,4319570,488467,9218220,0.491937,0.33645,Talarico,17.1887,-28.7032,2.16474,11.5743,0.338061,0.854687
99973,-2.30471,1.51487,0.523115,0.499032,0.454931,0.0460378,4281400,3903040,394977,8579410,0.457847,-0.165892,Talarico,15.7985,-24.6135,1.995,9.51748,0.447191,0.066576
